timestep,position,component,gradient_type,kernel_size,epoch_0_mean_loss,epoch_0_var_loss,epoch_0_max_loss,epoch_1_mean_loss,epoch_1_var_loss,epoch_1_max_loss,epoch_2_mean_loss,epoch_2_var_loss,epoch_2_max_loss,epoch_3_mean_loss,epoch_3_var_loss,epoch_3_max_loss,epoch_4_mean_loss,epoch_4_var_loss,epoch_4_max_loss,epoch_5_mean_loss,epoch_5_var_loss,epoch_5_max_loss,epoch_6_mean_loss,epoch_6_var_loss,epoch_6_max_loss,epoch_7_mean_loss,epoch_7_var_loss,epoch_7_max_loss,epoch_8_mean_loss,epoch_8_var_loss,epoch_8_max_loss,epoch_9_mean_loss,epoch_9_var_loss,epoch_9_max_loss,epoch_10_mean_loss,epoch_10_var_loss,epoch_10_max_loss,epoch_11_mean_loss,epoch_11_var_loss,epoch_11_max_loss,epoch_12_mean_loss,epoch_12_var_loss,epoch_12_max_loss,epoch_13_mean_loss,epoch_13_var_loss,epoch_13_max_loss,epoch_14_mean_loss,epoch_14_var_loss,epoch_14_max_loss,epoch_15_mean_loss,epoch_15_var_loss,epoch_15_max_loss,epoch_16_mean_loss,epoch_16_var_loss,epoch_16_max_loss,epoch_17_mean_loss,epoch_17_var_loss,epoch_17_max_loss,epoch_18_mean_loss,epoch_18_var_loss,epoch_18_max_loss,epoch_19_mean_loss,epoch_19_var_loss,epoch_19_max_loss
999,initial,patch_embed,Vertical,1,0.375605349975919,0.3622723208028858,2.811762809753418,0.0893788876987639,5.04609640149964e-07,0.09209109842777252,0.0889355114528111,6.137706995958791e-09,0.08917088806629181,0.08887101591579498,4.5727928977893515e-09,0.08903700113296509,0.08884016045975307,3.903665494685828e-09,0.08898946642875671,0.08883220678757107,3.756516064646752e-09,0.08898694813251495,0.08883492246506706,4.0106195345826825e-09,0.0890001505613327,0.08883943113069685,4.37999180934982e-09,0.0890287458896637,0.08884306405744856,4.654150507948541e-09,0.08904025703668594,0.08884611288233409,4.928702880806492e-09,0.08904093503952026,0.0888490786864644,5.264982291160014e-09,0.08904038369655609,0.0888516182700793,5.528807226854818e-09,0.08905225247144699,0.08885333722545988,5.5370942670950395e-09,0.08905080705881119,0.0888544912376101,5.260182816437379e-09,0.08904345333576202,0.08885582702027427,4.8332795463334565e-09,0.08905552327632904,0.08885806408666429,4.401763503704514e-09,0.08905449509620667,0.08886156680565031,4.04880946853914e-09,0.08904436975717545,0.08886638697650698,3.8127234046804264e-09,0.08902880549430847,0.08887238161904472,3.708496386270056e-09,0.08901102840900421,0.08887922669213916,3.729054203861023e-09,0.08901076763868332
999,initial,patch_embed,Horizontal,1,0.28774030778616194,0.19155115642694345,2.1626710891723633,0.08934572965852798,1.2766464729843945e-07,0.09101758897304535,0.08904147644837697,8.036884332643775e-09,0.08928538858890533,0.08893879845974938,5.15286363988022e-09,0.08912722021341324,0.08888483745238138,4.123162724601514e-09,0.08902423083782196,0.08886159093133987,3.994275300646321e-09,0.08899101614952087,0.08885459767447577,3.947612904015538e-09,0.08899606019258499,0.08885710485397823,4.117463793562502e-09,0.08901174366474152,0.0888658899163443,4.585630045360046e-09,0.0890331044793129,0.08887765130826406,5.169336591434876e-09,0.08905009180307388,0.08889014427624052,5.883320455431734e-09,0.08905939757823944,0.088902234439812,6.773399799246373e-09,0.08908015489578247,0.08891357505132282,7.741108482567557e-09,0.08909980952739716,0.08892401449737095,8.605627489018825e-09,0.08912099897861481,0.08893323772483402,9.233985282072202e-09,0.08914786577224731,0.08894090200700457,9.63559592989216e-09,0.08916650712490082,0.08894692183960051,9.961084392451331e-09,0.08917771279811859,0.08895159512758255,1.0416138064947346e-08,0.08919721841812134,0.08895551791739842,1.1149956465829386e-08,0.08922906965017319,0.088959297253972,1.2194438958990236e-08,0.08926744014024734
999,initial,patch_embed,Gaussian,1,0.25461035777652075,0.1692718111376557,2.0093488693237305,0.06765557742781109,1.4005752411474063e-07,0.06949932873249054,0.0672917463003643,5.7129813501349225e-09,0.0674559473991394,0.06719522012604608,2.5170694337372616e-09,0.06732365489006042,0.06716649340731758,1.7217198986739363e-09,0.06728410720825195,0.06716379014745591,1.7954217298521192e-09,0.06729397177696228,0.06716843942801158,1.827667021253147e-09,0.06730182468891144,0.06717512851196622,1.6715713090454248e-09,0.0672944039106369,0.0671821924902144,1.5109978166631142e-09,0.06727691739797592,0.06718939980344167,1.478713956634497e-09,0.06729257106781006,0.06719647347927094,1.5860052283834927e-09,0.06730207055807114,0.06720320336402409,1.7989739190491432e-09,0.06730067729949951,0.06720938746418272,2.0999069633569518e-09,0.06731858104467392,0.06721471486583588,2.477914446514649e-09,0.06733283400535583,0.06721893307708558,2.8815287895763043e-09,0.06735140085220337,0.06722227259287758,3.228853318110658e-09,0.06737399101257324,0.06722538575293525,3.48253459020259e-09,0.06738452613353729,0.06722890928624169,3.672890069377346e-09,0.06738770753145218,0.06723307652605905,3.845296922931146e-09,0.06738954037427902,0.0672376471615973,4.009636830169053e-09,0.06739620864391327
999,0,block_output,Vertical,1,0.7955894390978511,1.4550494482889005,5.054322242736816,0.10373986122154054,5.066093309958103e-05,0.12101195752620697,0.0904567346922935,7.74130952023446e-06,0.09683667868375778,0.08454683825137123,2.7693700874862716e-06,0.08874676376581192,0.08137573088918414,1.1580593925685601e-06,0.08425730466842651,0.07963119813847164,5.795365533902292e-07,0.08166125416755676,0.07861581267345519,3.5312834341619346e-07,0.08022379875183105,0.07796214497278607,2.4999548482481323e-07,0.07932695746421814,0.07749338932926693,1.9392132826546625e-07,0.07869140058755875,0.07712944762574302,1.5857734906582653e-07,0.07820332050323486,0.07683313614319241,1.3394334807424767e-07,0.0778084248304367,0.07658509874627703,1.1565671355801365e-07,0.07747842371463776,0.07637361638129704,1.0153398438984385e-07,0.07719659805297852,0.07619065259184156,9.034458354696453e-08,0.07697145640850067,0.07603028262891466,8.132416505144285e-08,0.07678470015525818,0.07588797334640746,7.396602419669885e-08,0.07661637663841248,0.07576020570501449,6.790666974380461e-08,0.0764632299542427,0.07564425622186964,6.286519085218996e-08,0.07632257044315338,0.07553802714461372,5.861540589133474e-08,0.07619223743677139,0.07543993788579154,5.497014800116501e-08,0.07607059925794601
999,0,block_output,Horizontal,1,0.9623099029773757,2.11371412749653,5.656255722045898,0.10508747327895392,4.476869521666078e-05,0.11978190392255783,0.09194151655076042,7.479992755085773e-06,0.0974828228354454,0.08551070034976989,2.599498280860622e-06,0.08856110274791718,0.08186341431878862,9.394307007486891e-07,0.08400945365428925,0.07985379499575448,3.9474059201221716e-07,0.08144811540842056,0.07873726316860744,2.237405550315094e-07,0.08001933991909027,0.07806905690166685,1.646286189695657e-07,0.07916693389415741,0.07761995021312956,1.3885736461771993e-07,0.07859157770872116,0.07728366660220283,1.2435267556568342e-07,0.0781557559967041,0.07701280902302454,1.1459561365966008e-07,0.0778018981218338,0.07678509633692485,1.0728531334848612e-07,0.07756811380386353,0.07658859791736754,1.0138871691513373e-07,0.07737506926059723,0.07641594005482537,9.634306333644001e-08,0.07720082998275757,0.07626207078260089,9.181558576129358e-08,0.07704121619462967,0.07612332630725134,8.760283976836699e-08,0.07689312100410461,0.0759969623315902,8.358658491183925e-08,0.07675425708293915,0.07588089127389211,7.970682139099999e-08,0.07662293314933777,0.0757735138611188,7.593515530388327e-08,0.07649795711040497,0.0756735781592036,7.226703924204384e-08,0.0763784646987915
999,0,block_output,Gaussian,1,0.7015843413888462,1.2311870160430323,4.675623893737793,0.07536813782321082,2.767178138938591e-05,0.09041193872690201,0.06678040739562777,2.491935353051643e-06,0.07125559449195862,0.06411682353133247,7.831343061769561e-07,0.06674671173095703,0.06284318953042939,3.8004709979439835e-07,0.06486213207244873,0.062071743820394785,2.2136351576062435e-07,0.0636497288942337,0.061544024932479104,1.4464399794205413e-07,0.06279443204402924,0.06115346951853661,1.0311400996804478e-07,0.06216020882129669,0.06084804739507418,7.87234169123393e-08,0.0616716593503952,0.06060020105233268,6.347716302129609e-08,0.06128540262579918,0.06039380193466232,5.3431614464360205e-08,0.060974620282649994,0.0602183679621371,4.646829973669415e-08,0.06072069704532623,0.0600665815411106,4.1381258291328626e-08,0.060509756207466125,0.059933150630621684,3.746282957018221e-08,0.060331426560878754,0.05981420264357612,3.429064901195397e-08,0.060218244791030884,0.05970689264081773,3.160947149901504e-08,0.060120195150375366,0.05960912736398833,2.9265629973828747e-08,0.06002679467201233,0.05951935862974515,2.7167952746631783e-08,0.05993746966123581,0.059436434199885715,2.5265345691608297e-08,0.05985189229249954,0.059359488269639396,2.3532938045174404e-08,0.05976984649896622
999,1,block_output,Vertical,1,0.32772844722346656,0.20670664560094856,2.2676825523376465,0.08019619979082591,3.146055142574925e-05,0.096345454454422,0.06923902732512308,3.1597771389424128e-06,0.07302363216876984,0.06553793379238673,8.386871101534628e-07,0.06764145940542221,0.06380455532953852,4.423303593133812e-07,0.06531555205583572,0.0627641048696306,3.154011607830628e-07,0.06393308937549591,0.0620409639345275,2.5410121678597394e-07,0.06303137540817261,0.06150002014778909,2.1824747493867978e-07,0.0625189021229744,0.06107841467573529,1.9482885698390162e-07,0.06212320178747177,0.06073947173971978,1.7823993070779582e-07,0.06180741637945175,0.0604596184714446,1.657654178247293e-07,0.061546921730041504,0.06022327949130346,1.5604332191725946e-07,0.06132519245147705,0.06002000784353605,1.4836344290395553e-07,0.06113165616989136,0.05984261572834045,1.422984257006214e-07,0.060960009694099426,0.05968597779671351,1.3753334343173025e-07,0.06080640107393265,0.059546315244265964,1.3381284829067374e-07,0.06066811457276344,0.05942076604281153,1.309204046622738e-07,0.06054294854402542,0.05930710915062162,1.2866852960653481e-07,0.0604289248585701,0.05920357611917314,1.268873300916312e-07,0.06032416224479675,0.059108736259596686,1.2543240502685197e-07,0.06022686883807182
999,1,block_output,Horizontal,1,0.31471779102843905,0.15511110034380424,2.0822973251342773,0.08490749862458971,5.4756319648309804e-05,0.10698604583740234,0.0710248774479306,5.076451579438241e-06,0.07814157009124756,0.06674433972627397,1.1000165222046816e-06,0.06985441595315933,0.0648989553252856,5.542359457162805e-07,0.06674858182668686,0.06379912421107292,3.841755304623978e-07,0.0651133731007576,0.063044632533713,3.069688512493327e-07,0.06416074931621552,0.06249066105201131,2.688011897941939e-07,0.06363127380609512,0.06206234887478843,2.4848211041023943e-07,0.06322139501571655,0.06171708601334738,2.3520915652399209e-07,0.06287714838981628,0.06143026662960885,2.2446289683624194e-07,0.06257309019565582,0.06118676433014491,2.1505723830123505e-07,0.062299422919750214,0.06097630742523405,2.0669175852347777e-07,0.062051307410001755,0.060791616697633076,1.991564399308541e-07,0.06182513386011124,0.06062746769379056,1.9230071574440664e-07,0.06161803752183914,0.060480057069706536,1.860402214379153e-07,0.06142778322100639,0.06034656407104598,1.803331593544809e-07,0.0612526498734951,0.06022486019702185,1.751481155611649e-07,0.061091348528862,0.060113328789907786,1.7043860858967524e-07,0.06094294786453247,0.060010721995717005,1.6615426535469325e-07,0.060806754976511
999,1,block_output,Gaussian,1,0.36768885524499983,0.30659582186447787,2.663571357727051,0.06886108769547372,2.991484952425064e-05,0.08377391844987869,0.05946026458626702,3.662900616701856e-06,0.0646432489156723,0.05619783770470392,1.2256046136216524e-06,0.05868695303797722,0.054575235361144656,6.473552588897076e-07,0.056549109518527985,0.05360061172691603,4.414442787946542e-07,0.05531938001513481,0.05291407241944283,3.3970624166488183e-07,0.05447302758693695,0.05238171034152546,2.7870506178166563e-07,0.05381934717297554,0.05194677897388973,2.377870205948515e-07,0.05327683687210083,0.051580014860346204,2.084623904347389e-07,0.05280809476971626,0.05126390221809584,1.8667883114550538e-07,0.052395083010196686,0.05098696981394102,1.7022266567988413e-07,0.05202827975153923,0.050741267878384816,1.5771643734765565e-07,0.0517018660902977,0.050521066323632284,1.4819270716021033e-07,0.05141139775514603,0.05032209407479044,1.4091739688550576e-07,0.05115281790494919,0.05014107991305609,1.353316339984242e-07,0.050922125577926636,0.049975435175592935,1.3102074656262337e-07,0.050715453922748566,0.04982308659052092,1.276821517236604e-07,0.05054921656847,0.049682325905277616,1.2508736131021234e-07,0.050409406423568726,0.04955173342946976,1.230495951517308e-07,0.050279002636671066
999,2,block_output,Vertical,1,0.2028237497286191,0.05545294628916181,1.2377209663391113,0.0556787619633334,2.280523550623843e-05,0.06763757020235062,0.047651758920105675,1.9447902803137405e-06,0.05318794399499893,0.04504127546198784,9.989841753728052e-07,0.04958347976207733,0.04355883066143308,7.56623393912108e-07,0.047370314598083496,0.042571310486112325,6.52626292247293e-07,0.04585007578134537,0.04185334214615443,5.961937451607581e-07,0.04474940896034241,0.0413004213145801,5.624606292513542e-07,0.043928489089012146,0.04085639190106165,5.409503846799943e-07,0.04330017417669296,0.040488581335733805,5.262664599747773e-07,0.042805418372154236,0.04017684969400603,5.156506248924463e-07,0.04240458831191063,0.03990815715893867,5.076889362984741e-07,0.0420711487531662,0.03967363872225323,5.015735092929991e-07,0.04178701341152191,0.039466958906915456,4.967632193067687e-07,0.04153970256447792,0.03928341692875302,4.928523163031019e-07,0.041320718824863434,0.039119442363107014,4.89530276110031e-07,0.04112447425723076,0.03897227920473568,4.865889972751972e-07,0.04094734042882919,0.03883973899341765,4.839131066173781e-07,0.04078681021928787,0.03872000834061986,4.814498237787761e-07,0.040640898048877716,0.0386115319672085,4.791696088994919e-07,0.04050787165760994
999,2,block_output,Horizontal,1,0.6701165242564111,1.1316906683868635,4.571589946746826,0.07844897773530748,9.634535575499769e-05,0.1058136373758316,0.06081652641296387,1.4481618591521972e-05,0.07341285794973373,0.054016583259143526,4.3425598197530265e-06,0.06238648667931557,0.05083815097099259,2.1555339220014395e-06,0.05678718537092209,0.048977915966321554,1.4432503326431346e-06,0.05337696522474289,0.047700767715771995,1.1139438577174094e-06,0.05103438347578049,0.04673902631279022,9.336847802494903e-07,0.04932836443185806,0.04597334569645307,8.257811002998902e-07,0.04810987412929535,0.04534311805452619,7.571306496103119e-07,0.047359198331832886,0.04481330318819909,7.112142089682019e-07,0.04672493785619736,0.044360887318376514,6.790298148812828e-07,0.046183545142412186,0.043969408564624335,6.553894835297166e-07,0.04571685940027237,0.043626595229383495,6.372074193689156e-07,0.045310623943805695,0.04332316276572999,6.226190320968817e-07,0.04495367035269737,0.04305202839156938,6.104857838750778e-07,0.04463731124997139,0.042807762584989036,6.00109985671086e-07,0.044354766607284546,0.04258616363245343,5.910651600514652e-07,0.04410065710544586,0.04238394293047133,5.830818045080093e-07,0.04387056455016136,0.042198494372386784,5.760014845506381e-07,0.043660782277584076
999,2,block_output,Gaussian,1,1.1236231832040682,2.782794322769346,6.355555534362793,0.07724839709107838,0.0001576269166451879,0.11296507716178894,0.05913995466535053,2.2532510395486448e-05,0.07477074861526489,0.05248397328550854,8.835749171887752e-06,0.06193739175796509,0.048412921468889904,4.376450444347176e-06,0.054431281983852386,0.04564073640439245,2.631137734668369e-06,0.049568839371204376,0.0436387625596826,1.8546424250547152e-06,0.046996451914310455,0.042125471231956334,1.454482478743538e-06,0.04517316818237305,0.04094087817366161,1.2178589921017205e-06,0.04372239112854004,0.039988731403672505,1.0614426344786954e-06,0.04252852499485016,0.03920750940839449,9.490920429901614e-07,0.04151894152164459,0.03855552128146565,8.635724811845126e-07,0.04065580666065216,0.03800314026219504,7.958790709921975e-07,0.039986640214920044,0.03752862449203219,7.408404484483202e-07,0.039494939148426056,0.037115720056352164,6.952073779240822e-07,0.03915124386548996,0.036752160106386454,6.567952580807787e-07,0.03884032741189003,0.036428623078834446,6.240832804869674e-07,0.0385555624961853,0.036137962625140234,5.959676678470829e-07,0.03829216957092285,0.03587466383737231,5.716193945069269e-07,0.03804665431380272,0.035634418269471516,5.503890485723368e-07,0.03781644254922867
999,3,block_output,Vertical,1,0.07234904625349575,0.002058925413928847,0.2303987741470337,0.02941448430693339,4.048564087586762e-06,0.03363296762108803,0.025330113247036934,1.2922942527823734e-06,0.028168726712465286,0.023386965816219647,9.271559994234693e-07,0.02598317712545395,0.022199041638818997,8.308163800929039e-07,0.024550944566726685,0.02138626936172682,8.097904870322831e-07,0.023569047451019287,0.020794246818811174,8.058477576664187e-07,0.022866245359182358,0.02034434980698048,8.043158279914106e-07,0.02234925702214241,0.019992721045301073,8.016672472854789e-07,0.021959204226732254,0.01971219704737739,7.974925311048953e-07,0.021658126264810562,0.01948478330104124,7.92221400283526e-07,0.021421007812023163,0.019298022849455712,7.863782907219684e-07,0.02123096212744713,0.01914303536925997,7.804052390531054e-07,0.021076355129480362,0.019013329246450984,7.746483598690724e-07,0.02094903402030468,0.018904038217096103,7.693603986590782e-07,0.020843150094151497,0.018811417122681934,7.647094788545134e-07,0.020754411816596985,0.018732515681121085,7.607808013379881e-07,0.0206795334815979,0.018664967091310592,7.575911102068661e-07,0.020615948364138603,0.018606851853075482,7.55098445560651e-07,0.0205615796148777,0.018556602240081817,7.532265372874343e-07,0.020514756441116333
999,3,block_output,Horizontal,1,0.5563832917620265,0.7522053370279717,3.8723888397216797,0.06619244512347948,0.00014112559053155557,0.09973320364952087,0.043899944850376675,1.6419019308830176e-05,0.05641273409128189,0.036304330955895164,5.015491816621261e-06,0.042540039867162704,0.032833565972627154,2.9499288662524148e-06,0.037313323467969894,0.03076975227939704,2.2439750013133563e-06,0.03491837903857231,0.029333322412437864,1.8819433768395682e-06,0.033151790499687195,0.02824475285079744,1.654316565290087e-06,0.03178504481911659,0.027377782566916375,1.4951715033178554e-06,0.03068641573190689,0.026663735981971498,1.3761116363041665e-06,0.029774393886327744,0.02606099938589429,1.282510439321575e-06,0.028997819870710373,0.02554272384279304,1.2061302397744764e-06,0.028324006125330925,0.025090689223910136,1.1420607772814254e-06,0.027731316164135933,0.024691954609893617,1.0872157101257064e-06,0.02720475010573864,0.02433695723967893,1.0395779374215112e-06,0.02673346921801567,0.024018409647165784,9.977706567227724e-07,0.02630939520895481,0.023730662340919178,9.608387409225306e-07,0.02592642791569233,0.023469287103840282,9.280877166521601e-07,0.02557985670864582,0.023230794285024916,8.98975088455852e-07,0.025265859439969063,0.023012399673461914,8.730399184791266e-07,0.024981120601296425
999,3,block_output,Gaussian,1,0.07758294312017304,0.0035639206689853952,0.3419802188873291,0.02850084864194431,4.720307290492658e-06,0.03362515568733215,0.024173365758051946,1.370699646895223e-06,0.026852000504732132,0.022164019002091317,9.157843557746647e-07,0.0246342271566391,0.02088958506901113,7.533011310023104e-07,0.023323070257902145,0.019986207877832746,6.623831704305163e-07,0.022404279559850693,0.019312922354964984,6.078716983843203e-07,0.021704718470573425,0.018792123578134038,5.714713587069266e-07,0.02114650420844555,0.01837737083671585,5.449867299791919e-07,0.020690836012363434,0.01803955024788304,5.251044791506645e-07,0.020314030349254608,0.017759478399677883,5.102290316385676e-07,0.01999996230006218,0.017524079404889592,4.992100867525791e-07,0.019736412912607193,0.017324149046861935,4.910103563836501e-07,0.019513558596372604,0.017152952473788036,4.84794391737104e-07,0.01932365447282791,0.01700536093659817,4.799723831398587e-07,0.019160684198141098,0.016877355246198555,4.761551879873531e-07,0.019019972532987595,0.01676571151862542,4.7308037113961805e-07,0.01889781653881073,0.016667793519676677,4.705551663173521e-07,0.018791232258081436,0.016581431977332584,4.6841040910216027e-07,0.018697692081332207,0.016504853165575435,4.6647466847438807e-07,0.0186149962246418
999,4,block_output,Vertical,1,0.06405834856605719,0.0016102821442077135,0.2042458951473236,0.024355564325574845,7.500655680143675e-06,0.03159036859869957,0.019040423667147047,2.083376327097343e-06,0.022708944976329803,0.01640552060589904,1.104039275891394e-06,0.018593233078718185,0.0147899157323298,7.70258648505464e-07,0.01638204976916313,0.013701851036222209,6.233699478960273e-07,0.015295319259166718,0.012922887926891682,5.474339206016298e-07,0.014492345973849297,0.01234318215459112,5.052304060148108e-07,0.013877816498279572,0.011899241955862158,4.809111203572416e-07,0.013398726470768452,0.011551837998604963,4.6658645942736207e-07,0.013020839542150497,0.011275414835720782,4.5796889367723246e-07,0.012720245867967606,0.011052616857110507,4.5265520176569855e-07,0.012479552999138832,0.010871225450601842,4.492824874744626e-07,0.012285723350942135,0.010722363796380778,4.470752687872654e-07,0.012128789909183979,0.010599402015999196,4.4559127549159984e-07,0.012001002207398415,0.010497255768213008,4.445788887061898e-07,0.011896207928657532,0.010411938327172446,4.4389265602275786e-07,0.011809456162154675,0.010340279544748011,4.434476002302812e-07,0.01173679530620575,0.01027975364455155,4.43194036174817e-07,0.011675163172185421,0.010228350980296022,4.43102085158406e-07,0.011622272431850433
999,4,block_output,Horizontal,1,0.41500156680269845,0.3888558101400431,2.642770290374756,0.055090623952093576,0.00011053984805214943,0.07749029994010925,0.03638933773433405,1.1262980796094108e-05,0.043920841068029404,0.029753033722203875,3.964581014061765e-06,0.03562860190868378,0.026202438753985223,2.276775770344903e-06,0.03127731382846832,0.023944594912112704,1.608795313982591e-06,0.02818290889263153,0.022316722406281367,1.2441275109563944e-06,0.025802021846175194,0.02105398452471173,1.0209698827848646e-06,0.023967674002051353,0.020034413873439745,8.732161665615503e-07,0.022524595260620117,0.019189725822163006,7.685014208627595e-07,0.021352581679821014,0.018476240750816133,6.90629119707717e-07,0.020387766882777214,0.01786409690976143,6.30861545753751e-07,0.01967579871416092,0.017332214004700145,5.840746583393583e-07,0.01906028389930725,0.016865374520421028,5.470001233164728e-07,0.018524469807744026,0.016452332263782857,5.173825396594004e-07,0.0180557481944561,0.01608455935049625,4.935603676946429e-07,0.017644008621573448,0.015755406211292934,4.742669290470621e-07,0.017280831933021545,0.01545955211160675,4.5851567053341383e-07,0.01695910468697548,0.01519264044269683,4.455436421397475e-07,0.016672849655151367,0.014951041101344995,4.347626631486469e-07,0.016417084261775017
999,4,block_output,Gaussian,1,0.06374046824399442,0.002250469119262648,0.2811572551727295,0.023558502100289813,7.649782977173718e-06,0.030455127358436584,0.018227596175930803,2.1737075702842733e-06,0.021300608292222023,0.015480802424015507,1.069178325022691e-06,0.018182065337896347,0.013782068850502135,6.452512680458143e-07,0.016065513715147972,0.012642280316896855,4.37757949906898e-07,0.014542663469910622,0.011829243204186834,3.3629690091081415e-07,0.013482672162353992,0.011221249188695635,2.8598484972430744e-07,0.01271413266658783,0.010751074889586085,2.6130555595271584e-07,0.012143943458795547,0.010378825877393996,2.489795679765302e-07,0.011710592545568943,0.010078783900964828,2.4213637445823905e-07,0.011370690539479256,0.009833233874468576,2.3759668845408741e-07,0.011095959693193436,0.009629652332810183,2.3408872308462092e-07,0.010869018733501434,0.009459046809564508,2.3117617825636457e-07,0.010678846389055252,0.009314830710608808,2.2873605472426537e-07,0.010517923161387444,0.009192065276678592,2.2673951772727803e-07,0.01039084605872631,0.009086957157012961,2.251704269513323e-07,0.01028040237724781,0.008996529578571283,2.2400035682571836e-07,0.010183794423937798,0.008918413493250097,2.2318737506657368e-07,0.010098918341100216,0.008850707702102169,2.2268263228816384e-07,0.010024091228842735
999,final,proj_out,Vertical,1,0.15040376179275058,0.00781553903093435,0.4182630777359009,0.06983282316535239,4.5232574652824955e-05,0.08306847512722015,0.05432176282481542,3.0236231768808152e-05,0.06634413450956345,0.04337326685587565,2.4583368864697584e-05,0.05597146973013878,0.03508070025533911,1.977998461695053e-05,0.047366853803396225,0.02885667524403996,1.5831159370701238e-05,0.040442802011966705,0.024213137105107307,1.2759040873331259e-05,0.03498765453696251,0.020742402944181646,1.0431318170799754e-05,0.03072379156947136,0.01812758720997307,8.679177652131317e-06,0.027389783412218094,0.016132804195559215,7.351037733309179e-06,0.02476605586707592,0.014586647055924886,6.328463767618429e-06,0.02267705276608467,0.013366305801485266,5.525541879672102e-06,0.02098679170012474,0.012384505646805915,4.882362507480247e-06,0.019592761993408203,0.011579457182614576,4.357765494730815e-06,0.018419556319713593,0.010907400340314895,3.923387826238001e-06,0.017412947490811348,0.010337212433417639,3.5593968295327553e-06,0.016534727066755295,0.009846577487353767,3.2515782978674543e-06,0.01575828343629837,0.009419304230028675,2.9894314467564407e-06,0.01506507582962513,0.009043467948065391,2.764936913145239e-06,0.01444193720817566,0.008710131559166171,2.5717806422787123e-06,0.013879171572625637
999,final,proj_out,Horizontal,1,0.1447296861618284,0.006333870571681493,0.39202362298965454,0.08118429508001085,1.730071551630598e-05,0.08935881406068802,0.0691987339348074,1.0133322016793492e-05,0.07467971742153168,0.05931640700215385,8.152774851252066e-06,0.06429846584796906,0.05069361573883465,6.6960426563528516e-06,0.05524979904294014,0.04331221555670103,5.539555697439735e-06,0.047744616866111755,0.03713722278674444,4.694268750324877e-06,0.04144797474145889,0.032071306473679013,4.121489241634402e-06,0.0363788902759552,0.027979485128843594,3.7542182397211107e-06,0.03230292722582817,0.024712912353967862,3.5247739685136443e-06,0.02903907746076584,0.02212521422003943,3.3781525437401704e-06,0.026443367823958397,0.020082396913378958,3.2754295462579108e-06,0.024384770542383194,0.018468012708047078,3.192184167522528e-06,0.022749613970518112,0.017184961010657605,3.11500529890412e-06,0.02144297957420349,0.01615502337910353,3.0377524758903198e-06,0.020388003438711166,0.015317010308896739,2.9585053719503195e-06,0.019524123519659042,0.014624216771196751,2.8774555855443793e-06,0.018804743885993958,0.014041695832496598,2.7956514725764575e-06,0.018194755539298058,0.01354368913563944,2.714350568856432e-06,0.01766818016767502,0.013111388636013818,2.634704379684277e-06,0.017206041142344475
999,final,proj_out,Gaussian,1,0.0773221066901608,0.001043962189638003,0.19278565049171448,0.03486942085954878,2.628461422009215e-05,0.045908596366643906,0.02368410097228156,6.449577487959882e-06,0.02901436761021614,0.01842367694905353,3.309216731869694e-06,0.02243766561150551,0.01527475119228401,2.429532474515103e-06,0.018894026055932045,0.013110801577568054,1.968240428415006e-06,0.01629265770316124,0.011541082449848689,1.6558886410384787e-06,0.014992134645581245,0.010369400996419172,1.4230024654964252e-06,0.013975296169519424,0.009474681594246437,1.241249635939503e-06,0.013113870285451412,0.00877718912762782,1.0964243795107984e-06,0.012369753792881966,0.008222934782564167,9.800689093408178e-07,0.01172211766242981,0.007774656461108299,8.862569005773136e-07,0.01115748193114996,0.007406183111939638,8.103624135776788e-07,0.010665412060916424,0.00709881026682163,7.486153306948305e-07,0.010236886329948902,0.0068389359521605665,6.979486088910562e-07,0.009863784536719322,0.006616503029825195,6.559181248712191e-07,0.009538732469081879,0.006423965584309329,6.206218591736991e-07,0.00925503671169281,0.0062555959891705286,5.906055859424328e-07,0.009006699547171593,0.006107007722473807,5.647601149265339e-07,0.008788438513875008,0.005974811583106953,5.422384810378327e-07,0.008595714345574379
982,initial,patch_embed,Vertical,1,0.21857150620411311,0.08629470757368812,1.5429348945617676,0.0895434780016778,8.732835883096201e-08,0.09032750129699707,0.08911643532060441,2.0606208257989318e-08,0.08939721435308456,0.08893165252511463,1.3783141231803571e-08,0.08912143111228943,0.08885723695395485,1.1278075469687564e-08,0.08904024958610535,0.08883888605568144,1.0376681185874285e-08,0.08903655409812927,0.08883968681570083,1.0103947173293495e-08,0.08904819190502167,0.08884608580006494,1.0239761265440433e-08,0.08906348794698715,0.0888550973364285,1.0544802090463293e-08,0.08909100294113159,0.08886503818489257,1.0772620973143692e-08,0.08912040293216705,0.08887500481473075,1.0826227941368441e-08,0.08913697302341461,0.08888431106294904,1.0900221223741145e-08,0.08915229141712189,0.08889225255402308,1.111010016356143e-08,0.08919849991798401,0.08889874898725086,1.140198088521975e-08,0.08923725038766861,0.08890452578900353,1.1739963147704296e-08,0.08926674723625183,0.08891049015616613,1.216049812432853e-08,0.08929124474525452,0.08891707339457103,1.2697041065308408e-08,0.08931437134742737,0.0889241515644013,1.3310778240887881e-08,0.08933619409799576,0.08893138300331813,1.3910121852497243e-08,0.08935526758432388,0.08893847619257277,1.440404877587841e-08,0.08937034010887146
982,initial,patch_embed,Horizontal,1,0.43599780554336215,0.4836091808372034,3.1788570880889893,0.0898651173190465,6.033035389402552e-07,0.09184059500694275,0.08920549282005855,1.5205831780163388e-08,0.08952130377292633,0.08902084697333593,7.93647778103403e-09,0.08927644044160843,0.08891336844554024,4.207815775946113e-09,0.08908127248287201,0.08885999579751303,3.0045223892042253e-09,0.08898404240608215,0.08883957470220233,2.9202850463955006e-09,0.08894079923629761,0.08883461829215761,3.240599355527917e-09,0.08895352482795715,0.0888348597855795,3.4833810323485476e-09,0.08896178007125854,0.08883660475886057,3.5094152028287796e-09,0.08896293491125107,0.08883983511773366,3.481360313854976e-09,0.08896981179714203,0.08884493592712614,3.52242831688869e-09,0.08898021280765533,0.08885155476274945,3.6629596743027536e-09,0.08899616450071335,0.08885900593466228,3.889471163328433e-09,0.08901626616716385,0.08886658447602439,4.1685465429979965e-09,0.08903706818819046,0.08887382466641683,4.4696155763114774e-09,0.08905497193336487,0.08888066761077397,4.775902315962493e-09,0.08906868100166321,0.08888743214664005,5.099445156895316e-09,0.08907997608184814,0.08889455774000712,5.4906419071218466e-09,0.0890917107462883,0.08890228552950753,6.009058965486657e-09,0.08910532295703888
982,initial,patch_embed,Gaussian,1,0.23535683254400888,0.1464728234578611,1.9266911745071411,0.06749802059124387,6.401159845562199e-08,0.068244069814682,0.06724363553618627,5.773145941005346e-09,0.06747536361217499,0.06719501292894757,4.066042134324796e-09,0.06739969551563263,0.06718850336850636,3.3639862028365546e-09,0.06735269725322723,0.0671925801369879,3.076204292667493e-09,0.06732729077339172,0.06719841157633161,2.906715523465155e-09,0.06732110679149628,0.06720591608494048,2.871585174763707e-09,0.06732545793056488,0.0672155652963926,2.9445394743735956e-09,0.06733925640583038,0.0672262470637049,3.070760613790096e-09,0.06735201925039291,0.06723625638655253,3.2272530850770357e-09,0.06736235320568085,0.06724413271461215,3.3783777159011003e-09,0.06736522167921066,0.06724939802809367,3.505857383298905e-09,0.06736025214195251,0.06725270561282597,3.6470331272755004e-09,0.06737381219863892,0.06725523088659559,3.841653091634709e-09,0.06740136444568634,0.06725787667054979,4.0935006557979916e-09,0.06742920726537704,0.0672609649953388,4.383109973233184e-09,0.06745458394289017,0.06726463706720442,4.708752628931116e-09,0.06747730076313019,0.06726912160714467,5.078891370960799e-09,0.06749708950519562,0.0672744566959048,5.466741958949748e-09,0.06751235574483871
982,0,block_output,Vertical,1,0.12922407024436527,0.003229617458086777,0.3449062407016754,0.08049764259467049,4.6435325948916495e-06,0.08746638894081116,0.07705907322584636,4.40915433212102e-07,0.07855265587568283,0.07601712537663323,2.0063551335291348e-07,0.07687808573246002,0.07545192504212969,1.6572458264678565e-07,0.07624979317188263,0.07508618219031228,1.576533256965429e-07,0.07584074139595032,0.07482341641471499,1.5247820608501072e-07,0.07554933428764343,0.07462007729780107,1.477651042560671e-07,0.07532466948032379,0.07445734254424534,1.4430442483128417e-07,0.07515318691730499,0.07432456219953204,1.4239645835746463e-07,0.07502343505620956,0.07421383971259707,1.4144019636007624e-07,0.0749126598238945,0.07411978630319474,1.408973039472116e-07,0.07481203973293304,0.0740385674058445,1.4036442482333283e-07,0.07471545040607452,0.07396765963898765,1.3975054324955655e-07,0.0746234655380249,0.07390551872196652,1.3916124969805667e-07,0.07456108182668686,0.0738509242969846,1.3865005942161495e-07,0.07451491057872772,0.0738026328266613,1.382194121091459e-07,0.07447567582130432,0.07375940609545935,1.3789539151409838e-07,0.07444113492965698,0.07372017997124838,1.377193475712866e-07,0.07440932095050812,0.07368426781798167,1.376984704328542e-07,0.07437918335199356
982,0,block_output,Horizontal,1,1.2883632962429334,3.2515597660165865,7.254006385803223,0.11263869962995014,0.00014228159319947296,0.14184986054897308,0.09322103881646716,1.2317373785553383e-05,0.10261401534080505,0.08603346347808838,2.827265027772875e-06,0.09026307612657547,0.08241568694985102,9.664024688958488e-07,0.08479706943035126,0.08043245486323795,4.903140040173281e-07,0.08249244838953018,0.07925252509968621,3.36654647365417e-07,0.08111464977264404,0.07848628291061946,2.703716629395251e-07,0.08019323647022247,0.07794419948070769,2.3177795445932838e-07,0.07952451705932617,0.07753261770047838,2.0439613995897952e-07,0.07900768518447876,0.07720378124051624,1.8309530802285336e-07,0.07858981192111969,0.0769316524503723,1.6582420855943943e-07,0.07824091613292694,0.07670071815687513,1.5148570697400734e-07,0.07794266194105148,0.07650095106117309,1.3936434167929466e-07,0.07768315821886063,0.07632544766815882,1.2895106478655183e-07,0.07745423913002014,0.07616925121299804,1.1986884400100113e-07,0.07725010812282562,0.07602871386777788,1.1183570085650667e-07,0.07706648111343384,0.07590108743262669,1.0463513858865401e-07,0.07690003514289856,0.07578427131686892,9.810959796325805e-08,0.07674819231033325,0.07567662769366824,9.214273293215686e-08,0.07660885155200958
982,0,block_output,Gaussian,1,0.4877548132623945,0.5425310405845701,3.443020820617676,0.07351558407147725,1.7749575357969265e-05,0.08627299964427948,0.06715394899485604,2.3487175475143848e-06,0.07055732607841492,0.06461447891261843,9.861070891149597e-07,0.06680485606193542,0.06314984833200772,5.428178041420675e-07,0.06459468603134155,0.0622136669144744,3.545649509803951e-07,0.06350093334913254,0.06157503413066032,2.6476636345413083e-07,0.06276944279670715,0.061114411268915446,2.1909462354982947e-07,0.06222350150346756,0.060765031606905044,1.9457694510949616e-07,0.0617978572845459,0.06048799826512261,1.806651348230957e-07,0.06145239621400833,0.060259913227387836,1.72448769254533e-07,0.061195094138383865,0.060066236626534236,1.6759075705831097e-07,0.06098363921046257,0.059897582682352214,1.649462229863691e-07,0.06079404428601265,0.05974768581134932,1.6391864022239572e-07,0.0606205128133297,0.05961229658079526,1.641057300404883e-07,0.060460414737463,0.05948855509124105,1.6509980249365232e-07,0.060313109308481216,0.05937458959127229,1.6644838282233634e-07,0.06017861142754555,0.05926918788325219,1.6774774726989488e-07,0.06005649268627167,0.05917150899767876,1.687622445934077e-07,0.059945620596408844,0.05908086647590002,1.6944357784248654e-07,0.059844452887773514
982,1,block_output,Vertical,1,0.11619304144193256,0.0030519389382793393,0.3275813162326813,0.06640087115386176,5.52820866298593e-06,0.07258237898349762,0.06212588642088194,9.086733651301205e-07,0.0646650567650795,0.06045799708319089,6.281036985903677e-07,0.06259779632091522,0.05948505905412492,5.633573920378317e-07,0.0614202544093132,0.05884473185454096,5.532004021516759e-07,0.060768287628889084,0.058377785342080254,5.558634580456451e-07,0.06023501604795456,0.058014403141680215,5.597325523648266e-07,0.05977991595864296,0.05772371170303178,5.633244111425081e-07,0.05942458286881447,0.05748687536707,5.666501251950027e-07,0.05914997309446335,0.05729053128096792,5.69414990145118e-07,0.058930810540914536,0.05712541358338462,5.716482376816049e-07,0.058751627802848816,0.05698491780767365,5.735379535009514e-07,0.05860298126935959,0.0568642204716092,5.75220350961225e-07,0.05847901850938797,0.05675973063186994,5.767122860878609e-07,0.058375388383865356,0.05666869494413573,5.779850087807173e-07,0.05828821659088135,0.05658896019061407,5.790366496613708e-07,0.05821404233574867,0.056518808007240295,5.799051071678967e-07,0.05814995989203453,0.05645682911078135,5.806452286725443e-07,0.058093465864658356,0.056401829397867594,5.813208238260683e-07,0.05804246664047241
982,1,block_output,Horizontal,1,0.23610456559866194,0.0658376998375586,1.3073142766952515,0.08273263370233869,4.023237852864389e-05,0.09852546453475952,0.0702127374353863,3.938693175961079e-06,0.07520899176597595,0.06626106301943462,1.0277233306282035e-06,0.06847134977579117,0.06445830752925268,5.735697609874902e-07,0.06600578129291534,0.0633500644730197,4.230371240592971e-07,0.06477892398834229,0.06256565782758924,3.487712982621834e-07,0.06394405663013458,0.0619687315017458,3.0339422482281775e-07,0.06329852342605591,0.06149418592926056,2.7218867226486604e-07,0.06277024745941162,0.061105557318244665,2.4971619286531715e-07,0.06232379004359245,0.06078010513668969,2.3331475900824996e-07,0.06194087117910385,0.060502530386050545,2.213519093147242e-07,0.06160920485854149,0.06026208187852587,2.1273235842982243e-07,0.06131920963525772,0.06005105127890905,2.0665668963427823e-07,0.06106340512633324,0.05986387412699442,2.0247191134325818e-07,0.0608363077044487,0.059696511794177315,1.9960224447234758e-07,0.060634054243564606,0.059545966722662484,1.9757589845231453e-07,0.06045358628034592,0.05940989777445793,1.9605001522160845e-07,0.06029195338487625,0.05928638122147984,1.9479394107984033e-07,0.060150519013404846,0.0591737889936046,1.9365623684721983e-07,0.06002368405461311
982,1,block_output,Gaussian,1,0.17444033696064873,0.027748614513421095,1.0921427011489868,0.05823426291583076,8.23067710977463e-06,0.06690337508916855,0.05336811842899474,1.289988107441615e-06,0.05613180622458458,0.05148654898244237,7.000594096300624e-07,0.05324121564626694,0.05037685690654649,5.952888642882712e-07,0.05179033428430557,0.049605461754023084,5.845893368924467e-07,0.051124222576618195,0.049028847780492574,6.019589266365435e-07,0.05066575109958649,0.048579439757362244,6.273386489738445e-07,0.05030237138271332,0.0482201911509037,6.507156056802794e-07,0.04996860772371292,0.04792812963326772,6.682384757029944e-07,0.049665071070194244,0.04768670805626445,6.80174952662599e-07,0.049402300268411636,0.04748358181308186,6.880225099030679e-07,0.049176231026649475,0.047309978672909356,6.930043062738944e-07,0.04897874593734741,0.04715965008215299,6.959197993478875e-07,0.04880303889513016,0.04702804338127848,6.973491882305704e-07,0.04864456504583359,0.046911792208751045,6.977932848819076e-07,0.04850086569786072,0.046808402394018477,6.976711922245858e-07,0.04837065935134888,0.04671598894018975,6.972446165714572e-07,0.04825279116630554,0.04663305960240818,6.966472045756008e-07,0.04814586415886879,0.04655838219655885,6.959548285303691e-07,0.048048507422208786
982,2,block_output,Vertical,1,0.4943703714580763,0.5151020722160442,3.0897836685180664,0.07208422234370596,0.00012432404652283014,0.1041029691696167,0.0534688692007746,8.837196361452054e-06,0.06154259294271469,0.048274938076261494,3.5725452050851858e-06,0.05196616053581238,0.04557150856606544,2.5653486068877762e-06,0.048549629747867584,0.04371195091378121,2.038842368320599e-06,0.04655008390545845,0.04233243215888265,1.6965961537581687e-06,0.04523811861872673,0.04126850190380263,1.4601400204076083e-06,0.04418852925300598,0.040423060929964456,1.2923503242354793e-06,0.043333493173122406,0.039734152456124626,1.1714262804165966e-06,0.042625319212675095,0.03916065134699383,1.0832781664456722e-06,0.042029257863759995,0.0386745331897622,1.0183486719097717e-06,0.04151954501867294,0.038256264690841944,9.699454740730028e-07,0.041076935827732086,0.0378919036260673,9.332507560323541e-07,0.04068705439567566,0.037571263928262016,9.047470881256073e-07,0.040339238941669464,0.03728672838400281,8.818785132851854e-07,0.04002566635608673,0.03703248305689721,8.629019371999704e-07,0.03974076360464096,0.03680400142357463,8.467103064904216e-07,0.0394805446267128,0.03659768857889705,8.326598521528249e-07,0.03924206271767616,0.036410622003059535,8.203776792959606e-07,0.03902295231819153
982,2,block_output,Horizontal,1,0.08474965440848517,0.0017472817922260812,0.20670105516910553,0.046458269454657086,3.5128497143694476e-06,0.05230053514242172,0.04292859456368855,1.1259876036336991e-06,0.045509230345487595,0.04127990170603707,7.299064833939721e-07,0.042735666036605835,0.04032344885525249,6.234040337165856e-07,0.04188532382249832,0.03968760862000405,5.836683485851606e-07,0.04135247319936752,0.03922676023036715,5.663278835395385e-07,0.04096793383359909,0.038876037689901534,5.580407365239666e-07,0.04066658020019531,0.03860161447572329,5.53714603762322e-07,0.04042331129312515,0.03838258591436204,5.512132706595684e-07,0.04022497311234474,0.03820494710216447,5.49722666504959e-07,0.040062591433525085,0.03805895137881476,5.489513846651652e-07,0.03992917761206627,0.037937623877373955,5.487324409132948e-07,0.039818860590457916,0.0378358205041242,5.489383729188278e-07,0.03972677141427994,0.03774965601781058,5.494630393659264e-07,0.039649054408073425,0.03767613901032342,5.50217374783815e-07,0.03958281874656677,0.037612947443174935,5.511239321790424e-07,0.039525941014289856,0.03755827401838605,5.521092503663127e-07,0.03947686403989792,0.03751070578656499,5.53110468908249e-07,0.039434365928173065,0.03746912551541177,5.540801822943484e-07,0.039397452026605606
982,2,block_output,Gaussian,1,1.045673640237914,2.2911296097282285,5.856109619140625,0.08001761374965546,0.00021465065960758926,0.11665914952754974,0.05630372659791084,1.0518733557716193e-05,0.0637148916721344,0.049558519430103753,4.023388817890721e-06,0.05417090654373169,0.04566153529144469,2.546595312584786e-06,0.0491405613720417,0.0429955210004534,1.8535803372476553e-06,0.046036507934331894,0.041070821916773206,1.46522074089231e-06,0.04393293336033821,0.03962816221136895,1.2300291474356293e-06,0.04232361167669296,0.03850705081981326,1.0797159470899085e-06,0.04105573520064354,0.03760636367258571,9.796433522007848e-07,0.040029898285865784,0.03686211612962541,9.107483998664287e-07,0.03918022662401199,0.036233033925767925,8.61892236107673e-07,0.03846193104982376,0.03569161495755589,8.263914168711487e-07,0.03784401714801788,0.03521887130207486,8.00158540148232e-07,0.03730490058660507,0.03480125390111454,7.80639240837484e-07,0.036829348653554916,0.03442879180823054,7.661616599488978e-07,0.036406226456165314,0.03409392883380254,7.555542569181299e-07,0.03602705895900726,0.033790787061055504,7.479479313148085e-07,0.03568520396947861,0.03351469065934893,7.426596771879707e-07,0.03537523001432419,0.033261854319818436,7.391421589200248e-07,0.035092659294605255
982,3,block_output,Vertical,1,0.08009874797056592,0.0029640063366619947,0.24013203382492065,0.027270170786078015,5.325746120919796e-06,0.03338634595274925,0.02289202699940356,1.96629320126841e-06,0.02646293118596077,0.02081048408789294,1.4653960343480185e-06,0.02332448586821556,0.019499102607369423,1.2308289520983142e-06,0.02191470004618168,0.018587387832147733,1.0852401472008165e-06,0.020738676190376282,0.01792094773716397,9.870452638406235e-07,0.02001630701124668,0.017413312894484355,9.160815706069763e-07,0.019454538822174072,0.017014290812233136,8.629266211714225e-07,0.01900779828429222,0.016693427848319214,8.223887219612531e-07,0.018646206706762314,0.016430961441189523,7.91018153190436e-07,0.0183493010699749,0.016213359547749398,7.66365448825229e-07,0.018102485686540604,0.01603098549244423,7.466845591555377e-07,0.017895016819238663,0.015876765141174906,7.307463270509004e-07,0.01771879568696022,0.015745382415988142,7.176967924850799e-07,0.017567623406648636,0.015632760917974844,7.069368084045984e-07,0.017436757683753967,0.01553572171796409,6.980316491129158e-07,0.017322536557912827,0.015451749978912256,6.906463620694215e-07,0.017222121357917786,0.015378826002161654,6.845111809476509e-07,0.017139723524451256,0.015315309226039856,6.793997013397709e-07,0.017068319022655487
982,3,block_output,Horizontal,1,0.13868366376984687,0.015674619095768786,0.7637843489646912,0.03780260010962448,3.0210425400519854e-05,0.05274670198559761,0.028446019523673587,2.703173311588996e-06,0.03279799222946167,0.02553418352608643,1.2580164536576228e-06,0.027902260422706604,0.023943933318295176,9.533139404523948e-07,0.0258738212287426,0.0228455669823147,8.055181988069904e-07,0.02474367804825306,0.022018434745924815,7.107494748462524e-07,0.0238201841711998,0.021365360342084416,6.44545598202337e-07,0.02314714342355728,0.02083434501574153,5.978440169270982e-07,0.022585369646549225,0.020394150965980122,5.654746233512719e-07,0.022105226293206215,0.020024350681711756,5.433800449789176e-07,0.021692659705877304,0.019710410652416094,5.280975554851395e-07,0.021336544305086136,0.019441333702868886,5.170295766053927e-07,0.021027445793151855,0.01920866159101327,5.08546028812807e-07,0.02075764536857605,0.01900591053778217,5.017154093650838e-07,0.020520921796560287,0.018828075763488574,4.960167545803966e-07,0.020312262699007988,0.018671239327107157,4.911555224710014e-07,0.02012757584452629,0.018532277454459477,4.869678562256185e-07,0.01996353268623352,0.018408651448904523,4.833604267732656e-07,0.019822482019662857,0.01829827062430836,4.802725577037911e-07,0.019714374095201492
982,3,block_output,Gaussian,1,0.35955227722251226,0.3412433529808149,2.741375684738159,0.041107413965085195,3.639843468378713e-05,0.056305933743715286,0.03151937056746748,5.482766816081135e-06,0.03750427067279816,0.027668303203961207,2.5601771520807593e-06,0.031485456973314285,0.025358677679111086,1.763509608288042e-06,0.02874501794576645,0.02369476671493243,1.4149411614964112e-06,0.026868101209402084,0.022397787058873783,1.20671037676545e-06,0.025363687425851822,0.021351067319748892,1.0613311208882103e-06,0.02410994842648506,0.02048890103423406,9.520642167097673e-07,0.0230450127273798,0.01976788005540295,8.665864888338665e-07,0.022130131721496582,0.019157117971825222,7.978794827762598e-07,0.021337740123271942,0.018633798237830873,7.414942943994797e-07,0.020646994933485985,0.0181806952884746,6.944935746025136e-07,0.020097140222787857,0.017784640636472476,6.548791914905872e-07,0.019648849964141846,0.017435497678225,6.212091931766829e-07,0.0192561112344265,0.01712541798100112,5.923740951233023e-07,0.018908824771642685,0.016848274920549657,5.674807944413022e-07,0.01859903708100319,0.01659920665302447,5.458141105489718e-07,0.018320675939321518,0.016374287993780205,5.268113762516801e-07,0.018069125711917877,0.016170289352654466,5.100360613715502e-07,0.017840784043073654
982,4,block_output,Vertical,1,0.09072455914602393,0.0046299028457664265,0.33758544921875,0.02530876895974553,1.2062463836268575e-05,0.03360793739557266,0.0193097186644399,3.324840605097995e-06,0.02342875488102436,0.016190402224541656,1.554296004275344e-06,0.019390160217881203,0.014208559789473102,9.059575263881511e-07,0.016527947038412094,0.012850687824307925,6.338958253125267e-07,0.014572808519005775,0.011870734777951997,5.080276407597171e-07,0.013379390351474285,0.01113755903428509,4.4513710949598863e-07,0.01262173056602478,0.010574134214529915,4.112526572032131e-07,0.01201662514358759,0.010131946040524377,3.9159190188749046e-07,0.011560117825865746,0.009778737430534666,3.794084772365608e-07,0.011233359575271606,0.009492240018314786,3.713333120982479e-07,0.010968607850372791,0.009256681752583337,3.6551771126762055e-07,0.01074979268014431,0.00906064741254326,3.608860394748603e-07,0.010565072298049927,0.008895718803008398,3.5681740819053954e-07,0.01040563266724348,0.008755599739887411,3.530011370938215e-07,0.010265113785862923,0.008635531593528058,3.493431533738175e-07,0.010139169171452522,0.008531886256403394,3.458820712249362e-07,0.010025064460933208,0.008441869073384812,3.4271032269093963e-07,0.009921183809638023,0.008363302863602127,3.399180515064535e-07,0.009826612658798695
982,4,block_output,Horizontal,1,0.6023030935062302,0.8334982940551767,3.939466953277588,0.06310131454042026,0.0001935179752267531,0.09934747964143753,0.03995451177396472,1.839658675232106e-05,0.05376522243022919,0.03200789292653402,6.778990579599993e-06,0.03944718837738037,0.02769226131458131,3.737501425530485e-06,0.032477233558893204,0.02493278637883209,2.4293906618062245e-06,0.02926366962492466,0.02295732589822913,1.7332378383841286e-06,0.026812957599759102,0.021424847048899485,1.3104319286320977e-06,0.02482510358095169,0.020177784390629283,1.0337080008004306e-06,0.023166809231042862,0.01913435375761418,8.439318598879528e-07,0.021762996912002563,0.018245466763064974,7.090314205769179e-07,0.020562514662742615,0.017478169725527837,6.100203520560369e-07,0.019526643678545952,0.01680883231558024,5.351393563353149e-07,0.018624890595674515,0.01621986436288035,4.769521614657689e-07,0.017833080142736435,0.015697834806309804,4.30696848690956e-07,0.017132122069597244,0.01523227488533372,3.93299083281839e-07,0.016507070511579514,0.014814871215512828,3.627394755685853e-07,0.01598220504820347,0.014438915480342176,3.3764565957909174e-07,0.01558576337993145,0.014098919573284331,3.1702884296912196e-07,0.01522440742701292,0.013790343769840778,3.0012007934915327e-07,0.014894681051373482
982,4,block_output,Gaussian,1,1.3869117389595698,3.7251386064759386,7.9110002517700195,0.07949986190549911,0.0004300056474203845,0.1283794343471527,0.04529816142859913,3.178430662292685e-05,0.06046639010310173,0.03523473157769158,1.2154964647888006e-05,0.04505547881126404,0.030039336147999005,6.4656685241312735e-06,0.03740629553794861,0.026730937587599906,4.103643110701299e-06,0.03253265470266342,0.02433170626560847,2.9394763214127307e-06,0.029038920998573303,0.02244904675772266,2.2660515075430635e-06,0.026353007182478905,0.02090449036941642,1.8228114450708215e-06,0.02419489063322544,0.01960291482862972,1.5043077887981105e-06,0.022409677505493164,0.01848549307102249,1.2623517566549831e-06,0.02090207114815712,0.017512392725736375,1.0720083985520222e-06,0.019835898652672768,0.016655393536128694,9.189462031673532e-07,0.018873881548643112,0.015893914219405916,7.941605889303516e-07,0.01799267902970314,0.015212529604988438,6.915823023978097e-07,0.017181579023599625,0.014599350680197989,6.068545878190952e-07,0.016433116048574448,0.014044971279208623,5.36708007041423e-07,0.015741709619760513,0.013541774927741952,4.785884911311792e-07,0.015102829784154892,0.013083477977604147,4.3044686356263607e-07,0.014512531459331512,0.012664808492575372,3.906078040798728e-07,0.013967224396765232
982,final,proj_out,Vertical,1,0.15576214035825123,0.007075669971761397,0.4423255920410156,0.08023735301362143,4.553788083563476e-05,0.09460297226905823,0.06461401153651494,2.7774688537997666e-05,0.07903821766376495,0.053917056925240014,2.5269042088288355e-05,0.06890556216239929,0.045372967209134786,2.2712958354906963e-05,0.06032261997461319,0.03854485317355111,2.006691620267635e-05,0.05309943109750748,0.033134612240015515,1.7539088828303107e-05,0.0471164770424366,0.028856581076979637,1.5225394343303926e-05,0.042172737419605255,0.025464120513153454,1.3175277651411814e-05,0.03807278349995613,0.022758461771503327,1.1405403407732254e-05,0.0346546471118927,0.020584574530995083,9.906530760872933e-06,0.031789060682058334,0.018823119974325574,8.653060012969947e-06,0.02937270887196064,0.017382533821676458,7.612136782226588e-06,0.027322331443428993,0.016192505550053384,6.750155944349777e-06,0.02557075396180153,0.015198949827916093,6.0362945471582935e-06,0.024063991382718086,0.014360206985166149,5.443834099741232e-06,0.022758714854717255,0.01364418085191458,4.9503080429035944e-06,0.02162007987499237,0.013026148583444338,4.537134847603071e-06,0.020619969815015793,0.012487071019316476,4.1891415295336295e-06,0.0197356678545475,0.012012266258280429,3.894056053450307e-06,0.01894884929060936
982,final,proj_out,Horizontal,1,0.15034423602951896,0.006080684528194325,0.4058297276496887,0.08728487328404472,2.2500700105118628e-05,0.09815333783626556,0.07421597944838661,9.433364768756003e-06,0.08005648106336594,0.06481623590465575,7.556097868203765e-06,0.07073847949504852,0.0568752729940036,6.843087461997374e-06,0.06243327632546425,0.050031532489118125,6.359024391639689e-06,0.05560268461704254,0.044184408254093595,6.00842534604961e-06,0.050091374665498734,0.03924723359800521,5.756940955755801e-06,0.04540954530239105,0.03511885689601066,5.57171965389444e-06,0.04147212207317352,0.03168964598860059,5.424294375591255e-06,0.03817817196249962,0.028851160779595375,5.294299944429787e-06,0.03542456775903702,0.02650307160284784,5.169604595277195e-06,0.03311526030302048,0.024556847141375616,5.044413264849857e-06,0.03116656467318535,0.022937037464645173,4.91690421800936e-06,0.02950907126069069,0.02158098907342979,4.787278602387384e-06,0.028087057173252106,0.020437666909798743,4.656606338599682e-06,0.026856619864702225,0.01946608671948077,4.526258535670585e-06,0.02578345686197281,0.018633653631522543,4.3976593395235115e-06,0.024840790778398514,0.017914586774413547,4.272170353518469e-06,0.024007655680179596,0.017288525647942036,4.150974193374966e-06,0.02326744794845581
982,final,proj_out,Gaussian,1,0.06667199671741515,0.0007335366511054346,0.16454273462295532,0.03404434965479942,1.6901442779775467e-05,0.042912401258945465,0.02557007066668972,6.861096289974346e-06,0.030700162053108215,0.020827975626739246,4.186206843990751e-06,0.024582531303167343,0.01768455309941182,2.9804091650558084e-06,0.021267741918563843,0.015418417337867949,2.324350341219685e-06,0.019424820318818092,0.013712305693872391,1.9251704611312885e-06,0.017961394041776657,0.012394356349157908,1.660919929129872e-06,0.016772586852312088,0.011357873692990296,1.4735959075326472e-06,0.01578526385128498,0.010531413102788585,1.3328784242245453e-06,0.014948919415473938,0.009864574534788964,1.2217424631130013e-06,0.014229163527488708,0.009320526036419093,1.13025505024133e-06,0.013602541759610176,0.008871806208931264,1.0526170404130872e-06,0.013052641414105892,0.00849774850177623,9.855233691609757e-07,0.012567434459924698,0.008182714988906232,9.270712217618668e-07,0.01213766261935234,0.007914802170402947,8.760467281585269e-07,0.011755913496017456,0.007684878738863128,8.315460752031212e-07,0.011416083201766014,0.007485867174904025,7.928086775186098e-07,0.01111302524805069,0.00731221546552011,7.591601263447625e-07,0.010842333547770977,0.007159507101667779,7.299796618462055e-07,0.010600198060274124
963,initial,patch_embed,Vertical,1,0.2473460841510031,0.1278669523386635,1.8438624143600464,0.08935551073343034,8.395865270970338e-08,0.09014792740345001,0.08902220096853045,2.9487365274003778e-08,0.08936327695846558,0.08887019859892982,2.562212848213463e-08,0.08919675648212433,0.08879150462055964,2.2588132880000514e-08,0.0891217514872551,0.08876451033921469,2.1406225597590326e-08,0.0891176387667656,0.08875878320799933,2.156106864731323e-08,0.08911971747875214,0.08876013566577245,2.201197278589717e-08,0.08909708261489868,0.08876639415347387,2.2470777839810828e-08,0.08911345899105072,0.08877588004346877,2.3145659752657855e-08,0.08915208280086517,0.08878672761576516,2.408739641230955e-08,0.08918586373329163,0.08879774264873021,2.5280434980333333e-08,0.08921590447425842,0.08880822005726043,2.6497977166718272e-08,0.08926273882389069,0.08881772593373344,2.714047085384503e-08,0.08927857875823975,0.08882605402715622,2.6844635084872734e-08,0.08926139771938324,0.08883316353673026,2.5828971086151876e-08,0.0892181396484375,0.08883931889893516,2.4649841608490868e-08,0.08918233960866928,0.08884517434570524,2.3818086280655036e-08,0.08919759094715118,0.08885150142605343,2.3592206255884e-08,0.08921365439891815,0.08885872044733592,2.3984678309956145e-08,0.08923056721687317
963,initial,patch_embed,Horizontal,1,0.3720816531115108,0.36365628419137147,2.8421053886413574,0.08952579469907851,4.825272852705596e-07,0.0925304964184761,0.08901579051263749,8.712323698821234e-09,0.08927944302558899,0.08889785751936928,4.1549239477986395e-09,0.08909192681312561,0.0888471519426694,2.5270504745064842e-09,0.08896735310554504,0.08883101989825566,2.1810490045408544e-09,0.08893398940563202,0.08882961753341886,2.4226464640002658e-09,0.08896133303642273,0.08883328842265266,2.779225443887287e-09,0.08899413049221039,0.08883882089266701,3.178317254240881e-09,0.08902088552713394,0.08884540306670326,3.6417025054381074e-09,0.08904384076595306,0.08885303388039271,4.187695417947506e-09,0.08906307071447372,0.08886182899512941,4.812120030772746e-09,0.08907849341630936,0.08887184304850441,5.555112537266475e-09,0.08909262716770172,0.08888298899881424,6.509218395693901e-09,0.0891089141368866,0.08889494008488125,7.70747680865414e-09,0.08912930637598038,0.08890718753848757,9.083002287565884e-09,0.08916382491588593,0.0889190285215302,1.0484460633876152e-08,0.08919301629066467,0.08892978680512262,1.1784253195607942e-08,0.08921694755554199,0.08893933300934141,1.3095575728153392e-08,0.08923715353012085,0.08894825584831692,1.4667366839349228e-08,0.08925356715917587
963,initial,patch_embed,Gaussian,1,0.3915372733322401,0.42466868450383216,2.863297700881958,0.06773019629338431,6.064265694523738e-07,0.07000106573104858,0.06721966808277463,8.32161463281374e-09,0.06751564890146255,0.06719838272011469,1.076746858864776e-08,0.06760753691196442,0.06720150404033207,1.1905234875280738e-08,0.06760694831609726,0.06719903742510175,1.056934330619571e-08,0.06750185042619705,0.06719212316804463,9.155068241621212e-09,0.06745177507400513,0.0671893624322755,8.483754262970091e-09,0.06744830310344696,0.06719144268168344,8.260769696938156e-09,0.06744856387376785,0.06719668398773859,8.245923608776527e-09,0.06744147837162018,0.06720379645389224,8.383292426197821e-09,0.06743085384368896,0.06721242942980357,8.711211776112012e-09,0.06743764877319336,0.06722271016665868,9.273406955410909e-09,0.06745806336402893,0.06723451815427296,1.0062544979283053e-08,0.06750206649303436,0.06724701679888226,1.1013711679625288e-08,0.06755304336547852,0.0672588295170239,1.1992806267343491e-08,0.06760367751121521,0.0672688926496203,1.2814614584410167e-08,0.06764382123947144,0.06727699888130975,1.3324292120917174e-08,0.06766673922538757,0.06728334145413505,1.3461145387857184e-08,0.06767140328884125,0.06728831335665687,1.3314736998707632e-08,0.06766072660684586
963,0,block_output,Vertical,1,0.24688203833878986,0.08859252434046573,1.4732648134231567,0.0903385558298656,2.443831419739601e-05,0.10187649726867676,0.0813085970187944,4.821382353389704e-06,0.08799514174461365,0.07793186143750236,1.6562173676667415e-06,0.08235513418912888,0.0764702900298058,8.99077335506375e-07,0.07958195358514786,0.07570146438148287,6.598448810446603e-07,0.07810159027576447,0.07521654736428034,5.623170570620065e-07,0.07720223069190979,0.074874361710889,5.15850093345553e-07,0.07661403715610504,0.07461593560283146,4.91489075683401e-07,0.07621192187070847,0.07441174144309665,4.777899101025315e-07,0.0759248435497284,0.07424498089249172,4.6973340890032443e-07,0.0757102519273758,0.07410511847526308,4.6502699551634115e-07,0.07554309070110321,0.07398503628515062,4.6252991447802257e-07,0.07540841400623322,0.07387966709950614,4.615938972178776e-07,0.0752970278263092,0.07378537763678839,4.6178728770509136e-07,0.07520311325788498,0.07369968850934316,4.627679976856882e-07,0.07512260973453522,0.07362111350373617,4.6423890978974016e-07,0.0750521719455719,0.07354888201705993,4.6600616377763695e-07,0.07498891651630402,0.0734825445309518,4.680033447314694e-07,0.07493075728416443,0.07342166973957939,4.702487780506364e-07,0.07487662136554718
963,0,block_output,Horizontal,1,0.1813165487514602,0.023625530524735452,1.0045382976531982,0.08309777518586507,7.748059025161201e-06,0.09004747867584229,0.07821075724703926,6.06245284590444e-07,0.07989022135734558,0.07676724817544694,1.9718122761441637e-07,0.07787308841943741,0.07608393579721451,1.201077522483199e-07,0.0769711583852768,0.07565714915593465,8.974170719948096e-08,0.07638309895992279,0.07535740839583534,7.507136012804644e-08,0.0759674534201622,0.07513134086888934,6.696823033238085e-08,0.07568888366222382,0.07495172404580647,6.178775412496735e-08,0.0754798948764801,0.07480373032509334,5.796455988774906e-08,0.0752994567155838,0.0746793280991297,5.492649317730907e-08,0.0751413106918335,0.07457358721229765,5.250294701780077e-08,0.07500548660755157,0.07448260438820672,5.053450240431021e-08,0.07491517066955566,0.07440324707163705,4.884261203148492e-08,0.07484246790409088,0.07433316998538517,4.729454889597762e-08,0.07477522641420364,0.07427066056028245,4.58263287349519e-08,0.0747126117348671,0.07421447786073836,4.4433518405296766e-08,0.07465433329343796,0.07416373976166286,4.3147039888317034e-08,0.07459999620914459,0.07411779510596442,4.1999425046913725e-08,0.07454907894134521,0.07407611915989527,4.1003303596618384e-08,0.07450120151042938
963,0,block_output,Gaussian,1,0.6291103329923418,0.976221124482438,4.0047149658203125,0.0763888219519267,2.961425674282772e-05,0.08884952962398529,0.06734562428697707,2.4154993820793522e-06,0.07133285701274872,0.06421330653958851,6.77629074667407e-07,0.0661829262971878,0.06266965782122007,3.86830489830069e-07,0.06419602036476135,0.061749126466493755,3.1746911329916405e-07,0.06325828284025192,0.06113204661579359,2.995469744356004e-07,0.06258681416511536,0.06068365660215181,2.9854318216412367e-07,0.062085896730422974,0.06033851549265876,3.0440893739325306e-07,0.061701029539108276,0.06006157546052857,3.130567007435664e-07,0.06139611080288887,0.059832209691641824,3.2251600938741046e-07,0.06114630401134491,0.05963739445285192,3.319174402115804e-07,0.06093508005142212,0.05946853159675523,3.4097397636002726e-07,0.06075175106525421,0.05931975597900058,3.4967040516568803e-07,0.060589373111724854,0.05918694937986041,3.581021999241209e-07,0.06044348329305649,0.059067126895700185,3.663908873566916e-07,0.06031128391623497,0.05895807162400276,3.74633658521323e-07,0.06019103527069092,0.05885809240123582,3.8285891014014763e-07,0.060081660747528076,0.05876589111155934,3.9101945431087173e-07,0.05998227745294571,0.05868046884498899,3.9901238932542874e-07,0.05989198759198189
963,1,block_output,Vertical,1,0.145427876758197,0.01163016316661788,0.734013557434082,0.06672061624981108,1.3211970917794069e-05,0.07483363151550293,0.060629751119348735,2.5549561200000916e-06,0.06601104885339737,0.058463687284125224,1.7919508537171985e-06,0.06275436282157898,0.05725351366258803,1.6726252021840446e-06,0.061174653470516205,0.05645328210223289,1.6538010238865366e-06,0.0601993165910244,0.05587562646657702,1.6641157638377467e-06,0.05951627343893051,0.05543390188425306,1.6820277179662249e-06,0.05901181697845459,0.05508175303065588,1.6976745028915544e-06,0.05862445384263992,0.05479206671080892,1.7104342903270892e-06,0.058311812579631805,0.05454808278452782,1.7222267961433874e-06,0.058051303029060364,0.05433895994746496,1.73419924820577e-06,0.057832639664411545,0.054157249866023896,1.7463648285632481e-06,0.05765019357204437,0.05399771164807062,1.7579306929953424e-06,0.05749890208244324,0.05385671774782832,1.7682253007808324e-06,0.057373397052288055,0.053731742004553475,1.7773029442181967e-06,0.05726902186870575,0.053620832247866526,1.7856957560591083e-06,0.0571821853518486,0.05352228661141698,1.793934236464417e-06,0.057110100984573364,0.05343453325922527,1.8022577449619392e-06,0.05705037713050842,0.053356090885779216,1.8105093260963661e-06,0.05700066313147545
963,1,block_output,Horizontal,1,0.4690846765325183,0.44161688070694766,2.848121166229248,0.09437797620655998,6.0390502401643904e-05,0.113684743642807,0.07700431323240674,1.1104209643111331e-05,0.08512412011623383,0.06999019497916811,3.030089801510003e-06,0.07470861077308655,0.06691481066601616,1.4966773117305602e-06,0.0707244873046875,0.06524598515695995,1.0732783947532375e-06,0.06857199221849442,0.06412882020785696,8.706937270948609e-07,0.06708221137523651,0.0632926511267821,7.381293071788484e-07,0.06591874361038208,0.0626324111861842,6.419580730908952e-07,0.0649714469909668,0.062093452979174873,5.696884343648501e-07,0.06418554484844208,0.06164214115530726,5.141495066875041e-07,0.0635242909193039,0.061256293207407,4.7052861165157513e-07,0.06296119838953018,0.06092075908940936,4.3559232244649696e-07,0.06247718632221222,0.060624985053898794,4.07299839649854e-07,0.06205838546156883,0.06036150059293187,3.8442195577812094e-07,0.06169423460960388,0.0601248944562579,3.6613266270117454e-07,0.06137603521347046,0.05991107787168215,3.5173685483531506e-07,0.06109622120857239,0.05971680942272383,3.405958292112607e-07,0.06084825098514557,0.0595394294886362,3.3213979325988845e-07,0.06063712015748024,0.05937671826945411,3.2588460220034894e-07,0.06049405410885811
963,1,block_output,Gaussian,1,0.4368781614161673,0.4667254754928792,3.092700481414795,0.06802566302201105,3.182174465526733e-05,0.07994326949119568,0.05834035031379215,4.8403854501490175e-06,0.06294910609722137,0.05449067434621236,2.3690448704090526e-06,0.05793122947216034,0.05237487679909146,1.7799163128582394e-06,0.0551113486289978,0.05100894370485866,1.579389244024752e-06,0.05331267789006233,0.050040457989015276,1.4980392161455428e-06,0.05221986770629883,0.0493128141831784,1.462546678227827e-06,0.05137962847948074,0.04874313853326298,1.4458054192233978e-06,0.050808146595954895,0.04828306713274547,1.436546698710651e-06,0.05036931484937668,0.04790259347785087,1.4301446995316308e-06,0.05001179873943329,0.047582004396688374,1.4247994605410362e-06,0.049717552959918976,0.047307651963025804,1.4199060670825487e-06,0.04948437586426735,0.04706971861776851,1.4153465687128307e-06,0.04928021878004074,0.046860962573971064,1.411189431458215e-06,0.049099601805210114,0.04667594065032308,1.4075709895231455e-06,0.04893841594457626,0.046510490041876594,1.4045971478836716e-06,0.04879356548190117,0.04636137808362643,1.4023426307236115e-06,0.04866266995668411,0.04622605780050868,1.400838307697991e-06,0.04854379966855049,0.046102506951207205,1.4000884008533196e-06,0.04843535274267197
963,2,block_output,Vertical,1,1.571475254874381,4.8360301505213545,8.582283020019531,0.11487826492105212,0.0004301344681566465,0.15648923814296722,0.07191167091802945,4.9648348486978515e-05,0.08916123956441879,0.056435187125489825,1.2875876489774812e-05,0.06604167073965073,0.04950910954484864,6.3181785987152876e-06,0.05555032938718796,0.045756912479798,4.545972196621686e-06,0.05064894258975983,0.043340131640434265,3.815742172518814e-06,0.04827101528644562,0.041601247375919706,3.399749750479941e-06,0.046513691544532776,0.04026768782309124,3.1178766839546574e-06,0.04512469843029976,0.03920162185316994,2.911512218251877e-06,0.04401832073926926,0.03832304252991601,2.7546770101504325e-06,0.04311845451593399,0.03758178876032905,2.6322972267722993e-06,0.04230775311589241,0.036944701558067686,2.5342607160172988e-06,0.04156654328107834,0.0363888798488511,2.453554846998639e-06,0.0408841073513031,0.03589791556199392,2.3854608450828043e-06,0.04025827348232269,0.035459714099055246,2.3269236288523755e-06,0.039740435779094696,0.03506519089615534,2.2759230476237245e-06,0.03926985710859299,0.034707392669386335,2.2310876586726492e-06,0.03883996605873108,0.034380911302471916,2.191415302719853e-06,0.03844557702541351,0.03408146673251712,2.1561348256264283e-06,0.03808252513408661
963,2,block_output,Horizontal,1,0.32045746665625346,0.1691891451142745,2.0426456928253174,0.06994423418054505,0.00010314036557983892,0.09407023340463638,0.05282615746061007,1.0211461919724961e-05,0.06132049858570099,0.047605044075420926,3.939165348875415e-06,0.053405120968818665,0.04495732557205927,2.6698589196506257e-06,0.04951469600200653,0.04321251821423334,2.1399277288798036e-06,0.04726402461528778,0.041946051376206536,1.8546896669847578e-06,0.04596734791994095,0.04098003818875268,1.6753811595014664e-06,0.044985610991716385,0.04021742508288414,1.54809230368972e-06,0.04419906064867973,0.03959911156977926,1.4493508843980584e-06,0.04353700578212738,0.03908712168534597,1.368949935514116e-06,0.042959392070770264,0.03865608904096815,1.302449984587763e-06,0.04244637116789818,0.03828838514903235,1.2473805581417295e-06,0.041988179087638855,0.037971221265338716,1.2016875575051293e-06,0.041577812284231186,0.03769502475384682,1.1635610646959091e-06,0.04120900109410286,0.037452468500723916,1.1315111099857217e-06,0.04087619110941887,0.03723785251615539,1.1044140746274606e-06,0.04057496041059494,0.03704666742493236,1.081422718604992e-06,0.04030178114771843,0.03687531855844316,1.0619201463946254e-06,0.040054112672805786,0.0367209076408356,1.0454410257358353e-06,0.0398300364613533
963,2,block_output,Gaussian,1,0.594917117366715,0.8563308256032214,4.077325820922852,0.06441175293118234,8.168027116148728e-05,0.0843217745423317,0.048837028207286956,9.464545814984458e-06,0.05438480153679848,0.04269399476193246,3.885655480493914e-06,0.04709748178720474,0.039314094103044935,2.5450320887980453e-06,0.042944058775901794,0.03719862769283946,2.0669184313681367e-06,0.0402550995349884,0.03573093551491934,1.8299159548683046e-06,0.03833611309528351,0.034630496941861655,1.677890243070687e-06,0.03692101314663887,0.03376225911317363,1.5673917710335638e-06,0.03606615215539932,0.03305496928829049,1.483897337926818e-06,0.03538551181554794,0.0324661358008309,1.419862735021935e-06,0.034828297793865204,0.03196753313144048,1.3700797869249595e-06,0.034361764788627625,0.03153907977754161,1.330832186748402e-06,0.033963631838560104,0.03116599340287466,1.2995192448825206e-06,0.03361823409795761,0.03083721400489883,1.2743299591518016e-06,0.033314283937215805,0.03054440284650477,1.2539888481003655e-06,0.03304355591535568,0.030281251444230006,1.2375812400898742e-06,0.03279995173215866,0.030042947136930058,1.2244143981531726e-06,0.032578933984041214,0.029825799374116793,1.2139211637798752e-06,0.032377082854509354,0.02962693903181288,1.2056098397142042e-06,0.03219171240925789
963,3,block_output,Vertical,1,0.3189383971076163,0.22989968768542368,2.232802391052246,0.04195833259395191,6.769849014786269e-05,0.05922039598226547,0.02876310171707282,6.228239193343819e-06,0.03320278972387314,0.024484341047585956,3.06377741246157e-06,0.02818550541996956,0.02207911020470044,2.133201053764745e-06,0.025613250210881233,0.0204294484463476,1.6646188910702598e-06,0.02362191304564476,0.01917967549155629,1.3707217024137009e-06,0.021976973861455917,0.01818325902734484,1.167216863732974e-06,0.020645886659622192,0.017367010788312032,1.0205601840404467e-06,0.01971813105046749,0.016687095534825135,9.131896992266732e-07,0.018936995416879654,0.01611362903245858,8.339045685375332e-07,0.018272709101438522,0.015624760797927304,7.748806988684588e-07,0.017703190445899963,0.015203961599913855,7.304762114855167e-07,0.017211172729730606,0.014838523349709927,6.966197793077638e-07,0.016782760620117188,0.014518572313208428,6.704090263158574e-07,0.016406742855906487,0.014236379370448134,6.498095396690232e-07,0.016074232757091522,0.013985829353923835,6.334016942596749e-07,0.015778273344039917,0.013762047898674768,6.201891855376587e-07,0.015513456426560879,0.013561105769541528,6.094643981457192e-07,0.015275501646101475,0.013379803030855127,6.00711330422384e-07,0.015060991048812866
963,3,block_output,Horizontal,1,0.16140242825661386,0.03137245684424062,0.9270676374435425,0.03776889276646432,3.055231813408204e-05,0.04872528091073036,0.027780593919848637,3.592367926633084e-06,0.031781841069459915,0.024260336119267676,1.8750388095429876e-06,0.027516044676303864,0.022263105337818462,1.4088519780566977e-06,0.025130217894911766,0.020906116251671124,1.1742207531499067e-06,0.023465819656848907,0.0199058060016897,1.0311490288732782e-06,0.022221341729164124,0.01913498764828084,9.393211119854145e-07,0.021257499232888222,0.018522693021666436,8.779785319185894e-07,0.02060176432132721,0.01802473651274802,8.352084092879321e-07,0.020104538649320602,0.017612043768167496,8.041008401873906e-07,0.01969205029308796,0.01726471824896714,7.805528840687096e-07,0.019342290237545967,0.01696872307608525,7.621264757229406e-07,0.019039873033761978,0.01671389549497574,7.473957770475955e-07,0.018774237483739853,0.016492692398883048,7.355152095570169e-07,0.01853843592107296,0.016299379176445424,7.259211084462581e-07,0.018327955156564713,0.01612948899763444,7.181634488843548e-07,0.018139634281396866,0.015979474706072656,7.11852631884314e-07,0.01797093078494072,0.015846474436185663,7.066593611194856e-07,0.0178195983171463,0.015728147818692147,7.023226715403437e-07,0.01768362894654274
963,3,block_output,Gaussian,1,0.6329312825959826,1.0281933860058405,4.130721569061279,0.050262640688627486,8.460207706535934e-05,0.07254352420568466,0.03526358947985702,9.630811473141965e-06,0.04438891261816025,0.029815849212426988,4.795761689270221e-06,0.036164291203022,0.026506756181045185,3.1698808151456777e-06,0.03159687668085098,0.02419009367151866,2.31611511754889e-06,0.02853834256529808,0.022460447683457344,1.7937533381844226e-06,0.026302702724933624,0.021113395336128417,1.4481359333476888e-06,0.02458798512816429,0.02003003606602313,1.2089960395924347e-06,0.02322162501513958,0.019136658529677088,1.0389512057446055e-06,0.022096220403909683,0.018385540280077193,9.153746214507844e-07,0.02114434540271759,0.01774441660751426,8.235712194481137e-07,0.020323297008872032,0.0171905125506104,7.538178795388283e-07,0.019605109468102455,0.01670714436719815,6.996687403628856e-07,0.018970657140016556,0.01628171501769906,6.568270305687679e-07,0.0184062197804451,0.015904498168282093,6.223901087121863e-07,0.017901595681905746,0.015567847793655736,5.943490217029828e-07,0.01744886487722397,0.015265666776233248,5.712714520615855e-07,0.017041634768247604,0.014993035057116123,5.521029589698056e-07,0.016674529761075974,0.014745932915026233,5.360404416874964e-07,0.016342878341674805
963,4,block_output,Vertical,1,0.09552367495757247,0.006929835915008452,0.45880627632141113,0.02534715174919083,1.3936443445081341e-05,0.0358852818608284,0.018304255687528186,3.240125081784666e-06,0.022831909358501434,0.014875640456993428,1.5143889841584772e-06,0.017497150227427483,0.012744926537076632,9.097681571370735e-07,0.014557532966136932,0.011284778412017558,6.264594128987441e-07,0.012892738915979862,0.010228922915837121,4.773263573889193e-07,0.011682318523526192,0.0094379439417805,3.9395886452876585e-07,0.010756715200841427,0.008828532179847123,3.4526239093909394e-07,0.010033037513494492,0.00834790924711833,3.155443682248029e-07,0.009459292516112328,0.007961558917212107,2.965361228084099e-07,0.008999261073768139,0.007646097772059933,2.8376651392793985e-07,0.008626781404018402,0.007385156361297483,2.7476074426761133e-07,0.008322345092892647,0.007166958340103664,2.6813202041763725e-07,0.008083978667855263,0.006982849910855293,2.6309751246137376e-07,0.007891947403550148,0.0068263494084397,2.5920340110636594e-07,0.007730964571237564,0.0066924989814796144,2.5616731450564214e-07,0.007595368195325136,0.006577426449410499,2.5380106813601403e-07,0.007480734959244728,0.006478047353171167,2.5197740312643027e-07,0.007383621297776699,0.0063918571889637005,2.506139652055022e-07,0.007301363628357649
963,4,block_output,Horizontal,1,0.18503110063454462,0.04079204189300879,1.0302402973175049,0.039048299045553285,4.018768547772042e-05,0.05465536564588547,0.02690803138391366,5.9461526176699026e-06,0.03346869349479675,0.021945249644063768,2.436825314240826e-06,0.026531800627708435,0.01906682447426849,1.402020724615997e-06,0.022749412804841995,0.01707976737192699,9.375832537847294e-07,0.020145736634731293,0.015596806056915767,6.914293293846968e-07,0.018182259052991867,0.014446122749220757,5.488023671161033e-07,0.016659360378980637,0.013530804450431514,4.5990197755327473e-07,0.015461770817637444,0.012788774002166022,4.0078717298366856e-07,0.014599897898733616,0.012177806850227098,3.594423826748953e-07,0.013966838829219341,0.011668159981213864,3.294735187067564e-07,0.013421427458524704,0.011238320937587155,3.0720410878000244e-07,0.012949041090905666,0.010872367621650772,2.9036961639496586e-07,0.012537984177470207,0.010558277856381167,2.7752194600234176e-07,0.01217900775372982,0.01028682542816987,2.6771735274917496e-07,0.011864841915667057,0.01005083705402083,2.6031489784969497e-07,0.011589651927351952,0.009844663597288587,2.54835829899672e-07,0.011348536238074303,0.00966378759651903,2.5087772094531807e-07,0.011137168854475021,0.009504535841563392,2.4808662305604597e-07,0.01095166802406311
963,4,block_output,Gaussian,1,0.26996789854906855,0.16429883568445144,2.185731887817383,0.03797063420689295,4.826992019841999e-05,0.057773564010858536,0.026667393891820834,8.643737663209845e-06,0.037124671041965485,0.02176906316289826,4.731469577382279e-06,0.02933591604232788,0.01856884824496413,2.983607055336043e-06,0.024281268939375877,0.016277580344606014,2.0100864740945114e-06,0.02077130600810051,0.01456689861203943,1.4347317576928148e-06,0.018256330862641335,0.013251686306108557,1.0773337113873084e-06,0.016398245468735695,0.012215463843728815,8.447524979147593e-07,0.014979780651628971,0.011380967388432178,6.867637367691386e-07,0.013861851766705513,0.010695524144149015,5.752461962625616e-07,0.012955157086253166,0.010122590846130772,4.939517580497469e-07,0.012201918289065361,0.00963640424408137,4.33145446793639e-07,0.011564090847969055,0.009218475367459986,3.867195541307337e-07,0.011015918105840683,0.008855300674599314,3.506664143552233e-07,0.01053935382515192,0.00853682958358337,3.2225666838048324e-07,0.010121302679181099,0.00825544468881119,2.99579201705333e-07,0.009751939214766026,0.008005262234263004,2.8126442239197494e-07,0.00942369643598795,0.007781654441108306,2.6631459529403187e-07,0.009130589663982391,0.007580917786865953,2.5398976350858886e-07,0.008867809548974037
963,final,proj_out,Vertical,1,0.13437938997669827,0.004283266058139397,0.35719990730285645,0.0773853049391792,4.133967050879201e-05,0.09310435503721237,0.06443466364391266,2.8779250145396767e-05,0.07546551525592804,0.05493278618133257,2.596216502374392e-05,0.06735949963331223,0.04721516908870803,2.3511010959672977e-05,0.060313377529382706,0.04094900279527619,2.1117712536038376e-05,0.05423154681921005,0.035879657529885804,1.8852174755781455e-05,0.049029428511857986,0.031774929207232266,1.6779121548253707e-05,0.04458831995725632,0.028438261488363856,1.493277170585063e-05,0.04078994691371918,0.025711060723378545,1.332127665194049e-05,0.037531740963459015,0.02346782288735821,1.1934296735256099e-05,0.03472810238599777,0.021609736488215507,1.0750921024599563e-05,0.032307807356119156,0.020058990367466493,9.745830075988557e-06,0.030211102217435837,0.018754263792837424,8.89320232806193e-06,0.028387514874339104,0.017647231175076394,8.16889198427962e-06,0.026794426143169403,0.0166998395607585,7.551499731914562e-06,0.02539614588022232,0.015882143883832862,7.022740668494667e-06,0.024163026362657547,0.01517057791352272,6.567384293100603e-06,0.02307061105966568,0.014546562104471146,6.172978881595918e-06,0.022098785266280174,0.013995398190759477,5.82947444381611e-06,0.021230924874544144
963,final,proj_out,Horizontal,1,0.1343664407493576,0.003981812159903965,0.3624558448791504,0.08458613438738717,1.9144765692379813e-05,0.09630443900823593,0.07315647176333837,9.590630865816113e-06,0.07868628203868866,0.06422040085234339,7.5785242682359545e-06,0.06934432685375214,0.05672003257842291,6.874594212676542e-06,0.06245093792676926,0.05039652638019077,6.62445183431244e-06,0.056587137281894684,0.04508647310828406,6.572123304939982e-06,0.05160406231880188,0.040646073186681383,6.597757922318038e-06,0.04738455265760422,0.03694208072764533,6.637918857603763e-06,0.0438196063041687,0.0338531606904571,6.660957495586054e-06,0.040808066725730896,0.0312724451105746,6.654345511699451e-06,0.03825894743204117,0.029108745977282524,6.616570312471374e-06,0.03609350323677063,0.027286135635915258,6.551572630550029e-06,0.03424572944641113,0.025742443692353036,6.465258762188785e-06,0.03266133740544319,0.02442727823342596,6.363650479899506e-06,0.03129604458808899,0.023299986348738744,6.252050360105469e-06,0.030113721266388893,0.022327795122114438,6.134798661658446e-06,0.029084736481308937,0.021484222322229355,6.015214957002569e-06,0.028184568509459496,0.02074777828677306,5.895676067183103e-06,0.027392741292715073,0.02010093786058918,5.7777022873934046e-06,0.026692083105444908
963,final,proj_out,Gaussian,1,0.07874522239915908,0.001117364792345882,0.2034214735031128,0.04306537037094434,2.0710264227771563e-05,0.05353260040283203,0.033926132622928845,9.901092847441113e-06,0.040596604347229004,0.028215237464460117,6.6294294085673185e-06,0.03371623903512955,0.02411655129657851,4.8760189524368536e-06,0.0286721121519804,0.021059839498429073,3.828424895595781e-06,0.02493838407099247,0.018727509984894405,3.1628281711134065e-06,0.023142728954553604,0.01691714179007307,2.714655181867117e-06,0.021669704467058182,0.015491592860411085,2.398560582705534e-06,0.020436231046915054,0.014354005160312804,2.1677192768454025e-06,0.019384469836950302,0.013434258289635181,1.994262611461108e-06,0.018473293632268906,0.012680930514184256,1.860459578511233e-06,0.017673309892416,0.012056047629032816,1.7544728811050523e-06,0.016963761299848557,0.011531420717281955,1.6681314574407907e-06,0.01633043959736824,0.011086021549999714,1.595721953034433e-06,0.015763817355036736,0.010704073744515577,1.5333354717652443e-06,0.015257129445672035,0.010373636947146483,1.4784470672291328e-06,0.014804706908762455,0.010085555717408184,1.4295334430436183e-06,0.014401054009795189,0.009832685872439354,1.385683325341848e-06,0.014040675014257431,0.00960935414251354,1.346279985579153e-06,0.013718262314796448
944,initial,patch_embed,Vertical,1,0.27449028111166424,0.17106522878374783,2.1283936500549316,0.08928658505753866,1.1881714460046848e-07,0.09053684771060944,0.08893966769415235,3.479026530969379e-08,0.08935768902301788,0.08881298665489469,3.414107175176414e-08,0.08921750634908676,0.08875025974379645,3.4176336560502e-08,0.0891290083527565,0.08872973753346337,3.469195049124233e-08,0.08909206837415695,0.08873011668523152,3.4599475075126734e-08,0.08908924460411072,0.0887393384935364,3.439056374340028e-08,0.08912105858325958,0.0887520280149248,3.4547532760088154e-08,0.0891595184803009,0.08876572584822065,3.5472415931285374e-08,0.08920051157474518,0.08877863391997322,3.716990636415289e-08,0.08923690021038055,0.088789677690892,3.907393965679324e-08,0.08926026523113251,0.08879831397817248,4.029231533328164e-08,0.08926904201507568,0.08880450103491072,4.023280414695536e-08,0.08926813304424286,0.08880860204734499,3.9089192366473326e-08,0.08926121145486832,0.08881135911695541,3.7578778087899154e-08,0.08925061672925949,0.08881377204070015,3.6353262778610445e-08,0.08924029022455215,0.08881680229826579,3.57038251373796e-08,0.08923506736755371,0.08882115402865032,3.561458532296688e-08,0.08923781663179398,0.08882711425660149,3.5909424546465454e-08,0.08924808353185654
944,initial,patch_embed,Horizontal,1,0.39079841486518346,0.3858863571485239,2.881441354751587,0.08980565884756664,6.995450314835149e-07,0.09262958914041519,0.08914626945578863,1.6480146057286135e-08,0.08948923647403717,0.08897508172288773,8.6536183965071e-09,0.08924432843923569,0.08889131366260468,4.925238127756644e-09,0.08905339241027832,0.08885708143786779,3.783091090189631e-09,0.08896949887275696,0.08884839346957585,4.109559211224029e-09,0.08901210129261017,0.08884845461164202,4.7181762543283925e-09,0.08904840052127838,0.0888502367195629,5.220379526745415e-09,0.08907310664653778,0.08885258353418773,5.643537683226683e-09,0.08909148722887039,0.08885597579535984,6.066323325253405e-09,0.08910560607910156,0.08886104017969161,6.573396961322009e-09,0.08911594748497009,0.08886785545046368,7.230332593946662e-09,0.08912437409162521,0.08887613978650835,8.05458506202297e-09,0.0891331285238266,0.08888559575591769,9.060733071112643e-09,0.0891457349061966,0.08889599463769368,1.0256549841736514e-08,0.08916421234607697,0.08890709068093981,1.159120028783093e-08,0.08920048177242279,0.08891860986985857,1.2976471259361387e-08,0.08924248069524765,0.08893023218427386,1.432463710687386e-08,0.08928094804286957,0.08894155789462346,1.5543936474009467e-08,0.08931424468755722
944,initial,patch_embed,Gaussian,1,0.24456832664353506,0.159729460000138,1.966301441192627,0.06746346598106717,5.944938355438921e-08,0.06807099282741547,0.06724139137400521,2.1565067954371596e-08,0.06768935918807983,0.06717434028784434,1.6255973539051253e-08,0.06751181185245514,0.06715424027707842,1.506129967441504e-08,0.06749659776687622,0.06715677382927092,1.4714431263457699e-08,0.06748601049184799,0.0671614995078435,1.3921929553614603e-08,0.06747443974018097,0.06716564072976036,1.3416446068109783e-08,0.06746434420347214,0.06717233170592596,1.3455178662549003e-08,0.0674620270729065,0.06718216528968206,1.380896708732506e-08,0.06747157871723175,0.06719382686747445,1.4343642902075826e-08,0.06748936325311661,0.06720603754123051,1.5072354524963632e-08,0.06751123070716858,0.06721745076633635,1.5905060599881103e-08,0.06753192096948624,0.06722673371670738,1.6589766110809363e-08,0.06754694879055023,0.06723289641122969,1.695875023927128e-08,0.06755375117063522,0.06723618921306398,1.7002331188064765e-08,0.06754864007234573,0.06723819519319231,1.6890951947808917e-08,0.06755853444337845,0.06724022553553657,1.6841213853171607e-08,0.06757067888975143,0.06724280544689723,1.696092573745606e-08,0.06757773458957672,0.0672463531058932,1.730871745614696e-08,0.0675816535949707
944,0,block_output,Vertical,1,0.2430455528554462,0.07155621708847713,1.386088252067566,0.08847289272244015,3.4028883513677726e-05,0.10254761576652527,0.07880830729291552,3.071184059799015e-06,0.08349985629320145,0.07624183275869914,1.188215266434095e-06,0.07890427857637405,0.07525132442750627,9.535379421753979e-07,0.07753359526395798,0.0747130217533263,8.928193544529691e-07,0.07685704529285431,0.0743504132306765,8.668095228996247e-07,0.07644698023796082,0.07407704350494203,8.525190063623664e-07,0.07617069780826569,0.07385858538604918,8.441768092722833e-07,0.07596608996391296,0.07367815834189219,8.394710180863464e-07,0.07580020278692245,0.07352599052209703,8.368575492394518e-07,0.07565685361623764,0.07339562558465534,8.354657439962112e-07,0.07552656531333923,0.0732823581922622,8.35155209044521e-07,0.07540395855903625,0.07318261029228332,8.362511828701417e-07,0.07528773695230484,0.07309373988518639,8.390581788247035e-07,0.07517997175455093,0.07301397325973662,8.434219283767172e-07,0.07508361339569092,0.07294217686331461,8.487295526276314e-07,0.07499976456165314,0.07287749908273182,8.542723688198858e-07,0.07492708414793015,0.07281912200980717,8.595666466578018e-07,0.07486319541931152,0.07276623495041377,8.643718086863871e-07,0.07480593025684357
944,0,block_output,Horizontal,1,0.24295988525190051,0.067210075552024,1.3510661125183105,0.08769959152217895,1.6102995586781296e-05,0.10018903762102127,0.08009012883144712,1.777967119440939e-06,0.08303982019424438,0.0774698146278896,4.3533874858244054e-07,0.07913175225257874,0.07638304337622627,1.9640876825078885e-07,0.07752719521522522,0.07582431523099778,1.2668438319154918e-07,0.07670818269252777,0.07547460768430952,9.701553931336231e-08,0.07624176144599915,0.07522546570925485,8.135085785911702e-08,0.07593020796775818,0.0750337318768577,7.164755951048575e-08,0.07569022476673126,0.07487924219596953,6.48863947558285e-08,0.07549481093883514,0.07475098151536215,5.976644390277474e-08,0.07534357160329819,0.07464208347456795,5.564099953419166e-08,0.07522321492433548,0.07454788897718702,5.219193679079446e-08,0.07511615008115768,0.07446517818976962,4.9311340518767797e-08,0.07501976191997528,0.07439176844699043,4.69751819592013e-08,0.07493199408054352,0.07432616336478128,4.513925686398329e-08,0.0748511329293251,0.07426721981120488,4.371497882179066e-08,0.07477612048387527,0.07421395915841299,4.259819651956304e-08,0.07470636814832687,0.07416552281568921,4.1697740503773544e-08,0.07464171946048737,0.0741211547264977,4.094035901207757e-08,0.07458237558603287
944,0,block_output,Gaussian,1,0.8929463691181607,1.765946933477371,5.495129585266113,0.08738314052895894,0.0001258047613804881,0.12217433750629425,0.06951275846314808,8.95825278904327e-06,0.0786178708076477,0.06420705816338933,1.6597332990853938e-06,0.0679929107427597,0.06214480238064887,8.606626263205832e-07,0.06410717964172363,0.06105079892135802,7.322201692932406e-07,0.06292559206485748,0.060340097085351034,7.068279860758121e-07,0.0622316412627697,0.05983337215960972,7.058987328132765e-07,0.061718426644802094,0.05945301919229447,7.117256426849931e-07,0.06132165342569351,0.05915757582064659,7.19194919755026e-07,0.06100701540708542,0.05892195889637584,7.268749043307911e-07,0.060753073543310165,0.05872964042992819,7.344411141315206e-07,0.06054510176181793,0.05856916462145154,7.418581344987952e-07,0.06037232279777527,0.05843240832762113,7.491358099381132e-07,0.06022660434246063,0.058313563584335266,7.562509152280802e-07,0.06010166555643082,0.05820846451180322,7.631433264648277e-07,0.059992704540491104,0.05811410403204343,7.697035212292555e-07,0.05989595502614975,0.05802829007780741,7.758120789979436e-07,0.059808529913425446,0.05794940894794843,7.813567522861817e-07,0.059728216379880905,0.05787627044178191,7.862956464061092e-07,0.05965346843004227
944,1,block_output,Vertical,1,0.12511037893238522,0.005359333583802585,0.4329414665699005,0.06199956099901881,8.833210469325241e-06,0.06894814223051071,0.057515414224730596,2.6342326741290195e-06,0.0619308203458786,0.05586878127521939,2.3534379144794773e-06,0.060087092220783234,0.05487626584039794,2.3606326290228953e-06,0.0592779703438282,0.05420943195857699,2.3860680383906226e-06,0.058776166290044785,0.05371813564783051,2.4068549066816865e-06,0.05839461833238602,0.05333797432600506,2.422984955355455e-06,0.05808347836136818,0.05303608330469283,2.4357873438347463e-06,0.057830002158880234,0.05279029828924981,2.4467228673686307e-06,0.05761979520320892,0.052585391593830924,2.454476131197453e-06,0.05744011700153351,0.052410489036923365,2.4567990878666885e-06,0.05728202313184738,0.05225788760516378,2.4529191902757615e-06,0.057140424847602844,0.052122555318332854,2.444161264614887e-06,0.057013511657714844,0.05200137546847737,2.432778540898103e-06,0.056900858879089355,0.051892346273812034,2.4207766566186714e-06,0.05680195614695549,0.051794050409207266,2.4095044628650966e-06,0.05671583488583565,0.05170538229128671,2.3997006277869753e-06,0.05664115771651268,0.051625410834002114,2.391653059307705e-06,0.0565764345228672,0.05155330588893285,2.3853673474082723e-06,0.056520141661167145
944,1,block_output,Horizontal,1,0.3403468019669018,0.16723761497620754,2.258788824081421,0.08502438617131067,4.995189158046225e-05,0.09974563121795654,0.07084847667387553,6.321644760944797e-06,0.07648088037967682,0.06585494109562465,1.7385600585869923e-06,0.06925521790981293,0.06369720901998263,9.776731371288886e-07,0.06618064641952515,0.062444693748913115,7.490255612847262e-07,0.06462125480175018,0.061552962081299886,6.32210691313914e-07,0.06375159323215485,0.06086386852557697,5.578963684231243e-07,0.06304693222045898,0.060312771075774756,5.062841382920946e-07,0.062430240213871,0.05986383598711756,4.6938443935547436e-07,0.061875782907009125,0.05949369628751089,4.4339082530448603e-07,0.0613870806992054,0.05918514421061864,4.2548557337021593e-07,0.060968730598688126,0.058924585580825806,4.130831303511815e-07,0.060613904148340225,0.05870140255207107,4.041720579419872e-07,0.06030953675508499,0.05850750284772071,3.9738519601038423e-07,0.06004282832145691,0.05833670780772254,3.9179581140996913e-07,0.05980313569307327,0.05818423203059605,3.8678230549405835e-07,0.0595824159681797,0.058046356080070374,3.820131593234925e-07,0.05937559902667999,0.057920250627729625,3.7746830708962313e-07,0.059180788695812225,0.05780389946368006,3.734068904659751e-07,0.058998771011829376
944,1,block_output,Gaussian,1,0.10996007132861349,0.003959379953595732,0.29165542125701904,0.05263391663394277,4.8681524999693055e-06,0.057894472032785416,0.04888771645843037,2.1471190875175113e-06,0.0535942018032074,0.047190574426499626,1.8870857774666316e-06,0.05134906619787216,0.046217443628443614,1.8597604784067795e-06,0.04986972361803055,0.04558017814443225,1.8439806310172297e-06,0.0490892194211483,0.04512242789542864,1.8447482385274823e-06,0.048561133444309235,0.04477473868737145,1.86005276253347e-06,0.048164233565330505,0.04449966431610168,1.8740561019387479e-06,0.047860585153102875,0.044276262618719586,1.8820315077445995e-06,0.047619424760341644,0.04409173751870791,1.885275453141748e-06,0.047422200441360474,0.04393737739513791,1.8869162956833377e-06,0.04725642502307892,0.04380685025973925,1.888746257553499e-06,0.047114297747612,0.043695351375000815,1.890969288874329e-06,0.046990737318992615,0.04359909844776941,1.8933149054913957e-06,0.046882227063179016,0.043515068966717946,1.8955380713345848e-06,0.046786174178123474,0.04344085260989174,1.8974877259724394e-06,0.04670054465532303,0.043374591048747774,1.8990813602341143e-06,0.04662375524640083,0.04331493123419701,1.9002813515482491e-06,0.046554695814847946,0.04326094006971708,1.9010529939255427e-06,0.04649258404970169
944,2,block_output,Vertical,1,0.6059309051386894,0.8267756802042835,3.812729835510254,0.07860500519237822,0.00018686023733313612,0.11014921963214874,0.052859469006458916,2.6774843968343316e-05,0.06961706280708313,0.044024438375518435,7.878786228584343e-06,0.0531853586435318,0.04032556014874625,4.830259926228666e-06,0.04659756273031235,0.038210467036281316,3.9467697216944304e-06,0.04313710331916809,0.0367170994480451,3.5535395602571976e-06,0.04100547730922699,0.0355597266129085,3.3329615766529036e-06,0.04014749825000763,0.03462476037915737,3.183071429120612e-06,0.039422407746315,0.03385132016052329,3.064400979959981e-06,0.038786761462688446,0.03320035181703076,2.961682988555793e-06,0.038215696811676025,0.03264467731591255,2.868807433396586e-06,0.03769285976886749,0.032164477166675386,2.783221634397357e-06,0.03720683977007866,0.031744850947270316,2.7038623439569206e-06,0.03674961254000664,0.0313743550980848,2.6303246719106916e-06,0.03631579130887985,0.031044153762715205,2.5626190046543314e-06,0.035902753472328186,0.03074741502484632,2.5009524162780827e-06,0.03551029786467552,0.030478887910407686,2.4455019657369097e-06,0.03513983637094498,0.030234520840975974,2.396242155768447e-06,0.03479335457086563,0.030011167513236167,2.352825495485402e-06,0.034472279250621796
944,2,block_output,Horizontal,1,0.1744952697366003,0.02244161288299581,0.8669757843017578,0.0566837511483639,4.848997875149933e-05,0.07274855673313141,0.045229927828860664,4.520150550161604e-06,0.04931582883000374,0.04177610505194891,2.2433009083507403e-06,0.04435870796442032,0.03987734546027486,1.7311294039697075e-06,0.04207315668463707,0.03862481043925361,1.513223175531368e-06,0.040616244077682495,0.0377355097305207,1.3900014108476471e-06,0.03978763148188591,0.03707049940786664,1.3085182089109357e-06,0.03914967179298401,0.03655363471498565,1.2506063412827946e-06,0.03864283114671707,0.03613996186426708,1.2081803461941615e-06,0.03823093697428703,0.035801186566315,1.1764988115080615e-06,0.03788991644978523,0.03551866250142219,1.1522550382541718e-06,0.03760308772325516,0.035279661830928594,1.1331117461843877e-06,0.03736212104558945,0.03507516338002114,1.117463391481423e-06,0.03716064617037773,0.034898536131968576,1.1042331099823063e-06,0.036982543766498566,0.03474475727194831,1.0927179614720508e-06,0.03682336583733559,0.034609918970437276,1.082489829429985e-06,0.03667973726987839,0.03449090292292928,1.0733256656267512e-06,0.03654918819665909,0.03438518817226092,1.0651253543171436e-06,0.036430127918720245,0.034290741182981976,1.0578447431185504e-06,0.036321692168712616
944,2,block_output,Gaussian,1,0.08014713771759517,0.0024074676941918858,0.2093915343284607,0.0342453308107834,5.113310475771841e-06,0.041097238659858704,0.03047843590851814,1.7247580031908554e-06,0.0344277024269104,0.028851357539967884,1.3565314186544614e-06,0.03219591826200485,0.027907434437010024,1.296475938725926e-06,0.03116608038544655,0.02728461205131478,1.3021560754873692e-06,0.030576122924685478,0.026842947191898784,1.3219088936537775e-06,0.03018333576619625,0.026514936149829908,1.3435486058032394e-06,0.029903637245297432,0.026263016882160352,1.3620639912615455e-06,0.02969112992286682,0.026064371305798726,1.3759064905934733e-06,0.02951969765126705,0.025904399002828295,1.3854372025212124e-06,0.02937568724155426,0.025773373890727286,1.391602231614499e-06,0.0292519498616457,0.025664576994521276,1.3953213016562755e-06,0.029144249856472015,0.02557321268296431,1.3973312012574848e-06,0.029049716889858246,0.02549576253763267,1.3981781452828614e-06,0.028966225683689117,0.02542958523900736,1.3982542558418546e-06,0.028892124071717262,0.02537265754053517,1.397835671930575e-06,0.028826085850596428,0.025323403644419852,1.3971175810331712e-06,0.028767041862010956,0.025280577027135424,1.3962399617429812e-06,0.0287141352891922,0.025243179192618717,1.3953014445351964e-06,0.0286666639149189
944,3,block_output,Vertical,1,0.3673529400238915,0.24185455337175854,2.323607921600342,0.05218030671988215,0.0001688270102718949,0.09047342836856842,0.0312948754086854,1.1825646936924324e-05,0.041565850377082825,0.025391096485749123,4.264416004696099e-06,0.029864173382520676,0.02234247359373267,2.753994059921919e-06,0.026397839188575745,0.020297430603513644,2.11149668809982e-06,0.023969300091266632,0.018766289961243434,1.7288265547986117e-06,0.022166935727000237,0.017561297863721848,1.4689644237248034e-06,0.020724382251501083,0.016587524571352534,1.2837644150050789e-06,0.019524991512298584,0.01578653628923117,1.148514897492186e-06,0.018518585711717606,0.01511814146642647,1.0477603760911818e-06,0.017669677734375,0.014553234143744386,9.711146231903543e-07,0.01695030927658081,0.014070301656685179,9.11435345523352e-07,0.01633729413151741,0.013653270131538785,8.637938517385811e-07,0.01581130176782608,0.013289972962368102,8.248289161102594e-07,0.015356576070189476,0.01297101474529694,7.922888876003866e-07,0.014960632659494877,0.012689004326978373,7.646736147761659e-07,0.014613675884902477,0.012438040803230944,7.409624202232899e-07,0.014307960867881775,0.012213380135122746,7.204378418527647e-07,0.014037249609827995,0.012011186604107183,7.025761449492489e-07,0.013796480372548103
944,3,block_output,Horizontal,1,1.2010641043621397,2.8927967218249386,6.559500217437744,0.09714993917279774,0.0003726268883069849,0.14854153990745544,0.05672509743580743,4.527924982851298e-05,0.07213068008422852,0.04186450453504684,1.208088317926031e-05,0.052361950278282166,0.03514489679346009,6.219072551633797e-06,0.04314544051885605,0.03137874792492579,4.214048978076019e-06,0.037617236375808716,0.028873403571427814,3.140301666848034e-06,0.03380025178194046,0.027020018045154828,2.4758902444902708e-06,0.030967704951763153,0.02555847428147755,2.0405732140417685e-06,0.02877785637974739,0.02436067456645625,1.7435917669500426e-06,0.02740623988211155,0.023354479599566685,1.5333704591596703e-06,0.02626320719718933,0.022494240176110042,1.379292995530459e-06,0.025282226502895355,0.021748674737792167,1.2626544810005027e-06,0.024427298456430435,0.021095273750168935,1.1717343923265748e-06,0.023672612383961678,0.02051729880391605,1.0990208679753667e-06,0.022999171167612076,0.02000199007018218,1.039604215400801e-06,0.02239270694553852,0.019539418467690074,9.901981632386294e-07,0.02184235490858555,0.019121703854392446,9.485646068791311e-07,0.02133972756564617,0.018742496650370342,9.131465813016659e-07,0.020878300070762634,0.01839660702361947,8.828451129155887e-07,0.020457018166780472
944,3,block_output,Gaussian,1,0.24518269318200292,0.09586248480354617,1.6685224771499634,0.040413680028111215,4.542291839328657e-05,0.05904358625411987,0.028479563190586983,6.763290166778947e-06,0.03713371604681015,0.02355940770062189,2.963762898188812e-06,0.029651913791894913,0.020766271869578058,1.800243658705951e-06,0.025497902184724808,0.018936526887710133,1.3062931538864784e-06,0.022828858345746994,0.01761238229653192,1.0415325557281446e-06,0.020956140011548996,0.016594951410615254,8.799553651453459e-07,0.019560394808650017,0.015784272451012854,7.743120032426679e-07,0.018473269417881966,0.015122774559708814,7.022246104858162e-07,0.017599143087863922,0.014573648084132444,6.51352287592411e-07,0.01688012108206749,0.01411153105575414,6.143385509886841e-07,0.016278861090540886,0.013718063203943155,5.865777887421534e-07,0.015769679099321365,0.013379555166004196,5.650804082042518e-07,0.0153338722884655,0.013085621926519606,5.47876119941958e-07,0.014957323670387268,0.012828289205947566,5.336697719675366e-07,0.014629166573286057,0.012601373421530875,5.216214719209533e-07,0.014340942725539207,0.012400030513249692,5.111972697491006e-07,0.014086004346609116,0.012220425945189264,5.020611032918407e-07,0.013859070837497711,0.012059490299887128,4.939981169932691e-07,0.013655909337103367
944,4,block_output,Vertical,1,0.07363478898529023,0.002682855845534093,0.2268522083759308,0.022157843653408307,9.18541699135016e-06,0.029204245656728745,0.015371545129233883,2.0217112912997777e-06,0.019007999449968338,0.012037605904634036,9.642567522851567e-07,0.014327489770948887,0.010067466675998673,6.156597954455669e-07,0.011590469628572464,0.00879558130714392,4.6810687793820167e-07,0.010280653834342957,0.007925383037044889,3.9360807247159135e-07,0.009373748674988747,0.007305017443344233,3.5188478186086857e-07,0.0086984159424901,0.006848526992909019,3.270424565134613e-07,0.008186445571482182,0.006504001184588387,3.115358953257035e-07,0.007791074458509684,0.0062386115998147975,3.014426362844878e-07,0.007480305153876543,0.006030739299834721,2.9468878966990687e-07,0.007270866073668003,0.005865601881865471,2.901218691992167e-07,0.007108740508556366,0.005732772709240043,2.8702389742455783e-07,0.006979771889746189,0.005624757887470344,2.8488700701697264e-07,0.006876266561448574,0.0055361406005445925,2.833392735162867e-07,0.0067922743037343025,0.005462989536306214,2.8212982907873326e-07,0.006723534315824509,0.005402392389932795,2.8110318267853893e-07,0.006667152978479862,0.0053521146746500145,2.801679769695626e-07,0.006621093489229679,0.0053103709637763955,2.7926893970937315e-07,0.006583650596439838
944,4,block_output,Horizontal,1,0.07355007047336252,0.00229227443252513,0.20395734906196594,0.02268093918997144,9.302142741985492e-06,0.02896275371313095,0.016631447887491612,2.0281319183207134e-06,0.020130492746829987,0.013842669980866569,9.660021401629277e-07,0.0157559085637331,0.01214305627795439,5.938279646271927e-07,0.013564955443143845,0.011010661425571593,4.312919242196952e-07,0.012228107079863548,0.010218262465463744,3.503223879683096e-07,0.011366160586476326,0.009644744873401664,3.0581716348040474e-07,0.010767167434096336,0.009217753474201475,2.791381410755583e-07,0.010310081765055656,0.008891717397740908,2.6199755762305416e-07,0.009951523505151272,0.00863726973711025,2.50517257653701e-07,0.009664840996265411,0.00843513235154133,2.427004349663188e-07,0.009433118626475334,0.008272292994199291,2.3736866887687106e-07,0.009244631975889206,0.008139675549630607,2.337594581974094e-07,0.009090660139918327,0.008030746693885515,2.3136297094033612e-07,0.008964501321315765,0.007940668154448743,2.2983838615329448e-07,0.008869938552379608,0.0078657809718852,2.289560423874592e-07,0.008792770095169544,0.00780327660992505,2.285577396514059e-07,0.00872853770852089,0.007750980866452058,2.285279932153865e-07,0.008674800395965576,0.0077071901602995775,2.2877809089214512e-07,0.008629582822322845
944,4,block_output,Gaussian,1,0.1828403144720055,0.0475915863891208,1.2876113653182983,0.03446608403372386,2.769137751992448e-05,0.05273560434579849,0.024487885365646982,5.725138563865612e-06,0.03204948827624321,0.019440363146482953,2.5166954435287235e-06,0.023696882650256157,0.016231502332384625,1.4343052678577957e-06,0.018840599805116653,0.014009081137677034,9.596201619126486e-07,0.01635253056883812,0.012381729388993883,7.068399514622738e-07,0.014410622417926788,0.011142095802204004,5.514177215469048e-07,0.012873155996203423,0.010171648573189501,4.4772792517337805e-07,0.011657065711915493,0.009397505294708978,3.757999895315878e-07,0.010757027193903923,0.008771149907261133,3.2467825432814976e-07,0.010085955262184143,0.008258315557170482,2.875297512643063e-07,0.009535752236843109,0.00783401866635633,2.599899725994575e-07,0.009078890085220337,0.007479655327245829,2.392485562450531e-07,0.008695269003510475,0.007181108729647738,2.2345024427258276e-07,0.008369877934455872,0.0069274855408048815,2.1131720746027984e-07,0.008091314695775509,0.0067102681801077865,2.019206697439521e-07,0.007850874215364456,0.006522751110236323,1.9455298795223808e-07,0.007641960866749287,0.006359656437462758,1.8866551902439826e-07,0.007459594402462244,0.006216849193036083,1.8384172575518437e-07,0.007299936376512051
944,final,proj_out,Vertical,1,0.12073793203111678,0.002584168220060953,0.3042619228363037,0.07653299281521449,3.3614212593532236e-05,0.09102499485015869,0.06422852925837987,2.7536179271439292e-05,0.07948935031890869,0.05478954977459378,2.5024139913936922e-05,0.07023920863866806,0.047243173455908186,2.2891757141907945e-05,0.062486082315444946,0.04120100159493704,2.0886163056549318e-05,0.05599227920174599,0.036351342848132524,1.899099348108696e-05,0.05055151507258415,0.03243978383640448,1.7228044297673858e-05,0.04597967863082886,0.029265506163476004,1.5619330617745103e-05,0.04212244600057602,0.026671860987941425,1.417548026854537e-05,0.03885326534509659,0.024536779859945887,1.2895782654933287e-05,0.03606879711151123,0.022765008082228994,1.177177835785133e-05,0.033684782683849335,0.021282174225364412,1.0790687209806572e-05,0.03163260221481323,0.02003023022460559,9.937835104783668e-06,0.029856491833925247,0.018963880393476712,9.198256226868006e-06,0.02831122651696205,0.01804776539996503,8.557666415149694e-06,0.02696007490158081,0.017254223736623924,8.00294242874294e-06,0.025773044675588608,0.016561532112222815,7.522333923649684e-06,0.02472544275224209,0.015952539881543507,7.105425586937559e-06,0.023796740919351578,0.015413615719548293,6.742991042731068e-06,0.022969694808125496
944,final,proj_out,Horizontal,1,0.1161426298675083,0.0012146701506828852,0.26907816529273987,0.08418884920695471,1.3851795254203886e-05,0.09328615665435791,0.07326583552455145,9.351863933468434e-06,0.08032045513391495,0.06435292988779052,7.80358723111683e-06,0.07088913768529892,0.056925858888361186,7.1576786697347965e-06,0.0639764592051506,0.05074161249730322,6.917082974787608e-06,0.05813676118850708,0.04560163232778746,6.851973668500267e-06,0.0532175675034523,0.04133153505741604,6.844840934940771e-06,0.04908297210931778,0.03778094467189577,6.841976321156621e-06,0.04561410844326019,0.03482293245929574,6.822956254358995e-06,0.04270688444375992,0.03235197117522595,6.783297200719698e-06,0.04027078300714493,0.030281099978656995,6.725275278709933e-06,0.03822760656476021,0.028538943904023322,6.653196129634255e-06,0.03650999814271927,0.027066985204342812,6.570950398605435e-06,0.03505980968475342,0.025817247965033093,6.480990042061717e-06,0.033827073872089386,0.024750409588690788,6.384384591519824e-06,0.03276976943016052,0.0238342812610051,6.281604776831727e-06,0.03185393661260605,0.023042573046589656,6.173429908071983e-06,0.031053347513079643,0.022353855567792104,6.0613342637983525e-06,0.030348245054483414,0.021750688611988037,5.9472712274949075e-06,0.029723575338721275
944,final,proj_out,Gaussian,1,0.06660465978913838,0.0003874975849385421,0.1384035050868988,0.04154558355609576,1.464522864863097e-05,0.04906344413757324,0.03315418624570445,7.582216551870724e-06,0.03894345834851265,0.027748429497319555,5.134256928427959e-06,0.03221309185028076,0.023965058611735465,3.975204439895049e-06,0.027498997747898102,0.021189066507513562,3.3372564054053476e-06,0.024814190343022346,0.019081113978274285,2.9389471415249764e-06,0.023278318345546722,0.01744307077948063,2.6643164425864786e-06,0.02199416235089302,0.016149498832722504,2.4571575372291774e-06,0.020901203155517578,0.015115039437891,2.290283391365918e-06,0.019963480532169342,0.01427856817959793,2.151239697484865e-06,0.019154369831085205,0.013594974601079547,2.0336689371814505e-06,0.018452422693371773,0.013030414972158651,1.9334290282854842e-06,0.017840366810560226,0.012559250071053468,1.8473346190223784e-06,0.01730416528880596,0.012161921236723189,1.7727746463358036e-06,0.01683216169476509,0.01182343176610413,1.707591153584841e-06,0.016414564102888107,0.011532231027053462,1.6500356578937612e-06,0.016043122857809067,0.011279381589875334,1.5987424062838767e-06,0.01571093499660492,0.011057933541162619,1.5526873843409618e-06,0.015412294305860996,0.01086245057365251,1.5111194393067993e-06,0.015142559073865414
922,initial,patch_embed,Vertical,1,0.30199057183095385,0.21184449032579858,2.21975040435791,0.08917250637970274,2.811456428601687e-07,0.09123032540082932,0.08878813352849749,5.8222980635638615e-08,0.08930324018001556,0.0887139244448571,6.423587840378083e-08,0.08934405446052551,0.08869007135194446,6.979156071139171e-08,0.08934162557125092,0.08868312469077488,6.922404845441687e-08,0.08932040631771088,0.08868575746577884,6.791636746379791e-08,0.08929517865180969,0.08869477467877525,6.753185415436024e-08,0.0892871543765068,0.08870699031958504,6.776325556170416e-08,0.08929329365491867,0.0887191475383819,6.797867001165035e-08,0.08929944038391113,0.08872978318305243,6.801556726776387e-08,0.08929729461669922,0.08873810796510606,6.752340062875081e-08,0.08927922695875168,0.08874405092663235,6.631884501370378e-08,0.08924680203199387,0.08874854279889001,6.492133811748978e-08,0.08924096077680588,0.08875303112325214,6.397046611274439e-08,0.08927559107542038,0.08875861645690979,6.363937350676563e-08,0.0892941951751709,0.08876559741440274,6.374924263934193e-08,0.08929989486932755,0.08877386732233895,6.415216232036062e-08,0.0892966017127037,0.08878348838715326,6.493056777733015e-08,0.08929815888404846,0.08879447823006009,6.625501759659722e-08,0.0893397331237793
922,initial,patch_embed,Horizontal,1,0.35733350378180306,0.3252066841105249,2.689382553100586,0.08935565536930448,4.07808813969265e-07,0.09155739098787308,0.08897521003844246,7.997379423291875e-09,0.0892622321844101,0.0889254239579988,8.071377580939479e-09,0.08920536935329437,0.08889418982324146,7.442905212534292e-09,0.08914341032505035,0.08887211339814323,6.081545097949325e-09,0.0891067236661911,0.08885814710741952,5.329321422310535e-09,0.08905380964279175,0.08885281923271361,5.1342589648164456e-09,0.08901865780353546,0.08885321316737978,5.145053162243938e-09,0.08901651203632355,0.08885649579858022,5.21723772736352e-09,0.08903351426124573,0.08886205889875927,5.4205919174055146e-09,0.0890461727976799,0.08886955039841789,5.84889567793825e-09,0.08907056599855423,0.08887793750516952,6.5099252288749505e-09,0.08909369260072708,0.08888621167058036,7.323728604924312e-09,0.08910906314849854,0.08889380676878823,8.174650630915129e-09,0.08911293745040894,0.08890074030274436,8.985500237040784e-09,0.08910654485225677,0.08890752943735274,9.752506626854984e-09,0.08914820104837418,0.08891480794501683,1.0521485150275908e-08,0.08919084072113037,0.08892293215271026,1.1369974188439119e-08,0.08923273533582687,0.08893188633142955,1.2396750540044366e-08,0.08927479386329651
922,initial,patch_embed,Gaussian,1,0.21442107454178824,0.11296539198956515,1.7283190488815308,0.06719531911233115,4.733005897412871e-08,0.06776939332485199,0.06713363327204235,3.326374833287367e-08,0.06763829290866852,0.06714670478351532,3.466514715349533e-08,0.06770716607570648,0.06713276912295629,3.183707696234717e-08,0.06760281324386597,0.06711636814806196,3.089287428124331e-08,0.06761560589075089,0.0671146230565177,3.186771762779507e-08,0.06761087477207184,0.0671225760191206,3.306531296059932e-08,0.06761548668146133,0.06713490566563984,3.407986391480735e-08,0.0676746517419815,0.06714901907576455,3.53832897715981e-08,0.0677337571978569,0.06716366147711164,3.708424353212785e-08,0.06779046356678009,0.0671788418576831,3.887688970195684e-08,0.06784205138683319,0.0671949948346804,4.059627940658794e-08,0.06788989156484604,0.06721181327861453,4.210583262035236e-08,0.06793330609798431,0.06722815311144269,4.32683604482812e-08,0.06796659529209137,0.06724273720904002,4.404151224953361e-08,0.0679834708571434,0.06725473276206426,4.451883350450535e-08,0.06798173487186432,0.0672639368308915,4.485067739149569e-08,0.06796406209468842,0.06727064696569292,4.511497172763914e-08,0.06793507933616638,0.06727539546906001,4.5276492081462354e-08,0.06789856404066086
922,0,block_output,Vertical,1,0.1408940190597186,0.0055891793073233505,0.3906606137752533,0.07883298408890528,7.226980556660053e-06,0.0860600471496582,0.07485578859609271,1.9076260744174497e-06,0.07751527428627014,0.07377947299253373,1.5702534661198433e-06,0.07626387476921082,0.07328181217114131,1.5068438012628732e-06,0.07588715851306915,0.07295862218690297,1.484473745007294e-06,0.07566667348146439,0.07271932514887007,1.4774045852376855e-06,0.07546750456094742,0.07253334978743205,1.477075833377903e-06,0.0752951055765152,0.07238254601520205,1.4818726036055868e-06,0.07514002919197083,0.07225615022674439,1.4899218146111288e-06,0.07501070201396942,0.0721491693504273,1.4982545317249887e-06,0.07491381466388702,0.07205878505631098,1.5054846254638645e-06,0.07483936846256256,0.0719817979704766,1.5123876206248758e-06,0.07477863132953644,0.07191533370623512,1.519200066409094e-06,0.07472755014896393,0.07185727085859056,1.5256109777341215e-06,0.07468356937170029,0.07180612983684691,1.5311907714550826e-06,0.07464498281478882,0.07176082924244896,1.5359584771849181e-06,0.07461097836494446,0.07172046589945989,1.5403443960822363e-06,0.074581079185009,0.07168425666907477,1.5447166799970188e-06,0.07455481588840485,0.07165152745114432,1.5492524902474668e-06,0.07453179359436035
922,0,block_output,Horizontal,1,0.1422352317779783,0.00553833509821593,0.46605613827705383,0.07949277876861512,3.5772577551612516e-06,0.08459431678056717,0.07661020838552052,3.6104955178690073e-07,0.07865582406520844,0.0757434984284734,1.7914881846106787e-07,0.07723559439182281,0.0752721137943722,1.2261841823333323e-07,0.07648039609193802,0.07496114678326107,9.619668695452514e-08,0.0760163888335228,0.07473523193408572,8.260721197378198e-08,0.07571731507778168,0.07456051984003612,7.510192972226951e-08,0.07552778720855713,0.07442014948243186,7.021276472650872e-08,0.07538144290447235,0.07430400533808602,6.683163220442627e-08,0.07523848861455917,0.07420552817602007,6.425358226880582e-08,0.07509416341781616,0.07412077640257185,6.182039691651936e-08,0.07495744526386261,0.07404800551751303,5.9337105664372033e-08,0.07484057545661926,0.07398588565133866,5.707199722842996e-08,0.0747656524181366,0.07393258632648558,5.520733625757499e-08,0.07473170012235641,0.07388634258319461,5.374453636974908e-08,0.07470054924488068,0.07384572793093938,5.262423572661604e-08,0.07467195391654968,0.07380966534690252,5.1783534664226455e-08,0.07464492321014404,0.07377739061438848,5.1167538387899185e-08,0.07461868226528168,0.07374836563590974,5.0727978282360004e-08,0.07459333539009094
922,0,block_output,Gaussian,1,0.155867372240339,0.024226402598797395,0.834652841091156,0.0631445674077859,5.003664468860767e-06,0.07110585272312164,0.05999157725582047,1.4202893512598936e-06,0.06275198608636856,0.058796429385741554,1.1435389691433122e-06,0.06126207113265991,0.0580971170039404,1.1086647320454014e-06,0.06041783094406128,0.05763522582867789,1.1327426691215523e-06,0.05990201234817505,0.057309002630294315,1.1742277183817858e-06,0.059545472264289856,0.05706473830200377,1.2183885389105894e-06,0.059283170849084854,0.056873364699265315,1.2596349444451123e-06,0.059086959809064865,0.05671811754268313,1.2963543148246572e-06,0.0589379221200943,0.05658891655149914,1.3281157088938894e-06,0.05881981551647186,0.05647938586180172,1.3550576279375965e-06,0.0587201863527298,0.056385206383845164,1.3777397324250027e-06,0.05863255262374878,0.056303287900629495,1.3967222228445237e-06,0.05855369567871094,0.05623131866256396,1.4123954109993762e-06,0.058481134474277496,0.05616750491280404,1.4251223226743306e-06,0.05841315910220146,0.056110457768515934,1.4354434877348019e-06,0.058349549770355225,0.05605919339827129,1.444115052338321e-06,0.058291636407375336,0.0560130789757721,1.4518377969045968e-06,0.05824095010757446,0.05597164546923032,1.458989157636586e-06,0.058197926729917526
922,1,block_output,Vertical,1,0.7076237570671808,1.0181879548148594,4.405647277832031,0.10048472077127486,0.0001502537574729796,0.12887634336948395,0.07560636942821836,2.4931958835136132e-05,0.08592182397842407,0.06556252520235759,8.447702678211154e-06,0.07082252204418182,0.060885964286705806,4.733915941332472e-06,0.06539038568735123,0.05837676266119594,3.6345581995395303e-06,0.06273490190505981,0.056794418879444634,3.2067088530005044e-06,0.06103639304637909,0.055678863728803304,3.0278862230301874e-06,0.05980626121163368,0.054839858637442666,2.9609180714774927e-06,0.058853693306446075,0.05418188467858329,2.946241899450042e-06,0.05808868631720543,0.05364932994993906,2.9560760883232693e-06,0.05765371024608612,0.05320728055778004,2.976881327240866e-06,0.05734296143054962,0.05283276825433686,3.001603985046425e-06,0.05709677189588547,0.052510035061647024,3.0264573478235923e-06,0.056899238377809525,0.05222785094427684,3.0496704105008178e-06,0.0567396841943264,0.05197797437745427,3.0708725803554783e-06,0.056609779596328735,0.05175427761342791,3.0904525649684794e-06,0.056501999497413635,0.05155221621195475,3.1088672379370095e-06,0.05640937387943268,0.05136844965200576,3.126141135780942e-06,0.05632612109184265,0.05120048553697647,3.14187235080763e-06,0.05624835193157196
922,1,block_output,Horizontal,1,0.5106010661711768,0.49736689969533904,3.1639952659606934,0.09911920898963535,0.00010007094977799403,0.12085133790969849,0.07828228081029559,1.5522495098684877e-05,0.0857149064540863,0.06943846304738333,3.974712461605593e-06,0.07373113930225372,0.06534633146865028,1.555737105246603e-06,0.06829042732715607,0.06322227069546306,9.296124911415655e-07,0.0655868649482727,0.0619179005660708,7.150770527386428e-07,0.06398916989564896,0.061005680866184686,6.231221564980552e-07,0.06291857361793518,0.060318517661283884,5.777357714423615e-07,0.062125373631715775,0.05977759918286687,5.535738922375366e-07,0.06150855869054794,0.059338282143312784,5.403973728504031e-07,0.06107625365257263,0.05897246679616353,5.334836669894844e-07,0.06071078032255173,0.058661469627940464,5.303442437758799e-07,0.06039441376924515,0.05839246759812037,5.294239455413654e-07,0.060114677995443344,0.05815650516795733,5.296326223942758e-07,0.059862617403268814,0.05794725821368278,5.302617051481249e-07,0.059632208198308945,0.05776013765070173,5.309617352028973e-07,0.05941985547542572,0.057591674110246086,5.316141097340674e-07,0.05922352895140648,0.05743913251965765,5.322071513109239e-07,0.059042081236839294,0.05730029993823597,5.32765812223715e-07,0.058874696493148804
922,1,block_output,Gaussian,1,0.4097696305030868,0.39559420478006646,2.955221176147461,0.06599415998373713,3.530086449431772e-05,0.0778467059135437,0.055517410297715473,7.736880399944625e-06,0.061376236379146576,0.05127178605586764,4.203432808049433e-06,0.05532404035329819,0.04895901011805686,3.2480049257937567e-06,0.05238275229930878,0.04751722414105657,2.931338437892549e-06,0.050617754459381104,0.046537821787217305,2.814936636273684e-06,0.049816835671663284,0.04582834823264016,2.770492872858653e-06,0.04923027753829956,0.04528634871045748,2.75334778792364e-06,0.048773132264614105,0.04485395592119959,2.746367382091848e-06,0.0483979731798172,0.044497312652686284,2.7430108678769205e-06,0.0480780303478241,0.04419576642768724,2.7410450183090422e-06,0.047797851264476776,0.043936058228451105,2.739783528657376e-06,0.047547921538352966,0.04370923624152229,2.7389408295221127e-06,0.047321829944849014,0.04350897551528991,2.7382790680211843e-06,0.04711491987109184,0.04333062706485627,2.737613742126929e-06,0.04692371189594269,0.04317063087272265,2.7368820050640952e-06,0.04674564301967621,0.04302618356924209,2.736082031803034e-06,0.04657875373959541,0.04289503519733747,2.735223641770629e-06,0.04642145335674286,0.042775356698603856,2.734307988993232e-06,0.046272289007902145
922,2,block_output,Vertical,1,0.09368007730633493,0.0031588931453257465,0.28326866030693054,0.037815104519564005,9.698562397375604e-06,0.044566284865140915,0.03222111219333278,3.700630610123105e-06,0.03743502497673035,0.02979418664934143,2.904988198672827e-06,0.03484427183866501,0.02844849107639184,2.660440948230005e-06,0.03341339901089668,0.0275770127181969,2.5646791260872474e-06,0.032534267753362656,0.026961503136489127,2.519322371847508e-06,0.031927019357681274,0.026505247527171694,2.4909540093327453e-06,0.03145584836602211,0.026154938523495007,2.471940770069422e-06,0.031073128804564476,0.025877813971231855,2.457481910964267e-06,0.030753346160054207,0.025653431310303627,2.4451550989925565e-06,0.03048253245651722,0.025468347091523427,2.4341969355061864e-06,0.030253417789936066,0.025313449195689626,2.4246842968780547e-06,0.030061230063438416,0.025182464559163367,2.416838178945183e-06,0.029901012778282166,0.025070933359009877,2.410682835593586e-06,0.029767364263534546,0.024975515842910797,2.4060464510655345e-06,0.029655251652002335,0.02489357435750583,2.4026724396985e-06,0.029560502618551254,0.024822952166672737,2.4003091764240518e-06,0.029479820281267166,0.024761844219432935,2.3987543741910094e-06,0.02941063605248928,0.024708719303210575,2.397865713597362e-06,0.029350915923714638
922,2,block_output,Horizontal,1,0.154910270538595,0.013863352298944625,0.7755738496780396,0.0528839234676626,3.75230144555656e-05,0.06692472100257874,0.04256979080419692,3.6622968762110295e-06,0.04767487943172455,0.03938058763742447,2.0568499245089183e-06,0.04291629046201706,0.03769174951409537,1.7553332149808355e-06,0.040609415620565414,0.03658597798101486,1.6531658670555123e-06,0.039218246936798096,0.03579221677685541,1.6093226202667661e-06,0.03825816512107849,0.03519049340060779,1.5863532753741285e-06,0.03754968196153641,0.034716908420835225,1.570776810816788e-06,0.037031009793281555,0.03433400398445508,1.5574721439241767e-06,0.03663427382707596,0.03401823782376827,1.5445089378499378e-06,0.036295086145401,0.033754008156912665,1.5314098062005849e-06,0.03600054979324341,0.03353049446429525,1.5185246722404484e-06,0.035744115710258484,0.033339786151098824,1.5064686423296924e-06,0.0355219841003418,0.03317582548137695,1.4955987131237585e-06,0.035329971462488174,0.033033867381394855,1.4859060453163946e-06,0.03516313433647156,0.0329101440748052,1.4771899861589046e-06,0.03501658886671066,0.03280160886545976,1.4692232545870797e-06,0.03488578274846077,0.03270574537889352,1.4617798968449836e-06,0.034766584634780884,0.03262044521906073,1.4546652975374083e-06,0.03466140851378441
922,2,block_output,Gaussian,1,0.3881908141904407,0.28253173573597895,2.570085048675537,0.05656804428214118,7.084675114823922e-05,0.07877348363399506,0.042234020751147044,6.8417856440838625e-06,0.04878690838813782,0.0371245884351314,3.5691044234062306e-06,0.041708558797836304,0.034155338825214474,2.7166963030511705e-06,0.03785877674818039,0.03219372986091508,2.3798587816741965e-06,0.035811930894851685,0.030797971619500056,2.212265103662142e-06,0.034344740211963654,0.02974869112765032,2.1089438626583258e-06,0.033266469836235046,0.02892731481956111,2.036391619248519e-06,0.03244718536734581,0.028264694625423067,1.981753960830099e-06,0.031805239617824554,0.0277176152264315,1.9387509665444336e-06,0.031287577003240585,0.02725766726311237,1.9037315734402244e-06,0.03085915744304657,0.02686539806780361,1.8743845603111767e-06,0.03049660287797451,0.02652697874203561,1.8492060474637014e-06,0.030183997005224228,0.026232215797617323,1.8272157224110921e-06,0.029910143464803696,0.025973348804409543,1.8077826495120328e-06,0.02966693602502346,0.025744325584835477,1.7904991912217045e-06,0.02944841794669628,0.025540354587729016,1.775091701397274e-06,0.02925022691488266,0.025357596221424285,1.7613678526756983e-06,0.029069194570183754,0.025192944273825676,1.7491756711004218e-06,0.028902988880872726
922,3,block_output,Vertical,1,0.14601169786756002,0.016115306995397705,0.5961114168167114,0.03076050454188907,2.6312594721428244e-05,0.04403121769428253,0.02144797991902109,3.7098088224111422e-06,0.025900525972247124,0.01774474186083627,1.8323905692408585e-06,0.020489750429987907,0.015573567237764124,1.3209538609060233e-06,0.017904257401823997,0.014118258087407975,1.0944599368197617e-06,0.016070986166596413,0.013077605456586868,9.761270595188522e-07,0.01506198849529028,0.012299883297629773,9.067923313961692e-07,0.01431773230433464,0.011698057224589681,8.614918406244734e-07,0.013730231672525406,0.011219730822458154,8.29459573333143e-07,0.01325141079723835,0.01083190826373914,8.059080417105169e-07,0.012853368185460567,0.010512420168471715,7.883638390880743e-07,0.012517743743956089,0.010245632661122179,7.753234860153385e-07,0.012277991510927677,0.01002013080176853,7.657542004119546e-07,0.012091908603906631,0.009827360333431335,7.588580870852431e-07,0.011932972818613052,0.009660824719402526,7.539480956545828e-07,0.01179502159357071,0.00951560784781736,7.504089184820983e-07,0.011673040688037872,0.00938803084667713,7.477264702088046e-07,0.011563433334231377,0.00927534888661097,7.455324461046166e-07,0.01146398764103651,0.009175475805051743,7.436137727425219e-07,0.011373503133654594
922,3,block_output,Horizontal,1,0.6471064907927362,0.8531992061010053,3.916872024536133,0.08084256586337847,0.0003092609611369604,0.11881501227617264,0.04659289109801489,3.156988320084383e-05,0.0604419931769371,0.03531621674460078,8.564900999081472e-06,0.043106816709041595,0.030063274626930554,4.313385499745059e-06,0.03529413044452667,0.026900927462275067,2.813734887002191e-06,0.030770378187298775,0.02471380660103427,2.0925403971338547e-06,0.027761783450841904,0.02308019357068198,1.6905023364865984e-06,0.025913657620549202,0.02180071399798469,1.4446930384153903e-06,0.024499285966157913,0.02076459312368007,1.2836909063344672e-06,0.023367200046777725,0.01990371315725266,1.172637784711112e-06,0.02243715152144432,0.019173749027744172,1.0931954953575716e-06,0.021657055243849754,0.018544707802079972,1.0349502678495776e-06,0.020991595461964607,0.01799560326432425,9.914951682576937e-07,0.020415978506207466,0.017511303373982035,9.585832899404252e-07,0.019912291318178177,0.017080597224689666,9.332412983522071e-07,0.01946721225976944,0.016694972424634864,9.133052202176584e-07,0.019070591777563095,0.016347822023644334,8.971854521798183e-07,0.018714478239417076,0.01603390829312423,8.83734662876134e-07,0.018392570316791534,0.015748991749234616,8.721534339130787e-07,0.01809985563158989
922,3,block_output,Gaussian,1,0.8632297093669573,1.4867750258601775,5.396826267242432,0.0746546716444076,0.00027315505658847904,0.11297078430652618,0.04478476716885491,1.856777615849021e-05,0.05867929756641388,0.03527907418116691,6.8902830938317155e-06,0.04491493105888367,0.029882045758385507,3.805370510320332e-06,0.037219442427158356,0.026302261130204275,2.495578077659804e-06,0.03196380287408829,0.02376940716353674,1.8507891651054678e-06,0.028157997876405716,0.02188270077818916,1.5011013323117762e-06,0.02532515674829483,0.020415041595697403,1.2910013873683302e-06,0.023158825933933258,0.019233308850772797,1.1500805023132718e-06,0.021453801542520523,0.01825622921543462,1.0460321778363393e-06,0.02007388323545456,0.017431789491739538,9.637344288000831e-07,0.019089974462985992,0.01672511969116472,8.958160142335411e-07,0.018379518762230873,0.016111804364574333,8.384508416859422e-07,0.017759276553988457,0.015574074498126431,7.894358699803736e-07,0.017211955040693283,0.01509857749832528,7.47331545517353e-07,0.01672428287565708,0.014675009079159253,7.110624184176082e-07,0.016285723075270653,0.014295243406816134,6.79749245894897e-07,0.01588771492242813,0.013952773744388232,6.526285156485536e-07,0.015523293986916542,0.01364233513318357,6.290435017607281e-07,0.015186973847448826
922,4,block_output,Vertical,1,0.33840429150159396,0.2007748359191192,2.3591065406799316,0.048262983383167354,9.45697560621754e-05,0.06624089926481247,0.03066844493150711,1.610460821074855e-05,0.042539406567811966,0.02372519935052546,8.015010293707859e-06,0.03437536582350731,0.019614396794211297,5.025447892674078e-06,0.028941035270690918,0.016818589190878565,3.4891995548114074e-06,0.02498560957610607,0.014782013253323616,2.5851524065218013e-06,0.021958371624350548,0.013233809717117793,2.008953632786528e-06,0.019579216837882996,0.012019756250083447,1.6202027688543306e-06,0.017677241936326027,0.011044167144785799,1.3459048542276447e-06,0.01613635942339897,0.010244411963319022,1.1452250730190896e-06,0.014873381704092026,0.00957792570134477,9.94045366860804e-07,0.01382683776319027,0.009014890603129827,8.774219987389417e-07,0.012950402684509754,0.008533854547533252,7.856657542940071e-07,0.012208682484924793,0.008118996019696905,7.122439283800466e-07,0.01157461479306221,0.0077583773933824094,6.52615985434452e-07,0.011027492582798004,0.007442808466120845,6.035614275577577e-07,0.01055154949426651,0.007165088022630366,5.627480156542347e-07,0.010134650394320488,0.006919479921519283,5.284654351830517e-07,0.009767436422407627,0.006701353323897199,4.994276598174875e-07,0.009442497044801712
922,4,block_output,Horizontal,1,0.19815385708260158,0.03440668328255427,0.9828881025314331,0.041154097499591966,6.39665042752616e-05,0.05958879739046097,0.026713220461729973,7.055053244593885e-06,0.032389745116233826,0.02101667367276691,2.735149954014524e-06,0.024454642087221146,0.01775237773027685,1.521442485074425e-06,0.019913217052817345,0.015578067403227563,1.0102567333555026e-06,0.017417922616004944,0.014010736600510658,7.464413333492527e-07,0.015531903132796288,0.012831217121510278,5.963183165064183e-07,0.014082617126405239,0.011916361276119475,5.051990979370308e-07,0.013014232739806175,0.011189509478826371,4.467079423275896e-07,0.012239036150276661,0.010600659833659255,4.069971097678673e-07,0.011633799411356449,0.010115939813355604,3.7834013798450185e-07,0.011137407273054123,0.00971162694668959,3.5630469958332203e-07,0.01072454359382391,0.009370641731139686,3.3841510547716125e-07,0.01037687435746193,0.00908040168089053,3.2337845974989145e-07,0.010081046260893345,0.008831441927228182,3.105369592803563e-07,0.009827330708503723,0.008616486423841071,2.9951113873138247e-07,0.00960843451321125,0.008429840155359771,2.900276934767482e-07,0.009418675675988197,0.008266968090855887,2.81862742238163e-07,0.009253500029444695,0.008124211455680548,2.748290873739943e-07,0.00910918228328228
922,4,block_output,Gaussian,1,0.06406209857336112,0.0016906375051896718,0.19452828168869019,0.021745553402791894,1.0401339587958156e-05,0.03152996301651001,0.01503753023488181,2.6146423237525107e-06,0.019362132996320724,0.011703890511795642,1.0892708468627945e-06,0.014013385400176048,0.009722232227287596,5.825525906553045e-07,0.011369306594133377,0.008444788518346964,3.7512000598423016e-07,0.009872615337371826,0.007574168832174369,2.7720016008134356e-07,0.008827846497297287,0.00695507497423225,2.2636746688191263e-07,0.00806926004588604,0.00649959027826313,1.9806478012698566e-07,0.007503783330321312,0.006154937854421044,1.8141216367744239e-07,0.007073189597576857,0.005888118992544829,1.712189445764091e-07,0.006753505673259497,0.005677750201097557,1.6482994571725163e-07,0.006538458168506622,0.005509497324329993,1.6079095166006107e-07,0.006367623805999756,0.005373439108509393,1.5826252138111012e-07,0.0062306346371769905,0.005262490716718492,1.567416946928868e-07,0.006120102480053902,0.0051714339707460664,1.559178604015256e-07,0.00603064987808466,0.005096309537452365,1.5558856432627048e-07,0.0059582386165857315,0.005034047289795819,1.5561110365126503e-07,0.0058997152373194695,0.004982243957264083,1.5587840932040428e-07,0.0058525362983345985,0.004939018371736719,1.5631188839069034e-07,0.005814641248434782
922,final,proj_out,Vertical,1,0.13252896661796268,0.005799197855699145,0.3996809422969818,0.07576731154842982,3.32861761133447e-05,0.0901886522769928,0.06527499428817204,2.7941807879293844e-05,0.07870008796453476,0.0569456024538903,2.5783809693413727e-05,0.07012640684843063,0.050061538342445616,2.4128823018360274e-05,0.06311799585819244,0.044375238023580066,2.257354793131422e-05,0.057220034301280975,0.03968613257720357,2.1060744337443845e-05,0.05223844200372696,0.03581739837924639,1.9598487733644448e-05,0.048025667667388916,0.03261821974246275,1.8207532484585485e-05,0.04445580393075943,0.029963301287757024,1.6906656439305874e-05,0.04142055660486221,0.027750045918519536,1.5708093999214777e-05,0.03882753849029541,0.02589518429031448,1.461699432551087e-05,0.036599237471818924,0.024331524968147278,1.3632568166908447e-05,0.03467178717255592,0.023005015911563995,1.2749819687359769e-05,0.03299348056316376,0.02187222232007318,1.1961288829066634e-05,0.031522929668426514,0.02089822768337197,1.125840024238825e-05,0.03022712655365467,0.02005494629875535,1.0632373520926502e-05,0.029079614207148552,0.01931976524019052,1.0074703298506229e-05,0.028058938682079315,0.018674453395226644,9.577465143852454e-06,0.027147460728883743,0.018104283198241203,9.13343641646754e-06,0.026330502703785896
922,final,proj_out,Horizontal,1,0.1250738871712533,0.003281992478434733,0.3217313885688782,0.08427273931484373,1.1627280209826258e-05,0.09241487085819244,0.0749709124839495,7.299985397864703e-06,0.08083604276180267,0.06739581394053641,6.096643790444831e-06,0.07211217284202576,0.060989076951666485,5.812031294658245e-06,0.06644546985626221,0.05554659469496636,5.929864133996856e-06,0.06160289794206619,0.05091516241904289,6.215681417777564e-06,0.05749852955341339,0.04696473497010413,6.539239946719941e-06,0.05398949608206749,0.04358683479210687,6.835115112493837e-06,0.05095182731747627,0.0406915864774159,7.0761820307616295e-06,0.04831670969724655,0.03820424455971945,7.255311861083294e-06,0.04602706432342529,0.03606225751222126,7.374964370199167e-06,0.044034142047166824,0.034213005165968625,7.44183627993755e-06,0.0422959066927433,0.03261205317482116,7.464128016251187e-06,0.04077615216374397,0.03122179748283492,7.450169476343031e-06,0.03944376856088638,0.030010391174564287,7.407727691973901e-06,0.03827207535505295,0.028950869386631346,7.343682436609928e-06,0.03723821043968201,0.028020421930012248,7.263908772252727e-06,0.036322563886642456,0.027199778173651015,7.173230390359484e-06,0.03550822660326958,0.026472681867224828,7.075453027046102e-06,0.0347805917263031
922,final,proj_out,Gaussian,1,0.08426354659928216,0.0017193019216244624,0.24087315797805786,0.04639015695641911,1.4570882236097516e-05,0.05504820868372917,0.038377056400927284,8.22588084966466e-06,0.04482008144259453,0.03302960219009528,5.922194598949981e-06,0.0380597747862339,0.0291204277485136,4.74429031536581e-06,0.03317999467253685,0.02615308140714963,4.065113045605029e-06,0.029925217851996422,0.023831283998867824,3.624622546378176e-06,0.027290353551506996,0.021969236551769196,3.3096734989724684e-06,0.025496453046798706,0.020448441691105327,3.06986160071354e-06,0.02434874325990677,0.019190170905656286,2.8803331692886186e-06,0.023357823491096497,0.018139344240937914,2.7270925200412667e-06,0.022494688630104065,0.017255490675332056,2.6011907598951235e-06,0.021737191826105118,0.016507666173671918,2.4963343143404e-06,0.021067829802632332,0.015871506820004138,2.407773293292451e-06,0.020472504198551178,0.015327454751564397,2.3317566716042533e-06,0.019939880818128586,0.014859632263699222,2.2652891107459017e-06,0.019461054354906082,0.014455074311367102,2.2060642925080643e-06,0.01902923546731472,0.014103177654009962,2.1524457162928453e-06,0.018639273941516876,0.013795271264536986,2.1034027189390203e-06,0.01828708127140999,0.013524266240733957,2.058356194738541e-06,0.01796909049153328
899,initial,patch_embed,Vertical,1,0.24714089137694192,0.12822077099267734,1.9488029479980469,0.08931938180374721,2.08408852346594e-07,0.09054727107286453,0.08887003988973678,1.2849344240858238e-07,0.08956587314605713,0.08868181610864306,1.1308879382941604e-07,0.08926329016685486,0.08861408429959464,1.0623071519423801e-07,0.08919291198253632,0.08860760371363352,1.0675087158326657e-07,0.08923735469579697,0.08861983484692043,1.1093702840681733e-07,0.08929212391376495,0.08863484469198045,1.1644726622795189e-07,0.08934096992015839,0.08865140922485835,1.2242064980646373e-07,0.0894201397895813,0.08866846644216114,1.2917323173201213e-07,0.08951796591281891,0.08868453249571816,1.3652488947792178e-07,0.0896051824092865,0.08869924904808166,1.438342864368728e-07,0.08968281745910645,0.08871302954734318,1.5030461176069e-07,0.08974770456552505,0.08872616835056789,1.5482453053152196e-07,0.08979319036006927,0.0887384262113344,1.5679480681971413e-07,0.08981683105230331,0.08874948038941338,1.5666458620235608e-07,0.08982278406620026,0.08875915893013515,1.5533530109837315e-07,0.0898175984621048,0.08876740861506689,1.535505714002271e-07,0.0898071825504303,0.08877439134650761,1.516986529199264e-07,0.08979608118534088,0.08878072410348863,1.500472119962159e-07,0.08978752791881561
899,initial,patch_embed,Horizontal,1,0.39897822671466404,0.4294984680454267,3.042916774749756,0.0892164624399609,5.101403576871712e-07,0.09187672287225723,0.08885888637058319,5.672095493831927e-09,0.08908253908157349,0.0888524278998375,6.580561635287958e-09,0.08906573057174683,0.0888556247902295,6.845303298274247e-09,0.08911597728729248,0.08885739353441056,6.281184588073871e-09,0.08909638226032257,0.08885569113587576,5.986569265873683e-09,0.08904767036437988,0.08885340475373799,6.077130180230382e-09,0.08904451876878738,0.08885456396946831,6.703313385207734e-09,0.08906249701976776,0.08885935043531751,7.782535401823788e-09,0.08909952640533447,0.08886628077616768,9.096898968913604e-09,0.08913511037826538,0.0888744020272815,1.05107613879258e-08,0.0891687422990799,0.08888325485445205,1.1967087352565321e-08,0.0891970619559288,0.0888927314016554,1.3463937803773556e-08,0.08921803534030914,0.08890292888122892,1.5031502754129892e-08,0.08923120051622391,0.08891369851808699,1.6624738766470192e-08,0.08923541009426117,0.08892456359333462,1.811259347816498e-08,0.08922918140888214,0.088935111131933,1.9384297263945587e-08,0.08925721049308777,0.08894530056960999,2.0456043369263205e-08,0.08928068727254868,0.0889553509297825,2.145048658047617e-08,0.08929828554391861
899,initial,patch_embed,Gaussian,1,0.4243341963442545,0.4994987009856199,3.17352294921875,0.06756702029988879,4.859289537460563e-07,0.06946345418691635,0.06715510442616447,8.087439893761354e-08,0.06806015968322754,0.0671356918792876,9.724023445181311e-08,0.06806488335132599,0.0670912680881364,8.840489567506596e-08,0.06781712174415588,0.06705593968194629,8.2272480164534e-08,0.06784181296825409,0.06703128748469883,8.004841641235463e-08,0.06789721548557281,0.06701896375133878,7.943634353199901e-08,0.06790442019701004,0.06701681597365274,7.837142877600263e-08,0.06789033114910126,0.06701935342853031,7.673425210965788e-08,0.06785901635885239,0.06702418057691484,7.506547323012342e-08,0.06781643629074097,0.067030406778767,7.360827989939618e-08,0.06776624917984009,0.06703800767187089,7.263179154288541e-08,0.06771519780158997,0.06704710258377923,7.217299984185821e-08,0.06766517460346222,0.06705746184738856,7.212977286623533e-08,0.06761373579502106,0.06706869058192723,7.250742234699958e-08,0.0676564872264862,0.06708058986871962,7.333990003888691e-08,0.06771214306354523,0.06709324994257518,7.456614610550198e-08,0.06776165962219238,0.06710657713905213,7.600523706320906e-08,0.06780114769935608,0.06711994986685496,7.741837002784748e-08,0.06782835721969604
899,0,block_output,Vertical,1,0.35305768629861256,0.21977077665173056,2.2512736320495605,0.09241612007220586,3.379686606463751e-05,0.10637912154197693,0.08135045792848344,8.066096327844515e-06,0.08879348635673523,0.07655215712766798,3.899950411068587e-06,0.08223510533571243,0.07439338321250583,2.870761362919401e-06,0.07918468862771988,0.0733984372918568,2.5618066107943774e-06,0.07777735590934753,0.07288902193780929,2.4468692661145116e-06,0.07708145678043365,0.07258152512330858,2.399998812348086e-06,0.07668694108724594,0.07236476408110724,2.380645417665661e-06,0.076424241065979,0.07219503973684614,2.372801847078478e-06,0.07622747123241425,0.07205396784203393,2.370587149037467e-06,0.07607240974903107,0.07193287923222497,2.3718027537594133e-06,0.07594847679138184,0.07182693682492726,2.3752043487541183e-06,0.07584816217422485,0.0717329444393279,2.3799248138052962e-06,0.07576510310173035,0.07164859913644336,2.3854143793452106e-06,0.07569433003664017,0.07157219674379106,2.391322086258726e-06,0.07563205063343048,0.07150245055792824,2.3973949123922642e-06,0.0755753144621849,0.07143837887616385,2.403478358151556e-06,0.07552190870046616,0.07137922469585661,2.4095040763609444e-06,0.07547037303447723,0.07132440426992992,2.4155142868288285e-06,0.0754200890660286
899,0,block_output,Horizontal,1,0.11438319359033827,0.0018457115855784897,0.2510967254638672,0.07738669252111799,1.8002118150413446e-06,0.08066616952419281,0.07544442987631238,2.081652622075207e-07,0.07646667957305908,0.0748290777916,1.2100301991054134e-07,0.07564598321914673,0.07449748071413191,1.0511945495109483e-07,0.07540681958198547,0.074268015249381,9.491759701359297e-08,0.07516525685787201,0.07410653219336555,8.779501136572229e-08,0.07493117451667786,0.0739879577405869,8.309228551889916e-08,0.07474153488874435,0.07389625812333728,7.939060278053653e-08,0.07467536628246307,0.07382371241138094,7.624915019382489e-08,0.07462409138679504,0.07376539364220604,7.371185427089382e-08,0.07458425313234329,0.07371733041982802,7.163101455997494e-08,0.07455196976661682,0.07367687826118773,6.990307419179324e-08,0.07452484965324402,0.0736423067393757,6.84823044880651e-08,0.07450155168771744,0.07361228858667707,6.736702311953356e-08,0.07448118925094604,0.07358567499452168,6.656028279176319e-08,0.07446329295635223,0.07356155415376027,6.605833074550178e-08,0.07444757968187332,0.0735393056557292,6.585034571569838e-08,0.0744338259100914,0.07351857258213891,6.590659068485198e-08,0.0744217187166214,0.0734991817956879,6.618912005232417e-08,0.07441098242998123
899,0,block_output,Gaussian,1,1.5200825801917486,4.5630692098429995,8.078866958618164,0.09859410898079948,0.00016922853745817527,0.1372903287410736,0.07582043962819236,1.6277044923534826e-05,0.08501596003770828,0.06749095613994295,4.59242691925587e-06,0.07247902452945709,0.06344937095566401,2.0182726368221023e-06,0.0673203095793724,0.06134650471901137,1.3730087078926981e-06,0.06430768966674805,0.0601151648258406,1.1940072622156605e-06,0.062389079481363297,0.05929583015422973,1.152916060884481e-06,0.061529092490673065,0.05869917133970866,1.1684901459758769e-06,0.06096922978758812,0.05824046581983566,1.2125670918144188e-06,0.06054026633501053,0.05787541001798615,1.2712348847610234e-06,0.06028224155306816,0.05757731329354029,1.336280962151692e-06,0.06008164957165718,0.05732860280171273,1.4026418738786913e-06,0.0599178671836853,0.05711716679590089,1.4672823117488284e-06,0.05977828800678253,0.056934451181737206,1.5285311214685663e-06,0.05965477228164673,0.056774315971230706,1.5855725280236201e-06,0.05954236537218094,0.05663229891705134,1.6381180975588594e-06,0.059438131749629974,0.056505100712889715,1.6861634054419741e-06,0.05934034287929535,0.056390236353590376,1.7298627468656453e-06,0.05924791842699051,0.05628579364172996,1.7694442916446331e-06,0.05916017293930054
899,1,block_output,Vertical,1,0.5490251349078284,0.6572516143094049,3.5634121894836426,0.09052974163066774,0.00011292266638294423,0.11752329766750336,0.06931724907859924,1.8022742183309908e-05,0.07781165838241577,0.06130218505859375,7.814552477173084e-06,0.06791170686483383,0.057651215543349586,6.0644939864893505e-06,0.06408603489398956,0.0555831225263694,5.436781797100892e-06,0.06201928108930588,0.05419880701672463,5.132999650168418e-06,0.06069320812821388,0.05317729587356249,4.9738505132416715e-06,0.05974171683192253,0.05238220527295082,4.882992979006136e-06,0.05900745838880539,0.05174243597993775,4.823721201184468e-06,0.05841231346130371,0.051214790592590966,4.7788844050097995e-06,0.057914309203624725,0.05077056705005585,4.741030416882684e-06,0.057490184903144836,0.05038971063636598,4.70768470859134e-06,0.05712663009762764,0.05005786502881655,4.678986727987938e-06,0.05681486800312996,0.049764752447132084,4.655949980942686e-06,0.05654711276292801,0.04950314937602906,4.6388372834236785e-06,0.056315213441848755,0.04926805523416353,4.626473492476124e-06,0.05611143633723259,0.04905587085892284,4.6168799955059186e-06,0.05592978000640869,0.048863741140516975,4.608403781122728e-06,0.05576631799340248,0.04868919579755692,4.600188011976401e-06,0.05561847984790802
899,1,block_output,Horizontal,1,0.444454782657207,0.37025887135295144,2.717620372772217,0.09918726353891312,8.613674529838014e-05,0.12081077694892883,0.07822802591891516,1.64222825564672e-05,0.08796966075897217,0.06904965509024877,4.442553334879314e-06,0.07376571744680405,0.06483345005720381,1.8984324265776184e-06,0.06755644828081131,0.06263637720119386,1.2282012796149894e-06,0.06487537920475006,0.06126329356006214,9.798186546001138e-07,0.06335665285587311,0.0602824232053189,8.597859535757846e-07,0.062236495316028595,0.05953069616641317,7.944873433002383e-07,0.061370816081762314,0.05893290610540481,7.587529851567011e-07,0.060695163905620575,0.05844604756150927,7.40583388860859e-07,0.060140255838632584,0.05804231887062391,7.328221875576559e-07,0.05974001809954643,0.05770269048119348,7.307786342958471e-07,0.05939994752407074,0.05741353403954279,7.315407200677111e-07,0.059109121561050415,0.057164582882135634,7.335462035113245e-07,0.05885947495698929,0.05694786991391863,7.360821744671397e-07,0.058643512427806854,0.05675716816432892,7.388716089327865e-07,0.05845462158322334,0.056587595669996174,7.418522384725326e-07,0.05828758329153061,0.0564353061573846,7.450620655536591e-07,0.058138489723205566,0.05629724814068703,7.485694384594366e-07,0.05800444632768631
899,1,block_output,Gaussian,1,0.5081943573932799,0.6490395876912938,3.3394055366516113,0.06652928752795098,5.897345046033505e-05,0.09586472809314728,0.055014065511169885,9.578259485904362e-06,0.06702560186386108,0.05055498024300924,5.40797067615922e-06,0.05842389911413193,0.048025309211677976,4.076238964731479e-06,0.05363728106021881,0.04639974780498989,3.548608856012311e-06,0.05060078948736191,0.045274613277306634,3.3317999767802244e-06,0.04856165125966072,0.0444548073860388,3.2444475279587692e-06,0.04776592552661896,0.043832740199471275,3.2105212663266005e-06,0.047216348350048065,0.04334455397393969,3.198374524808593e-06,0.04678173363208771,0.04295065916246838,3.195164244454581e-06,0.0464223250746727,0.042625445458624095,3.1955417322137394e-06,0.046116504818201065,0.042351589907729435,3.1972297268440765e-06,0.045851800590753555,0.04211691187487708,3.199372909710094e-06,0.0456206277012825,0.04191263605441366,3.201887801627356e-06,0.045418255031108856,0.041732391253823324,3.2049217023268698e-06,0.04524135962128639,0.041571552554766335,3.2084209529075867e-06,0.04508683830499649,0.0414267573801298,3.2120125192988253e-06,0.04495112597942352,0.041295484831881904,3.21528426229165e-06,0.04483041167259216,0.04117577759519456,3.218010887570677e-06,0.044721268117427826
899,2,block_output,Vertical,1,0.7944833442332253,1.0935669482047152,4.755853652954102,0.09494687060988138,0.0005949006689887268,0.1469176709651947,0.05351880973293668,5.1954302388871746e-05,0.07292238622903824,0.04163134133531934,1.2010745017228248e-05,0.05102290213108063,0.036882258537742824,6.459777722996827e-06,0.04297270253300667,0.034318059475885496,5.068286312473349e-06,0.040238477289676666,0.03262493599738393,4.507246317030184e-06,0.03856724500656128,0.03137110812323434,4.193208194969939e-06,0.03723733872175217,0.030378887548096596,3.981827695272879e-06,0.036145299673080444,0.02956094252803023,3.825299810240696e-06,0.03522578254342079,0.02886860424445735,3.7028699303890284e-06,0.03443565219640732,0.028271971802626337,3.6036051500358993e-06,0.03374617546796799,0.027751160460332082,3.521002479724424e-06,0.03313793987035751,0.027292068870294662,3.4508556170767968e-06,0.03259735554456711,0.02688419490697838,3.390287490513557e-06,0.03211451694369316,0.0265194225819811,3.337215842936269e-06,0.03168176859617233,0.0261913292583019,3.2900768210633883e-06,0.03129290044307709,0.025894752895784755,3.247643508787965e-06,0.030942561104893684,0.025625491633065163,3.2089887406385357e-06,0.030626019462943077,0.025380089139891048,3.1734417375342305e-06,0.03033902496099472
899,2,block_output,Horizontal,1,0.7687399288018545,1.1300426725399528,4.941589832305908,0.10017077210876676,0.0002882552346466104,0.14277063310146332,0.06499505451037771,3.7525741083336e-05,0.07943595200777054,0.05125581360762081,9.12870873421027e-06,0.05751428008079529,0.04516148513981274,3.852865907578778e-06,0.049256831407547,0.04206202634506755,2.709627317551486e-06,0.04527949169278145,0.040180281336818426,2.364432233615088e-06,0.04320281744003296,0.03887323763162371,2.2033907808072795e-06,0.04218372702598572,0.03788878490763997,2.101610013776635e-06,0.04135303199291229,0.03710882472140448,2.0274249385709763e-06,0.040643591433763504,0.036468975423347386,1.9697408689310213e-06,0.04002317786216736,0.03593053361253133,1.9232555486321114e-06,0.0394727885723114,0.03546850152668499,1.8848169192097726e-06,0.03897950053215027,0.035065815503162054,1.8523418966806756e-06,0.038533903658390045,0.03471033221908978,1.8243795083183644e-06,0.03812886402010918,0.03439316023436804,1.7999192619077057e-06,0.03775891289114952,0.03410764142043061,1.7782584812714243e-06,0.03741982579231262,0.03384870228668054,1.758932472966529e-06,0.03710825368762016,0.03361241705715656,1.741644302836381e-06,0.036821454763412476,0.03339569793925399,1.7261956443659464e-06,0.03655713051557541
899,2,block_output,Gaussian,1,0.09487676791965015,0.004589127152308393,0.3327481150627136,0.0334182284062817,8.40247178716767e-06,0.04248450696468353,0.028902474731679947,2.8355816579325476e-06,0.03248092532157898,0.0268690288066864,2.1735512490923837e-06,0.03006027266383171,0.025617392467600957,1.9650171872392064e-06,0.02887633442878723,0.02478375028641451,1.8913458772853102e-06,0.028111528605222702,0.024191176577929466,1.8589213648114668e-06,0.02756761945784092,0.023750255534809733,1.8354070966444065e-06,0.0271640345454216,0.023411529197815865,1.8121298231318047e-06,0.026856351643800735,0.02314557664332882,1.790218568141423e-06,0.026615869253873825,0.022933283170300817,1.7719401472664405e-06,0.026426143944263458,0.02276130558715926,1.757990232692311e-06,0.026276813820004463,0.02262002480999818,1.7483062545102445e-06,0.026159483939409256,0.02250238907124315,1.7424820330016955e-06,0.026066575199365616,0.022403208568455683,1.7398540280877714e-06,0.025991465896368027,0.02231870142240373,1.7396442779657544e-06,0.025929046794772148,0.022246108346042178,1.7411458542324348e-06,0.025875959545373917,0.022183380607101653,1.7438138515779277e-06,0.025830212980508804,0.02212895198710381,1.7472700430347288e-06,0.025790642946958542,0.022081591928052525,1.7512660610180864e-06,0.02575654722750187
899,3,block_output,Vertical,1,0.27835677020133487,0.11360919180544812,1.5933351516723633,0.041433292278458204,0.00010141855589323555,0.07270088791847229,0.026164318538374372,9.174568206186792e-06,0.03329964727163315,0.02121286103058429,4.246989929919798e-06,0.02635292336344719,0.018432552127965858,2.901718076301443e-06,0.023530488833785057,0.01653991655875293,2.2516965853993203e-06,0.021379083395004272,0.015135017681926016,1.853359091346839e-06,0.019671805202960968,0.014042191562198457,1.5830323008048964e-06,0.018299389630556107,0.013166217695152948,1.389680530108342e-06,0.017185527831315994,0.012448338969122796,1.2467036193602166e-06,0.016273029148578644,0.011849671203110899,1.1385645146679827e-06,0.01551845297217369,0.011343426263285062,1.0554625931245236e-06,0.014888455159962177,0.01091056294916641,9.908155232238579e-07,0.014357483014464378,0.010537126589389075,9.400030097829575e-07,0.01390601322054863,0.010212597703295094,8.996961044959265e-07,0.013519075699150562,0.009928836945503478,8.674487955513608e-07,0.013185002841055393,0.009679400095982211,8.414402585474354e-07,0.012894624844193459,0.009459091261738823,8.203018604535715e-07,0.012640624307096004,0.009263662340503836,8.029988018631927e-07,0.012417113408446312,0.009089605638846046,7.887445986056927e-07,0.012219331227242947
899,3,block_output,Horizontal,1,0.2638049138680337,0.11525863340748119,1.720533013343811,0.05077131778474838,0.00011956235242711522,0.07752073556184769,0.031240409742745143,9.412211512420016e-06,0.03851056098937988,0.025117519296823987,2.9497649700373634e-06,0.029476173222064972,0.022050591481346932,1.861748496635003e-06,0.025336455553770065,0.02007622756655254,1.475000224136586e-06,0.023034848272800446,0.01865284230619196,1.283038478473656e-06,0.021338272839784622,0.01756653432098646,1.1703223434277767e-06,0.020018741488456726,0.01670774817466736,1.0945859624785895e-06,0.018961336463689804,0.016011496680596517,1.037438644526213e-06,0.01822555623948574,0.015436023399825133,9.909629326788867e-07,0.017623458057641983,0.014953053497251064,9.520556080500141e-07,0.017107607796788216,0.014542630548396754,9.194064734149972e-07,0.016689997166395187,0.014190201366704607,8.921710976731339e-07,0.016347616910934448,0.013884877416467855,8.695974407837666e-07,0.01604478433728218,0.013618343509733677,8.50983607427338e-07,0.015775609761476517,0.013384129024214216,8.356804561627157e-07,0.015535554848611355,0.013177114065795664,8.230920286112435e-07,0.015320958569645882,0.012993194828076022,8.126750121305577e-07,0.015128725208342075,0.012829045868582196,8.039474081010509e-07,0.014956153929233551
899,3,block_output,Gaussian,1,0.9791799329576039,1.9809527899585477,5.793229103088379,0.08125201736887296,0.0004040814482618533,0.13951662182807922,0.0453057015344264,2.9339209009711646e-05,0.0638914704322815,0.03482935119361159,8.845419681002284e-06,0.044291697442531586,0.02965041779218212,4.856819263190772e-06,0.035951487720012665,0.02627763223080408,3.285438612224217e-06,0.031083036214113235,0.023830269123353655,2.4612731622995374e-06,0.027738573029637337,0.02195744387923725,1.960573138781542e-06,0.025299113243818283,0.020472037443329417,1.6249902351082709e-06,0.023516399785876274,0.019261576797044468,1.3842099800368428e-06,0.022021392360329628,0.018254033659422207,1.2033366648910264e-06,0.020753048360347748,0.017401063711278968,1.0631547302688903e-06,0.019830211997032166,0.016668910160660744,9.520162141699117e-07,0.01902083307504654,0.01603319524003873,8.623212982633178e-07,0.01830429397523403,0.015475798900874834,7.888596802080742e-07,0.01766703464090824,0.014982922194850824,7.279288286465207e-07,0.01709764264523983,0.014543842021671553,6.768252912362439e-07,0.01658652164041996,0.014150088756448694,6.335319980567706e-07,0.016125638037919998,0.013794879148167277,5.965243286026832e-07,0.015708286315202713,0.013472717077959152,5.64635788896718e-07,0.015328865498304367
899,4,block_output,Vertical,1,0.28346798438874504,0.15362477490623655,1.8619329929351807,0.04719531926370803,8.23521002128125e-05,0.06640283018350601,0.030578944979915545,1.4085239726480091e-05,0.03878815472126007,0.023592625256805194,6.876759994187497e-06,0.031945738941431046,0.019335204853661477,4.12404961810841e-06,0.027210010215640068,0.016440052302583816,2.754453283157465e-06,0.023705020546913147,0.014337269574522025,1.992795323958368e-06,0.0209958553314209,0.012741085008851119,1.5349769846506264e-06,0.018845519050955772,0.011491837659998545,1.2420499002769365e-06,0.017109204083681107,0.01049183053334081,1.0442437464237337e-06,0.0156895462423563,0.009677092367339702,9.042829368464683e-07,0.014516731724143028,0.009003615287679529,8.012009953610618e-07,0.013538547791540623,0.008439999206789903,7.226567302472639e-07,0.01271500438451767,0.007963214594397753,6.610808755466536e-07,0.012015115469694138,0.007556004464508049,6.116925602164976e-07,0.011415015906095505,0.007205218202360566,5.713645614448617e-07,0.010896255262196064,0.006900694494741777,5.379899782459032e-07,0.01044457871466875,0.006634494378453209,5.100993634217142e-07,0.01004888117313385,0.006400352462180077,4.866434809680049e-07,0.00970049574971199,0.006193271305944238,4.6684752671602046e-07,0.009392576292157173
899,4,block_output,Horizontal,1,0.9227250217208787,1.8807059585281174,5.5240936279296875,0.0818348280375912,0.0002903338586138334,0.12029151618480682,0.0493790101673868,3.754450860439413e-05,0.06682108342647552,0.03776778079687603,1.2815452630140429e-05,0.04892687126994133,0.03151297915194716,7.029693765405114e-06,0.039211224764585495,0.02729428160403456,4.560504524234226e-06,0.03284090757369995,0.02420867917438348,3.2396156867575382e-06,0.02845783531665802,0.021841649379995134,2.4383299597612814e-06,0.025389278307557106,0.01995632688086184,1.9048349950584984e-06,0.02292376011610031,0.018410496783280182,1.5264681615539192e-06,0.020890340209007263,0.017116066423200425,1.2478333928237543e-06,0.019185233861207962,0.016015854678929797,1.0381829103419494e-06,0.018034283071756363,0.015070502779313497,8.782881912868424e-07,0.01704498752951622,0.014251343713748076,7.550771867222316e-07,0.01618417352437973,0.013536557436935485,6.592659816839125e-07,0.015429595485329628,0.012909018907636877,5.841192150452795e-07,0.014763745479285717,0.0123550184071064,5.24697979377541e-07,0.014172619208693504,0.011863444680495867,4.773545986072296e-07,0.013644933700561523,0.011425203702870815,4.3937042719123803e-07,0.013171525672078133,0.011032802954552666,4.0870155301714466e-07,0.012744905427098274
899,4,block_output,Gaussian,1,0.21744633808968558,0.07961108483008884,1.5594508647918701,0.04074121618436442,5.30577270863544e-05,0.05863815173506737,0.02698146306451351,8.254410791366819e-06,0.03448602557182312,0.020938614383339882,3.3882437704265757e-06,0.025831889361143112,0.01730333941264285,1.8651931531460816e-06,0.021016370505094528,0.014841318958335452,1.2005556423034506e-06,0.017897099256515503,0.01305664616030833,8.560197605059479e-07,0.015677623450756073,0.011705818645183056,6.574026293791831e-07,0.01401263102889061,0.010651829075955209,5.33288566133339e-07,0.012717491015791893,0.009810012366090502,4.5006042120889425e-07,0.011682221665978432,0.009124664146275748,3.906514636105356e-07,0.010836952365934849,0.008557620007426494,3.4600613229101316e-07,0.010135146789252758,0.008081957365253143,3.111438571011e-07,0.009544596076011658,0.007678212937972848,2.832129600230263e-07,0.009042343124747276,0.007332006417628791,2.6049313271875495e-07,0.0086115887388587,0.007032506263977479,2.418741419195471e-07,0.008239705115556717,0.0067714158859517835,2.26582097558788e-07,0.007916945032775402,0.006542285312972371,2.1403823094719291e-07,0.007635598536580801,0.006340035111717288,2.0378195867954316e-07,0.007389388978481293,0.0061606211395609,1.954320744229291e-07,0.007173103280365467
899,final,proj_out,Vertical,1,0.1386777940723631,0.006186600649166549,0.412710040807724,0.07759498461844429,2.7644017001202995e-05,0.08801178634166718,0.0674556599604705,2.484307391050097e-05,0.07815322279930115,0.059618438224470806,2.4296319276581806e-05,0.0705370232462883,0.05304287894377633,2.36442800204761e-05,0.0641830787062645,0.047505380792750254,2.2772896791842458e-05,0.05878666415810585,0.04284971100943429,2.172810160527725e-05,0.05417223647236824,0.038938871688312955,2.0583431009960225e-05,0.05021306127309799,0.03565283178810089,1.94051040085283e-05,0.046807825565338135,0.032888332500107705,1.8243137004137206e-05,0.04387209191918373,0.030557623813076626,1.71310815739387e-05,0.04133429378271103,0.028586772019191395,1.6088871099793605e-05,0.03913348913192749,0.026913912020741948,1.5126387941256602e-05,0.037217870354652405,0.025487592976008142,1.4246473796964836e-05,0.035543590784072876,0.024265259208660277,1.3447347771371454e-05,0.034073762595653534,0.023211872973848902,1.2724481451613547e-05,0.03277762234210968,0.022298687034183078,1.2071906131350114e-05,0.03162963688373566,0.021502173047453638,1.1483175193749898e-05,0.030608708038926125,0.02080310277995609,1.0951925250536324e-05,0.029697328805923462,0.020185775345280058,1.0472143001632097e-05,0.028880875557661057
899,final,proj_out,Horizontal,1,0.12536040859089959,0.002433442820780633,0.29135677218437195,0.08670226472710806,1.059463702510242e-05,0.09425482153892517,0.07769504970028288,7.212480076344339e-06,0.08313752710819244,0.07027966576436209,6.403240149586564e-06,0.0751977413892746,0.06396296502105774,6.216109849076652e-06,0.06946352869272232,0.05856473022510135,6.317788961035728e-06,0.06451168656349182,0.05393834820105916,6.531847037595678e-06,0.060215745121240616,0.049961346423342115,6.7630020040789565e-06,0.05648040771484375,0.04653348070051935,6.967600030222788e-06,0.053230322897434235,0.04357278553975953,7.129720766889095e-06,0.05040282756090164,0.041011356526897066,7.246397847424689e-06,0.04794340208172798,0.038792050547069974,7.320317669347186e-06,0.045803628861904144,0.036866193903344016,7.356493548560611e-06,0.04394053667783737,0.03519201556605006,7.360704708017582e-06,0.042316190898418427,0.033733549246948866,7.338724452870757e-06,0.04089733958244324,0.03245981212054926,7.295953912582374e-06,0.03965502977371216,0.031344155352267006,7.237219052036666e-06,0.03856417536735535,0.030363722778265437,7.166706511733385e-06,0.03760314732789993,0.029498961561965565,7.087916858702534e-06,0.03675331175327301,0.02873320546415117,7.003706410180643e-06,0.03599867597222328
899,final,proj_out,Gaussian,1,0.08255165401432249,0.0011067033511351913,0.19862967729568481,0.0487989005706613,1.5797481890202937e-05,0.056355349719524384,0.040082304132363154,8.627182372524799e-06,0.04630708694458008,0.03445298771654803,6.1716728942847325e-06,0.03979335352778435,0.03042016021670803,4.955948417509614e-06,0.03481341898441315,0.027386951955064895,4.2733774108743985e-06,0.03129822760820389,0.02502317244689616,3.841986288835083e-06,0.028821449726819992,0.023134261340139402,3.5416148485259657e-06,0.026791758835315704,0.021599588974837273,3.3196171160669916e-06,0.025159915909171104,0.020338773195232664,3.150126074755363e-06,0.024215158075094223,0.019294418882401215,3.0182400664294436e-06,0.023412372916936874,0.018423372731795385,2.9140570827917316e-06,0.02272564172744751,0.017692122135370497,2.830397216210389e-06,0.022133691236376762,0.01707417479464932,2.761818309515587e-06,0.02161896601319313,0.016548407397099903,2.704115990683963e-06,0.021167146041989326,0.016097921848533644,2.654076523370779e-06,0.020766865462064743,0.015709185928461097,2.6093527647226526e-06,0.020409435033798218,0.01537136139259452,2.568366618368472e-06,0.020088396966457367,0.015075762889214925,2.5301725293475987e-06,0.019798915833234787,0.014815416867061266,2.494277647216469e-06,0.01953718438744545
874,initial,patch_embed,Vertical,1,0.5083574153601177,0.6445940606464905,3.457852840423584,0.08982777252556785,7.592788780245101e-07,0.092044398188591,0.08889692903511108,2.2025337765306735e-07,0.0896666869521141,0.0885815793086612,1.9188428754182806e-07,0.0893525630235672,0.08845663366336672,1.8372074382552273e-07,0.08928079903125763,0.08843060440960385,1.865729367699885e-07,0.08932329714298248,0.08844407328537532,1.9702622151547713e-07,0.08942309021949768,0.08846725890087703,2.104914974382507e-07,0.08951689302921295,0.0884877536741514,2.212228509549901e-07,0.08956293761730194,0.08850243037182187,2.264481156741793e-07,0.0895591527223587,0.08851235667391429,2.2698586509085562e-07,0.08952832221984863,0.08851911553314754,2.2472741675612344e-07,0.08949011564254761,0.0885243605053614,2.214902747115986e-07,0.08945369720458984,0.0885305017942474,2.188870216311804e-07,0.08942548930644989,0.08853950919139952,2.1777368466862438e-07,0.08941619098186493,0.08855158386249391,2.1846779525390362e-07,0.08945853263139725,0.0885655717953803,2.2094411777131574e-07,0.08951614797115326,0.08857982653000998,2.2494203707615563e-07,0.08957910537719727,0.08859259859910087,2.2983427871927695e-07,0.08963500708341599,0.08860263524074403,2.3473460103282178e-07,0.08967581391334534
874,initial,patch_embed,Horizontal,1,0.29363102028294213,0.19325191983845097,2.1772541999816895,0.08973069666397004,3.1155051620153876e-07,0.09218421578407288,0.08922693310748964,2.4104059217232248e-08,0.08966876566410065,0.08903587751445316,1.567104458872643e-08,0.0893060714006424,0.08892861245170472,1.1776166450846247e-08,0.08916489779949188,0.08888338553527045,1.0637438959440544e-08,0.08911069482564926,0.08887303691534769,1.122946968871584e-08,0.08912795037031174,0.08887879952551826,1.2307227552465868e-08,0.08915744721889496,0.08889110421850568,1.3505881147899118e-08,0.08920025825500488,0.08890517706435824,1.4916525809057523e-08,0.0892600417137146,0.08891880299363818,1.637585551011847e-08,0.08932001888751984,0.08893125776260619,1.7548579854336163e-08,0.08936591446399689,0.08894271983040704,1.8464625501332513e-08,0.08939573168754578,0.08895347870531536,1.9411835087958514e-08,0.08941762149333954,0.08896366021935902,2.0561577109655956e-08,0.08943623304367065,0.08897348658906089,2.1948493441499232e-08,0.0894506648182869,0.08898331083002545,2.3543997227753658e-08,0.0894583910703659,0.08899333670971886,2.5301247354413288e-08,0.08945854008197784,0.0890034425353247,2.7186910807628374e-08,0.08945313096046448,0.08901335417278229,2.918470539347485e-08,0.08948418498039246
874,initial,patch_embed,Gaussian,1,0.29402288971912294,0.22982722303915074,2.2296502590179443,0.06720418116403004,3.1869566170353704e-07,0.06912800669670105,0.06705060636713392,1.9301543525101885e-07,0.06831368803977966,0.06699115605581374,1.5451522025308755e-07,0.0679163709282875,0.06692636568867971,1.3561865728835428e-07,0.06786893308162689,0.06690642509668593,1.3024410290715194e-07,0.06784600019454956,0.06690393743060884,1.298392671946778e-07,0.0678250715136528,0.06690878976905157,1.303649281241204e-07,0.06780581921339035,0.06691752196777434,1.30250521041981e-07,0.06777317821979523,0.06692962218371648,1.3091474837265923e-07,0.06772264093160629,0.06694535024109341,1.3369698845351742e-07,0.06773044168949127,0.06696415692567825,1.3851753084231128e-07,0.06778564304113388,0.06698436431941532,1.4437542095331386e-07,0.06786204874515533,0.06700378620908373,1.500901998601493e-07,0.06794527173042297,0.06702089983792532,1.5500743725216952e-07,0.06802216917276382,0.0670358238239137,1.5939649548763764e-07,0.06808818876743317,0.06704986402912745,1.6397174774699551e-07,0.06814554333686829,0.06706390778223674,1.689975100425052e-07,0.06819555163383484,0.0670778402496898,1.7419441712852431e-07,0.06823668628931046,0.06709127565698018,1.7924871659039316e-07,0.0682673305273056
874,0,block_output,Vertical,1,0.12020866691120087,0.0028300925076040753,0.3513111472129822,0.076529370295623,8.104915986064134e-06,0.08420770615339279,0.07305907280672164,3.923134697360378e-06,0.07755804806947708,0.07194226518982932,3.5624992856393253e-06,0.07637956738471985,0.07137473388796761,3.5463410663564636e-06,0.07595792412757874,0.07099502699242698,3.618495411706915e-06,0.07569986581802368,0.07071526632422492,3.691794913050272e-06,0.07551674544811249,0.07050688458340508,3.7359822137107674e-06,0.07536078244447708,0.07034521632724339,3.764505367477796e-06,0.07523617893457413,0.07021565782645392,3.7905384954023546e-06,0.0751386508345604,0.07010854910763484,3.8175067049684924e-06,0.07504502683877945,0.07001865832578569,3.840921251760544e-06,0.07495085895061493,0.06994226220108214,3.859492055699522e-06,0.0748610869050026,0.06987588225849091,3.8730656448998485e-06,0.07477527856826782,0.06981696566892048,3.88278939684399e-06,0.07469446957111359,0.06976430366436641,3.890800608497709e-06,0.07462260127067566,0.06971746103631125,3.898308371225698e-06,0.07456208020448685,0.06967582991198888,3.905298487368031e-06,0.07451181858778,0.069638601252957,3.911580678642399e-06,0.07446955889463425,0.06960502219578577,3.9171569803302935e-06,0.07443304359912872
874,0,block_output,Horizontal,1,0.13634864607500652,0.00442598682195218,0.3516252636909485,0.07832415662114582,3.4266399018570272e-06,0.08318529278039932,0.0754488692397163,2.3066892904735694e-07,0.07673453539609909,0.07474148864783937,1.1001736366395229e-07,0.0757305920124054,0.07439328694627398,8.443973091365566e-08,0.07533372938632965,0.07417684734340697,7.80958247317551e-08,0.07512277364730835,0.07401997170278005,7.651506727457101e-08,0.07495272159576416,0.07390151988892328,7.619527058103541e-08,0.07483024895191193,0.07380979425377315,7.752966841382482e-08,0.07475471496582031,0.07373490066282333,7.955934560750419e-08,0.07469280064105988,0.07367059481995446,8.126868531194265e-08,0.07462044060230255,0.0736147521270646,8.246452459595377e-08,0.0745401531457901,0.07356661475367016,8.341448455262432e-08,0.0744621679186821,0.07352464989064232,8.426094169811879e-08,0.07438753545284271,0.07348738776312934,8.514498833228624e-08,0.07431566715240479,0.0734540821304397,8.61887291739209e-08,0.07425706088542938,0.07342467457056046,8.740987779971601e-08,0.07427830994129181,0.07339907236515529,8.875319866555778e-08,0.0742982029914856,0.07337683865002223,9.01649554590503e-08,0.0743173211812973,0.07335746465694337,9.160606667353915e-08,0.0743357241153717
874,0,block_output,Gaussian,1,0.14039233634396206,0.015123230283517556,0.8443556427955627,0.06095626081029574,6.323631137004971e-06,0.0673062801361084,0.05761859039702113,2.2229513203522757e-06,0.06062407046556473,0.05630441134174665,2.1551573120709342e-06,0.05927739292383194,0.05560440652900272,2.2349938653455855e-06,0.05865463986992836,0.05518332330716981,2.3336395493466705e-06,0.05827655643224716,0.054897330169166834,2.4260546745093832e-06,0.05799872428178787,0.054685970797898276,2.510471952704034e-06,0.057799383997917175,0.05452427658296767,2.583827820151687e-06,0.057677656412124634,0.0543963677944645,2.6461397137277575e-06,0.057597219944000244,0.05429122413671206,2.698740004220815e-06,0.05752816051244736,0.05420216474504698,2.7431021321870606e-06,0.057468123733997345,0.0541250305989432,2.780752015656914e-06,0.057415734976530075,0.054057164147259695,2.8131514362370503e-06,0.057369768619537354,0.05399683573179775,2.8413314716258165e-06,0.05732911825180054,0.05394285172224045,2.865757138441052e-06,0.057292912155389786,0.05389432910652388,2.8865668501064774e-06,0.05726047605276108,0.053850548134909734,2.9039311955406396e-06,0.05723133683204651,0.05381084818925176,2.918472340227554e-06,0.05720531567931175,0.0537746354701027,2.931330967272285e-06,0.05718231573700905
874,1,block_output,Vertical,1,0.17734117131857646,0.01752050232957715,0.7902812361717224,0.06501348103795733,4.892781750686209e-05,0.08099238574504852,0.053271305762113086,7.596446377986073e-06,0.0598427876830101,0.049678515997670945,5.378884846695235e-06,0.0563054196536541,0.04803479380077786,5.125627806507598e-06,0.05472240224480629,0.04708985523098991,5.135463159602283e-06,0.05386478453874588,0.04647340329866561,5.175337475976368e-06,0.053337275981903076,0.04603490481774012,5.206951141581386e-06,0.05298518389463425,0.04570189035601086,5.228615996578436e-06,0.052734315395355225,0.04543645271942729,5.242288385155234e-06,0.05254395678639412,0.04521752036516628,5.2501172958178125e-06,0.05239204317331314,0.045032629950178996,5.253803863250596e-06,0.05226600915193558,0.04487393991578193,5.254584125234401e-06,0.05215824022889137,0.04473614071806272,5.2534167565900344e-06,0.05206401273608208,0.044615326537972406,5.251034056283071e-06,0.05198036506772041,0.04450849603329386,5.247965370867445e-06,0.05190528184175491,0.044413276075843784,5.24465025815082e-06,0.05183733254671097,0.0443277671814911,5.2415231427918555e-06,0.05177540332078934,0.04425045380753184,5.238992069094852e-06,0.05171839892864227,0.04418018856455409,5.2373563422758255e-06,0.051665157079696655
874,1,block_output,Horizontal,1,0.5402269484031768,0.556557344210307,3.523524284362793,0.10096567159607298,0.0001218002847675515,0.13191279768943787,0.07910468689506016,1.748479073843239e-05,0.08845049142837524,0.06992050390394908,5.483581211323538e-06,0.07513989508152008,0.0652706649095293,2.5281127951772356e-06,0.06971370428800583,0.06271221961766954,1.5922254090270681e-06,0.06657977402210236,0.06113870737571565,1.249870417439598e-06,0.06455545127391815,0.06004201478901364,1.103441304485301e-06,0.06309431046247482,0.05920358806375473,1.0305167011834418e-06,0.06196208670735359,0.05852881316391249,9.907774791852544e-07,0.06105438619852066,0.05797124470746706,9.693225563860012e-07,0.060314711183309555,0.05750339697041209,9.594056691877872e-07,0.059705160558223724,0.05710641448459928,9.57098530601349e-07,0.059197209775447845,0.05676634432304473,9.596164343894727e-07,0.05879117175936699,0.05647251394296449,9.648382363723985e-07,0.05845250189304352,0.05621657597403678,9.712811108788763e-07,0.058149904012680054,0.055991848191571617,9.780462386589288e-07,0.05787808820605278,0.05579293371429519,9.846451871303198e-07,0.05763261392712593,0.055615481639665273,9.908236778780008e-07,0.05740976333618164,0.055456010003884636,9.964618852659466e-07,0.05725724995136261
874,1,block_output,Gaussian,1,0.08737811310187218,0.0020306495990617185,0.27077552676200867,0.0462671798018236,6.685500251586232e-06,0.0534675307571888,0.04258683548560218,3.5396510195550154e-06,0.0466967448592186,0.04114125349691936,3.401810536257856e-06,0.045690715312957764,0.0403442546015694,3.4315799305886965e-06,0.0450492724776268,0.03982733438412348,3.5013883053958844e-06,0.04466414451599121,0.039463899379211756,3.5714703481203096e-06,0.044367093592882156,0.03918602642795396,3.6195896741013306e-06,0.04410162568092346,0.038964623023593235,3.640830502213007e-06,0.043859001249074936,0.038784971017213093,3.6430928947192654e-06,0.043645091354846954,0.03863743420631167,3.6367036874395205e-06,0.043460648506879807,0.03851473313711938,3.628119042167635e-06,0.04330170154571533,0.038411278809819906,3.6203798094373985e-06,0.04316363483667374,0.03832281641070805,3.614746996334666e-06,0.043043024837970734,0.03824614727544406,3.6115814681418564e-06,0.04293759912252426,0.03817892884687772,3.6106313835488674e-06,0.04284551367163658,0.03811948314782173,3.6112582878690626e-06,0.042764812707901,0.03806659325011193,3.612724658708022e-06,0.04269345477223396,0.03801931807446101,3.6144102336573347e-06,0.042629629373550415,0.03797688796406701,3.6159101338297494e-06,0.04257192835211754
874,2,block_output,Vertical,1,0.21366553304214325,0.0510281496185778,1.1346718072891235,0.0484838540710154,6.902907366873243e-05,0.0670652836561203,0.03450406443268534,9.39500299357121e-06,0.042043402791023254,0.03012805919916857,5.178808313940383e-06,0.03526103124022484,0.02782765027904321,4.213632530694369e-06,0.03267044574022293,0.026336017552585828,3.831778729536175e-06,0.03134785592556,0.02528396754392556,3.6374312586675003e-06,0.030447715893387794,0.024500774722250682,3.5195647632374093e-06,0.0297522135078907,0.023893332374947413,3.43342097876076e-06,0.029185261577367783,0.02340640402620747,3.363221982131899e-06,0.0287077184766531,0.0230056405481365,3.304470686804446e-06,0.02829796075820923,0.022669042534534892,3.25530760293094e-06,0.027942072600126266,0.022381908629858303,3.2143053749403024e-06,0.027630096301436424,0.022133950380578873,3.180150622223636e-06,0.0273545254021883,0.02191767477918239,3.151632243602055e-06,0.027109578251838684,0.021727448772816432,3.1276768446952633e-06,0.02689078450202942,0.021558935295731302,3.107382186134687e-06,0.026694675907492638,0.021408724997724806,3.0900217217095904e-06,0.026518385857343674,0.021274094691588766,3.0750380614452265e-06,0.02635948732495308,0.0211528352210446,3.06199942603329e-06,0.026215877383947372
874,2,block_output,Horizontal,1,1.4861803021695879,4.171783789424183,7.891268730163574,0.11652187435399919,0.0004009284576018867,0.16014057397842407,0.07740552900802522,5.0858238981673636e-05,0.09227391332387924,0.06083803345996236,1.598551819999447e-05,0.06926883012056351,0.051922730214539026,7.084723065644945e-06,0.057556889951229095,0.04692565022952973,4.3690248775682815e-06,0.05175885558128357,0.04392442154505896,3.399110217748334e-06,0.04907659441232681,0.04191792697187454,2.9321448600980173e-06,0.04709137603640556,0.04043660981077996,2.6423643173926925e-06,0.04550077021121979,0.03926689958288556,2.4408378051531078e-06,0.04417122155427933,0.03830489729131971,2.2968930517223496e-06,0.043035946786403656,0.03749317983313212,2.194648495883228e-06,0.04205340892076492,0.0367958437474001,2.1228265529021794e-06,0.041192732751369476,0.036188402346202304,2.0726712860910657e-06,0.04042937606573105,0.03565324358050785,2.037558424607248e-06,0.03974423557519913,0.03517726057815173,2.012691271149535e-06,0.03912292793393135,0.034750476834319886,1.9947345654280715e-06,0.03855496272444725,0.0343651431243098,1.9814167592588458e-06,0.03803275525569916,0.03401514308320151,1.971256439433605e-06,0.037550874054431915,0.03369556603923676,1.963303589536797e-06,0.03710542619228363
874,2,block_output,Gaussian,1,0.22607064436352442,0.08280128012176832,1.8195689916610718,0.04666383570385358,4.945337278560288e-05,0.06621191650629044,0.035492180861414424,6.032690081494861e-06,0.0422254279255867,0.0314695541229513,3.3249997817542226e-06,0.03643220663070679,0.029170130956031028,2.6594567305752858e-06,0.033407121896743774,0.027595024408092573,2.3491828723387027e-06,0.03141210600733757,0.026428144602548508,2.167908070930376e-06,0.029991108924150467,0.025529689909446807,2.056362507400448e-06,0.028943881392478943,0.024820905090087934,1.9880038564402923e-06,0.028156323358416557,0.02425103664161667,1.9465958147698127e-06,0.027553807944059372,0.02378479837779961,1.9211704768070796e-06,0.027083707973361015,0.023396981377450245,1.9046551240448656e-06,0.026708897203207016,0.023069496399589946,1.8928166933639502e-06,0.026403483003377914,0.022789250615806805,1.8832798719517834e-06,0.026149343699216843,0.022546645963475817,1.8748322845821626e-06,0.02593359723687172,0.02233453272354035,1.8669860224890728e-06,0.025746997445821762,0.022147501064907937,1.859667651005877e-06,0.025582876056432724,0.0219813979393433,1.8530093796839633e-06,0.025436602532863617,0.021832983881708175,1.8471536105515605e-06,0.025305090472102165,0.02169970003148866,1.8421493983222187e-06,0.02518628165125847
874,3,block_output,Vertical,1,0.19101820584563983,0.048117254817846435,1.1688719987869263,0.03355393334040566,3.7573889839857975e-05,0.04720805957913399,0.022566277711164383,4.217535647765452e-06,0.026798106729984283,0.01834400969424418,1.9880597977743912e-06,0.022151492536067963,0.015852603617878186,1.4363344812218682e-06,0.019910627976059914,0.014154592262847083,1.2292455315775781e-06,0.018279951065778732,0.012902579551178312,1.1263819675674844e-06,0.017021575942635536,0.011935881383362271,1.0639904703740235e-06,0.016019592061638832,0.011167746835521289,1.0212622887485839e-06,0.015205559320747852,0.01054483884206367,9.89769540474649e-07,0.014535333961248398,0.010031558765423677,9.652771666203573e-07,0.013978381641209126,0.009602990814499439,9.454395385730915e-07,0.01351204514503479,0.009241104488157563,9.288555329248311e-07,0.013118715956807137,0.008932527065986679,9.146344902789135e-07,0.012784356251358986,0.008667155494174314,9.022013206162364e-07,0.012497670948505402,0.008437245788555297,8.912116479613509e-07,0.012249652296304703,0.008236781693994999,8.814785174244237e-07,0.012033255770802498,0.008061018439808063,8.728980022481651e-07,0.01184308622032404,0.007906151928066735,8.653857312051288e-07,0.01167500764131546,0.007769088216480755,8.588484260220063e-07,0.011525774374604225
874,3,block_output,Horizontal,1,0.1961898421720853,0.04222077990378354,1.0614006519317627,0.04402344597000924,7.663085635163422e-05,0.06377056241035461,0.028511917366394923,6.729931811413959e-06,0.034129880368709564,0.02330139388758985,2.3578853626037464e-06,0.0265070591121912,0.02041271355535303,1.4704405275044489e-06,0.02391526661813259,0.01847384488653569,1.1615832336858954e-06,0.022038768976926804,0.0170637642343839,1.0173724995195002e-06,0.020573941990733147,0.01599578107041972,9.353718260910176e-07,0.01940397173166275,0.015164267552632189,8.818609547476325e-07,0.018453694880008698,0.014501727112228907,8.437057203906295e-07,0.01766994595527649,0.013963124936535246,8.149932150504534e-07,0.0170153696089983,0.01351769178337048,7.927106562832788e-07,0.016462769359350204,0.013143954931625299,7.750342129155199e-07,0.015991343185305595,0.012826594213644663,7.606823245282024e-07,0.015584834851324558,0.012554424637485118,7.487724387210473e-07,0.015231017023324966,0.012319090968323133,7.387831112697735e-07,0.014921246096491814,0.012114212552588138,7.304417071779817e-07,0.014649439603090286,0.011934813422461351,7.235718018815098e-07,0.014410835690796375,0.011776937940527522,7.18009255707683e-07,0.014201262965798378,0.011637390369460696,7.135859381081421e-07,0.014016905799508095
874,3,block_output,Gaussian,1,0.058584045175285565,0.001622225054971951,0.1697569489479065,0.020553117292740987,6.048660282565245e-06,0.02730540558695793,0.01556375367005193,1.367750102896734e-06,0.018856067210435867,0.013153526178073315,7.31662374528691e-07,0.015273896045982838,0.011741146681800721,5.751158435632597e-07,0.013504733331501484,0.010841540593121732,5.172435041890322e-07,0.012414793483912945,0.01023324935268315,4.882316676306559e-07,0.01185988262295723,0.009803622709735045,4.7103338460454186e-07,0.011494557373225689,0.009490162828966739,4.6004852378823804e-07,0.011228104121983051,0.009255676352906795,4.52731237740183e-07,0.011030180379748344,0.00907667222181483,4.476213020494062e-07,0.010880915448069572,0.00893757300865319,4.4380446772505427e-07,0.010766789317131042,0.00882768395933367,4.4067625243235104e-07,0.010678152553737164,0.008739517410359686,4.378358244061182e-07,0.010607866570353508,0.008667796096276669,4.3504478380382955e-07,0.010550649836659431,0.008608776381209729,4.3218885748928106e-07,0.010502668097615242,0.008559776233538749,4.2923580162132134e-07,0.0104612335562706,0.008518843675061824,4.2619603161669133e-07,0.010424520820379257,0.008484534690127013,4.23098696157729e-07,0.01039135456085205,0.00845576057742749,4.199790868376314e-07,0.01036104280501604
874,4,block_output,Vertical,1,0.1610610872388832,0.03189749687665902,1.0768568515777588,0.03464325532198898,3.234959420310129e-05,0.0494559071958065,0.023495169859083873,7.316961858760698e-06,0.03022075444459915,0.01825554220981541,3.569301870436442e-06,0.022175323218107224,0.015017430519773847,2.1732093170925485e-06,0.018558615818619728,0.01279282101267387,1.501995534825083e-06,0.016224965453147888,0.011165363654967338,1.1298303300947018e-06,0.014488257467746735,0.009928343743677176,9.038612778102827e-07,0.01315591111779213,0.008963900958261793,7.576153777401873e-07,0.012112721800804138,0.008197599349336492,6.585251941126697e-07,0.011283094063401222,0.007579369034381613,5.89093831488664e-07,0.010614707134664059,0.007074137780046653,5.392152364687682e-07,0.010070232674479485,0.006656623600671689,5.027283633027186e-07,0.009622443467378616,0.006308186215363325,4.7570195826096774e-07,0.009251045063138008,0.006014826796239331,4.5551409644779574e-07,0.008940588682889938,0.005765868735218805,4.403396981677221e-07,0.008679102174937725,0.005553065710479305,4.2886946480581036e-07,0.008457217365503311,0.005369977981206917,4.2015097909478353e-07,0.00826757401227951,0.0052115289819619015,4.1348545200527336e-07,0.00810437835752964,0.005073681126333891,4.083583270022272e-07,0.007963066920638084
874,4,block_output,Horizontal,1,0.4924177217578131,0.5237206695454053,3.3694100379943848,0.06567516325721665,0.0002081738180720466,0.09667366743087769,0.039012683289391656,2.064886978137476e-05,0.05233604088425636,0.030016141869719067,7.472394368107145e-06,0.039136022329330444,0.02500683358973927,4.1439649432919045e-06,0.031832255423069,0.021690833722315138,2.6582093627774955e-06,0.027027316391468048,0.0193129088433962,1.8652770501284084e-06,0.02363051474094391,0.01749907367463623,1.3952607269402596e-06,0.021072639152407646,0.016053111854171943,1.0980717729605773e-06,0.019054312258958817,0.014865993729068173,9.014799410017121e-07,0.01741192489862442,0.013871894498902654,7.662445822819525e-07,0.016224799677729607,0.013027684792639717,6.696480181199726e-07,0.015297109261155128,0.012303207217464371,5.981203193637653e-07,0.014487756416201591,0.01167633125765456,5.434172372268461e-07,0.0137755973264575,0.011130241189329397,5.004315199297982e-07,0.013144677504897118,0.010651818033130396,4.659185548069541e-07,0.01258285716176033,0.010230625787424662,4.3775001954560497e-07,0.012080814689397812,0.009858231902832077,4.1447307134485157e-07,0.011631201952695847,0.009527729247652349,3.9504745914196063e-07,0.011228031478822231,0.009233397106447864,3.787037896963414e-07,0.01086617261171341
874,4,block_output,Gaussian,1,0.0646246440176453,0.0017419454001537968,0.20680586993694305,0.02082045450215302,1.0350186993645517e-05,0.027302151545882225,0.014063243916819967,2.323475081883963e-06,0.01689368300139904,0.010857626440979186,9.228886272238822e-07,0.012605967000126839,0.00899272704763072,4.981829439111016e-07,0.010346797294914722,0.007795939170238044,3.353472657106284e-07,0.008919844403862953,0.0069796499604034045,2.6266982424620236e-07,0.008065495640039444,0.006400295407585208,2.264792939359073e-07,0.007580559700727463,0.005977544327458692,2.0711135617734387e-07,0.007227998226881027,0.005662343620012204,1.9625524208220503e-07,0.006965709384530783,0.005423044652811119,1.8998871104674508e-07,0.006766736041754484,0.005238482440333991,1.8630254891478452e-07,0.006613274570554495,0.005094154678758175,1.8410420347173974e-07,0.006493281107395887,0.004979932754640541,1.8276599413569403e-07,0.006398370023816824,0.00488859624971473,1.8190562857418652e-07,0.006322528701275587,0.004814882127065507,1.812829737769013e-07,0.006261344533413649,0.0047548801512531345,1.8076009799609727e-07,0.00621154997497797,0.004705654752869454,1.8028334884636167e-07,0.006170759443193674,0.004664998749152772,1.798538052342052e-07,0.006137235090136528,0.00463124707947293,1.7949211716308813e-07,0.006109690293669701
874,final,proj_out,Vertical,1,0.13051932872760863,0.004291041525249198,0.34689170122146606,0.07818757778122312,2.4049500994485165e-05,0.08853989839553833,0.06831755973990002,2.2661908224132083e-05,0.07968837022781372,0.06056412362626621,2.248261786887817e-05,0.07210397720336914,0.05408688942118296,2.2320546661789542e-05,0.06583182513713837,0.048641342374067455,2.1915272214384984e-05,0.06048125401139259,0.044065158695928634,2.1283280378609452e-05,0.05588800832629204,0.040221506581893045,2.048696617572522e-05,0.05193990468978882,0.0369918823892635,1.9590637394676753e-05,0.04854191094636917,0.034274392243888646,1.8649004691672026e-05,0.04561060667037964,0.03198220914909764,1.770410789747724e-05,0.04307347536087036,0.03004203305121452,1.6785691906995724e-05,0.04086843878030777,0.02839254481451852,1.591289729548313e-05,0.03894314914941788,0.026982886687157644,1.5096455172804864e-05,0.037253886461257935,0.02577119039755965,1.4340908321973983e-05,0.03576452285051346,0.024723187562019106,1.3646651017253092e-05,0.03444533795118332,0.023810953670550906,1.301150937264934e-05,0.033271901309490204,0.0230117951711965,1.2431894401121628e-05,0.03222401812672615,0.022307298042707972,1.1903531223868387e-05,0.031284868717193604,0.021682512990775563,1.1421942352128188e-05,0.030440308153629303
874,final,proj_out,Horizontal,1,0.11851422169378825,0.0014704742708169477,0.2525438070297241,0.08709736854311019,9.623629766519057e-06,0.09325191378593445,0.07806389660589279,5.9197897883353576e-06,0.08298042416572571,0.07071342614908067,5.0574536376395375e-06,0.07576222717761993,0.0644812426633305,4.957421667974421e-06,0.0698758065700531,0.059157468792465,5.153303600782817e-06,0.0648660883307457,0.05460250052431273,5.4639804655846834e-06,0.06055305898189545,0.05070196689357833,5.800496961016477e-06,0.056832149624824524,0.047358830001146074,6.118886160082322e-06,0.05362565815448761,0.04449012443896324,6.398385755554187e-06,0.05086665600538254,0.042024794079008554,6.630543398028804e-06,0.04849446564912796,0.039902048983744214,6.813845146557557e-06,0.04645419493317604,0.03807002388768726,6.950815499135624e-06,0.044697072356939316,0.036484592579423436,7.046185193290223e-06,0.04318053275346756,0.03510832144982285,7.105667534742049e-06,0.041867926716804504,0.03390952589966002,7.1351763880760045e-06,0.040728021413087845,0.03286144317733863,7.140297536544178e-06,0.039734289050102234,0.03194150467595411,7.126038653103908e-06,0.03886432200670242,0.031130699086047355,7.096739647751408e-06,0.038099255412817,0.030413025871865333,7.05602969728914e-06,0.03742317855358124
874,final,proj_out,Gaussian,1,0.07675311962763469,0.000731946453265016,0.176370769739151,0.04930600476643396,1.4594700964422135e-05,0.05721672996878624,0.041068851119942136,9.070264675283558e-06,0.046888623386621475,0.035490546464210466,6.892225022135639e-06,0.04058850184082985,0.031451830522172035,5.805090716101104e-06,0.035739716142416,0.028403125200716275,5.160296222901585e-06,0.032310061156749725,0.026028595657812223,4.7159660829402225e-06,0.030038779601454735,0.024138970477950005,4.383602968095835e-06,0.028246290981769562,0.02261298992449329,4.12580546904825e-06,0.02696661278605461,0.02136737879897867,3.922311370359604e-06,0.025894947350025177,0.020341748593463785,3.759606213463931e-06,0.02499205991625786,0.01949065426985423,3.627607910862065e-06,0.024225948378443718,0.018779086052543588,3.5184751220620405e-06,0.02357056364417076,0.018179699911602905,3.4260745138846885e-06,0.023004982620477676,0.01767097839287349,3.3457378712420548e-06,0.02251281961798668,0.017235925775908288,3.2741240325193935e-06,0.022081635892391205,0.016861091338334574,3.209042066523235e-06,0.021702107042074203,0.016535808790534262,3.149214700617998e-06,0.021367106586694717,0.01625159554301746,3.0939535609068073e-06,0.021070851013064384,0.016001674716198254,3.0428710691542147e-06,0.02080833911895752
847,initial,patch_embed,Vertical,1,0.34658783650587477,0.2758430315717374,2.4482686519622803,0.08915427551856117,7.912033629457548e-07,0.09161216765642166,0.08858402203472834,3.7382579107464127e-07,0.08979873359203339,0.08846900493852676,4.1718445394754065e-07,0.08985592424869537,0.08842528706032132,4.437033459563015e-07,0.08980618417263031,0.08840010539879875,4.3465841325073993e-07,0.08968393504619598,0.08839242101188689,4.2685183079736813e-07,0.08972088992595673,0.08839805483345002,4.2499349651902153e-07,0.08984945714473724,0.08841337618373689,4.2816905118931006e-07,0.08992938697338104,0.08843350410461426,4.3281777230308284e-07,0.08995465934276581,0.08845346562919162,4.34757833173162e-07,0.08994075655937195,0.08847232363999837,4.3729058288391394e-07,0.08992139995098114,0.08849060913873097,4.421182839300146e-07,0.08992888033390045,0.08850807578317703,4.4593937164491927e-07,0.0899372547864914,0.08852467449411514,4.4755807480693866e-07,0.08994466066360474,0.08854032627173833,4.4830205433904436e-07,0.08995246142148972,0.08855396591954762,4.4921058910568213e-07,0.08997632563114166,0.08856397701634301,4.498068964378248e-07,0.09003245830535889,0.08857035660554492,4.4940758990205847e-07,0.09008370339870453,0.08857573769868367,4.4903639864132836e-07,0.09013249725103378
847,initial,patch_embed,Horizontal,1,0.18646374664136342,0.054084154588672606,1.3421133756637573,0.08964605534833575,1.0917524290164615e-07,0.0904737114906311,0.08919076988148311,3.0197889097370604e-08,0.0895615741610527,0.08899750832527403,1.9994456900207667e-08,0.08938553929328918,0.08893667480775289,2.0609079994095984e-08,0.08928529173135757,0.08893506465450166,2.4133302315670805e-08,0.08936317265033722,0.08895075865208156,2.8244484834217504e-08,0.0894574373960495,0.08896940461699925,3.209644970994867e-08,0.08953064680099487,0.0889854243113881,3.5101392785090775e-08,0.0895785540342331,0.08899954434425111,3.713114214388213e-08,0.08960255980491638,0.08901348520839025,3.8545729442444334e-08,0.08960729837417603,0.08902767513479505,3.992066444861106e-08,0.0896027684211731,0.08904182709871776,4.1827820140849606e-08,0.08959994465112686,0.08905560369529421,4.449794680022465e-08,0.0896618664264679,0.08906878838463435,4.7769517841593955e-08,0.08975048363208771,0.08908123783175907,5.1349959861223896e-08,0.08983081579208374,0.08909297982851665,5.505619522012179e-08,0.08990117162466049,0.08910411217856029,5.8794692831909617e-08,0.08996064960956573,0.08911468573505917,6.244584773287816e-08,0.09000883251428604,0.08912464136642123,6.58769377117373e-08,0.09004699438810349
847,initial,patch_embed,Gaussian,1,0.2497770944758067,0.15484587978494957,1.8515677452087402,0.06724890203229965,4.121596821901321e-07,0.06897354871034622,0.06685838694610292,2.696754372001091e-07,0.06813953071832657,0.06677023912706072,2.4662211928233814e-07,0.06809151917695999,0.06676830422310602,2.4823970788253993e-07,0.06807626783847809,0.06678213013543023,2.476144325038528e-07,0.06798650324344635,0.06680213861049168,2.4787924843099704e-07,0.06788569688796997,0.06683340077362364,2.536797376256959e-07,0.06793282926082611,0.06686127765311135,2.653790979761918e-07,0.06803187727928162,0.06688152360064643,2.7843594331552665e-07,0.06815259158611298,0.06690184878451484,2.906451984480002e-07,0.06826876103878021,0.06692310671011607,3.021621907393185e-07,0.068365678191185,0.06694302021984071,3.1209428962568855e-07,0.0684318095445633,0.06696163732854146,3.205734025158767e-07,0.06847481429576874,0.06697999934355418,3.282167482173146e-07,0.06850723177194595,0.0669977002673679,3.3485966180884824e-07,0.06853067874908447,0.06701356456393287,3.4029135372928454e-07,0.06854593008756638,0.0670270003260128,3.4473666400649407e-07,0.06855592876672745,0.06703805639630273,3.4856696822102633e-07,0.06856280565261841,0.06704722179306878,3.5210120068505986e-07,0.06856782734394073
847,0,block_output,Vertical,1,1.6237951493452465,5.204210064089234,8.253633499145508,0.12355272542862665,0.0003628717955366811,0.17248737812042236,0.09557332027526129,3.516575312069243e-05,0.11409565806388855,0.08684153535536357,1.3678914156998487e-05,0.09743624925613403,0.0819617858718312,9.349108230669037e-06,0.0888543352484703,0.07865851750922581,7.626118437530719e-06,0.08458678424358368,0.07634946715737147,6.747663249732085e-06,0.08208456635475159,0.07472870404285098,6.238053039256955e-06,0.08030514419078827,0.07359154143976787,5.91337798152441e-06,0.07905207574367523,0.07278956543831598,5.690864590462206e-06,0.07817725092172623,0.07221488264344987,5.5300085192094e-06,0.07756411284208298,0.0717916042795257,5.409562741412848e-06,0.0771244615316391,0.07146836994659334,5.317428688683967e-06,0.07679588347673416,0.07121153743494124,5.246131184266847e-06,0.0765371024608612,0.07099958497380453,5.190663463565973e-06,0.07632217556238174,0.07081889254706246,5.147333501565496e-06,0.07613514363765717,0.07066082966233057,5.113211461026077e-06,0.07596619427204132,0.07051983180027159,5.085831835443541e-06,0.07580912858247757,0.07039220583817316,5.063120610962827e-06,0.07566003501415253,0.07027539800083826,5.043329482891522e-06,0.07551634311676025
847,0,block_output,Horizontal,1,0.2599260589433095,0.10432129817902622,1.7083169221878052,0.08850844062509991,1.1228457372196994e-05,0.09667882323265076,0.08101560317334675,2.0569821446826293e-06,0.08350808918476105,0.07769612388478385,5.998703044427695e-07,0.0794978067278862,0.07616305469520508,2.80283897959066e-07,0.07781609892845154,0.07540647129690836,2.0036220548647112e-07,0.07682293653488159,0.07497519857826687,1.7117065071495665e-07,0.07615292817354202,0.07468893970288927,1.5559261403652553e-07,0.07566629350185394,0.07447804593377644,1.4564804406294835e-07,0.07530329376459122,0.07431350565618938,1.3902889913060928e-07,0.07503505051136017,0.07418080513912534,1.3462857524118456e-07,0.07492269575595856,0.07407108919015007,1.3168606148497251e-07,0.07482455670833588,0.07397839994657607,1.2966198712020755e-07,0.0747361034154892,0.07389854828989695,1.2819647635147918e-07,0.07465477287769318,0.07382849414670278,1.2708656204463197e-07,0.07457933574914932,0.07376603533824284,1.262626462008481e-07,0.0745091661810875,0.07370967808223906,1.2573009057842004e-07,0.07444380223751068,0.07365851293480585,1.2550475733625085e-07,0.07438290119171143,0.07361199505745418,1.255911591535885e-07,0.07433371245861053,0.07356968581203431,1.2597791153167502e-07,0.07429442554712296
847,0,block_output,Gaussian,1,0.45890063650551294,0.44459777104641535,2.819793701171875,0.07494823812019258,4.674309606908945e-05,0.08995877206325531,0.06240686602772228,5.332069567853915e-06,0.06632569432258606,0.05875682239494626,3.1123180729007494e-06,0.062110766768455505,0.05719224387218082,2.841531306199057e-06,0.06045084446668625,0.05629020408978538,2.8264587737342728e-06,0.05956432595849037,0.05567751363629386,2.8770080975585485e-06,0.05897888168692589,0.055227757387218024,2.9468728875682402e-06,0.058639831840991974,0.05488258180400682,3.0201097388024405e-06,0.05838789790868759,0.05460909907779996,3.0903979350103045e-06,0.05819407105445862,0.05438657016271636,3.155337232899605e-06,0.05804058164358139,0.05420115087476988,3.2145460165196064e-06,0.05791616439819336,0.05404338512628797,3.268745021081348e-06,0.05781347304582596,0.0539067897295195,3.318965356489065e-06,0.05772756412625313,0.0537869076407145,3.3658550419155936e-06,0.05765486881136894,0.05368059081217599,3.409520324959775e-06,0.05759260430932045,0.05358549325712143,3.4498784791510643e-06,0.05753851681947708,0.05349976628545731,3.4870484853806937e-06,0.05749073997139931,0.05342191256701,3.521427665733154e-06,0.057447586208581924,0.053350693531452664,3.5535943305305977e-06,0.05740733444690704
847,1,block_output,Vertical,1,0.1711657755668201,0.021909280890705173,0.8602308034896851,0.06524342316247168,5.592228612563895e-05,0.08346152305603027,0.05221599624270484,1.0999380149841005e-05,0.06078427657485008,0.04804904244485356,6.894918088100236e-06,0.05561656132340431,0.04618369787931442,6.306241052973892e-06,0.05345714092254639,0.0450646805739592,6.13667701538971e-06,0.052197687327861786,0.0442995246913698,6.060480623977586e-06,0.05137389525771141,0.04373741356862916,6.015734124732554e-06,0.05079609900712967,0.04330632238397523,5.987013864176425e-06,0.05037281662225723,0.04296605336287665,5.970223251386934e-06,0.05004998296499252,0.042691002762506876,5.963067819196901e-06,0.049794379621744156,0.042464085514583284,5.962692445663518e-06,0.04958691447973251,0.04227376989428959,5.9656801612395314e-06,0.04941538721323013,0.042111886458264455,5.9679243880972945e-06,0.04927033185958862,0.04197237818014054,5.965692494337135e-06,0.04914441704750061,0.041850700028358945,5.957864236789258e-06,0.04903341457247734,0.04174354453645055,5.946826204171556e-06,0.04893619567155838,0.041648553418261666,5.936165713907673e-06,0.04885251820087433,0.04156394503892414,5.928083792040972e-06,0.04878119379281998,0.04148826328298402,5.923129227775354e-06,0.04872029647231102
847,1,block_output,Horizontal,1,0.1897065347385785,0.01891897179132591,0.8850057125091553,0.07384472257561153,3.597738340089421e-05,0.08656925708055496,0.062290579080581665,3.986492748412534e-06,0.06643680483102798,0.058689662624919224,1.6008487796733495e-06,0.06111650913953781,0.05703527474450686,1.309028383696888e-06,0.059292957186698914,0.0559936078886191,1.234855616049221e-06,0.05820143222808838,0.05525902936619426,1.2171228915122147e-06,0.05742139369249344,0.054717984582696645,1.2245678830772062e-06,0.05684288591146469,0.05430838755435414,1.2427157215471034e-06,0.05640653893351555,0.0539911152824523,1.262413628883089e-06,0.05611881613731384,0.05373944614141706,1.279615497066518e-06,0.05588299781084061,0.053534551686237726,1.293758553471964e-06,0.05568212270736694,0.053363471750229124,1.3046832841107573e-06,0.055506810545921326,0.05321739809144111,1.3123606061006997e-06,0.055351391434669495,0.05309033577167799,1.3170522879862927e-06,0.055212341248989105,0.05297833976764527,1.3195145663054866e-06,0.055086761713027954,0.052878945947639526,1.3209594686196009e-06,0.05497200787067413,0.05279052133361498,1.3224890402864707e-06,0.0548662394285202,0.05271171358606172,1.3246123799878428e-06,0.054768409579992294,0.05264124079119591,1.32731944627034e-06,0.05468679219484329
847,1,block_output,Gaussian,1,0.1796506048431472,0.026415650783879297,0.8210991621017456,0.054493214935064316,2.4298248318768746e-05,0.06632032990455627,0.04618785465283999,4.897142799353888e-06,0.0513971783220768,0.043098667015631996,3.926367956988728e-06,0.04808986186981201,0.04141467283405955,3.778131363771248e-06,0.046141088008880615,0.04034993253530018,3.7456766984929024e-06,0.04486146941781044,0.03960773100455602,3.7287428548790425e-06,0.04394615441560745,0.03905545855088839,3.719386566682694e-06,0.04323534667491913,0.0386253883914342,3.718174519415216e-06,0.04266238957643509,0.03827833313317526,3.7232833637812387e-06,0.04237370193004608,0.037991389100040705,3.731828494772046e-06,0.04217976704239845,0.03775186541061553,3.742326226269314e-06,0.04202597215771675,0.037551013900647086,3.7548663638055676e-06,0.0418967679142952,0.037381087326341204,3.769298673394441e-06,0.04178323596715927,0.037235660862828056,3.7849867550086907e-06,0.04168044030666351,0.03710980890762238,3.801279043340765e-06,0.04158551245927811,0.03699982213595557,3.817633387137363e-06,0.04149678722023964,0.03690287766475526,3.833583264550309e-06,0.041413478553295135,0.03681680116625059,3.848707784986059e-06,0.04133542999625206,0.03673991005099009,3.862701500117618e-06,0.041262879967689514
847,2,block_output,Vertical,1,1.3538344737792771,3.7753032046504824,7.325196266174316,0.09096407931711939,0.00039050859300289844,0.128238707780838,0.053985269592394906,3.903566889291351e-05,0.06657597422599792,0.04177631035683647,1.3724899472476144e-05,0.048490144312381744,0.0360157283998671,8.492698095502574e-06,0.041153013706207275,0.032725781054487306,6.566938316491516e-06,0.03764785826206207,0.03056234470199025,5.61436055388499e-06,0.03572499752044678,0.02898472553444287,5.052855019671232e-06,0.034461066126823425,0.027757516160370813,4.683509187939807e-06,0.03342879191040993,0.026763880773196146,4.42197056623405e-06,0.03255460411310196,0.025936788982815213,4.226957215576209e-06,0.0317951925098896,0.025233764408363238,4.076113192375141e-06,0.03112383931875229,0.02462638556838982,3.956230018620871e-06,0.030523253604769707,0.024094957326139723,3.858836942090407e-06,0.029981695115566254,0.023625401040864368,3.7781732990422e-06,0.029490798711776733,0.023207321526512267,3.7101956600849926e-06,0.02904430218040943,0.02283277909552294,3.6520086684603785e-06,0.028637196868658066,0.022495516590655795,3.6015303453588968e-06,0.02826528437435627,0.022190465754459775,3.5572305934213433e-06,0.02792491391301155,0.02191342706126826,3.517983753849023e-06,0.027612853795289993
847,2,block_output,Horizontal,1,0.2585723808123952,0.11537694243476314,1.6901371479034424,0.06180167275052222,7.730391251314483e-05,0.08371946215629578,0.04444055140964569,9.82513794597898e-06,0.05275876820087433,0.0386562914484077,3.1821411671449108e-06,0.04272180050611496,0.0360729680174873,2.2897889264244935e-06,0.03923527151346207,0.0344929157031907,2.0588880899380193e-06,0.037312742322683334,0.03336795635284886,1.976210402749683e-06,0.036069534718990326,0.03250804366100402,1.952643784089307e-06,0.03534964472055435,0.03182416971004198,1.9555209101963384e-06,0.034781232476234436,0.03126662688714171,1.967974251379608e-06,0.034314416348934174,0.030803498353749986,1.9819413567986103e-06,0.03391774743795395,0.030412673654537353,1.9944340579188005e-06,0.03357197716832161,0.030078445250789326,2.00458346741493e-06,0.033264562487602234,0.029789408698441492,2.012305222091352e-06,0.032986678183078766,0.029537071104324054,2.017779092638128e-06,0.03273187577724457,0.029314967670610974,2.021238400685714e-06,0.032495610415935516,0.029118090808864624,2.0228807957345174e-06,0.03227512538433075,0.028942513856149855,2.0228660462336117e-06,0.032069265842437744,0.028785127082041333,2.021366495517083e-06,0.03187786042690277,0.028643435606407742,2.0185980684537422e-06,0.03170088678598404
847,2,block_output,Gaussian,1,0.08276153876194878,0.0030252460975452545,0.3485346734523773,0.032915019297174046,1.3465529889862099e-05,0.042814865708351135,0.026919538332592873,4.041043780681583e-06,0.032180916517972946,0.024386921069688268,2.616455944522781e-06,0.02865065634250641,0.02301710048720004,2.22476286983354e-06,0.027045100927352905,0.02214437560547912,2.065408237985416e-06,0.02607923001050949,0.021533434885361837,1.991127357158848e-06,0.025409309193491936,0.02108469241786571,1.9539601248395537e-06,0.024925388395786285,0.020742661570982326,1.93533708173566e-06,0.024561220780014992,0.02047381836861845,1.9259957585728636e-06,0.024278659373521805,0.020256867188782918,1.9197294606854146e-06,0.024054333567619324,0.0200777743307371,1.9123836600174672e-06,0.023870764300227165,0.01992746126202364,1.902586153037387e-06,0.023715946823358536,0.019800082765637883,1.8912118135084141e-06,0.023583509027957916,0.019691545693647294,1.8796659933652984e-06,0.023470235988497734,0.019598674768256764,1.868897691474673e-06,0.023373769596219063,0.01951887236819381,1.8593358598454294e-06,0.02329185977578163,0.019449980781664922,1.8511096313680848e-06,0.02322228252887726,0.01939020004300844,1.8442223162891761e-06,0.023162810131907463,0.01933805239460771,1.8385923569382892e-06,0.02311127819120884
847,3,block_output,Vertical,1,0.3694536792380469,0.2714674914143367,2.428510904312134,0.04960017864193235,0.00011158728556183054,0.07223927229642868,0.03036350476008559,1.5831326131829633e-05,0.041720617562532425,0.023510872637705196,6.556068286989457e-06,0.03156572952866554,0.019724535356674875,3.663831110998172e-06,0.025574620813131332,0.017218184716526478,2.453185142803841e-06,0.021945688873529434,0.015403864520882804,1.8542583005044745e-06,0.019379938021302223,0.014023324814699,1.5216115894832113e-06,0.017475740984082222,0.012937510460023843,1.3216311043150678e-06,0.01643494889140129,0.012062255041821608,1.1942865025542671e-06,0.015724901109933853,0.011342715131976301,1.1092490925556378e-06,0.015131670981645584,0.01074137995463042,1.0499974813117066e-06,0.014624200761318207,0.010231713202619364,1.007168282372248e-06,0.01418236643075943,0.0097944587173443,9.752571342903035e-07,0.013792986050248146,0.00941536356029766,9.508550466477987e-07,0.013446928933262825,0.009083713493531658,9.317532602647344e-07,0.013137459754943848,0.008791336930164742,9.164941764166691e-07,0.012859392911195755,0.008531904151101433,9.041137488715148e-07,0.012608624994754791,0.00830042635696748,8.939634796145312e-07,0.01238182745873928,0.008092905719956708,8.855888346838763e-07,0.012176213786005974
847,3,block_output,Horizontal,1,0.30361032403177685,0.11711114752632903,1.884082555770874,0.05695664084383419,0.00016549680147282412,0.08359842002391815,0.03274311048407403,1.1943933600325021e-05,0.03914380073547363,0.025414532848766873,4.186420080739281e-06,0.029297219589352608,0.021784528557743345,2.7144708897321268e-06,0.025357220321893692,0.01946717071982603,2.0704940779664006e-06,0.022569192573428154,0.017807314675005657,1.6815254241070108e-06,0.02054375410079956,0.016549340153615626,1.4211973810492653e-06,0.019166752696037292,0.01556344735362227,1.2404713176585044e-06,0.01808929443359375,0.014772168996315154,1.1122736570628168e-06,0.017224512994289398,0.014125092915954098,1.0195791503206817e-06,0.01651698350906372,0.013587702036140457,9.512605102778107e-07,0.01592855341732502,0.013135553455896794,8.999368184041427e-07,0.015432632528245449,0.012750900779215117,8.606570136751488e-07,0.015010261908173561,0.012420566900381966,8.300666269048088e-07,0.014647487550973892,0.012134562941297652,8.058591253573811e-07,0.01433371752500534,0.011885170174378252,7.864232470298154e-07,0.014060686342418194,0.011666325527051139,7.706160329209678e-07,0.013821812346577644,0.01147320434924156,7.576138369470935e-07,0.013611775822937489,0.01130192190231312,7.468153630113021e-07,0.01342623308300972
847,3,block_output,Gaussian,1,0.8540866026093089,1.7310590350281558,4.990690231323242,0.07162516895267698,0.0002461653590232804,0.1111627072095871,0.04350093486053603,3.114979041725756e-05,0.05787322670221329,0.03342388103169108,9.927474452643236e-06,0.0423232764005661,0.02808286092938885,5.2323245081564455e-06,0.0341273732483387,0.024561429455403298,3.3657046460041237e-06,0.02885236218571663,0.02203647487811626,2.4277514535579832e-06,0.025514353066682816,0.02014109557346692,1.9066047375415177e-06,0.023290641605854034,0.018665755374564066,1.5865926876470589e-06,0.021558161824941635,0.017481529006054475,1.3681850826292809e-06,0.020161235705018044,0.016506222401937796,1.2052625352846485e-06,0.01900225505232811,0.015685832039231344,1.0761293768839373e-06,0.018018627539277077,0.014983831535256098,9.700914971006625e-07,0.017169374972581863,0.014374781843452226,8.814236955238801e-07,0.01642700657248497,0.013840433816233325,8.066714991795888e-07,0.015772350132465363,0.013367303942758885,7.434536801861181e-07,0.015191320329904556,0.012945155140071635,6.89925501756476e-07,0.014672931283712387,0.012566005071950338,6.445403650222293e-07,0.014208025299012661,0.012223501896692647,6.059335149537326e-07,0.013788965530693531,0.011912519629630778,5.72889567608112e-07,0.013509349897503853
847,4,block_output,Vertical,1,0.06803986190685204,0.0016537418181624373,0.2092243731021881,0.022663388785625262,1.3954610796198025e-05,0.030008425936102867,0.014780069745722272,3.502888335856796e-06,0.019042164087295532,0.01108681783080101,1.7731453394972137e-06,0.015275465324521065,0.008981227113436612,1.1792280714178388e-06,0.013056416995823383,0.007642299469028201,8.87337475933018e-07,0.011504849418997765,0.006730272183342586,7.264803249205514e-07,0.010406823828816414,0.00608102876012997,6.344909392582525e-07,0.009620902128517628,0.005604062436355485,5.794645581483903e-07,0.009047934785485268,0.00524560809283266,5.449583033666912e-07,0.008621821179986,0.004971634116142042,5.22322162735115e-07,0.008299102075397968,0.004759435545623539,5.068488016452963e-07,0.00805099681019783,0.004593245212047819,4.958626225108859e-07,0.007857831194996834,0.004461808026664787,4.877909690897571e-07,0.007705779280513525,0.004356944970490914,4.816971427349193e-07,0.0075850049033761024,0.0042726282133824295,4.770049443639784e-07,0.00748829822987318,0.004204351340405761,4.733286135408829e-07,0.007410130929201841,0.004148694782680463,4.7038040351479257e-07,0.007346161175519228,0.00410303731064593,4.679489706359676e-07,0.0072931284084916115,0.0040653668942728215,4.658929297319396e-07,0.0072487229481339455
847,4,block_output,Horizontal,1,0.22739172774174857,0.07165906608815113,1.4284719228744507,0.0463018903420085,7.765099050303482e-05,0.06641395390033722,0.030068677717021534,1.0134558525338541e-05,0.0380014106631279,0.023548325878523645,4.9113124444941714e-06,0.030125116929411888,0.01958226581059751,2.978260065989807e-06,0.02511441707611084,0.016883096214206444,2.0005696867194942e-06,0.021619103848934174,0.014919226989150047,1.438087669771923e-06,0.01904986798763275,0.013430315631604383,1.0922345407257468e-06,0.017093462869524956,0.012269255128644761,8.7011667357597e-07,0.015561869367957115,0.011344070975033064,7.223735617715267e-07,0.014336628839373589,0.010593781321649514,6.209109876514295e-07,0.013340387493371964,0.009976431934369935,5.490295269254355e-07,0.012520194053649902,0.009462297598402652,4.964902564851397e-07,0.01183816697448492,0.009029759434125727,4.5687534547816063e-07,0.011266250163316727,0.008662725192686868,4.261006910453901e-07,0.010783109813928604,0.00834897223357407,4.0154680015581545e-07,0.010372218675911427,0.008079049776175193,3.8151643279702467e-07,0.010020612739026546,0.007845539725311691,3.6489935072021037e-07,0.009718052111566067,0.007642537939347445,3.509473042007943e-07,0.009456382133066654,0.007465292817898213,3.391390321514711e-07,0.00922904722392559
847,4,block_output,Gaussian,1,0.5848954943200898,0.9311225915371699,4.061119079589844,0.056519688062724616,0.00012080216036230674,0.08741794526576996,0.038514955885826596,2.5993645988217213e-05,0.05393677204847336,0.030697923360599413,1.2133270477506515e-05,0.040740642696619034,0.025753363493889098,7.008506161481037e-06,0.03279782831668854,0.02219625807825535,4.426232285665055e-06,0.027177967131137848,0.01949988216871307,2.986744231661748e-06,0.023024190217256546,0.017383884934205857,2.13209306892355e-06,0.020433682948350906,0.01568082504210964,1.5969830008250618e-06,0.018365461379289627,0.014284364435644377,1.2453981825432327e-06,0.016656357795000076,0.013122967666103727,1.0039883662628875e-06,0.015226797200739384,0.012146009546187189,8.316370865698045e-07,0.014020046219229698,0.011316225863993168,7.044652100774865e-07,0.013042191974818707,0.010605379879947693,6.080645983295388e-07,0.012339754961431026,0.009991642959888965,5.333833497687669e-07,0.011728642508387566,0.009457904963739334,4.745086318140715e-07,0.011192969046533108,0.008990624535178382,4.27426599454842e-07,0.010720272548496723,0.008578998391472158,3.893190896448752e-07,0.01030073780566454,0.008214353243746454,3.581496249503234e-07,0.00992655474692583,0.00788967829522869,3.3242115968451404e-07,0.009591478854417801
847,final,proj_out,Vertical,1,0.1532380267504662,0.007185997430036292,0.39740192890167236,0.08489747262663311,3.472993945753014e-05,0.09841525554656982,0.07404346628085015,2.734956181882455e-05,0.08653508126735687,0.06576756795956976,2.568308453045735e-05,0.07775372266769409,0.05893978322782214,2.4897578833464157e-05,0.07080674171447754,0.05320552393557534,2.4192744546771853e-05,0.06502479314804077,0.04836016479465696,2.340617788271176e-05,0.060109786689281464,0.04425593861748302,2.253817366772044e-05,0.055899351835250854,0.040775292686053684,2.161890228829952e-05,0.0522790402173996,0.03782046062960511,2.067685803780845e-05,0.04915625974535942,0.03530841391711008,1.9734117624787143e-05,0.046452950686216354,0.033168205459203036,1.8807335322117327e-05,0.04410315677523613,0.03133933281614667,1.7909160841735124e-05,0.042051512748003006,0.029770508260717466,1.7049101102906082e-05,0.04025179147720337,0.028418575871794943,1.623397676499558e-05,0.038665518164634705,0.027247485719502917,1.5468211421024376e-05,0.03726061433553696,0.026227328187179943,1.4754080808096916e-05,0.036010317504405975,0.025333423788348835,1.4092008118666172e-05,0.034892234951257706,0.024545499138415805,1.3480915418392107e-05,0.0338875986635685,0.023846944232308674,1.2918623292891016e-05,0.03298071771860123
847,final,proj_out,Horizontal,1,0.1357032907387567,0.0035199226852301035,0.3278525769710541,0.08966027968932712,1.0858290358959754e-05,0.09706155955791473,0.0813211811676858,6.485086477530311e-06,0.086130790412426,0.0745177065569257,5.4028088092280995e-06,0.07841384410858154,0.06869980539121325,5.125757456574818e-06,0.07311959564685822,0.06369328747193019,5.222273392274921e-06,0.06854473054409027,0.059367682725664166,5.4898676108595315e-06,0.06453686207532883,0.0556146294942924,5.811366393010789e-06,0.061005376279354095,0.05234602075957116,6.124742963925788e-06,0.05788741633296013,0.04949037535559563,6.401428977674543e-06,0.05513443052768707,0.04698898406728866,6.631057804835015e-06,0.052705153822898865,0.044792891140021975,6.812510193307665e-06,0.05058472603559494,0.042860748453272715,6.949100860299214e-06,0.04871435463428497,0.04115730778328956,7.046076701558137e-06,0.047048959881067276,0.03965233562011567,7.109236603498621e-06,0.04556368663907051,0.03831979821598719,7.144258352764984e-06,0.044236600399017334,0.03713722337806036,7.156321996449957e-06,0.04308626055717468,0.03608518898014038,7.150009882949237e-06,0.04206758365035057,0.03514688799069041,7.12927845051209e-06,0.04116338863968849,0.03430777495460851,7.097490423173601e-06,0.04035913944244385
847,final,proj_out,Gaussian,1,0.07658372529678875,0.0006977071476297712,0.1720862090587616,0.04899465203994796,1.3113147746691522e-05,0.056062787771224976,0.04159792069168318,8.844717656893199e-06,0.04696804657578468,0.03648889629495523,7.18917040930608e-06,0.041044510900974274,0.03267118642254481,6.204215475012472e-06,0.03679659962654114,0.02972308708916581,5.527091269792692e-06,0.03416846692562103,0.02739351417218882,5.026424082629135e-06,0.032066795974969864,0.02552270031874142,4.6495479922022475e-06,0.030323538929224014,0.02400230637027158,4.365278271047202e-06,0.02888118103146553,0.02275494849752812,4.14987652084595e-06,0.02768608182668686,0.021723220686590862,3.984967839976969e-06,0.026691734790802002,0.02086339598255498,3.856793222628808e-06,0.025859516113996506,0.02014157467240852,3.7552689857702514e-06,0.025157976895570755,0.019531188177920523,3.673060187620748e-06,0.02456173673272133,0.01901127439406183,3.6048336886246627e-06,0.024050477892160416,0.018565233442045394,3.5467293574371066e-06,0.023608073592185974,0.018179884209992395,3.495970072649873e-06,0.023221876472234726,0.017844732259474104,3.4506034512184265e-06,0.022882048040628433,0.0175513962934178,3.409290389368907e-06,0.022580966353416443,0.01729315472027612,3.3711405799022694e-06,0.022312678396701813
817,initial,patch_embed,Vertical,1,0.3012905272226485,0.2026411316836008,2.1909003257751465,0.08868332077113408,8.918349380819243e-07,0.09116766601800919,0.08826021341577409,6.534531240815294e-07,0.0899088978767395,0.0882355547140515,7.143538043492502e-07,0.08991694450378418,0.08825175546937519,7.59216729511165e-07,0.0900152176618576,0.0882613757063472,7.71834720039634e-07,0.09010490030050278,0.08826306391329992,7.597606905595096e-07,0.09003812074661255,0.0882714856711645,7.570292693842983e-07,0.09007777273654938,0.08829368627260602,7.740466530893069e-07,0.09015120565891266,0.08832533290934941,8.008835444667379e-07,0.09032542258501053,0.08836056256578081,8.317315287951644e-07,0.09050518274307251,0.08839239026345903,8.613725256121973e-07,0.09063218533992767,0.08841403502793539,8.802511189085134e-07,0.09067165851593018,0.08842649488222032,8.846137264641449e-07,0.09065265208482742,0.08843621895426795,8.803082666777717e-07,0.09061779081821442,0.08844666041079022,8.734444168513924e-07,0.09058250486850739,0.08845860026185474,8.678622327401464e-07,0.09054867178201675,0.08847152441740036,8.650403008788416e-07,0.09051214158535004,0.08848409461123603,8.639996448357694e-07,0.09046821296215057,0.0884955536041941,8.6324268668705e-07,0.09041829407215118
817,initial,patch_embed,Horizontal,1,0.3009975790267899,0.22027792750418665,2.3938775062561035,0.08947564921681843,1.6122991760051532e-07,0.09105668216943741,0.08915646622578303,4.323905118608891e-08,0.08967727422714233,0.08903009787438408,3.2551597915963185e-08,0.08948563039302826,0.08894804332937513,2.3978090068036383e-08,0.0893302857875824,0.08891170944959398,2.250194404053037e-08,0.08930464833974838,0.08889918656103195,2.3809749176153686e-08,0.08929183334112167,0.08889965996855781,2.6033297395110692e-08,0.0893126130104065,0.08890781043067811,2.8230622090141466e-08,0.08933164924383163,0.08892130981835109,3.044691555056217e-08,0.08934058248996735,0.08893830743100908,3.2616307000530727e-08,0.08938007801771164,0.08895724077546407,3.47928241578469e-08,0.08944783359766006,0.08897619777255589,3.695943742608276e-08,0.0895046815276146,0.08899350760001985,3.8867832782161646e-08,0.08954469859600067,0.08900850278044505,4.0327056610268226e-08,0.08957193046808243,0.08902120164462499,4.128647611393906e-08,0.08959351480007172,0.08903177165322834,4.1794969675829005e-08,0.08961070328950882,0.08904049687442325,4.199016818353229e-08,0.08961678296327591,0.08904801155366594,4.214702894477586e-08,0.08960685133934021,0.0890552257261579,4.267357731707702e-08,0.08958745002746582
817,initial,patch_embed,Gaussian,1,0.23786475769584142,0.14338354495056688,1.8232777118682861,0.06687750750117832,6.058841764140213e-07,0.0691622719168663,0.0667303256572239,5.48838586232125e-07,0.06843008100986481,0.06658298333012869,4.382698309171257e-07,0.06820788979530334,0.06656105638969512,4.176736656830501e-07,0.06806333363056183,0.06657150328632384,4.2064233007247327e-07,0.06801380217075348,0.06658215347736601,4.2614823199204756e-07,0.06798537075519562,0.06659680758676832,4.31548743576463e-07,0.06793306767940521,0.06661214135468953,4.388403664834265e-07,0.06790922582149506,0.06662597992117443,4.476791548212662e-07,0.06804287433624268,0.06664487755014784,4.577163815082251e-07,0.06815262138843536,0.06667214537423755,4.6930159522967215e-07,0.06824323534965515,0.06670215371109191,4.809456868788757e-07,0.06832151114940643,0.0667279658336488,4.926443351795968e-07,0.06839422881603241,0.06674552365900978,5.053739465179144e-07,0.0684586763381958,0.06675706945714496,5.188697775456474e-07,0.06850788742303848,0.06676761569484832,5.321674132735904e-07,0.0685439333319664,0.0667797267910034,5.449640501654036e-07,0.06857411563396454,0.06679340475608432,5.573317989848519e-07,0.06860321015119553,0.06680805768285479,5.693309251510002e-07,0.06863293796777725
817,0,block_output,Vertical,1,0.12938402817835884,0.00391379960219526,0.4221806228160858,0.07680433480039475,1.8414349757026486e-05,0.08787256479263306,0.07095745820847768,8.861517489681029e-06,0.0787399560213089,0.06930161338476908,7.549514610120319e-06,0.07610286772251129,0.06868361516131295,7.214408806012408e-06,0.07519109547138214,0.0683355067693998,7.096525320695893e-06,0.0747138112783432,0.06809690192578331,7.049683342570646e-06,0.0743904635310173,0.0679198641862188,7.038228708842393e-06,0.07414299249649048,0.06778145747052298,7.050859711686731e-06,0.07393849641084671,0.06766858909811292,7.078851844975253e-06,0.0737585499882698,0.06757405695934145,7.1136351725939955e-06,0.07367968559265137,0.06749318007911954,7.1508756271992274e-06,0.07362550497055054,0.06742230377026967,7.188704450319566e-06,0.07357409596443176,0.06735900848630876,7.2260298353220824e-06,0.07352842390537262,0.06730224475974128,7.262161301962786e-06,0.07349149882793427,0.06725164035719539,7.29670940140544e-06,0.07346305251121521,0.06720655819489843,7.329435268182844e-06,0.07344017922878265,0.06716604045932255,7.3602055109977355e-06,0.07342003285884857,0.06712908067163967,7.388872396527048e-06,0.07340054214000702,0.06709479120752168,7.415161511604166e-06,0.07338067889213562
817,0,block_output,Horizontal,1,0.6620824852633098,0.9626904130868371,4.165270805358887,0.1088314549553962,8.240511431776822e-05,0.1367492824792862,0.09173039110406997,1.1105831326968829e-05,0.10180306434631348,0.08428286973919187,2.93598082279784e-06,0.08794602751731873,0.08019708416291646,1.0877933819312217e-06,0.0826997458934784,0.07784057373092287,5.376580514674371e-07,0.0799098014831543,0.07648080800260816,3.5172825438861173e-07,0.07818278670310974,0.07568935978980292,2.8215570422021524e-07,0.07712329924106598,0.07520865104974263,2.519205566802438e-07,0.07646147906780243,0.07489361341983553,2.3634580045672157e-07,0.07602518796920776,0.07466823193762037,2.2714019678139205e-07,0.07571779191493988,0.07449430262758619,2.210852824119432e-07,0.07548857480287552,0.07435247574060683,2.167061353262014e-07,0.07531715929508209,0.074232399108864,2.1325632688927176e-07,0.07523293793201447,0.07412810257029911,2.1034055267715118e-07,0.07515502721071243,0.07403590589288682,2.0774672078612916e-07,0.0750751942396164,0.07395344322162961,2.0535359040829714e-07,0.07499352097511292,0.0738791266367549,2.0309265689798243e-07,0.07491076737642288,0.07381182778922338,2.0093512485022302e-07,0.07485688477754593,0.07375068383084403,1.9888387479664308e-07,0.07482139766216278
817,0,block_output,Gaussian,1,0.4786935668616068,0.5308230160663718,3.4721548557281494,0.07343861437033093,4.3130797445313114e-05,0.09099745005369186,0.06303406885218998,8.122097287364186e-06,0.07099613547325134,0.05914152023338136,4.170779206818294e-06,0.06391945481300354,0.057199702139884706,3.3188859002818707e-06,0.061491742730140686,0.05600891924566693,3.1061912151603785e-06,0.06005528196692467,0.05517214187790477,3.091534864977248e-06,0.05909114331007004,0.054544796960221395,3.157079394298021e-06,0.05839022994041443,0.054059813538241006,3.257775400177663e-06,0.05788755416870117,0.05367818480682752,3.3725493229644803e-06,0.05766037106513977,0.05337376738824542,3.4901097445683833e-06,0.057478129863739014,0.05312773035395713,3.603846374232712e-06,0.05733071640133858,0.05292612479792701,3.709884945352238e-06,0.05721098184585571,0.05275855219316861,3.8063208958171276e-06,0.05711370334029198,0.05261726967162556,3.892857698705955e-06,0.05703454464673996,0.052496511134363356,3.9702343479077626e-06,0.05696947127580643,0.05239196677529623,4.039518122166581e-06,0.056914955377578735,0.0523003934631272,4.1016564393840576e-06,0.05686815828084946,0.05221933741418142,4.15740070268473e-06,0.0568271279335022,0.05214693166670345,4.207405526463909e-06,0.056790292263031006
817,1,block_output,Vertical,1,0.3776846195733736,0.25888881820046206,2.355923652648926,0.08426861062882439,0.00012631285350662454,0.10888054966926575,0.06314218694728518,2.823555947884895e-05,0.07541381567716599,0.05394269413654766,1.295589267555821e-05,0.06452351808547974,0.049327459600236684,8.834309807856119e-06,0.05895917862653732,0.046753069060662435,7.47834734873683e-06,0.05581992119550705,0.04513313177795637,6.932091638345936e-06,0.05384010821580887,0.04402106556864012,6.686690307620102e-06,0.05249203369021416,0.04321399656316591,6.573579492751639e-06,0.05152653530240059,0.042603687220622626,6.5249905448056755e-06,0.0508059486746788,0.0421253786318832,6.510191479267077e-06,0.050247300416231155,0.041738109870089427,6.513667528837541e-06,0.04979856312274933,0.041415384955822476,6.52677674548326e-06,0.04942653328180313,0.041139889508485794,6.544661939562108e-06,0.049110040068626404,0.04090017860844022,6.5645753641635026e-06,0.04883545637130737,0.04068853309939778,6.585018969336497e-06,0.048593632876873016,0.04049957791964213,6.605103525250015e-06,0.04837784543633461,0.04032940636315043,6.624212410029488e-06,0.04818262904882431,0.04017505173881849,6.641784988157719e-06,0.0480031818151474,0.04003418674544683,6.65730462875662e-06,0.047835320234298706
817,1,block_output,Horizontal,1,1.1454798950562401,2.741773821813337,6.388885498046875,0.12024488004427107,0.000253582355767175,0.15017634630203247,0.09138759970664978,2.7749810943712726e-05,0.10445089638233185,0.08010805078915187,1.1992473045154925e-05,0.08869335055351257,0.07283844763324374,6.7827883979681864e-06,0.07902762293815613,0.0679382278569161,4.2344246810866164e-06,0.07338932156562805,0.06464442250037951,2.9817532508155483e-06,0.06978997588157654,0.062386524287008104,2.3628202973004387e-06,0.06727662682533264,0.06077438356384399,2.04321188116053e-06,0.06543760001659393,0.05956399440765381,1.865129486890711e-06,0.06401436030864716,0.05861078900477243,1.7569279906180115e-06,0.06285668909549713,0.05783079115171281,1.6862653147502597e-06,0.06187993660569191,0.057174674930080535,1.6381426611337462e-06,0.0610361322760582,0.056612318115574975,1.6051161759454832e-06,0.06029697507619858,0.05612418173797547,1.5830298269511235e-06,0.059644393622875214,0.05569666777811353,1.5691787097436982e-06,0.059065625071525574,0.0553196445698776,1.5615571466495912e-06,0.05855070799589157,0.054985154479269,1.5585680818417542e-06,0.05809134244918823,0.054686733358909216,1.5589188997405885e-06,0.057680316269397736,0.054419049549670445,1.5615780911276375e-06,0.057311274111270905
817,1,block_output,Gaussian,1,0.26168266506422133,0.09687535682991334,1.8403685092926025,0.0597009558881086,5.6520702051444615e-05,0.08013774454593658,0.04780725454763761,9.156141833791885e-06,0.05544387549161911,0.04359323631912943,5.299570998482769e-06,0.048390720039606094,0.04140058952191519,4.414283772047727e-06,0.04560847952961922,0.0400687541280474,4.171354328096497e-06,0.04406192526221275,0.03916504222249228,4.090215660269855e-06,0.043065667152404785,0.03849984829624494,4.0546151637491136e-06,0.042563311755657196,0.037984020948883084,4.0340475918418205e-06,0.04216668754816055,0.03757120402795928,4.017518006489641e-06,0.04184945672750473,0.03723336744403082,4.003767671412093e-06,0.04159434884786606,0.03695161735254621,3.994498920918783e-06,0.041387323290109634,0.036712610946288186,3.990725085549738e-06,0.041217245161533356,0.03650673023528523,3.992524268557616e-06,0.041074566543102264,0.03632698367748942,3.999123477966384e-06,0.04095092788338661,0.036168317177465985,4.009130495706726e-06,0.04084014520049095,0.03602707318015515,4.021036299480646e-06,0.040739066898822784,0.035900526517440405,4.033739655137321e-06,0.04064667969942093,0.03578653996662488,4.046627577132969e-06,0.040562357753515244,0.03568336929357241,4.059284980206305e-06,0.04048486053943634
817,2,block_output,Vertical,1,0.30067454278469086,0.11133292561937247,1.6165227890014648,0.05517466792038509,0.00014985970583246733,0.08141502737998962,0.03424913116863796,1.3550256028127278e-05,0.042468711733818054,0.028295043826339735,6.3029647677092565e-06,0.03553740680217743,0.0255116339004229,5.063970189465202e-06,0.032065264880657196,0.023745418659278324,4.582573796723175e-06,0.029845718294382095,0.02248185674940783,4.3113944861638564e-06,0.0282606054097414,0.02152543053740547,4.137183965859572e-06,0.027112029492855072,0.020775580128270483,4.017559550372993e-06,0.026358339935541153,0.020172642928267284,3.930649069960918e-06,0.025742461904883385,0.019678101860105046,3.864276027992695e-06,0.025231262668967247,0.019265669205832104,3.8112169949963844e-06,0.02480103261768818,0.01891676224176846,3.767003226582179e-06,0.02443452551960945,0.018617935271726713,3.7288870203583215e-06,0.024119000881910324,0.0183592661032601,3.695190976961732e-06,0.023844849318265915,0.01813329698606616,3.6648620571392583e-06,0.023604631423950195,0.017934313901360074,3.6371910327208527e-06,0.02339249476790428,0.017757866561176287,3.611660807972364e-06,0.0232037715613842,0.017600436680137166,3.587872724393154e-06,0.023034749552607536,0.017459207850079688,3.565522332364432e-06,0.022882450371980667
817,2,block_output,Horizontal,1,0.8277710509442148,1.580206246329431,5.073805809020996,0.09748210060218024,0.00019608754060132717,0.1307734251022339,0.06748970107190193,3.983780607727475e-05,0.07935651391744614,0.05319270994218569,1.4715135996401842e-05,0.06171776354312897,0.04562136702357777,7.332302876587596e-06,0.054270096123218536,0.041440986747306494,4.9230036668066656e-06,0.0498025082051754,0.038886614025585235,3.9456984440718725e-06,0.04671097174286842,0.03713057958890521,3.4211149916091374e-06,0.04434986412525177,0.035813299318154655,3.081251340352867e-06,0.04244895279407501,0.03476967774922886,2.839451870059798e-06,0.04087470844388008,0.033912776836327145,2.658958011755391e-06,0.039547648280858994,0.033190728889571294,2.5201583560822403e-06,0.038414254784584045,0.03257005850947092,2.4110339522203914e-06,0.03743549436330795,0.03202812202156536,2.3237289119783805e-06,0.036581944674253464,0.03154904478126102,2.252945425603617e-06,0.03583107888698578,0.03112135005612222,2.1950540303114094e-06,0.035165708512067795,0.03073649409981001,2.1474888089859127e-06,0.034572649747133255,0.030387954638590887,2.108366725812673e-06,0.03404168784618378,0.030070640560653474,2.076218633825705e-06,0.03356463462114334,0.029780501085850928,2.049826707951372e-06,0.03313466161489487
817,2,block_output,Gaussian,1,0.24022598351751054,0.12447817320011263,1.8097431659698486,0.04570501084838595,4.738582588818211e-05,0.06152208521962166,0.033866349992061416,6.77754357030808e-06,0.04038067162036896,0.029477041510362473,3.6107131324107405e-06,0.033840250223875046,0.026998973525469264,2.794784645138272e-06,0.031638070940971375,0.02536871334508298,2.4693826718709387e-06,0.030073489993810654,0.024206716449014724,2.3018694286632768e-06,0.028908617794513702,0.023328778526139637,2.191245947384144e-06,0.02799234911799431,0.022635341045402345,2.1043885113333355e-06,0.027227353304624557,0.02207046720598425,2.033239469277665e-06,0.02656075730919838,0.02160113337375815,1.97633034534691e-06,0.025972096249461174,0.021205706551434503,1.9316146071906917e-06,0.025454480201005936,0.02086852156808452,1.896245450898509e-06,0.025001678615808487,0.02057784464624193,1.8677768066779769e-06,0.024605635553598404,0.02032485542198022,1.8445087085548516e-06,0.024257969111204147,0.0201028525711052,1.8253252609946844e-06,0.02395099587738514,0.019906639284084714,1.8094995172458615e-06,0.02367822267115116,0.01973210307695563,1.796553051478797e-06,0.023434504866600037,0.019575941538999952,1.7861820116016107e-06,0.023216113448143005,0.019435482158783882,1.7781683962828142e-06,0.023020444437861443
817,3,block_output,Vertical,1,0.2666616601839898,0.1331737521955877,1.8250072002410889,0.039549816045023146,7.246584841230332e-05,0.06299807131290436,0.024411901949890076,6.072105180648172e-06,0.030145902186632156,0.019463240893350706,3.042915300668992e-06,0.024139393121004105,0.01663904668142398,2.3460277418211754e-06,0.021606244146823883,0.014686491369964584,2.0168000703692415e-06,0.019670162349939346,0.013228917745725504,1.8092501536947696e-06,0.01813860796391964,0.012093483100807855,1.6582628747117951e-06,0.016899006441235542,0.011183175213989757,1.5402848156559112e-06,0.015878405421972275,0.010437756540283324,1.4445350345372854e-06,0.01502821035683155,0.009817468652886057,1.3652983158374132e-06,0.014314841479063034,0.009294885809400253,1.2993160496729457e-06,0.013712956570088863,0.0088502696183111,1.2443468232584378e-06,0.013202059082686901,0.008468851587542939,1.1984877558087794e-06,0.012765465304255486,0.008139285051988231,1.1600670934044517e-06,0.01238982379436493,0.007852684632535018,1.1276701039749115e-06,0.012064548209309578,0.0076019979185528224,1.1001260923211801e-06,0.011781226843595505,0.007381551566400698,1.0764497603882382e-06,0.0115331020206213,0.007186741568148136,1.0558205727886946e-06,0.011314671486616135,0.007013801086161818,1.037557854783449e-06,0.0111213568598032
817,3,block_output,Horizontal,1,0.23851527734881356,0.0793695093304428,1.577160120010376,0.05147953881394295,0.00012530591188926834,0.07760199159383774,0.03143806391883464,1.5018364003309263e-05,0.04339401423931122,0.024591514663327308,5.305257721927083e-06,0.0321703776717186,0.020962712665398914,2.9017525832806753e-06,0.026282615959644318,0.018631198606084264,1.9458979266140855e-06,0.022590937092900276,0.016980607816506,1.4748641034834684e-06,0.020096253603696823,0.015740032884336654,1.2070249777244138e-06,0.01831091195344925,0.014770774377716912,1.0397825499536912e-06,0.01697414740920067,0.013993045078620078,9.28785526846023e-07,0.015939075499773026,0.013356593688802114,8.519267782016292e-07,0.015118101611733437,0.012827685975011379,7.970319372196974e-07,0.014567894861102104,0.012382590714546423,7.568827323656364e-07,0.014152767136693,0.012004010852367158,7.269509174188231e-07,0.01379594299942255,0.011678992401039789,7.042653752149441e-07,0.013487030752003193,0.011397640516478864,6.867996556142251e-07,0.013217823579907417,0.011152297613166627,6.731421144846582e-07,0.012981664389371872,0.010936992331629708,6.623140999621755e-07,0.012773193418979645,0.010747031397407963,6.536447687450964e-07,0.012588240206241608,0.010578676718213255,6.466678379742564e-07,0.012423615902662277
817,3,block_output,Gaussian,1,0.2870646653076013,0.1360003087162287,1.81935453414917,0.04429421943449785,0.00010927026349292919,0.08108371496200562,0.027887541268553053,9.321540931782185e-06,0.03484448418021202,0.02248995162783161,3.884861182983378e-06,0.02750946395099163,0.019392962907514875,2.333683138001702e-06,0.023272238671779633,0.01729446615550726,1.621024169747877e-06,0.02027967944741249,0.015758598992039286,1.2373288670962386e-06,0.018069345504045486,0.014578737436778962,1.012473650322706e-06,0.016782209277153015,0.013641259248649317,8.7114780610559e-07,0.01580403372645378,0.012878028808959894,7.76412332468629e-07,0.015009559690952301,0.01224520243704319,7.093088098042818e-07,0.01435315515846014,0.011712875512857285,6.596874678322916e-07,0.01380255538970232,0.011259742421171968,6.217543791956701e-07,0.01333482377231121,0.010870125218634568,5.919718351273893e-07,0.012933466583490372,0.010532202139969856,5.680731099033873e-07,0.012586252763867378,0.010236888296074338,5.485498477703714e-07,0.012283824384212494,0.009977093247312403,5.323675137141837e-07,0.012018844485282898,0.009747208391744939,5.187979334744177e-07,0.011785445734858513,0.009542742537127601,5.073129824116145e-07,0.011578872799873352,0.009360058262707695,4.975192947066756e-07,0.011395219713449478
817,4,block_output,Vertical,1,0.2835282660902493,0.11745117877383011,1.8005412817001343,0.04364044405519962,0.00010599551821263874,0.0658019557595253,0.027099308572591296,1.2416473298677564e-05,0.03675977140665054,0.0210826461395574,5.737866196035439e-06,0.027178173884749413,0.017424615247855112,3.516485495338829e-06,0.022176828235387802,0.014875472360660159,2.4658185119342503e-06,0.018922146409749985,0.012987896075679196,1.877847031179387e-06,0.0167776457965374,0.01153811908489655,1.5133444210343225e-06,0.015467663295567036,0.010394831321069173,1.2724725739414738e-06,0.014381129294633865,0.009474650720163943,1.1056465705196261e-06,0.013463044539093971,0.00872185252725132,9.85015041955164e-07,0.012678237631917,0.008097483961295986,8.943481243923456e-07,0.012002392672002316,0.007573359394593845,8.24137084700889e-07,0.011417269706726074,0.007128668653350028,7.68596305913012e-07,0.010908477008342743,0.006747828027795231,7.239741853060888e-07,0.010464384220540524,0.006418996409232181,6.876853426571335e-07,0.01007545180618763,0.006133042246339813,6.578613696545873e-07,0.009733764454722404,0.005882821031033047,6.331077596968549e-07,0.009432695806026459,0.0056626685702848055,6.12361007979986e-07,0.009166654199361801,0.005468039322526209,5.948025494231653e-07,0.008930903859436512
817,4,block_output,Horizontal,1,0.18371784480081665,0.027394500965169363,1.0042630434036255,0.04052635926812414,6.0111272404170565e-05,0.05976380407810211,0.026189894814576422,5.6178772592492875e-06,0.032401226460933685,0.02038219299108263,2.4462240696325116e-06,0.02462140843272209,0.016848687792108172,1.4367572233030092e-06,0.02001848816871643,0.014480425222288994,9.925826152060547e-07,0.01694367080926895,0.012798261281753343,7.600951763928011e-07,0.01478041522204876,0.011552234209837422,6.229875706218686e-07,0.013419495895504951,0.010598310565073338,5.348997953635778e-07,0.012481078505516052,0.009848531941691089,4.74800255389053e-07,0.011720674112439156,0.00924672678645168,4.3199990791948617e-07,0.01109632384032011,0.008755538376077773,4.005146633367069e-07,0.010577485896646976,0.008349238614004755,3.767484428281923e-07,0.01014099270105362,0.008009580777041496,3.584259279678314e-07,0.009769415482878685,0.007723260766989182,3.440388083677709e-07,0.009450111538171768,0.007480271707569796,3.325370483085533e-07,0.009174007922410965,0.00727287136639158,3.2316422112799875e-07,0.008934294804930687,0.007094941146316982,3.153632467822728e-07,0.00872553139925003,0.006941584286294759,3.0872180858944395e-07,0.008543276228010654,0.006808828119011153,3.029371180666207e-07,0.008383898064494133
817,4,block_output,Gaussian,1,0.13949530122299042,0.014739889529909286,0.6836634874343872,0.036328626382682055,3.8376084979399026e-05,0.05016874521970749,0.02446521886639179,8.816541353349643e-06,0.03219178691506386,0.018618516239618497,3.6157816326209917e-06,0.023573506623506546,0.015065884114139609,1.8529514484819458e-06,0.01870148442685604,0.012692144037120871,1.1228400082996444e-06,0.015396444126963615,0.011011124558983341,7.817369541032211e-07,0.013054294511675835,0.00977236187706391,6.025127891282442e-07,0.011343909427523613,0.008831836867131411,4.977847288925781e-07,0.010353387333452702,0.008100413089056336,4.3093954280556385e-07,0.0096629299223423,0.0075204517647978805,3.8535974427585415e-07,0.009108811616897583,0.00705338724046236,3.528101881433423e-07,0.008655603043735027,0.006672450651725133,3.287548780591344e-07,0.008280064910650253,0.006358400704191317,3.1045426839941653e-07,0.007966089062392712,0.00609704295528077,2.961697921569069e-07,0.0077018034644424915,0.005877696369434633,2.8475858424079486e-07,0.0074780588038265705,0.005692180194374587,2.7543462272994537e-07,0.007287617772817612,0.0055341337703996235,2.676262069250892e-07,0.007124698720872402,0.005398575009571182,2.6090089696273625e-07,0.006984684616327286,0.005281612158767761,2.5494469438489125e-07,0.00686387624591589
817,final,proj_out,Vertical,1,0.1245728705137495,0.002941874996440309,0.2991124987602234,0.07747301021738658,2.658300681613762e-05,0.08945183455944061,0.06801450128356616,2.4503123971114033e-05,0.08010631799697876,0.06038653383415843,2.3719933188911143e-05,0.07246267795562744,0.054040839333855915,2.3019112978468145e-05,0.06621648371219635,0.048759311733264775,2.2200932293468748e-05,0.060947876423597336,0.044363728709637174,2.127354518514548e-05,0.056475088000297546,0.040702980011701584,2.0281823124983376e-05,0.05267085134983063,0.03765034542552063,1.9270648283382075e-05,0.04942866414785385,0.03509958505275704,1.827447887538024e-05,0.0466570109128952,0.032961720896382184,1.7316579704561523e-05,0.04427800327539444,0.031162580977829677,1.6411231514177908e-05,0.04222623258829117,0.029640791021169177,1.5566250048855868e-05,0.040447235107421875,0.028345965469876926,1.4784934845616423e-05,0.038895897567272186,0.027237047929139363,1.4067423415406206e-05,0.03753489628434181,0.0262807851568574,1.341170762623149e-05,0.03633341193199158,0.025450358196856485,1.281439895527781e-05,0.03526603430509567,0.024724188452911754,1.227134477562311e-05,0.0343119278550148,0.024084915747008627,1.1778114090706976e-05,0.03345416113734245,0.023518549514904855,1.1330314827917078e-05,0.03267902135848999
817,final,proj_out,Horizontal,1,0.13681679041612715,0.0032770104391836997,0.31565922498703003,0.08977905199641273,9.232989430222043e-06,0.09729663282632828,0.0819318424614649,5.4465384501149074e-06,0.0867699682712555,0.07552082316269951,4.835052676680047e-06,0.0809292271733284,0.0699084499289119,4.665161732089311e-06,0.07589194178581238,0.06498560208886389,4.706088706321303e-06,0.07132094353437424,0.060678698654685705,4.872440710061978e-06,0.06722086668014526,0.0569169581646011,5.100074941646498e-06,0.06357314437627792,0.05363415524600044,5.346310510002311e-06,0.060347143560647964,0.05076974878708521,5.585195188585945e-06,0.05750654265284538,0.04826918959854141,5.801852267431968e-06,0.055012296885252,0.046083925439724845,5.988648007147845e-06,0.052825067192316055,0.04417118897277211,6.142792808315442e-06,0.050907202064991,0.042493635049415016,6.264625132276123e-06,0.049223966896533966,0.04101887150179772,6.356474080216951e-06,0.04774419963359833,0.03971894588025789,6.42170929964935e-06,0.04644043371081352,0.03856982905713339,6.464157182530847e-06,0.04528879374265671,0.037550921891889875,6.487629273800171e-06,0.04426863044500351,0.0366445958377823,6.495711060433809e-06,0.043362200260162354,0.03583578079465836,6.491596091887585e-06,0.04255426675081253
817,final,proj_out,Gaussian,1,0.09016126684016651,0.0018418458400129723,0.230362206697464,0.05154896480223489,1.198236526340957e-05,0.060034558176994324,0.04412542797979854,8.127268268456327e-06,0.05025263875722885,0.03915261985763671,7.099516566548755e-06,0.04441765695810318,0.03540635185818824,6.456324701094487e-06,0.04034269228577614,0.032474202000432544,5.958795298371799e-06,0.03720628097653389,0.03012705280903786,5.554550274135859e-06,0.03495514392852783,0.02821795896641792,5.22590817514173e-06,0.033026501536369324,0.026646538977585142,4.962634763419278e-06,0.03137275576591492,0.02534080601282536,4.75439345979234e-06,0.029956191778182983,0.02424724000905241,4.5905716565904085e-06,0.02874339185655117,0.023324955284358965,4.461455348246624e-06,0.027704162523150444,0.022542061757237192,4.358898732268437e-06,0.02681160718202591,0.02187330187076614,4.276417802579591e-06,0.026042262092232704,0.021298464683313218,4.208995963306923e-06,0.025376014411449432,0.020801268414490752,4.1528117211716994e-06,0.024898365139961243,0.020368545537903196,4.104978298282495e-06,0.024547692388296127,0.019989619563732828,4.06332940715e-06,0.024245087057352066,0.01965581596134201,4.026261026244382e-06,0.02398216724395752,0.01936007138814718,3.992585348668415e-06,0.02375200018286705
785,initial,patch_embed,Vertical,1,0.26868274926193175,0.17686974563151972,2.198014259338379,0.08840850326750013,1.0925376345006169e-06,0.0910116583108902,0.08804377322159117,9.522311760444677e-07,0.0896829217672348,0.08793153779374228,9.79696101435372e-07,0.08978328108787537,0.08787555838861162,9.885870016343554e-07,0.08992288261651993,0.08785873592372924,9.855087693165337e-07,0.09004411101341248,0.08787809844527926,1.000931875523389e-06,0.0901028960943222,0.08792344977458318,1.0413492105640309e-06,0.09038756787776947,0.08797642695052284,1.0954400762303945e-06,0.09062270075082779,0.08802477294017398,1.149160832058486e-06,0.09075169265270233,0.0880632558985362,1.1952130135685415e-06,0.09079793840646744,0.08809192005604033,1.2344576820760608e-06,0.0908208042383194,0.08811221082532217,1.2687163259002519e-06,0.09084855765104294,0.08812504060684688,1.2968815641975034e-06,0.09087611734867096,0.08813192991037218,1.3173830758099176e-06,0.0908995121717453,0.08813549519058257,1.3301752710314696e-06,0.0909227579832077,0.08813827118230244,1.3353712257747796e-06,0.090944804251194,0.0881416028927243,1.3317806519399678e-06,0.09095308184623718,0.0881457386745347,1.3178483351117342e-06,0.09093273431062698,0.0881507299722187,1.2945836811327733e-06,0.09088083356618881
785,initial,patch_embed,Horizontal,1,0.3904143660551026,0.38262489782905057,2.817737579345703,0.09027220486175447,6.472506733448976e-07,0.09236319363117218,0.08937326960620426,6.534843053079945e-08,0.09003092348575592,0.0890773967618034,4.0324434709978884e-08,0.08973138779401779,0.08897317851346637,3.653302844808082e-08,0.08957859128713608,0.08895996011911876,3.945910068570031e-08,0.0895540863275528,0.08897311323218876,4.2364506918593034e-08,0.08957204967737198,0.08898580665626223,4.622579824768203e-08,0.0896267294883728,0.08898965505853532,4.9804276677779124e-08,0.08966784924268723,0.08898647484325227,5.112902996021607e-08,0.08968393504619598,0.08898274269368914,5.164964148927154e-08,0.08967556059360504,0.08898282997191899,5.313912225802807e-08,0.08964116871356964,0.0889877166066851,5.594468898520337e-08,0.08961370587348938,0.08899700759895264,5.970645821702994e-08,0.08960023522377014,0.08901000365851418,6.36416295955894e-08,0.08965997397899628,0.08902578635348214,6.699732862221207e-08,0.0897032618522644,0.08904269893491079,6.932420991572041e-08,0.08973069489002228,0.08905822890145439,7.052799464703265e-08,0.08974529057741165,0.08907095200958706,7.092202820590057e-08,0.08975081145763397,0.08908195166833817,7.111025879988545e-08,0.08974985033273697
785,initial,patch_embed,Gaussian,1,0.31054429012158563,0.25898312788883937,2.3494925498962402,0.06668763595914083,1.030375416201387e-06,0.06904180347919464,0.0665525331620186,1.1041365199741848e-06,0.06961586326360703,0.0665308962029124,1.0834206653252956e-06,0.06907983869314194,0.066380018279666,8.660322767695379e-07,0.06888497620820999,0.06629101943875117,7.651267349228207e-07,0.06859762966632843,0.06626805343798228,7.175796281405622e-07,0.06832557916641235,0.06627011145391161,6.942235401517739e-07,0.06805925071239471,0.06628321832607663,6.922865799154947e-07,0.06796817481517792,0.0662984855118252,7.009828115316931e-07,0.067954882979393,0.06631680412424935,7.120402031120609e-07,0.06803672015666962,0.06634338519402913,7.295693737231688e-07,0.06821256875991821,0.06637511118536904,7.540728789422496e-07,0.06839053332805634,0.06640513832606966,7.810857196855608e-07,0.06854487210512161,0.06642777295339675,8.037575373179229e-07,0.06865645200014114,0.06644281922351747,8.174907645100546e-07,0.0687205120921135,0.06645602839333671,8.244007183768981e-07,0.06874925643205643,0.06647228295840914,8.290066180161898e-07,0.06875824928283691,0.06649212633806562,8.334642820148435e-07,0.06875791400671005,0.06651438985552106,8.386422373596476e-07,0.06875704228878021
785,0,block_output,Vertical,1,0.45475426067908603,0.42894922912111705,3.1595163345336914,0.09475846967053791,7.282144730237111e-05,0.11323297768831253,0.0809266259745946,1.5838786823931333e-05,0.08959324657917023,0.07540131478555619,1.2217175101290525e-05,0.08328033983707428,0.0723194708190267,1.1029891889583273e-05,0.07995206862688065,0.07048809788529835,1.0319331876901275e-05,0.07819505035877228,0.06937859479397063,9.852403666609275e-06,0.07704780995845795,0.06868564124618258,9.548309884413734e-06,0.07628890872001648,0.06822809364114489,9.351637777635289e-06,0.07577110826969147,0.06790386849925631,9.223667811577518e-06,0.0754050463438034,0.06765789237050783,9.138667188889856e-06,0.07513727247714996,0.06746072322130203,9.081304434926853e-06,0.07493382692337036,0.06729614793781251,9.04395897246769e-06,0.0747702568769455,0.06715476607519483,9.022750300821523e-06,0.07462865114212036,0.06703084920133863,9.014345799935167e-06,0.07449816912412643,0.06692072778703674,9.015137331711613e-06,0.07437439262866974,0.06682191103223771,9.02182049682108e-06,0.07425635308027267,0.06673257188901069,9.03172985097053e-06,0.07414382696151733,0.06665129847233257,9.042860206051842e-06,0.07403615117073059,0.06657694634937104,9.053827946981492e-06,0.07393212616443634
785,0,block_output,Horizontal,1,0.3174544019358499,0.1488446757782208,2.0851168632507324,0.09628439954822025,5.3078989509895865e-05,0.12477447837591171,0.08368736032455687,4.508864723731493e-06,0.08939904719591141,0.07888283154794148,1.0193200477081008e-06,0.08168596029281616,0.07659765900600524,3.608440273721353e-07,0.07866961508989334,0.07549215309203618,2.10085688179626e-07,0.07717619091272354,0.07493212594399376,1.741833744182323e-07,0.07642363011837006,0.07460716768862709,1.6491646476446834e-07,0.076006680727005,0.07438363738003231,1.6274216488681404e-07,0.07573024928569794,0.07420982964455135,1.631781805113879e-07,0.07551252096891403,0.07406608736704266,1.6507467940540327e-07,0.07532541453838348,0.07394375628422177,1.6798563614208317e-07,0.07516033947467804,0.07383794479426883,1.7161085206651742e-07,0.07501351833343506,0.07374535252650578,1.7571988989105072e-07,0.07493819296360016,0.07366352894949535,1.8013759499555634e-07,0.07487267255783081,0.07359058835676738,1.8474159724702723e-07,0.07480895519256592,0.07352505576989007,1.894550175310117e-07,0.07474678754806519,0.07346576771565846,1.9423731938860258e-07,0.07468616962432861,0.07341180517086907,1.9907594553900596e-07,0.07462725043296814,0.07336242402356768,2.039707002602242e-07,0.07457024604082108
785,0,block_output,Gaussian,1,1.168031038036422,2.912364393266402,7.3398332595825195,0.10086820948691595,0.00032304225305040116,0.1502918303012848,0.07083615778930603,2.596267682820382e-05,0.08358459174633026,0.06190352774565182,6.95455079749645e-06,0.06809583306312561,0.05809995017590977,4.4496131372138735e-06,0.06267359852790833,0.05614077725580761,3.968383116761054e-06,0.060253340750932693,0.0549917977953714,3.91977179036384e-06,0.05896151810884476,0.05423599582106348,3.982749482939023e-06,0.05815127491950989,0.053695709518496955,4.0711294169729315e-06,0.05763843283057213,0.05328768958884572,4.159109597629951e-06,0.05724114179611206,0.05296743856299491,4.2397170847348e-06,0.05691839009523392,0.05270837235545355,4.3119291414438934e-06,0.05664975568652153,0.05249344912313279,4.376381774790481e-06,0.05649801343679428,0.052311285738907164,4.434035967378447e-06,0.05642427131533623,0.052154064947177496,4.485850104908334e-06,0.056364431977272034,0.05201629123517445,4.532697303993357e-06,0.05631493404507637,0.05189401147857545,4.575395135694186e-06,0.05627337098121643,0.05178431208644595,4.614670926197415e-06,0.05623799189925194,0.051684992476588205,4.65120131110983e-06,0.05620744451880455,0.0515943570506005,4.685573057146446e-06,0.05618065595626831
785,1,block_output,Vertical,1,0.1378334021520993,0.006053332359655109,0.46622350811958313,0.05545535719110852,4.39662364590482e-05,0.07363635301589966,0.04464279712429122,1.056434408117555e-05,0.05365581810474396,0.041324571307216375,8.087274127324929e-06,0.049039438366889954,0.039823108722293186,7.5987430058920864e-06,0.04709283635020256,0.03895475242346052,7.427782637092234e-06,0.04602982848882675,0.03837409065592857,7.340318457508838e-06,0.045371413230895996,0.03795402656708445,7.284928571709076e-06,0.0449259951710701,0.03763561689900973,7.24485324788058e-06,0.04459487274289131,0.037384312008581465,7.212076743935639e-06,0.04433097317814827,0.037179190074167555,7.183833748695507e-06,0.044113799929618835,0.0370075452540602,7.159692103442614e-06,0.04393194988369942,0.03686134191969084,7.1404130382090676e-06,0.04377870261669159,0.03673529429804711,7.126590964927881e-06,0.043649669736623764,0.03662569211825492,7.118043653935058e-06,0.043541617691516876,0.03652974088040609,7.114172165025557e-06,0.043452054262161255,0.03644523391174891,7.1142851368727456e-06,0.04337909072637558,0.03637037047791102,7.117469838477471e-06,0.04332108050584793,0.03630365803837776,7.122481397971809e-06,0.04327615350484848,0.03624386777953496,7.127832528290882e-06,0.04324176162481308
785,1,block_output,Horizontal,1,0.1302442956301901,0.004080784993699788,0.48167139291763306,0.06686570891548717,1.8734774592641707e-05,0.07512391358613968,0.05775257365571128,2.6612948771582298e-06,0.06110195815563202,0.05482738003844306,1.6973258684919164e-06,0.057324670255184174,0.053371302073910123,1.6513223262394902e-06,0.05583234876394272,0.052435497797670816,1.6769307532347783e-06,0.05483835190534592,0.05178949432004066,1.7204866920887118e-06,0.05412425845861435,0.05132792558934954,1.7683684507698185e-06,0.05360245704650879,0.05098639369483978,1.8102231776953477e-06,0.0533091202378273,0.050723254680633545,1.842398851891685e-06,0.05313113331794739,0.05051379230996919,1.8688425962536764e-06,0.052956387400627136,0.050343356849182216,1.892672243011257e-06,0.05278708040714264,0.05020149785374838,1.913724074686651e-06,0.0526292584836483,0.05008105762184612,1.931814572961024e-06,0.052486155182123184,0.04997725607383819,1.9468147253506374e-06,0.05235980451107025,0.04988680969155024,1.958520058309288e-06,0.052249789237976074,0.04980748276861887,1.967271525230045e-06,0.05218493193387985,0.049737642208735146,1.973848141197837e-06,0.052133627235889435,0.049675914266752816,1.9788134864137947e-06,0.05208282917737961,0.04962103766581369,1.9823562467060928e-06,0.052031923085451126
785,1,block_output,Gaussian,1,1.0826506356871317,2.5519043447182828,6.360988616943359,0.10160231850450001,0.00036261998546145664,0.1625850796699524,0.06666452745123515,4.6380798941836835e-05,0.09072739630937576,0.05435971300753336,1.5249655014355681e-05,0.06507766991853714,0.04835285967777646,8.230844852888374e-06,0.0552731417119503,0.04491406750111353,6.096361374253177e-06,0.05081700161099434,0.04271938409360628,5.3056052792289046e-06,0.04808712378144264,0.04120988369224563,4.972951979554757e-06,0.046274617314338684,0.040113752560010034,4.820558421368769e-06,0.04499508813023567,0.039280725081288624,4.7420450115120445e-06,0.044116418808698654,0.038621913878217576,4.693552935863326e-06,0.043563757091760635,0.03808318622528561,4.657516414339407e-06,0.04310190677642822,0.037630868040853076,4.627464840968376e-06,0.04270689934492111,0.037243385518354086,4.6012682382035146e-06,0.04236399382352829,0.03690634342649626,4.578306053290745e-06,0.04206354543566704,0.03660968067272315,4.558360615617266e-06,0.04179879277944565,0.03634603750256319,4.54128324402728e-06,0.04156463220715523,0.036109828257134984,4.526932772364785e-06,0.041356977075338364,0.03589670434002838,4.515156001788065e-06,0.04117235541343689,0.03570323322145712,4.505746796295812e-06,0.04100767523050308
785,2,block_output,Vertical,1,0.14175859099579236,0.00862726259273923,0.44360843300819397,0.033923886036352505,4.1491883188580266e-05,0.054752178490161896,0.024560091277909656,6.743486322183393e-06,0.030524440109729767,0.021293466792456688,4.628231751411496e-06,0.026279091835021973,0.019499610488613445,4.158432610571622e-06,0.024542510509490967,0.01835660259461119,3.923804444138387e-06,0.023505598306655884,0.01756223076806655,3.7515447180664453e-06,0.022757593542337418,0.01698361715627095,3.629751694936237e-06,0.022199135273694992,0.016548360964017256,3.543737279786318e-06,0.021772243082523346,0.016210335395520643,3.477082338380423e-06,0.021436838433146477,0.015940298163701617,3.4219569047353105e-06,0.021167747676372528,0.015718932189638653,3.375898105695492e-06,0.020948857069015503,0.01553366519510746,3.3387733556313213e-06,0.020768441259860992,0.015376663293748621,3.309850267696393e-06,0.02061767876148224,0.015242752766916676,3.28725140406839e-06,0.02049029804766178,0.01512804374630962,3.268993773765753e-06,0.020381728187203407,0.015029393565205355,3.2535854479643723e-06,0.02028842829167843,0.014944170512968586,3.240170565213956e-06,0.02020762860774994,0.01487013456662969,3.2284926091499056e-06,0.02013728767633438,0.01480540611027252,3.218664736158877e-06,0.020075956359505653
785,2,block_output,Horizontal,1,0.849743592360663,1.4061336464022554,5.4402337074279785,0.11227737840205904,0.0004713069615765009,0.1629083752632141,0.06967525946952048,7.40550921221973e-05,0.08954024314880371,0.052231683440151666,2.3311447070972993e-05,0.06448108702898026,0.04358649460805787,9.796194845120286e-06,0.0516684465110302,0.03898191771336964,5.57410759666325e-06,0.04469051957130432,0.03626196804855551,3.997053142409181e-06,0.04060056805610657,0.03445913988564696,3.2600051540309256e-06,0.03819115459918976,0.033150349433223404,2.852776296725041e-06,0.03658634424209595,0.032138386563885776,2.604809327571715e-06,0.035347700119018555,0.03132176780629726,2.4441608469096176e-06,0.03436003625392914,0.030643273056263014,2.335072132937812e-06,0.033760685473680496,0.03006792872671097,2.2580476891405574e-06,0.03327123820781708,0.029572759621909687,2.201779703461111e-06,0.032840318977832794,0.029141695312564334,2.1593757934254932e-06,0.03245709836483002,0.028762917699558393,2.126440257119217e-06,0.03211319446563721,0.028427415749146825,2.1000902800515893e-06,0.031801946461200714,0.028128144641717274,2.0783914388647215e-06,0.03151808679103851,0.02785949743101521,2.060054216051796e-06,0.03125743940472603,0.027616957025158973,2.044215202772666e-06,0.03101673349738121
785,2,block_output,Gaussian,1,0.47066281653112835,0.5140112824748476,3.565263509750366,0.06073005042142338,0.00012506343161571183,0.08488809317350388,0.04069804104547652,1.440287691264949e-05,0.050111766904592514,0.03371198235877922,5.566249808224036e-06,0.039928458631038666,0.030069526639722642,3.649770314633133e-06,0.0345463752746582,0.027762944617914776,2.8890707655802605e-06,0.03198595345020294,0.02615574011135669,2.500099853440786e-06,0.030246106907725334,0.02496003805999718,2.271931331878638e-06,0.028967810794711113,0.02402514520855177,2.126602034640113e-06,0.027981450781226158,0.023266766811647112,2.030152544564901e-06,0.02719418704509735,0.022634758037470636,1.9651876708592626e-06,0.026549289003014565,0.02209736525066315,1.9214220344304406e-06,0.026009224355220795,0.021633336231822058,1.8920355098927236e-06,0.025547314435243607,0.021227790367981746,1.8721847860127035e-06,0.02514384128153324,0.020869930466962238,1.858477199149718e-06,0.024784665554761887,0.020551678946330434,1.8487364759981301e-06,0.0244605652987957,0.020266815399130184,1.8417074656577066e-06,0.02416609600186348,0.020010419337758944,1.8366758975744836e-06,0.02389797382056713,0.019778516409652575,1.833182226283566e-06,0.023653682321310043,0.019567849144103037,1.8308935516193885e-06,0.02343085967004299
785,3,block_output,Vertical,1,0.31697584753708236,0.17809158637865313,2.1824350357055664,0.045913901948739615,0.00011414272153265122,0.07017986476421356,0.027358524146534148,1.2100370948054892e-05,0.03461463376879692,0.020985865965485573,4.532174178716857e-06,0.026343567296862602,0.017519102653577215,2.672747761877099e-06,0.02288317307829857,0.015244338144030836,1.9340147787057348e-06,0.02042694017291069,0.013608051537876092,1.5671988998785181e-06,0.01857948675751686,0.012362087766329447,1.3607151250791295e-06,0.01714412122964859,0.0113764452260165,1.2353970258558522e-06,0.016004396602511406,0.010575291301522936,1.1549281172004664e-06,0.01508345827460289,0.00991069892096141,1.1005539753108299e-06,0.01432780921459198,0.00935064520805128,1.0621139089594076e-06,0.013699146918952465,0.008872864294856314,1.03402819275905e-06,0.013169310986995697,0.008461331106012776,1.0131074034694965e-06,0.01271723210811615,0.00810411690719544,9.97359123173525e-07,0.012327080592513084,0.007792075201573353,9.854313623976487e-07,0.011986985802650452,0.00751800730174023,9.763490963382934e-07,0.011687997728586197,0.007276127484464456,9.693901488739576e-07,0.011423281393945217,0.0070616974465785515,9.639884310098703e-07,0.011187497526407242,0.006870796963099449,9.596844294457185e-07,0.010976407676935196
785,3,block_output,Horizontal,1,0.09313476907591971,0.003099204540686789,0.28346529603004456,0.026185021602681706,1.4637390973596384e-05,0.034266870468854904,0.018575102948243657,2.1217719112717553e-06,0.021448396146297455,0.015458828089610925,1.1379262432639026e-06,0.01775829680263996,0.013630272805809028,8.467367398035783e-07,0.01562036108225584,0.01243921390010251,7.290651348474196e-07,0.014221571385860443,0.01160416564357186,6.693722933274521e-07,0.01324041374027729,0.010990157989518983,6.359956108872731e-07,0.01264994591474533,0.010525614244952089,6.166718143322693e-07,0.012221972458064556,0.010167857011159262,6.047576589992834e-07,0.01189551129937172,0.009888506435330898,5.968867286819642e-07,0.011644387617707253,0.009667793170563758,5.914657478470387e-07,0.01144946925342083,0.009491580420188488,5.87770973975209e-07,0.01129634864628315,0.009349643533665037,5.854510484008986e-07,0.011174336075782776,0.009234541554063086,5.842712884121374e-07,0.011075914837419987,0.009140737325189606,5.840383979235412e-07,0.010995903052389622,0.009063956327736378,5.845797911928779e-07,0.010930472984910011,0.009000793084620482,5.857255681472875e-07,0.010876500979065895,0.008948480385163474,5.872796389372541e-07,0.010831242427229881,0.008904767932281607,5.890262272090845e-07,0.010792326182126999
785,3,block_output,Gaussian,1,0.08624093896812862,0.0028886908306738294,0.23500412702560425,0.025528557775985627,1.4345283982975262e-05,0.03575323894619942,0.017887151046168236,3.181836301297831e-06,0.022555004805326462,0.01450724709069445,1.7048359621395497e-06,0.017576295882463455,0.012512245008514987,1.103181278585475e-06,0.014944404363632202,0.011210868445535501,8.230022810911777e-07,0.01349807158112526,0.010323911373104368,6.873140333896044e-07,0.01256160344928503,0.009693421719093171,6.139254805952383e-07,0.011913596652448177,0.009228167966717766,5.706877648748074e-07,0.011442575603723526,0.00887413030963332,5.438462599803424e-07,0.011087138205766678,0.008597933739009831,5.265449844229359e-07,0.010810447856783867,0.008378158648690534,5.149304408247078e-07,0.010588840581476688,0.008200534094598085,5.067414673405912e-07,0.010406982153654099,0.008055177960722219,5.006581400816201e-07,0.010255133733153343,0.00793501026632767,4.959077482487721e-07,0.010127164423465729,0.007834799698598328,4.920260806412776e-07,0.0100190918892622,0.007750591943188319,4.887306518162007e-07,0.009928051382303238,0.007679368664939252,4.858566820366306e-07,0.009851643815636635,0.0076188212851919825,4.833139694922906e-07,0.00978777278214693,0.007567159587606078,4.810606865246939e-07,0.009734692052006721
785,4,block_output,Vertical,1,0.11768773665267324,0.006718352172909153,0.34820735454559326,0.02861089767917754,2.4861524659415835e-05,0.039138808846473694,0.018524848989077976,5.195924032426851e-06,0.023552507162094116,0.013846053948832883,2.4984107476590854e-06,0.01723533309996128,0.011071557711277689,1.5912220233927174e-06,0.014635453000664711,0.009259835048209108,1.1829349092128717e-06,0.012848744168877602,0.008002952096008119,9.661800858638436e-07,0.011564988642930984,0.0070939697916545565,8.384163141299793e-07,0.010620294138789177,0.006417234154743334,7.584318813492521e-07,0.009913532063364983,0.005902042782436761,7.056598435444772e-07,0.0093750711530447,0.005502831205607407,6.688158971817432e-07,0.008957449346780777,0.005189099230818332,6.417593373367695e-07,0.008628309704363346,0.0049396731432468175,6.210929931407609e-07,0.00836523249745369,0.00473941249092893,6.048994666819902e-07,0.00815252959728241,0.004577236538309427,5.920544777217801e-07,0.007979171350598335,0.004444893024536589,5.81829134329411e-07,0.007837208919227123,0.004336152247907151,5.736842013512142e-07,0.007720587775111198,0.004246248582762385,5.67178094930065e-07,0.007624414283782244,0.0041714822540857965,5.619143411254902e-07,0.007544483989477158,0.004108944412557379,5.575187203685827e-07,0.0074770813807845116
785,4,block_output,Horizontal,1,0.24426203847877562,0.08821106678959684,1.7780964374542236,0.0503490392177824,9.93755691123434e-05,0.07691861689090729,0.03218125835770652,1.1761026406517623e-05,0.041285477578639984,0.02504803595088777,4.6668208101249245e-06,0.03020469658076763,0.020706653654102295,2.5484308040173815e-06,0.024746641516685486,0.017730062117888815,1.6268704659027209e-06,0.02125179022550583,0.01555659913177055,1.1486796138876168e-06,0.018580738455057144,0.013904767805740001,8.741455533154009e-07,0.01651713438332081,0.012615035228904278,7.057837890627344e-07,0.014904672279953957,0.011587865931528902,5.976138000799198e-07,0.013628404587507248,0.01075660762569261,5.254166457965163e-07,0.01260497234761715,0.010074606638342615,4.7545948112537895e-07,0.011846576817333698,0.00950833744118138,4.396745933526251e-07,0.01131500769406557,0.009033243437962872,4.132187944394843e-07,0.010861679911613464,0.0086310144868635,3.9310818969087845e-07,0.010471779853105545,0.008287759128189276,3.774436243045072e-07,0.010134371928870678,0.00799277015326042,3.649702034664165e-07,0.009841141290962696,0.007737688978927003,3.548324754318497e-07,0.009585462510585785,0.007515930230655368,3.4643757178012904e-07,0.009361756965517998,0.007322263726521106,3.393777990405607e-07,0.009165213443338871
785,4,block_output,Gaussian,1,0.18574156192323518,0.047620667265526634,1.179708480834961,0.04014079113091741,5.006722086173507e-05,0.057647138833999634,0.026987218401498266,8.586147343596095e-06,0.03514768183231354,0.02078254024187724,3.862755093650725e-06,0.026181144639849663,0.01691365403137983,2.250205564490307e-06,0.020742055028676987,0.014296964535282718,1.5404465597837858e-06,0.01737561821937561,0.012427091849820009,1.1646990081075019e-06,0.015142288990318775,0.011035598962316437,9.346654167400665e-07,0.013528265058994293,0.0099682750564719,7.793222339579111e-07,0.012403298169374466,0.009130289755939018,6.68032152680508e-07,0.011502627283334732,0.008459678902808163,5.85263809444269e-07,0.010766817256808281,0.007914144560576432,5.220327022479548e-07,0.010155326686799526,0.007463986238849069,4.7271382213602565e-07,0.009640071541070938,0.007087905011657212,4.336045879564027e-07,0.009201151318848133,0.006770348021139701,4.0218119111085697e-07,0.008824197575449944,0.006499774221863065,3.7667410711018874e-07,0.008498641662299633,0.0062675028891553955,3.558156751899499e-07,0.008216576650738716,0.00606691354649171,3.3866518506417535e-07,0.007971782237291336,0.005892876232604659,3.24505907634191e-07,0.007759133819490671,0.005741334505497463,3.1277582601294316e-07,0.007574169896543026
785,final,proj_out,Vertical,1,0.13368301282799433,0.0035099931825528716,0.3102818727493286,0.07979826026019596,3.0052896981443006e-05,0.09191527217626572,0.06984018623119309,2.5543021303592367e-05,0.08167214691638947,0.06219744256564549,2.450005445264961e-05,0.0740470141172409,0.05588641402030748,2.362994188059675e-05,0.06739696860313416,0.05062878267869117,2.268132376364316e-05,0.0616210475564003,0.046241984244376894,2.1682633578064074e-05,0.05734962970018387,0.04257684508486399,2.067149994966292e-05,0.05373869836330414,0.03950862308579778,1.967332637543904e-05,0.050651565194129944,0.03693312799765004,1.870462013197875e-05,0.04800177365541458,0.03476360836435878,1.7776515456505455e-05,0.04571637511253357,0.03292815218723956,1.6896664754174337e-05,0.043734606355428696,0.03136746467105926,1.6070108672280617e-05,0.04200635105371475,0.030032907775233663,1.5299699190134132e-05,0.040490515530109406,0.028884781968025935,1.4586458743915912e-05,0.03915346786379814,0.027890787326863835,1.392983510675658e-05,0.037967655807733536,0.02702470419425813,1.3328078546987941e-05,0.03691043332219124,0.026265267075763807,1.2778542174938333e-05,0.03596309944987297,0.02559522134325807,1.227795842920755e-05,0.03511010855436325,0.025000550148506013,1.182272077038306e-05,0.03433850780129433
785,final,proj_out,Horizontal,1,0.16033887437411717,0.005478546895766315,0.375122606754303,0.09303693875433906,1.2784018820716532e-05,0.10163646191358566,0.08446287683078221,6.020582819035795e-06,0.08942080289125443,0.07772791007208446,4.464531578362552e-06,0.08152519911527634,0.07204223388717287,4.049431907203677e-06,0.07585154473781586,0.06717587475265775,4.091597742938511e-06,0.07158160954713821,0.06297580684934344,4.334093185051278e-06,0.06784616410732269,0.059324538246506735,4.647503505822991e-06,0.0645342767238617,0.05613313792716889,4.966654023640726e-06,0.06157994270324707,0.053333454247978,5.261265263256528e-06,0.05894062668085098,0.05087129819014716,5.51899088281406e-06,0.056584618985652924,0.048701939483483635,5.736348952094306e-06,0.05448457598686218,0.04678746709038341,5.914202364578023e-06,0.05261511355638504,0.045095262073335196,6.055521507456982e-06,0.05095221474766731,0.0435970491833157,6.164297278834762e-06,0.04947340860962868,0.04226825013756752,6.2448507649162345e-06,0.0481579415500164,0.04108746935214315,6.301477136457647e-06,0.04698694869875908,0.040036082386024414,6.338215714513169e-06,0.04594346135854721,0.03909787370098962,6.358720595989265e-06,0.04501235485076904,0.038258725806834204,6.3661928203492934e-06,0.04418022185564041
785,final,proj_out,Gaussian,1,0.0751872109988379,0.000664225963395906,0.15573318302631378,0.04891207636821838,1.138910198672245e-05,0.05538302659988403,0.04189597271264545,7.997844410511782e-06,0.04680773615837097,0.03712517043782605,6.7695486246674776e-06,0.04166579991579056,0.03358974088988607,6.049490336971627e-06,0.03843413293361664,0.030887988440337636,5.573772611101191e-06,0.03586404770612717,0.028779896833593884,5.2400960726529525e-06,0.03377778083086014,0.027107655883781494,4.99999060575671e-06,0.03206334263086319,0.025762428159988117,4.824012101465016e-06,0.030641015619039536,0.024666794442704747,4.692286857512723e-06,0.02945069782435894,0.023764369033631823,4.5912111026317206e-06,0.02844611555337906,0.02301329395009412,4.511490611285438e-06,0.027591273188591003,0.022382019058106436,4.446730200025931e-06,0.026857972145080566,0.021846483949394452,4.392484393321715e-06,0.026249529793858528,0.021388166598857394,4.3456379619474295e-06,0.02582714334130287,0.020992696536557068,4.304009094779171e-06,0.025460194796323776,0.020648843416618923,4.266071062034636e-06,0.02513863891363144,0.02034776174418983,4.230768781900864e-06,0.02485443279147148,0.020082433722795,4.197379405590994e-06,0.024601122364401817,0.0198472427972962,4.165416487379445e-06,0.024373486638069153
749,initial,patch_embed,Vertical,1,0.41970170241972754,0.44624941971803883,3.049219846725464,0.08841270232011401,1.9153094764122943e-06,0.09154591709375381,0.08773855155422575,1.4587051758655837e-06,0.0899457186460495,0.08761637929886107,1.52141732291389e-06,0.09020258486270905,0.08760814084893181,1.6267547339900683e-06,0.09041836112737656,0.08765453348557155,1.7330534941837446e-06,0.0905987098813057,0.08770711317894951,1.7909513890075814e-06,0.09063383936882019,0.08775539294121758,1.8264468900750885e-06,0.09058158844709396,0.08780165205872248,1.8860479101681663e-06,0.09054896235466003,0.08784229261061502,1.971359860444653e-06,0.0906781554222107,0.087870130463252,2.047651448266677e-06,0.09073354303836823,0.08788088496242251,2.07631815725427e-06,0.09079578518867493,0.08787724399377429,2.049911850491442e-06,0.09071293473243713,0.0878682979752147,1.998804292984167e-06,0.0905524492263794,0.08786423693573664,1.959835857488337e-06,0.09041587263345718,0.08787085435220174,1.948943444096886e-06,0.09042651951313019,0.08788874851805824,1.964077402744258e-06,0.0904867947101593,0.0879157975552574,1.9981340487989954e-06,0.09057392179965973,0.08794909455473461,2.0444839773003023e-06,0.09067951887845993,0.08798561446250432,2.097404848909457e-06,0.0908304899930954
749,initial,patch_embed,Horizontal,1,0.364490260325727,0.32399646196281023,2.7258169651031494,0.08984155326135575,5.446280990942927e-07,0.09204138815402985,0.08922053625186284,6.406201389293495e-08,0.08995606005191803,0.0890748564686094,6.779132128820575e-08,0.08979355543851852,0.08901229879212758,6.706936274413972e-08,0.08979199081659317,0.0889977075987392,6.15957310608512e-08,0.08978452533483505,0.08900198174847497,5.659290553193411e-08,0.08966967463493347,0.08901397529102507,5.746546320780475e-08,0.08972084522247314,0.08902706607939705,6.421901759719716e-08,0.08976410329341888,0.0890345431509472,7.396780166801309e-08,0.0897853821516037,0.0890347400591487,8.156085962666718e-08,0.08991695195436478,0.08903102564906316,8.432676853886372e-08,0.0899670273065567,0.08902853774645972,8.439754333120604e-08,0.08996917307376862,0.08903050931200149,8.489008714814185e-08,0.08995800465345383,0.0890374318474815,8.734528334093444e-08,0.08994840085506439,0.08904885323274703,9.203278081551441e-08,0.08994269371032715,0.08906428539563739,9.842324046418785e-08,0.08993662893772125,0.08908321022514314,1.0558459195718781e-07,0.08992411196231842,0.08910483216482495,1.1261816579551758e-07,0.08998657763004303,0.0891275614026993,1.1902521566441629e-07,0.0900440514087677
749,initial,patch_embed,Gaussian,1,0.2639905092498613,0.18008236839630226,1.9599013328552246,0.06640253547165129,1.5592830749213197e-06,0.06980007886886597,0.06611633809312942,1.2900488974575555e-06,0.06849416345357895,0.06597372416466002,1.0659352540707575e-06,0.06819482147693634,0.06600379943847656,1.0628642064635326e-06,0.06826134026050568,0.06604016796937065,1.0690287165998093e-06,0.06816624850034714,0.06609463301442918,1.1009082584531152e-06,0.06841205060482025,0.06614887335943798,1.1572417933076815e-06,0.06862960755825043,0.06616732348052282,1.1956528841230682e-06,0.06858953088521957,0.06616130778713832,1.208209321202041e-06,0.06851127743721008,0.0661620359335627,1.2187951974979058e-06,0.06860246509313583,0.06617786664338339,1.233150333073483e-06,0.06865814328193665,0.06620208516953484,1.245590653151108e-06,0.06869608163833618,0.06622900813817978,1.2550925114357314e-06,0.06873729825019836,0.06625487537138046,1.264034846647035e-06,0.06879647076129913,0.06627770868085679,1.2759565988368049e-06,0.06887546181678772,0.0662973037078267,1.293567566279531e-06,0.0689670667052269,0.0663145442330648,1.317684214948738e-06,0.06906217336654663,0.06633058675224819,1.347532142299508e-06,0.06915414333343506,0.06634634390236839,1.3814766461697907e-06,0.06923943012952805
749,0,block_output,Vertical,1,0.4910143674129531,0.5453083038130412,3.1847758293151855,0.09821476680891854,9.57161669821374e-05,0.13283686339855194,0.08271943884236473,2.6578774972745545e-05,0.09937924891710281,0.07626960592137443,1.7662526574344297e-05,0.08726553618907928,0.07264914079791024,1.488388645878096e-05,0.0815931111574173,0.07042417521514589,1.3386561330247707e-05,0.07844223082065582,0.0690065390533871,1.2434209588325167e-05,0.07655289769172668,0.06807868312748652,1.18148462273887e-05,0.07537025958299637,0.0674489453907997,1.14110715673797e-05,0.0745980441570282,0.06700132893664497,1.1150426275020216e-05,0.0740693062543869,0.06666730539429755,1.0986518778522147e-05,0.07368732243776321,0.06640678957577735,1.0888686970523232e-05,0.07339619100093842,0.06619604263040754,1.0836247666918726e-05,0.0731898695230484,0.06602054763407934,1.0815121908330367e-05,0.0730288177728653,0.06587104540732172,1.0815577063233665e-05,0.07289491593837738,0.06574134771076459,1.0830673578206981e-05,0.07278253883123398,0.06562714497484858,1.0855220626841683e-05,0.07268774509429932,0.06552532380298963,1.0885227594040134e-05,0.07260762155056,0.06543356274801587,1.0917466770871555e-05,0.0725397914648056,0.06535006243558157,1.0949276367435886e-05,0.07248204946517944
749,0,block_output,Horizontal,1,0.2860219790821984,0.1344086670727512,1.8698070049285889,0.09350243057050402,2.710922470632132e-05,0.10826743394136429,0.0833865510565894,3.6248923051403383e-06,0.08707214891910553,0.07868505363899564,1.1690738768738994e-06,0.08075080811977386,0.0762126925918791,5.285455273148089e-07,0.0778345987200737,0.0749437181012971,3.7098834305237606e-07,0.07630210369825363,0.07428666227866733,3.359713753922206e-07,0.07563464343547821,0.07392152339693099,3.2778003250663306e-07,0.07530868053436279,0.07369198803863829,3.2495884902026317e-07,0.07507310807704926,0.07352811807677859,3.236635452482079e-07,0.07488050311803818,0.07340019042529757,3.23414765006175e-07,0.07471489906311035,0.07329521292731875,3.242453913891407e-07,0.07457038760185242,0.07320664054344571,3.260998260541209e-07,0.07444296777248383,0.07313052446596206,3.287994357437737e-07,0.07432909309864044,0.07306414251289671,3.321485742234641e-07,0.0742538645863533,0.07300546221316807,3.3601744509272317e-07,0.07420116662979126,0.07295296932496721,3.40372911188008e-07,0.07414957880973816,0.07290560811284989,3.4525148330949634e-07,0.07409811019897461,0.07286270081050812,3.5067084834366134e-07,0.0740470141172409,0.07282376490415089,3.565487682687022e-07,0.07401395589113235
749,0,block_output,Gaussian,1,0.3362744747409745,0.2416717532918051,2.3945043087005615,0.06687090823811198,3.23371883209523e-05,0.0791284441947937,0.0578132320845884,6.677744455353454e-06,0.06293229758739471,0.05489580226796014,5.1625587065040035e-06,0.06012031063437462,0.053544296809132134,4.862162928592765e-06,0.05901502072811127,0.052777499729205694,4.82159843562617e-06,0.0582914724946022,0.05226638043920199,4.8582290328315015e-06,0.0577411949634552,0.051887151918240955,4.920401369167777e-06,0.05728878080844879,0.051585625443193645,4.9891311605465325e-06,0.05690116062760353,0.051335464453413374,5.05671401322434e-06,0.05656277760863304,0.05112263885518861,5.119979704679229e-06,0.05626632645726204,0.05093881884028041,5.177882136169998e-06,0.05600742995738983,0.05077844799037964,5.230545247847651e-06,0.05578141286969185,0.05063745533190076,5.278524284413877e-06,0.05558289214968681,0.05051267767945925,5.322221723397865e-06,0.05551011487841606,0.05040158514702131,5.3618755789391245e-06,0.055454954504966736,0.050302106591444164,5.3977106374969715e-06,0.05540667101740837,0.05021253109924377,5.429982237292663e-06,0.055363234132528305,0.05013144968284501,5.458975589144276e-06,0.05532241612672806,0.05005772642436482,5.485006073399868e-06,0.05528205633163452
749,1,block_output,Vertical,1,0.10345998365018103,0.0023868194032493086,0.2461560219526291,0.04683529958128929,2.1957642486429717e-05,0.05704239010810852,0.03977849766139,8.504810324934237e-06,0.047208022326231,0.037654469647104775,7.975116626412775e-06,0.04493189975619316,0.03663036623407924,7.935125708658514e-06,0.043813735246658325,0.036021819072110314,7.948361838175825e-06,0.04322409629821777,0.035610336692087234,7.958524376529546e-06,0.04284662753343582,0.035304165489616846,7.956681304900806e-06,0.042559005320072174,0.03506374166953185,7.946730255085973e-06,0.04232272505760193,0.034868852457120306,7.932210604321024e-06,0.04212278500199318,0.03470748086415586,7.915551875329889e-06,0.04195136949419975,0.03457171437404458,7.898297270168428e-06,0.04180341958999634,0.034456015934073735,7.881345696817399e-06,0.04167520999908447,0.03435635525319311,7.865162796660767e-06,0.0415637269616127,0.03426971301318161,7.84993411742721e-06,0.04146643355488777,0.03419377835142234,7.835704259554676e-06,0.04138118773698807,0.03412674852306881,7.822442838978099e-06,0.041306156665086746,0.03406720676474155,7.810092123782472e-06,0.041239820420742035,0.034014008939266205,7.79856452140647e-06,0.041180845350027084,0.03396623640779465,7.787799204971203e-06,0.041128188371658325
749,1,block_output,Horizontal,1,0.1364052545220133,0.003532761665202686,0.33763575553894043,0.06682800454279733,2.9602133689040482e-05,0.08044131845235825,0.05657367077138689,3.93128484175804e-06,0.06074255332350731,0.053450436168719855,2.40104004524737e-06,0.05663513392210007,0.0519561232437217,2.201055922640284e-06,0.054689932614564896,0.05101033158245541,2.1646883451890634e-06,0.05367765575647354,0.05035799936879249,2.1755250335198875e-06,0.0529918298125267,0.049888848016659416,2.2049110520701226e-06,0.052674002945423126,0.0495379049153555,2.2422495599441955e-06,0.052451759576797485,0.0492664755336822,2.2786557401605596e-06,0.052270952612161636,0.04905114523948185,2.308446649479919e-06,0.05209947004914284,0.04887601478941857,2.330010138857613e-06,0.05192873626947403,0.04873009256663777,2.3435806865980903e-06,0.05175848305225372,0.04860589067850794,2.350418828201441e-06,0.051594413816928864,0.0484983686298605,2.3522648240342314e-06,0.051444269716739655,0.04840424503125842,2.350905072766301e-06,0.0513131320476532,0.0483213747068057,2.347837421292776e-06,0.05120180547237396,0.04824820172692102,2.34406257770339e-06,0.05110815167427063,0.04818342921752778,2.340111190514243e-06,0.051029056310653687,0.048125886254840426,2.3362035592182262e-06,0.050961531698703766
749,1,block_output,Gaussian,1,0.6965675582251851,1.0487640782521022,4.3177385330200195,0.08330196910907352,0.00019515450990024966,0.11873136460781097,0.058823423312296945,2.374064609914021e-05,0.06920300424098969,0.0497937628201076,9.025222432003273e-06,0.05559352785348892,0.04503768357256102,5.607309739973811e-06,0.05007348954677582,0.04221514062512489,4.596822002618475e-06,0.047032490372657776,0.04039139613982231,4.28345394740047e-06,0.04507000371813774,0.03912738391331264,4.1945114912726875e-06,0.044005006551742554,0.03819543105505761,4.177526692665689e-06,0.04324016347527504,0.0374709978581421,4.18091234561289e-06,0.042596131563186646,0.03688403573774156,4.187874487236194e-06,0.04203800857067108,0.0363937204792386,4.193700462745975e-06,0.041547782719135284,0.03597500092453427,4.197821780713214e-06,0.041115209460258484,0.035611558291647166,4.200885588026301e-06,0.04073355719447136,0.0352921603868405,4.203730383107301e-06,0.04039754346013069,0.03500875333944956,4.207025283478913e-06,0.040102191269397736,0.034755392768789854,4.211190572770482e-06,0.03984247148036957,0.034527571517087165,4.216383728467204e-06,0.03961349278688431,0.03432174080184528,4.222561992033027e-06,0.03941076993942261,0.034134997409724054,4.229618113734557e-06,0.039230406284332275
749,2,block_output,Vertical,1,1.7101114257460548,6.026520722136417,9.633230209350586,0.11187780435596194,0.0003648435891806231,0.1572512984275818,0.06902621136534781,7.717299667881804e-05,0.09432121366262436,0.04914615208667422,2.371448556226374e-05,0.0649920105934143,0.03909282126123943,1.1210902850673285e-05,0.04971448704600334,0.033559069510490175,7.425750763347596e-06,0.04130725562572479,0.030184767223776332,5.89104518407223e-06,0.03623241186141968,0.027898428015529164,5.106569431162574e-06,0.03285929560661316,0.02620987839523762,4.644508641605964e-06,0.031313903629779816,0.024885533141001823,4.346726721895328e-06,0.030131492763757706,0.023804941613759314,4.1419088042100085e-06,0.02916145883500576,0.022899426726831332,3.993996602160463e-06,0.028344711288809776,0.022125888763675616,3.883302552367943e-06,0.027643419802188873,0.021455216206728467,3.798307541539692e-06,0.02703220397233963,0.020866686951309915,3.7317917820755105e-06,0.026493242010474205,0.02034500711375759,3.678972665376702e-06,0.026013484224677086,0.01987858143235956,3.6365284910155773e-06,0.025583088397979736,0.01945843044964094,3.602078682980321e-06,0.025194421410560608,0.019077491458682788,3.573864350604828e-06,0.02484145015478134,0.018730129011803202,3.5505846596136693e-06,0.024519342929124832
749,2,block_output,Horizontal,1,0.10269401263859537,0.00263745551320077,0.2391248196363449,0.0390866564379798,2.3452873142455587e-05,0.04848558083176613,0.03107520201731296,3.5481096262889576e-06,0.03458070382475853,0.02848420782931267,2.4392640553425734e-06,0.031447701156139374,0.027088475044048023,2.177054366374159e-06,0.03034159168601036,0.026187522011616872,2.066677518463542e-06,0.02958718128502369,0.025553555804349128,2.0039595161919943e-06,0.02906038984656334,0.02508584823873308,1.9643058662999516e-06,0.02866942435503006,0.02472866149175735,1.935753871073285e-06,0.028360337018966675,0.0244483719505961,1.913228352100775e-06,0.028101107105612755,0.024224240066749708,1.894855245272153e-06,0.027875695377588272,0.02404262155057892,1.8793759743040063e-06,0.02767862379550934,0.023893797799708353,1.866040326474966e-06,0.027506716549396515,0.023770686150306745,1.8546418529092602e-06,0.02735697478055954,0.023668082017037604,1.845153046810051e-06,0.027226708829402924,0.023582114409359676,1.837519977817894e-06,0.02711351029574871,0.023509840998384688,1.8316035744639145e-06,0.027015171945095062,0.02344893959779588,1.827217722953814e-06,0.026929717510938644,0.023397505372053103,1.8241584380730317e-06,0.02685544639825821,0.023353935027169804,1.8222193302528515e-06,0.026790902018547058
749,2,block_output,Gaussian,1,0.11525478539249254,0.010334598135045944,0.5780019760131836,0.035718317542757304,2.0958031528016622e-05,0.04806417226791382,0.027956837995184794,4.896010826839483e-06,0.03247109055519104,0.02452618788395609,3.034165696036324e-06,0.02812139131128788,0.02249713514059309,2.491740203288383e-06,0.025922205299139023,0.021168673736235454,2.2895220680905426e-06,0.0249190516769886,0.02023681974600232,2.191752244539133e-06,0.024186991155147552,0.01954724450433065,2.123149753225676e-06,0.02358052134513855,0.019018109000864484,2.0658793128220026e-06,0.023067032918334007,0.01860126696290478,2.020389980037547e-06,0.02264287881553173,0.0182647237051574,1.9852817002191846e-06,0.022291019558906555,0.01798712049743959,1.9573640075757716e-06,0.02199258655309677,0.017754009732651333,1.9343786236328993e-06,0.021733349189162254,0.017555177448287843,1.915438704800316e-06,0.021503986790776253,0.017383255685369175,1.9006785225970207e-06,0.02129993587732315,0.01723307767321193,1.8903559639964387e-06,0.021119695156812668,0.017101149385174114,1.8840079650699908e-06,0.020962048321962357,0.016984928739331072,1.8805710484517136e-06,0.020824730396270752,0.01688228552007959,1.8790015515184226e-06,0.02070496790111065,0.016791329778257817,1.878588818259517e-06,0.020600158721208572
749,3,block_output,Vertical,1,0.5306423022633507,0.5525587389841224,3.255227565765381,0.05987093810524259,0.0001789243700496919,0.09149985015392303,0.03519521703914044,1.7112831394558834e-05,0.04648536443710327,0.026970363975990386,5.8284886761105075e-06,0.032868996262550354,0.022539769728032368,3.495296305640395e-06,0.026413485407829285,0.019541511371258705,2.60894995493367e-06,0.02246387116611004,0.017317877978914313,2.157700202561816e-06,0.020365457981824875,0.015593057956605677,1.8888933124530954e-06,0.019020268693566322,0.014215692463848326,1.7120614031835666e-06,0.01791061833500862,0.013090455608945045,1.5869698090030375e-06,0.016971077769994736,0.012153793628963213,1.4933203803397654e-06,0.016160467639565468,0.01136207024729441,1.4200442484641774e-06,0.015451757237315178,0.01068455535208895,1.3606999269868528e-06,0.01482626236975193,0.010099029242401086,1.311295355931749e-06,0.014270491898059845,0.009588976641969076,1.2692379186839662e-06,0.013774434104561806,0.00914177055367165,1.2328401604547884e-06,0.01333048939704895,0.00874748154144202,1.2010344329356281e-06,0.012932583689689636,0.008398110800910564,1.1731434668619758e-06,0.012575559318065643,0.008087108303452767,1.1486853948974247e-06,0.01225481741130352,0.007809061934018419,1.127261176954983e-06,0.011966203339397907
749,3,block_output,Horizontal,1,0.19811269759185732,0.04970679268939964,1.2330174446105957,0.04462865609971304,8.56544453874574e-05,0.06436841189861298,0.027091581285709425,7.4270654246361e-06,0.03336693346500397,0.0213949540186496,2.5913424059346984e-06,0.02504076436161995,0.01838606507295654,1.6048534764402565e-06,0.021789412945508957,0.016411623799256862,1.2185127961936416e-06,0.01956908404827118,0.01498818900140505,1.022770190678136e-06,0.017921045422554016,0.013909342802233167,9.083423757142291e-07,0.01664714328944683,0.013066099794019782,8.342996213763775e-07,0.015637941658496857,0.012392358455274786,7.828321459454668e-07,0.014824972487986088,0.011844580268694295,7.452726114845952e-07,0.014161367900669575,0.01139261331113558,7.169204477017082e-07,0.013613374903798103,0.011014928139509663,6.950147043190172e-07,0.01315623614937067,0.010695818220339125,6.778249246833458e-07,0.012771629728376865,0.010423608907749729,6.641712831811569e-07,0.012445701286196709,0.010189461891376784,6.531636132945945e-07,0.012167565524578094,0.009986571834555693,6.440936136032658e-07,0.011928396299481392,0.009809629222939886,6.364144631370624e-07,0.01172101404517889,0.009654434190856086,6.297270882259001e-07,0.011539623141288757,0.009517605460825421,6.237556599251033e-07,0.011379597708582878
749,3,block_output,Gaussian,1,1.2592368927739916,3.1758499046534783,6.698791027069092,0.10757322183677129,0.0006987955828370654,0.16754813492298126,0.058806981477472514,9.258295319658544e-05,0.09093226492404938,0.04200982769566869,2.4037182803729938e-05,0.061671458184719086,0.03427943921396657,1.0835817812951567e-05,0.04749104380607605,0.029656833747313135,6.487261642076343e-06,0.03913518041372299,0.026450398126764904,4.492539706764112e-06,0.03356900066137314,0.02404614898657042,3.411324099817748e-06,0.030641404911875725,0.02215181113708587,2.754537673937921e-06,0.02831197716295719,0.02060551651650005,2.317554419728163e-06,0.026385597884655,0.019309856500180942,2.005301261298147e-06,0.02475086972117424,0.018202685204053683,1.7701618745568005e-06,0.023337962105870247,0.017242351295574318,1.5865663872513836e-06,0.022100098431110382,0.01639970148070937,1.4397137803376898e-06,0.02100434899330139,0.015653545776056866,1.3203402435816682e-06,0.02002638578414917,0.014987965099631793,1.2221719802326932e-06,0.019147474318742752,0.014390660139421621,1.1407220585371935e-06,0.018352799117565155,0.013851898914528272,1.072632540998365e-06,0.0176304429769516,0.013363817958013407,1.0153219529850164e-06,0.01697065867483616,0.012919959508710437,9.667706863391888e-07,0.016365408897399902
749,4,block_output,Vertical,1,0.09758702399475234,0.003891981692292501,0.31201380491256714,0.029554530534715878,2.575645634128584e-05,0.04010744392871857,0.018800766177711977,6.484248513305526e-06,0.024259869009256363,0.013552568586809295,2.699809248462559e-06,0.017275724560022354,0.010579524073927175,1.5118243481833012e-06,0.013678466901183128,0.008743520907407243,1.0571997508227184e-06,0.011962326243519783,0.0075323768477473,8.531131534648027e-07,0.01081358827650547,0.006690759300476029,7.501344956865635e-07,0.010018719360232353,0.00608163114844097,6.933404429641436e-07,0.009452538564801216,0.005626595069077753,6.596038431877314e-07,0.009037796407938004,0.005278022930262581,6.381345632335419e-07,0.008724775165319443,0.0050053913368000875,6.234502233322512e-07,0.00848018005490303,0.004788309779195558,6.126391547845645e-07,0.008281707763671875,0.0046128755220995535,6.042280506297419e-07,0.00811565201729536,0.00446954342566194,5.97557865026258e-07,0.00797487236559391,0.004351586413880189,5.922586613135333e-07,0.007855650968849659,0.0042539739589546885,5.879677559433804e-07,0.007755105383694172,0.004172753054826032,5.843383223612491e-07,0.007670368067920208,0.004104765667949641,5.810978004519495e-07,0.007598601747304201,0.004047480393348942,5.780597000193e-07,0.007537121884524822
749,4,block_output,Horizontal,1,0.2850462230188506,0.1403508516067189,1.8338826894760132,0.05632524884172848,0.00013646858609142208,0.08443160355091095,0.034963748787367153,1.357706713313825e-05,0.04473751038312912,0.026954024971004516,4.913311816372232e-06,0.03334660455584526,0.022221076997026565,2.7453499270822797e-06,0.026987038552761078,0.019000795374195727,1.8221579345919104e-06,0.022718265652656555,0.01665746339315933,1.335622029659512e-06,0.019655995070934296,0.014876696207220591,1.0475270074480755e-06,0.017370451241731644,0.013483246803165429,8.643245093662353e-07,0.015608902089297771,0.012369505987162627,7.420313693378609e-07,0.014256501570343971,0.01146445982158184,6.574777002508286e-07,0.013391707092523575,0.010718844077062039,5.973856859203923e-07,0.01274389959871769,0.01009722337836311,5.53604423728755e-07,0.012198176234960556,0.009573446424116217,5.208880003125675e-07,0.011729944497346878,0.00912788344754113,4.957755451861396e-07,0.011321963742375374,0.00874561703364764,4.7595907171064106e-07,0.010962113738059998,0.008415174980958303,4.598933817507532e-07,0.010641785338521004,0.008127632691332745,4.465410309035152e-07,0.010354746133089066,0.007875961399385853,4.3520497868604834e-07,0.010096369311213493,0.007654555932810855,4.2541089259975476e-07,0.009863083250820637
749,4,block_output,Gaussian,1,0.11487269803645118,0.011207443089325553,0.5979369878768921,0.030755643333707536,2.3086066232591645e-05,0.04270297288894653,0.021034616592621045,6.177345477090362e-06,0.02693261206150055,0.01611833441411219,3.004396729793298e-06,0.020220492035150528,0.013129858699228083,1.8193849983053176e-06,0.016643421724438667,0.011155189502806891,1.2537342480791392e-06,0.014195113442838192,0.009773519511024157,9.414076887725709e-07,0.012439288198947906,0.008763438807652584,7.514773218754382e-07,0.011125820688903332,0.008000517995761973,6.285068692409353e-07,0.01011168397963047,0.00741110077600867,5.45742421990611e-07,0.009317226707935333,0.006948783964155212,4.88720673024991e-07,0.008695285767316818,0.006581980875501084,4.4870048836430957e-07,0.00821033027023077,0.006287897234812143,4.2000285347172025e-07,0.007831400260329247,0.006049741007801559,3.9891076486307325e-07,0.007533052936196327,0.005855050270578691,3.829885621823015e-07,0.007332696579396725,0.005694472548803167,3.7059481740752443e-07,0.007175725884735584,0.005560880918647089,3.6056775835217255e-07,0.0070409514009952545,0.005448771758921563,3.520726162521736e-07,0.006924751214683056,0.005353876596523656,3.4457902725972354e-07,0.00682486966252327,0.005272915268996878,3.378575490122964e-07,0.006739565171301365
749,final,proj_out,Vertical,1,0.14969743173273783,0.004999146368541564,0.3430899977684021,0.08171956442178242,2.9045501514916412e-05,0.09488661587238312,0.07180088746642309,2.3518606393317525e-05,0.08302710950374603,0.06443067663718784,2.3210096118658083e-05,0.07600340247154236,0.058288227589357464,2.2950973899511463e-05,0.06975381076335907,0.053102758905244254,2.2418796156406313e-05,0.06421394646167755,0.048728561413193504,2.1699584219854192e-05,0.05996815115213394,0.045041707359136096,2.0876326059027564e-05,0.05637810006737709,0.041931806516552726,2.0005724262311043e-05,0.053294237703084946,0.039302978960294575,1.912604812887033e-05,0.0506339892745018,0.03707371607777618,1.8262938416379003e-05,0.04832753539085388,0.03517572292023235,1.7433048723310865e-05,0.04631664603948593,0.03355231000080941,1.6646544373280285e-05,0.04455329477787018,0.03215671605652287,1.5908955205977454e-05,0.04299808293581009,0.030950512323114607,1.522254576265098e-05,0.04161876067519188,0.02990218804823974,1.458737992446577e-05,0.040388964116573334,0.028985930340630666,1.400205563006112e-05,0.03928711265325546,0.02818058765242024,1.3464272864979042e-05,0.03829548507928848,0.027468809118819614,1.2971211536428385e-05,0.037399452179670334,0.026836334565092646,1.2519801559769983e-05,0.036586880683898926
749,final,proj_out,Horizontal,1,0.15280446516616003,0.004182810080833669,0.3420148491859436,0.09216595358318752,1.091533423577617e-05,0.10069334506988525,0.08375204236261428,4.745011473906847e-06,0.08920349925756454,0.07738732865878514,3.6456067124144647e-06,0.08148081600666046,0.07197548910265877,3.420714795423793e-06,0.07540316879749298,0.06728396801248429,3.5048837393343426e-06,0.0712803304195404,0.06319825818377828,3.7207644424813493e-06,0.06760311126708984,0.05963274534969103,3.9805599986034115e-06,0.06432026624679565,0.05651750989140026,4.241441974051261e-06,0.06139940023422241,0.05379315424296591,4.4842308407349496e-06,0.05881146341562271,0.05140811329086622,4.701132779805922e-06,0.056526269763708115,0.04931732001049178,4.889826235630792e-06,0.0545126348733902,0.0474814238056304,5.050735720726744e-06,0.05273977667093277,0.045866190736729,5.185735319694844e-06,0.05117861554026604,0.044441940351611094,5.297398665967685e-06,0.04980254918336868,0.043183017522096634,5.388576568812885e-06,0.04858775436878204,0.0420672944968655,5.462095184634784e-06,0.0475132018327713,0.04107571020722389,5.520605886765402e-06,0.04656047374010086,0.04019186823141007,5.566495363323108e-06,0.04571353644132614,0.03940166698561774,5.601849572728788e-06,0.044958483427762985
749,final,proj_out,Gaussian,1,0.08118697894471032,0.0008773204663949447,0.17924979329109192,0.05127505213022232,1.2744367666923962e-05,0.058334965258836746,0.0440275167070684,8.571043453159864e-06,0.0496041476726532,0.03914574693356242,7.035691421895836e-06,0.04414349049329758,0.03552796957748277,6.11486685819616e-06,0.03995272144675255,0.03275958714740617,5.519050141567798e-06,0.037083715200424194,0.03059648240487727,5.1245055863806816e-06,0.0348622128367424,0.028876915692336975,4.86219308543463e-06,0.03305194526910782,0.027488626007522856,4.687172327601223e-06,0.031561244279146194,0.026352107790963992,4.5692646674898615e-06,0.030319862067699432,0.0254101703268668,4.488502711647226e-06,0.029382653534412384,0.024620958855227817,4.431846504523655e-06,0.02859734743833542,0.023953276967245436,4.390810403363872e-06,0.0279214046895504,0.023383464309431258,4.359847291301003e-06,0.02733585052192211,0.022893301433040983,4.335298917219769e-06,0.02682534232735634,0.022468577272125652,4.314741218138945e-06,0.026377398520708084,0.02209808544388839,4.296573533955687e-06,0.025981828570365906,0.02177290517895941,4.279748145235558e-06,0.025630313903093338,0.021485874399779333,4.2635929995560905e-06,0.02531607262790203,0.021231196554643766,4.247697106475585e-06,0.025033574551343918
710,initial,patch_embed,Vertical,1,0.3972042599131191,0.40466708891787595,3.067420244216919,0.08750256600361021,2.438479246569857e-06,0.09095609933137894,0.08712276296010094,2.1533273778811035e-06,0.09014643728733063,0.08716102098188704,2.3120183567880546e-06,0.09060811996459961,0.0872623711114838,2.5223135542091932e-06,0.09104184806346893,0.08737775884450429,2.733698808015258e-06,0.09126771241426468,0.08750377666382562,2.966717768582352e-06,0.09149852395057678,0.08763504454067775,3.287446824703683e-06,0.09183530509471893,0.08774969679495645,3.6672547748596826e-06,0.09211418032646179,0.08782920324140125,4.001677150810436e-06,0.0923040509223938,0.08786603690139831,4.177785327904751e-06,0.09269042313098907,0.08786391005629585,4.15266938203886e-06,0.0927116870880127,0.08783480572322058,3.978659189326077e-06,0.09245757758617401,0.08779404915514447,3.7508886144400518e-06,0.09206850826740265,0.08775514115889867,3.5448359006299652e-06,0.09166219085454941,0.08772665132132787,3.394941387754894e-06,0.09130522608757019,0.08771195250844198,3.305061920230136e-06,0.09102096408605576,0.08771080618339872,3.265633213933745e-06,0.09080770611763,0.08772116662963989,3.2644012699166344e-06,0.0907340720295906,0.08774028647513617,3.2901253910953005e-06,0.09081380069255829
710,initial,patch_embed,Horizontal,1,0.22609805351211912,0.0952164305725808,1.6401876211166382,0.08983544248437124,1.7839741982513806e-07,0.09084905683994293,0.08941838003340222,1.6725195874615469e-07,0.09038937091827393,0.08918422578819214,1.458879267729321e-07,0.09026045352220535,0.08907579819834421,1.3837612956180004e-07,0.09026023000478745,0.0890454567141003,1.453785862523866e-07,0.09027931094169617,0.08905582449265889,1.5692965905365395e-07,0.09019233286380768,0.08908951838338186,1.7108280895306955e-07,0.09003980457782745,0.08913535281779274,1.8750010293740716e-07,0.09026087075471878,0.0891830184393459,2.0278738921604553e-07,0.09046707302331924,0.08922741124554286,2.1664612406627767e-07,0.09066050499677658,0.08926738526612993,2.2979537101270838e-07,0.09080205857753754,0.08930158508675438,2.404845302081486e-07,0.09086877107620239,0.08932806669719635,2.468280136897656e-07,0.09086606651544571,0.08934509352086083,2.481183747804401e-07,0.0908072367310524,0.08935263055184531,2.4489988909973516e-07,0.09070731699466705,0.08935247799233785,2.3869113454826644e-07,0.0907084196805954,0.08934764102810905,2.3177211410489723e-07,0.09069008380174637,0.08934141671846783,2.2621066005547727e-07,0.09064735472202301,0.08933633660513257,2.2307136683948546e-07,0.09059834480285645
710,initial,patch_embed,Gaussian,1,0.18117588285415892,0.06848824821881208,1.3654875755310059,0.06587585180051743,1.7415748399101524e-06,0.06942818313837051,0.0657158259834562,1.5408203177817551e-06,0.06871194392442703,0.06569594286736988,1.5726489326542235e-06,0.06870797276496887,0.06576511973426455,1.6671769811868044e-06,0.0687519907951355,0.06584113812635815,1.7295608541141144e-06,0.06881836801767349,0.0659066154843285,1.786136192150873e-06,0.06887295842170715,0.06597232156329685,1.8678720540255006e-06,0.06900427490472794,0.06603619278896422,1.964497169157874e-06,0.06916031241416931,0.0660829527510537,2.0423217448354206e-06,0.06925812363624573,0.0661003522220112,2.0728545881742018e-06,0.06921813637018204,0.06608615472676262,2.0477172349983286e-06,0.0691814124584198,0.06604969619758545,1.982052326446029e-06,0.069093719124794,0.06600813780512128,1.9065770705512028e-06,0.0689874067902565,0.06597789826374205,1.8506931624489157e-06,0.06890977919101715,0.06596694141626358,1.8286394713982472e-06,0.0688830316066742,0.06597436432327543,1.8393499609154521e-06,0.06890332698822021,0.06599533250407567,1.8750237579926724e-06,0.0690094381570816,0.06602487334656337,1.927110829902684e-06,0.06913518905639648,0.066058825287554,1.987975367270276e-06,0.06926403194665909
710,0,block_output,Vertical,1,0.5239081163964574,0.4853189770879661,3.652794361114502,0.09984278607936133,0.00014263829492853442,0.1303892433643341,0.07966169762232947,2.102243173737331e-05,0.09136795252561569,0.07380102527520013,1.7237820262700324e-05,0.08528395742177963,0.0706920986847272,1.6235419234511536e-05,0.0818648487329483,0.06871224987128424,1.5315226228506033e-05,0.07938417792320251,0.06742396223403159,1.4654313115731687e-05,0.07763473689556122,0.06657617509601609,1.4214824051725184e-05,0.07642419636249542,0.06600323254390368,1.3926404880057493e-05,0.07557682693004608,0.06559898083408673,1.3738003118131768e-05,0.0749606192111969,0.06529825168942648,1.3616434980539474e-05,0.07448801398277283,0.06506233680106345,1.3539612693412312e-05,0.07410452514886856,0.06486858841445711,1.3492554597639335e-05,0.07377764582633972,0.06470371191463774,1.3465438813378753e-05,0.07348884642124176,0.06455973902392009,1.3452084478607967e-05,0.07322816550731659,0.0644317175897341,1.3448303709014793e-05,0.07299026846885681,0.06431641624796958,1.3450985342207624e-05,0.07277221977710724,0.06421160112534251,1.3457463631642e-05,0.07257214188575745,0.0641156074310106,1.3465161974335966e-05,0.07238873839378357,0.06402710902075918,1.3471487759376957e-05,0.07222108542919159
710,0,block_output,Horizontal,1,0.31779293680474874,0.15423944928383612,2.2488417625427246,0.09851891618399393,4.177535443560962e-05,0.11677613854408264,0.08547335129881663,4.465292571240822e-06,0.09004470705986023,0.08013723802471918,1.8866443586681454e-06,0.0838795080780983,0.07715658264027701,1.0093174872716117e-06,0.08009156584739685,0.07550598054178177,6.925048478892746e-07,0.07788161933422089,0.07460847355070568,5.893225757072095e-07,0.0766582190990448,0.07410444449337703,5.56356232946972e-07,0.07596610486507416,0.07379486234415145,5.444171610891485e-07,0.0755409225821495,0.07358209859757196,5.387670482107031e-07,0.07525017857551575,0.07342127320312318,5.354071601571101e-07,0.07502871751785278,0.07329137209388945,5.332707366232966e-07,0.07484474778175354,0.07318185731059029,5.32128039045908e-07,0.07468369603157043,0.07308690734798946,5.31960494809452e-07,0.07459178566932678,0.07300288052785964,5.327721790752054e-07,0.07452308386564255,0.07292732182476255,5.345397746372997e-07,0.07446211576461792,0.07285860003460021,5.37191207965813e-07,0.07441841810941696,0.07279575698905522,5.405857085025496e-07,0.07437874376773834,0.07273828545733103,5.445449316009923e-07,0.07434367388486862,0.0726858362082451,5.489282712984186e-07,0.07431326806545258
710,0,block_output,Gaussian,1,1.0294154503988842,2.5132962968743224,6.432091236114502,0.08468431399928199,0.00010963239325117638,0.10915663093328476,0.06598215414181588,1.4466205230947905e-05,0.07425971329212189,0.05992909526777646,7.327635174004093e-06,0.06534063816070557,0.056977699791628214,5.968433833141982e-06,0.0625581443309784,0.05520220769066659,5.440574069755502e-06,0.06070224195718765,0.054024778661273774,5.187240732336028e-06,0.05939275026321411,0.053192337354024254,5.077402087878582e-06,0.05843554437160492,0.052573735574408184,5.0490256086948965e-06,0.05771076679229736,0.052095356382547864,5.064596879110888e-06,0.05714266374707222,0.051713326147624424,5.101616767188076e-06,0.05668366700410843,0.05140008629551009,5.147461690148751e-06,0.05630344897508621,0.05113754468777823,5.195536967207853e-06,0.05607476830482483,0.05091338918086082,5.242642150323405e-06,0.055928703397512436,0.05071897976218708,5.287394856265096e-06,0.055804163217544556,0.05054808496719315,5.329360544952356e-06,0.05569644272327423,0.050396105422387046,5.368623751040023e-06,0.055602118372917175,0.05025957637126484,5.405516565678732e-06,0.05551864951848984,0.05013585185247754,5.440453418680748e-06,0.055444080382585526,0.05002288685904609,5.473823710694019e-06,0.05537682771682739
710,1,block_output,Vertical,1,0.09974703038968737,0.0020192754942883547,0.2470262050628662,0.04614558520298156,2.517895241601257e-05,0.05748041719198227,0.038491663774327625,9.243249129600078e-06,0.04639511555433273,0.0360406068937173,8.33448483045404e-06,0.04321962594985962,0.03479891356139902,8.247383856632994e-06,0.041809845715761185,0.03403499979703199,8.230454948372505e-06,0.040932547301054,0.03353819735939541,8.238925659883267e-06,0.04040437191724777,0.033188498712011745,8.23524671459753e-06,0.04004582017660141,0.032925671232598167,8.220203348185637e-06,0.039767708629369736,0.032720296096707145,8.200617579136091e-06,0.03955087065696716,0.0325559318834354,8.17925855483092e-06,0.039387039840221405,0.03242152598169115,8.157459426775481e-06,0.039261363446712494,0.032309481282792395,8.136535064395077e-06,0.03916178643703461,0.032214537351613955,8.117478885703572e-06,0.03908029943704605,0.03213295272536694,8.100808219164441e-06,0.03901177644729614,0.03206199694365736,8.086605960454156e-06,0.038952916860580444,0.031999629670901905,8.074649717063473e-06,0.03890138491988182,0.031944301629823355,8.064593525860617e-06,0.0388554222881794,0.0318948229153951,8.056064131695767e-06,0.03881371021270752,0.031850267704280594,8.048733229584572e-06,0.03877529129385948
710,1,block_output,Horizontal,1,0.6567514586070228,0.9391135377962588,4.032582759857178,0.1154159444665152,0.00019063232042334705,0.16268330812454224,0.08896741353803211,3.6320688769402994e-05,0.11111420392990112,0.07596433020773388,1.447445431038689e-05,0.08966770023107529,0.06780764425084704,7.3957659508696105e-06,0.07700831443071365,0.06252481788396835,4.450719558182197e-06,0.06908644735813141,0.05909524852084735,3.1967747364919507e-06,0.06408288329839706,0.05682321312645125,2.6655611346676278e-06,0.06087246537208557,0.055252698205766226,2.443071910684193e-06,0.05874417722225189,0.054105823830006616,2.353796388076593e-06,0.05726587027311325,0.05322177365185723,2.322274881858077e-06,0.05618364363908768,0.0525090458492438,2.315339339417764e-06,0.055359795689582825,0.05191479380878191,2.3186840502215693e-06,0.05482349544763565,0.051407359895252046,2.326978666364338e-06,0.05436345934867859,0.05096683704427311,2.338859862008569e-06,0.0539616197347641,0.050580006506707936,2.353962844129343e-06,0.053606413304805756,0.05023755878210068,2.3716846170703957e-06,0.05328918620944023,0.0499325937458447,2.3912143152406493e-06,0.05300324410200119,0.04965977045515227,2.411890652149033e-06,0.052743569016456604,0.04941479903128412,2.433315813477368e-06,0.052506424486637115
710,1,block_output,Gaussian,1,0.09517904300065268,0.003529835859996475,0.3462471067905426,0.04310367829979412,1.3426584864193839e-05,0.052449483424425125,0.037764448495138256,5.8680244081473515e-06,0.04330024495720863,0.03551460001322012,4.910859556796676e-06,0.040385082364082336,0.03424847451230836,4.679555462839789e-06,0.03885866701602936,0.03342440564717565,4.634740646478599e-06,0.038261063396930695,0.03283593516855959,4.643747289352125e-06,0.03778405115008354,0.032393468336926565,4.649879594824217e-06,0.03740321099758148,0.03205293325322961,4.652927041552577e-06,0.03710431233048439,0.03178492203236572,4.656848942555104e-06,0.036861903965473175,0.03156866851661887,4.6611563562502915e-06,0.03666266053915024,0.03139020372477789,4.666112971823385e-06,0.03649944067001343,0.03124063379234738,4.671531342901494e-06,0.03636547178030014,0.031114283180426038,4.676610050410585e-06,0.03625369817018509,0.031006895064834564,4.68077515712099e-06,0.03615822270512581,0.030914892013820392,4.683842577966669e-06,0.03607478365302086,0.030835277977443877,4.6855631188363535e-06,0.036000434309244156,0.030765593702357912,4.685542801478137e-06,0.03593320772051811,0.030703888792130683,4.683462799226937e-06,0.03587181121110916,0.03064868658307999,4.679307602788067e-06,0.03581532835960388
710,2,block_output,Vertical,1,0.09608834018073385,0.003970927655396758,0.3151722550392151,0.028350186430745654,1.6955019739609662e-05,0.03718706592917442,0.02146542208298804,4.681943812745338e-06,0.026582293212413788,0.018723537140185872,3.6619555465247544e-06,0.023753110319375992,0.01710140301535527,3.3777729170673285e-06,0.022347673773765564,0.016031197952254425,3.2924314592755054e-06,0.02144913747906685,0.015287013635748909,3.28367766724215e-06,0.02081892266869545,0.01474954258827936,3.294740708811793e-06,0.02036219835281372,0.014343480845647199,3.305416846782789e-06,0.020014606416225433,0.014023547046004779,3.3078253616230985e-06,0.01974055916070938,0.013762690274724885,3.3010758100054665e-06,0.019524164497852325,0.013545429023603598,3.291066047026927e-06,0.019355081021785736,0.013363118179970317,3.283929157638433e-06,0.019221697002649307,0.013210091192925733,3.2812360123389464e-06,0.0191134475171566,0.013081721163221769,3.281430890072391e-06,0.019022628664970398,0.012973916273386706,3.28247675404261e-06,0.018943723291158676,0.012882987495570902,3.2829540828084644e-06,0.01887269876897335,0.012805608840334036,3.2823449503652704e-06,0.018806930631399155,0.012738909084527265,3.2809556141522505e-06,0.01874527707695961,0.01268060432953967,3.279517688714541e-06,0.018687687814235687
710,2,block_output,Horizontal,1,0.3578907646357067,0.17888210365287727,2.2821712493896484,0.08142814519149917,0.00020099379930564417,0.11841325461864471,0.051118803225339404,2.979730473352395e-05,0.06684944033622742,0.03939384405338575,7.287300309946608e-06,0.04690112918615341,0.03433283084323482,3.3002749253991037e-06,0.03843515366315842,0.03175194777311787,2.3995306864860006e-06,0.035227470099925995,0.030135827139019966,2.0918640689438513e-06,0.03354710713028908,0.028971866275819522,1.9461632732013336e-06,0.03232642263174057,0.028071156835981777,1.8653690551689238e-06,0.03140976279973984,0.02734758968036326,1.8169153120777976e-06,0.030781596899032593,0.026753063683235455,1.785951689584531e-06,0.030252907425165176,0.0262564853247669,1.7648022480826072e-06,0.029806021600961685,0.025835958708609854,1.7493167702949699e-06,0.029425237327814102,0.025475466062152195,1.7372115601019604e-06,0.029097460210323334,0.025163060083748804,1.7272912915646451e-06,0.028812125325202942,0.0248896809560912,1.7190194833476363e-06,0.028560619801282883,0.024648365638558826,1.7122174537264667e-06,0.028336012735962868,0.024433705098335704,1.7068230716788228e-06,0.028133036568760872,0.024241469475248502,1.7026967754612726e-06,0.027948137372732162,0.02406833181896853,1.6995537625619943e-06,0.0277792289853096
710,2,block_output,Gaussian,1,0.5181386432950459,0.6346922794509072,3.900435209274292,0.06629907469900828,0.0001616850238726068,0.09811590611934662,0.04343938685598828,2.6151913506548208e-05,0.05782133340835571,0.03496261771827463,9.257690428064956e-06,0.043865449726581573,0.030699632766227874,5.533979310782538e-06,0.03736979514360428,0.028000163978763988,4.2113675378998805e-06,0.03353875130414963,0.026094518187973235,3.589505921356936e-06,0.030909299850463867,0.024669215378780213,3.2443046103190443e-06,0.029131177812814713,0.023556286912588847,3.0278955986910994e-06,0.02804042212665081,0.022656693758945617,2.8789271004055362e-06,0.02714640647172928,0.021909717706933854,2.768818937824679e-06,0.026400260627269745,0.02127669458942754,2.6826246847098963e-06,0.025767672806978226,0.020731947961307708,2.611565209585495e-06,0.02522268518805504,0.020257721344629925,2.5501683540887995e-06,0.024745121598243713,0.019841284505904666,2.4952359529456155e-06,0.024320043623447418,0.019473184905354938,2.4452941877773542e-06,0.023937534540891647,0.01914611035987498,2.3999390657926723e-06,0.023591656237840652,0.018854169884607905,2.3590967171078627e-06,0.02327871322631836,0.01859247498214245,2.322614925808834e-06,0.022995807230472565,0.01835693810726442,2.290141633186832e-06,0.022740207612514496
710,3,block_output,Vertical,1,0.09747240000537463,0.005676029429846604,0.35913556814193726,0.022583025389365734,1.4857326798427468e-05,0.033286165446043015,0.015251734974010596,3.322791399525413e-06,0.019941875711083412,0.011947006933272832,1.933706935750566e-06,0.015774913132190704,0.00997333156151904,1.4855566316224268e-06,0.013867110013961792,0.008674841248504227,1.2760699075403066e-06,0.012565594166517258,0.007771037082882628,1.159882744009989e-06,0.011644648388028145,0.007115145428254018,1.087582373485696e-06,0.010975118726491928,0.0066238245113738,1.0391795026524618e-06,0.01047874428331852,0.006246477557671448,1.0048378108633792e-06,0.010101137682795525,0.005950988262950901,9.793809848171036e-07,0.009805772453546524,0.005715855515547215,9.59907073412546e-07,0.009569673798978329,0.005526229066567289,9.446623467770513e-07,0.009378006681799889,0.005371636555840571,9.325393284114801e-07,0.009220701642334461,0.005244519410004455,9.228205308007373e-07,0.009090602397918701,0.005139276559006364,9.150311303898006e-07,0.00898242462426424,0.0050516600668844246,9.088587793266122e-07,0.008892199024558067,0.00497839358886556,9.040982562325584e-07,0.008816927671432495,0.004916905041133601,9.005937816411458e-07,0.008754304610192776,0.004865141138286581,8.981747622158254e-07,0.008702412247657776
710,3,block_output,Horizontal,1,0.324597136250564,0.17437110979016213,1.8857917785644531,0.05680773903926214,0.00013649249715418728,0.07911968231201172,0.0335433039636839,1.2431477891972256e-05,0.04133322834968567,0.025779737514399347,3.9370134807545695e-06,0.030991030856966972,0.021760560601713167,2.292681663451899e-06,0.025819197297096252,0.01915171236864158,1.6566102028746199e-06,0.02246182970702648,0.017297981232996026,1.3206144062503479e-06,0.020196985453367233,0.015908962159994103,1.1137838829397286e-06,0.018613003194332123,0.014826760198625307,9.755537690215732e-07,0.017369315028190613,0.01395802664023543,8.790845901651968e-07,0.01636931113898754,0.01324451704406076,8.102668689662832e-07,0.01555158756673336,0.012648164368574582,7.605246472999865e-07,0.014874367043375969,0.012142942715731879,7.241574135256686e-07,0.014307171106338501,0.011710277078525415,6.972696120899174e-07,0.013826857320964336,0.011336421594023705,6.771969180866561e-07,0.013415785506367683,0.011010911448725633,6.621066320627828e-07,0.013060551136732101,0.0107256043406706,6.507180809488633e-07,0.012750905938446522,0.010474054837628963,6.421191915653121e-07,0.012478930875658989,0.010251091320126776,6.35645765282226e-07,0.012238465249538422,0.010052519436511729,6.308016254985345e-07,0.012024687603116035
710,3,block_output,Gaussian,1,0.23915910815435742,0.10503458582558078,1.908645510673523,0.04443963368733724,7.502816602864004e-05,0.07000742107629776,0.029203117041597292,9.58027216668318e-06,0.03775746375322342,0.023386740643117163,4.113373406534062e-06,0.028451165184378624,0.019898561405993644,2.4873420276959235e-06,0.023588843643665314,0.017510722006952004,1.7914914551555461e-06,0.020463716238737106,0.01577435572823835,1.4335746238569598e-06,0.018210867419838905,0.014457737361746175,1.224397035541289e-06,0.01686825603246689,0.013425943456471913,1.087921864077462e-06,0.01578768901526928,0.012596197160226958,9.903478027894047e-07,0.014897612854838371,0.011915512649076325,9.16606308489924e-07,0.014241047203540802,0.011348131615372877,8.59307704720485e-07,0.013689258135855198,0.010868808668520715,8.139722387564815e-07,0.013219784945249557,0.01045924677912678,7.776021700043514e-07,0.012816565111279488,0.010105898322921896,7.481600623103278e-07,0.012467587366700172,0.009798514538459362,7.242403097882377e-07,0.012163626961410046,0.009529183566984203,7.048328780400445e-07,0.011897369287908077,0.0092916978404872,6.891433134943096e-07,0.0116627411916852,0.009081129849489247,6.764836628774202e-07,0.011454548686742783,0.008893543373911626,6.662257276773168e-07,0.011268386617302895
710,4,block_output,Vertical,1,0.20827266372858533,0.048735774860101375,1.2011120319366455,0.045450507884933836,9.395216054986686e-05,0.07262498885393143,0.02819019958140358,1.476771786149874e-05,0.0379338413476944,0.020981945067880644,5.706284943580632e-06,0.027500074356794357,0.016817519293418005,3.1832459425666327e-06,0.021425506100058556,0.014045601533282371,2.100419046353226e-06,0.017453841865062714,0.012063012709693304,1.5334000127312961e-06,0.015140911564230919,0.010585630726483133,1.2143996305032747e-06,0.013627087697386742,0.009453833827541934,1.0258369116229749e-06,0.01247083768248558,0.008567829793762593,9.087740595847501e-07,0.01157321222126484,0.00786134981298967,8.330544785581774e-07,0.01086517795920372,0.007288752522851739,7.822212247619992e-07,0.010297498665750027,0.006817788757856876,7.466865401333255e-07,0.009835125878453255,0.006425271919440655,7.206279177992106e-07,0.009453404694795609,0.006094334380967277,7.004880653210507e-07,0.009135005995631218,0.005812585139499297,6.841701909073075e-07,0.008867342956364155,0.005570797840990718,6.70506250925028e-07,0.008640740066766739,0.005361955221151076,6.588547012261901e-07,0.008447516709566116,0.005180583549811254,6.488279007992143e-07,0.008281583897769451,0.005022320866821304,6.401528652915279e-07,0.008138177916407585
710,4,block_output,Horizontal,1,0.4466188720294407,0.43978722783624435,2.9804108142852783,0.07031324085971666,0.00018037405578894586,0.10573010891675949,0.04175146686888877,1.8755311416193216e-05,0.05336065590381622,0.03130316512570495,5.2819299269928155e-06,0.03669458627700806,0.025592911456312453,2.8799653627058794e-06,0.02962222509086132,0.021782292437458797,1.945653882546671e-06,0.025345027446746826,0.01905917124970565,1.45774103875475e-06,0.022268880158662796,0.017022542211981045,1.163670213286553e-06,0.01995413936674595,0.015442049160363182,9.697028795359863e-07,0.018154213204979897,0.014179162075003934,8.34021322954141e-07,0.016717182472348213,0.013146656432322093,7.352477283027862e-07,0.015544544905424118,0.012287040374108724,6.612822514145738e-07,0.014570137485861778,0.011560861154326372,6.047442207601392e-07,0.013748224824666977,0.0109401023872788,5.608722544428113e-07,0.013046380132436752,0.010404268176191382,5.264543585594916e-07,0.012440988793969154,0.009937969006834522,4.992485328541086e-07,0.011914406903088093,0.009529378309491136,4.776410994178279e-07,0.011453144252300262,0.009169225034023088,4.6043500162035686e-07,0.011046679690480232,0.008850118500136193,4.4671496741939653e-07,0.010686682537198067,0.008566085330491502,4.357644195754937e-07,0.010393972508609295
710,4,block_output,Gaussian,1,0.39833390440732713,0.24843898061113928,2.930459976196289,0.06499232174385161,0.00018298429371355762,0.09443652629852295,0.03917131614353922,2.080404401679768e-05,0.05008077621459961,0.029563204459254703,7.371774347473533e-06,0.0354151651263237,0.02413286602804585,3.97684725350701e-06,0.028343118727207184,0.020516720763038076,2.6166926863938015e-06,0.02395569160580635,0.017902284151031858,1.9221455748785783e-06,0.02087346464395523,0.015916277284896564,1.5096211569844238e-06,0.018580138683319092,0.014356766280437272,1.2395758132758994e-06,0.016796085983514786,0.013101775391352556,1.050844296493105e-06,0.015356655232608318,0.012072426385231434,9.12944283380875e-07,0.01421791035681963,0.011215218047182712,8.090778672042311e-07,0.013285696506500244,0.010492435375612879,7.290938252944612e-07,0.01249877829104662,0.009876596283108469,6.663629318472416e-07,0.011828919872641563,0.0093471317418984,6.163496269297052e-07,0.011254208162426949,0.008888322653041946,5.758768047088008e-07,0.010757500305771828,0.008487956627966866,5.426687206352078e-07,0.010325109586119652,0.008136403857774678,5.150550903197303e-07,0.009945854544639587,0.007825961536062616,4.917830423769679e-07,0.009610345587134361,0.007550379024848106,4.719104436628309e-07,0.009310681372880936
710,final,proj_out,Vertical,1,0.1731705398313583,0.007693894372497248,0.3960421681404114,0.08412268261114757,2.519068704230433e-05,0.09540866315364838,0.07444617270477234,2.136540054503648e-05,0.0837189182639122,0.06711635667653311,2.151192081087641e-05,0.07653260231018066,0.060984610269467034,2.1589781955610038e-05,0.07083632051944733,0.055782813460580886,2.134250386932767e-05,0.06605669111013412,0.05135712506515639,2.0842221650651034e-05,0.061954841017723083,0.04758705145546368,2.017868643519246e-05,0.058403387665748596,0.04437076672911644,1.9424552123208073e-05,0.05531393364071846,0.04162165623099085,1.8633073327670127e-05,0.05261602625250816,0.039266289522250496,1.7840634040166058e-05,0.050250981003046036,0.037242631383595015,1.707053706807671e-05,0.048169463872909546,0.035498416435623924,1.6336674776511316e-05,0.046330034732818604,0.033989708338465006,1.564649927690239e-05,0.04469791799783707,0.032679667282435626,1.5003211161399247e-05,0.04324398934841156,0.03153744815952248,1.4407311498454661e-05,0.04194384068250656,0.030537272197386577,1.3857631877287491e-05,0.04077703505754471,0.029657612244288128,1.3352016622028142e-05,0.039726369082927704,0.02888050155034141,1.288779437493259e-05,0.03877737373113632,0.028190936242777204,1.2462055770791124e-05,0.03791780397295952
710,final,proj_out,Horizontal,1,0.17430112558224845,0.0063377913710706895,0.39003339409828186,0.0935645889904764,8.616582759848013e-06,0.09954174607992172,0.08571948749678475,4.624987919169309e-06,0.09071123600006104,0.0795762279913539,3.970769352642595e-06,0.08448190242052078,0.07424869222773446,3.7537154056055473e-06,0.07919920980930328,0.06957864075426072,3.7383673715411706e-06,0.0745735615491867,0.06548148488241529,3.8390638396378955e-06,0.07050855457782745,0.061890114571840044,4.001703148614896e-06,0.06694197654724121,0.05874501470298994,4.190555342157595e-06,0.06381835043430328,0.055992120492552956,4.3831739664144825e-06,0.06108624488115311,0.05358220814239411,4.56615706655761e-06,0.05874864012002945,0.051470825773856,4.732188796508487e-06,0.05680727958679199,0.04961830756020925,4.87802016327255e-06,0.055066101253032684,0.04798967787434184,5.003031523103193e-06,0.05350050702691078,0.04655440151691437,5.108189503847499e-06,0.052089087665081024,0.045286026916333606,5.195314849655962e-06,0.05081333592534065,0.04416176724055457,5.266590198294576e-06,0.049657221883535385,0.04316206536595783,5.3242550251654e-06,0.048606932163238525,0.04227017617178342,5.370412934112737e-06,0.04765047878026962,0.041471782066519296,5.4069463212715635e-06,0.04685121029615402
710,final,proj_out,Gaussian,1,0.08408327962434481,0.0007291067237980879,0.16633394360542297,0.053407990092795996,1.4984838673082793e-05,0.0612335205078125,0.045599205744644954,9.149202007085682e-06,0.051438502967357635,0.0404168755289108,7.376523059826188e-06,0.04560110345482826,0.036554516603549324,6.403407845127222e-06,0.04118162393569946,0.033602038191424474,5.815905337286256e-06,0.03839419037103653,0.03131218766054464,5.438574026335747e-06,0.03616584837436676,0.029513947251770232,5.185309535059813e-06,0.03437039256095886,0.028084643687757236,5.008810255816848e-06,0.032912276685237885,0.026935041216867312,4.881182309250473e-06,0.0317179411649704,0.02599958853707427,4.785403674674016e-06,0.030730711296200752,0.025229698490528835,4.710838744731847e-06,0.029906874522566795,0.024589052482966393,4.650707100362169e-06,0.029212631285190582,0.02405028970586875,4.600592632014112e-06,0.028621768578886986,0.02359264199104574,4.557569286586446e-06,0.028113897889852524,0.023200224937191084,4.519666106858645e-06,0.02767311781644821,0.022860795436870484,4.485542747343239e-06,0.027287006378173828,0.022564837679503454,4.454279517779974e-06,0.026945818215608597,0.02230489357478089,4.425246642296762e-06,0.026641905307769775,0.022075062174172627,4.398009515375924e-06,0.02636922523379326
666,initial,patch_embed,Vertical,1,0.28868473947994294,0.17570234046947172,1.994214653968811,0.08722760551978671,3.347695887643855e-06,0.09039893746376038,0.08696391433477402,3.678952285888497e-06,0.09121096134185791,0.08710260405426934,4.22942764769248e-06,0.0915604680776596,0.08722589188624942,4.597070558525821e-06,0.09142974764108658,0.08733298298385408,5.0240386430996485e-06,0.09199637174606323,0.08739681435482842,5.3826578417120515e-06,0.09264609217643738,0.08739091160278471,5.283977297583866e-06,0.09251280128955841,0.0873441905492828,4.914035656771419e-06,0.09195959568023682,0.08730799066168922,4.640534909421818e-06,0.09147384762763977,0.08730405013239573,4.538533174372461e-06,0.09118875116109848,0.0873291203899989,4.554268100932623e-06,0.09121793508529663,0.08737411657496104,4.644274700448549e-06,0.09159010648727417,0.08742933921397679,4.7789213946300845e-06,0.0919472873210907,0.08748567648350246,4.9330459651718035e-06,0.09226402640342712,0.08753589517067349,5.084534777884176e-06,0.09251479804515839,0.08757562107510036,5.2167816861094625e-06,0.09268413484096527,0.08760347252800352,5.3204188309442425e-06,0.092770516872406,0.08762034584605505,5.392935537408516e-06,0.09278400242328644,0.08762845787264052,5.4366498539858244e-06,0.09274113923311234
666,initial,patch_embed,Horizontal,1,0.387435050592536,0.3655768291028954,2.7235662937164307,0.0906341883634764,6.499562643210109e-07,0.09262928366661072,0.0895900966392623,1.5831209669373137e-07,0.09064005315303802,0.08921245639286345,1.1007744791193491e-07,0.09001956880092621,0.08909308449143455,1.0458300728154434e-07,0.08985178917646408,0.08909388371403255,1.2312501358884733e-07,0.09015807509422302,0.08912203023357997,1.6259003702761137e-07,0.09060608595609665,0.08914193818493495,2.1355957777611852e-07,0.09092800319194794,0.08913909017093598,2.4327617850224834e-07,0.09100589901208878,0.08911968874079841,2.4393276705235804e-07,0.09093955904245377,0.08909866107361657,2.305694511646356e-07,0.09082745760679245,0.08908737379880179,2.1913540424699083e-07,0.09070388227701187,0.08908923561610872,2.1786257062620357e-07,0.09058625996112823,0.08910298619478468,2.262043837503109e-07,0.0904645025730133,0.08912651016125603,2.4153257530995936e-07,0.09033481776714325,0.08915620581025169,2.6055875419418503e-07,0.09035585820674896,0.08918685738056426,2.787440445275204e-07,0.09046940505504608,0.0892157858562848,2.9287841446830014e-07,0.09063862264156342,0.0892441247900327,3.0346388209014643e-07,0.0908154770731926,0.08927266784603634,3.123564141397709e-07,0.0909794420003891
666,initial,patch_embed,Gaussian,1,0.2701844816643094,0.1839415757636813,2.1741511821746826,0.0650424872125898,1.713782352233199e-06,0.06795457005500793,0.06503684617697246,1.9010243300594152e-06,0.0684613585472107,0.06530492658179904,2.539749976318943e-06,0.07050676643848419,0.06551808816572977,3.0647087900473063e-06,0.07143193483352661,0.06555126376804851,2.9421160282687977e-06,0.07092802226543427,0.06550372675770805,2.670174205941465e-06,0.0703481063246727,0.06546598998090578,2.526299949903806e-06,0.06995441019535065,0.06541671071733747,2.386149057045846e-06,0.06952894479036331,0.06536181566734163,2.2405727672965392e-06,0.06914900988340378,0.06532801504409502,2.1223775767704033e-06,0.0688963234424591,0.06532565752665202,2.0452574024898764e-06,0.06878026574850082,0.06535013469438704,2.0106223198723326e-06,0.06877603381872177,0.06539405527568999,2.0198698986620407e-06,0.06883534789085388,0.06545044481754303,2.0737826608128456e-06,0.06889998912811279,0.06551169544931441,2.1666669897013106e-06,0.06905205547809601,0.06556928548074904,2.280403521619754e-06,0.06940221041440964,0.06561596194903056,2.3874349102785053e-06,0.06967444717884064,0.06564938525358836,2.4665907598324977e-06,0.06984168291091919,0.06567346292828756,2.5167967172495055e-06,0.06991083174943924
666,0,block_output,Vertical,1,1.5301863780570408,4.719246024735124,8.27745246887207,0.11426147830391688,0.00012015846370602754,0.14215461909770966,0.09306437510346609,2.907784470805474e-05,0.10794523358345032,0.08395220221035064,1.9667913781503315e-05,0.09674102813005447,0.07884942621938766,1.8280198533835386e-05,0.09111484885215759,0.07540729062424766,1.7787757979924907e-05,0.08742645382881165,0.07285447501473957,1.7238520230371876e-05,0.08457626402378082,0.0709042897418378,1.66360068090981e-05,0.08225933462381363,0.0694052300282887,1.6072495077150355e-05,0.08037130534648895,0.06824976146694213,1.559909288304324e-05,0.07884639501571655,0.06735434140714389,1.5228896593911025e-05,0.0776248574256897,0.06665404424780891,1.4954341221892328e-05,0.07665001600980759,0.0660991579412468,1.475992755901395e-05,0.07587002217769623,0.06565226377948882,1.4629507818795212e-05,0.07524034380912781,0.06528571608757215,1.454913318936291e-05,0.07472509145736694,0.06497942650365451,1.4507398433554907e-05,0.07429661601781845,0.06471892109229452,1.4495019891807383e-05,0.07393383234739304,0.0644937510646525,1.4504387124311664e-05,0.07362061738967896,0.06429631197972903,1.452921959217439e-05,0.07334455102682114,0.06412098840588615,1.4564275504392964e-05,0.07309600710868835
666,0,block_output,Horizontal,1,1.1221465082868698,2.664742859078821,6.6251068115234375,0.11903262540461525,0.00014154558548957932,0.15025672316551208,0.09672643693666609,1.816812948408849e-05,0.10450366139411926,0.08857475954388815,5.487976231820905e-06,0.09283733367919922,0.08408858189507136,2.778461343459722e-06,0.08725942671298981,0.08099635844192808,1.7144051046195444e-06,0.0838785469532013,0.0787675425646797,1.1825285153161621e-06,0.08146695792675018,0.07717592375619071,8.977098332930069e-07,0.07967331260442734,0.0760555812527263,7.420694951657119e-07,0.07834785431623459,0.07527253315562293,6.573676782343213e-07,0.07737336307764053,0.07472278934622568,6.12591252563132e-07,0.07665612548589706,0.07432996387046481,5.904336209341671e-07,0.07612302899360657,0.07404072298890069,5.810448411997906e-07,0.07571854442358017,0.07381940893237553,5.788393753523284e-07,0.07540224492549896,0.07364298533352595,5.806690951942479e-07,0.07520540058612823,0.073496875427072,5.847644911985139e-07,0.07506431639194489,0.07337190778482527,5.90094356164842e-07,0.07494853436946869,0.07326225865454901,5.960215150890041e-07,0.07485081255435944,0.07316414456045817,6.021282820387155e-07,0.07476602494716644,0.07307506813889458,6.081571095860633e-07,0.07469058036804199
666,0,block_output,Gaussian,1,0.19939935621288088,0.05255469696998794,1.317909836769104,0.06303633388782305,3.429782206981007e-05,0.08189505338668823,0.05519492185068509,7.66463654690429e-06,0.061017222702503204,0.05266260958853222,5.729464832329075e-06,0.05824866145849228,0.05134724210652094,5.398907559728871e-06,0.056723132729530334,0.050540218277583045,5.3826153725945005e-06,0.055819932371377945,0.0499945514731937,5.455686996785822e-06,0.055249832570552826,0.049598349465264216,5.551291011238401e-06,0.05485501140356064,0.049294748713099766,5.644195155829812e-06,0.05455300956964493,0.04905204936152413,5.726428623694603e-06,0.05430402234196663,0.048851779824684534,5.797583457098469e-06,0.0541030615568161,0.04868231619161273,5.859296864215327e-06,0.05396430194377899,0.04853613254806352,5.913153895153699e-06,0.053846053779125214,0.04840868167460911,5.959894504359662e-06,0.05374224856495857,0.04829728000220798,6.000253913581102e-06,0.05365050956606865,0.04819979157949251,6.035813627043065e-06,0.05357005074620247,0.048114010679816445,6.067881867886525e-06,0.05349993705749512,0.04803786349911538,6.096853409809788e-06,0.05343930423259735,0.047969627356718454,6.122795794511868e-06,0.05338757485151291,0.047907889480628664,6.1461299025465655e-06,0.053344182670116425
666,1,block_output,Vertical,1,0.47952032136538675,0.45025286277384313,3.048952102661133,0.09361625285375685,0.0002566133354242742,0.14626556634902954,0.06581314097321223,5.685524574827777e-05,0.09225587546825409,0.052926800908550384,2.54174574409799e-05,0.06891964375972748,0.045621545009669806,1.5027338083853463e-05,0.05624754726886749,0.041328396234247416,1.1217479747921209e-05,0.0490742065012455,0.038718135997889536,9.745704874022568e-06,0.04570620507001877,0.03704359843617394,9.122574750075304e-06,0.04376829415559769,0.035895841107482,8.828163808878951e-06,0.04246889427304268,0.03505721800620594,8.676503629834225e-06,0.04154445603489876,0.03441161875213895,8.592869232761868e-06,0.04084916412830353,0.03389527761037388,8.541486431866324e-06,0.04030201584100723,0.033471253951863636,8.50593594180153e-06,0.039857883006334305,0.033116376175293845,8.481329119302831e-06,0.03948920965194702,0.03281486596143435,8.466523098429998e-06,0.03917662054300308,0.03255540614445058,8.45989448907978e-06,0.03890600427985191,0.03232964855574426,8.459124825517738e-06,0.03866739571094513,0.03213131203064843,8.462001055566231e-06,0.03845398873090744,0.031955571993002814,8.466753266768732e-06,0.03826117515563965,0.03179866031167053,8.472123817892963e-06,0.03808575123548508
666,1,block_output,Horizontal,1,0.16192002629949934,0.007984186191109667,0.5972669124603271,0.0765353421133662,4.210246561747153e-05,0.09088002890348434,0.061618667036767986,8.294686471215586e-06,0.06778677552938461,0.05548272944158978,3.5167346588490873e-06,0.05926411598920822,0.05260296916914365,2.6797379666118973e-06,0.05577071011066437,0.05095512532289066,2.4897168096261847e-06,0.053989481180906296,0.04985017039709621,2.42899366822162e-06,0.05282769724726677,0.049030475850616186,2.4048262556365405e-06,0.05206466466188431,0.04839021949067948,2.4092745846976583e-06,0.051501281559467316,0.047880018928221295,2.4396517105525802e-06,0.05106697231531143,0.047470940247414606,2.4809805760978085e-06,0.050729840993881226,0.047139808772102235,2.5238142824274516e-06,0.050464242696762085,0.04686869728186774,2.5648074396540284e-06,0.050251323729753494,0.04664415245254835,2.6022235483770374e-06,0.05007680505514145,0.04645609116506955,2.634912389338937e-06,0.04993005096912384,0.046296883492715775,2.662194379003897e-06,0.049803659319877625,0.04616061450233535,2.6839872714854983e-06,0.04969298839569092,0.046042661699983806,2.700749841041261e-06,0.049595270305871964,0.04593939085801443,2.7134569594304784e-06,0.04950900748372078,0.04584788294538619,2.7235284213217136e-06,0.04943331703543663
666,1,block_output,Gaussian,1,0.11120863300230768,0.003684661362728269,0.35671091079711914,0.04505662413107024,1.988803245154541e-05,0.05338377133011818,0.03755198803449434,5.581166424066407e-06,0.04288600757718086,0.034831320926074,4.570049713390516e-06,0.03998587280511856,0.03342022409751302,4.419967665636863e-06,0.0384318083524704,0.032552569808941036,4.379899118062885e-06,0.037490252405405045,0.03195186080558905,4.362711799106154e-06,0.03695423901081085,0.0315071800280185,4.367662769583849e-06,0.03655766323208809,0.031165526972876653,4.386318305818185e-06,0.03625335171818733,0.030895028381593644,4.406661432969898e-06,0.03600647673010826,0.03067508644409596,4.4257328499340206e-06,0.035798169672489166,0.03049185434504161,4.44303677649151e-06,0.0356183722615242,0.03033653963061552,4.458431087149577e-06,0.035460520535707474,0.0302040706433001,4.471984965159355e-06,0.035319603979587555,0.030090658319374873,4.484089843882759e-06,0.03519286587834358,0.02999257231279025,4.4949123665482405e-06,0.03507930785417557,0.029906302187887448,4.504379207100678e-06,0.034978896379470825,0.029828821737614888,4.512360202531682e-06,0.03489164263010025,0.029757840677149712,4.518742961707776e-06,0.0348166823387146,0.029691969739302757,4.52352245419977e-06,0.034751951694488525
666,2,block_output,Vertical,1,0.254793765999022,0.11651148719026778,1.6459734439849854,0.05112709181885871,0.00013037004657498032,0.07861395180225372,0.031148028397370898,1.747423069968751e-05,0.041327767074108124,0.024661645500196352,7.3576036508830945e-06,0.029926925897598267,0.021586992112653598,5.267015753638503e-06,0.027412280440330505,0.019717371712128322,4.550428828929037e-06,0.02582249417901039,0.01842190461262824,4.221200245114762e-06,0.024619631469249725,0.017456614175840976,4.03923176457396e-06,0.023683343082666397,0.016702567581974324,3.924647997830893e-06,0.022934619337320328,0.01609366817311162,3.8438682585287286e-06,0.02232244238257408,0.015589819112349124,3.7815889458671482e-06,0.021811949089169502,0.015164943604123972,3.730540678499786e-06,0.021378185600042343,0.01480124502014073,3.6868935044268105e-06,0.021002981811761856,0.01448614089675839,3.6484892826470855e-06,0.02067318931221962,0.01421045373001742,3.6141315659645214e-06,0.020379548892378807,0.013967299419972632,3.583228071840302e-06,0.020115859806537628,0.013751382688208231,3.555503637399861e-06,0.01987801492214203,0.013558552615226262,3.530765084916611e-06,0.019663019105792046,0.013385501379768053,3.508795791914568e-06,0.019468339160084724,0.013229549478089053,3.4893634374242265e-06,0.019291680306196213
666,2,block_output,Horizontal,1,1.4987370856697597,4.678820470409735,8.521968841552734,0.12404680464948926,0.00019160590632053646,0.1534436047077179,0.08861239668395784,6.53383022099096e-05,0.1066298708319664,0.06748142010635799,2.852853508564695e-05,0.07939887791872025,0.054423252150179846,1.3580741542992549e-05,0.06300806254148483,0.046418114373135186,7.59248059975763e-06,0.05304247513413429,0.04143896326422691,5.115962993909904e-06,0.0467134453356266,0.03819664940237999,3.986222810860946e-06,0.042590685188770294,0.035938188670173524,3.394269043054131e-06,0.03990050032734871,0.034253482219009174,3.0407357089006356e-06,0.038149185478687286,0.03292573219726956,2.8084898703857996e-06,0.03675137087702751,0.031837933356799776,2.6463244870897334e-06,0.035596586763858795,0.030922857985373527,2.528499529650763e-06,0.03461902588605881,0.030138640472340206,2.44032777036552e-06,0.03377636522054672,0.029457165933554134,2.3726242112033644e-06,0.033039599657058716,0.02885840224131705,2.3193550296534817e-06,0.03238789364695549,0.02832745062926459,2.2764335985301126e-06,0.031913354992866516,0.027852883059827107,2.2410475806367016e-06,0.03150315210223198,0.027425737578480963,2.2112573027127314e-06,0.031130757182836533,0.027038864377472136,2.1857225417530055e-06,0.030790217220783234
666,2,block_output,Gaussian,1,0.20043596714025452,0.04138181645442246,1.4312059879302979,0.04453614422134937,8.625302877065055e-05,0.0696137323975563,0.02999273111068067,7.4457441188340825e-06,0.03671662136912346,0.025768195885041402,3.993530350145448e-06,0.030625591054558754,0.0234607673649277,3.271260851696819e-06,0.028288064524531364,0.021897828058590963,2.964033675252906e-06,0.026762064546346664,0.020755711647253188,2.795946610546906e-06,0.025631505995988846,0.019883914599342953,2.6865975652225158e-06,0.024770544841885567,0.019197517725092077,2.6042490794824694e-06,0.024096377193927765,0.018643445364894377,2.535247886472116e-06,0.023548424243927002,0.018186770882161838,2.4756001108059974e-06,0.02308584749698639,0.017804240142660483,2.4250491783270555e-06,0.02268734760582447,0.017479974052144423,2.3824660634463206e-06,0.02234221249818802,0.01720240932431013,2.3455635680880034e-06,0.02204170823097229,0.01696271536546567,2.3123157055796627e-06,0.021777667105197906,0.01675405442005112,2.2814697447511044e-06,0.021543223410844803,0.016571049445441792,2.2525351533988974e-06,0.021332958713173866,0.01640938880247256,2.2257141862838964e-06,0.021142881363630295,0.016265594208287815,2.2016336485817294e-06,0.020970351994037628,0.016136928195399896,2.1807872270684816e-06,0.02081364020705223
666,3,block_output,Vertical,1,0.16760163541351045,0.03533780091403819,1.0304476022720337,0.03767238678558478,5.009759255990234e-05,0.0527685210108757,0.0239324914734988,8.249313981863059e-06,0.029821110889315605,0.018154106502022063,3.6767599515303987e-06,0.02266543358564377,0.014782746026795062,2.3383406329273534e-06,0.01921963319182396,0.012553684442998871,1.7582317125477273e-06,0.01685180701315403,0.010985852204381473,1.4582313642745157e-06,0.015169849619269371,0.009836541725293038,1.287964123589498e-06,0.013933377340435982,0.008965206229024462,1.1841336031437845e-06,0.01300042774528265,0.008286063093692064,1.1177804792342696e-06,0.012281518429517746,0.007744466871141441,1.0742779075782468e-06,0.011716676875948906,0.007304237246335972,1.0453246278427184e-06,0.011264142580330372,0.006940610736371979,1.0257368080046041e-06,0.010894366540014744,0.006636147941684439,1.0120854403447766e-06,0.010586604475975037,0.006378273095285136,1.0021231685190687e-06,0.010326426476240158,0.006157724608090662,9.94486214116951e-07,0.010103687644004822,0.005967539720355518,9.884152301084114e-07,0.009911015629768372,0.005802375818824484,9.834929041288124e-07,0.009742870926856995,0.005658043799774041,9.794490416700486e-07,0.009594891220331192,0.00553118053173262,9.76046784734461e-07,0.009463435038924217
666,3,block_output,Horizontal,1,0.41422702100068803,0.3729853857283137,2.75443172454834,0.06543918568936605,0.0001326827732607169,0.08571397513151169,0.03944448606362418,1.992767955533359e-05,0.0477292537689209,0.029289901759179813,5.556234733174094e-06,0.03344399109482765,0.024317147949385266,3.0018312579422195e-06,0.027254458516836166,0.02124964983926879,2.144590019463523e-06,0.02408502623438835,0.019107994933923084,1.7345119870883458e-06,0.02183588594198227,0.0175066895280329,1.500753913734832e-06,0.020130880177021027,0.01625349632804356,1.3510968413359006e-06,0.01887406036257744,0.015240265012142203,1.2464918540023924e-06,0.01784365251660347,0.014401220332180697,1.1683176796690433e-06,0.01697329618036747,0.013693885729899482,1.107028672598801e-06,0.016226988285779953,0.0130894353672389,1.0574798386764786e-06,0.015580026432871819,0.012567444837519101,1.0167093732949296e-06,0.015014330856502056,0.012112852259879075,9.828014794846512e-07,0.014516125433146954,0.01171417838879048,9.543575547019467e-07,0.014074709266424179,0.011362456095715364,9.302874085769425e-07,0.013681648299098015,0.011050535632031304,9.097317332024769e-07,0.01333023700863123,0.010772640122071145,8.920331126490254e-07,0.013015039265155792,0.010524021210296759,8.766831800924931e-07,0.012731608003377914
666,3,block_output,Gaussian,1,0.47058929479311384,0.5463253788919025,3.432192802429199,0.061946163101801795,0.0001505921397548184,0.09495909512042999,0.038585020199654596,2.012554504082329e-05,0.052475690841674805,0.029798275805891505,7.486305329122863e-06,0.03845260664820671,0.02507455153242936,4.683020357618972e-06,0.03182859718799591,0.021951003325363948,3.4914290834524463e-06,0.027569230645895004,0.019682449392146535,2.8007881862577518e-06,0.02439204975962639,0.017951550435215707,2.342881114067729e-06,0.02188129909336567,0.016586324673086877,2.020115192388537e-06,0.01999223604798317,0.015481457291614441,1.7841698277253913e-06,0.01860225200653076,0.01456842954374022,1.6066766152088656e-06,0.017461739480495453,0.01380080490240029,1.4696821671714277e-06,0.016576340422034264,0.013146035225381927,1.3613968655666104e-06,0.015910757705569267,0.012580647990698851,1.2738852224157083e-06,0.015322849154472351,0.01208731366528405,1.2016913990758477e-06,0.014797979965806007,0.011652986223380717,1.1409992275783793e-06,0.014325599186122417,0.011267678531271124,1.089133417807822e-06,0.013898069970309734,0.010923638274627072,1.0442193683433665e-06,0.013509687967598438,0.010614756760852677,1.004920248042046e-06,0.013156033121049404,0.010336154909242713,9.702754420697349e-07,0.012833477929234505
666,4,block_output,Vertical,1,0.2741008165573317,0.15424871286162076,2.1312613487243652,0.04904127392977003,6.462399272147521e-05,0.06861631572246552,0.03222536946099902,1.3015813803081055e-05,0.04166543856263161,0.024540581400432283,5.972766087902673e-06,0.03069436550140381,0.019884164341621928,3.6472063111961975e-06,0.0243361946195364,0.016713490295741294,2.5672739744721834e-06,0.020342495292425156,0.01441181826567839,1.9720363028892615e-06,0.01817374862730503,0.012670304167956586,1.6104594423494552e-06,0.016481351107358932,0.011312466528680589,1.3781939648865186e-06,0.015129843726754189,0.010229233711484879,1.2230825178369306e-06,0.01403043232858181,0.009349559478106954,1.1148638357275292e-06,0.013121701776981354,0.00862515935792573,1.0350398772803933e-06,0.012359905987977982,0.008021784990671136,9.728974208274855e-07,0.011713571846485138,0.007514159335562634,9.226552845439024e-07,0.01115985307842493,0.007083134703515541,8.811342587174508e-07,0.010681869462132454,0.006714022917939084,8.463660983904991e-07,0.010266865603625774,0.006395463720851001,8.169872738465609e-07,0.009904956445097923,0.006118604521607123,7.919967832448869e-07,0.00958830676972866,0.005876474038121246,7.706550289946446e-07,0.009310615248978138,0.005663538277740516,7.524078761518502e-07,0.009066670201718807
666,4,block_output,Horizontal,1,0.12227487014163108,0.007800244600754343,0.5253298282623291,0.035532697266529474,3.89000618801837e-05,0.04798581823706627,0.023264021124868167,5.838372917226793e-06,0.02782641537487507,0.017777366445414604,2.3607577120725795e-06,0.021137811243534088,0.014548754763035547,1.3575409454384343e-06,0.017259769141674042,0.012444437644074834,9.594924234892916e-07,0.01473267376422882,0.010986805272599062,7.666616000034359e-07,0.013174677267670631,0.009932152113862454,6.579681636937944e-07,0.012159546837210655,0.00914286474682509,5.889218959253516e-07,0.011366154067218304,0.008536483279414593,5.408969366931903e-07,0.010741160251200199,0.00806087123910113,5.053391408102242e-07,0.010246733203530312,0.00768127946537875,4.782661546148078e-07,0.009853062219917774,0.007373655643609781,4.579034679899248e-07,0.009535564109683037,0.007121215470963054,4.4321175498214515e-07,0.009275637567043304,0.006912268380383177,4.330122968035423e-07,0.009061014279723167,0.006738358576382909,4.26012224672324e-07,0.00888356938958168,0.006592956083338885,4.211712757372729e-07,0.008737079799175262,0.006470852398446628,4.1778869064450117e-07,0.008616310544312,0.006367861441085263,4.1540607011711075e-07,0.008516814559698105,0.006280608002155546,4.1370751561092945e-07,0.008434845134615898
666,4,block_output,Gaussian,1,0.48834721992413205,0.5849166108965085,3.608096122741699,0.06582744591056354,0.00012943040670886717,0.09028270095586777,0.04314013239410189,2.5602027366845403e-05,0.055780261754989624,0.033336314505764415,1.0428675932004059e-05,0.041606247425079346,0.02752067382255244,5.952036299155572e-06,0.033786334097385406,0.023510029628163294,3.963153659142682e-06,0.0285227932035923,0.020551174879074097,2.901918669447211e-06,0.02462874725461006,0.018277759885504133,2.2650738015993307e-06,0.02175677753984928,0.016479098193702243,1.8478519350553989e-06,0.019950544461607933,0.015023516358009406,1.5560559911000627e-06,0.01840529963374138,0.013824219963262005,1.3418322870472913e-06,0.017069119960069656,0.012821551530607163,1.1787689610329718e-06,0.01590663194656372,0.011973030495619963,1.0512286410374016e-06,0.014891576021909714,0.011247488034386483,9.493705977162892e-07,0.014003059826791286,0.010621475676695505,8.666879132044045e-07,0.013223684392869473,0.010077000093010683,7.987043761000646e-07,0.012538752518594265,0.009600056594030725,7.422581690586031e-07,0.011935829184949398,0.009179646518850138,6.95043116151581e-07,0.01140444353222847,0.008807058549589582,6.553116682064848e-07,0.010935647413134575,0.008475321367205609,6.216801552779093e-07,0.01052164752036333
666,final,proj_out,Vertical,1,0.16249241821822666,0.004615731916218362,0.33511489629745483,0.08640645479872114,3.3460769979566016e-05,0.10119825601577759,0.0751988956379512,2.494282281508073e-05,0.08668916672468185,0.06720910008464541,2.391006795476338e-05,0.07823295891284943,0.060698932007191675,2.3266027578847626e-05,0.07190974056720734,0.055288406295908823,2.249154912867027e-05,0.06674576550722122,0.0507693411338897,2.1596763388624942e-05,0.062398750334978104,0.046981400440609646,2.063703798019858e-05,0.05869533494114876,0.043794996208614774,1.9662981111275846e-05,0.055518753826618195,0.04110462768446831,1.871040955031802e-05,0.05277843773365021,0.0388240504950758,1.7801250762624178e-05,0.050401050597429276,0.03688259257210626,1.694726256815965e-05,0.0483267605304718,0.03522228071140864,1.6153613792291247e-05,0.04650680348277092,0.033795537515765146,1.542139168846723e-05,0.04490143060684204,0.03256332034629489,1.4749262331399173e-05,0.043478235602378845,0.031493590612496646,1.4134482557543988e-05,0.04221069812774658,0.030560050307521746,1.357357158259541e-05,0.04107705503702164,0.02974110170607529,1.3062664594524836e-05,0.04005931317806244,0.0290189872362784,1.2597790620128317e-05,0.039142511785030365,0.02837907434219406,1.2175030514639704e-05,0.03831412270665169
666,final,proj_out,Horizontal,1,0.17081637562267363,0.004713039719272518,0.3558150827884674,0.09519952299102905,1.6397687583039146e-05,0.10739994794130325,0.08564153739384242,6.1742751329924875e-06,0.09236150234937668,0.0787314906243294,4.329640279193707e-06,0.08328196406364441,0.07298858652985285,3.642364641697201e-06,0.07712794095277786,0.06812148754085813,3.405923745552123e-06,0.07236014306545258,0.06397280842065811,3.408600381047946e-06,0.06831026077270508,0.0604229655767244,3.534205247640599e-06,0.06485261023044586,0.05737594532824698,3.714400097258763e-06,0.061891116201877594,0.05475310928055218,3.910555574871585e-06,0.0593486949801445,0.05248911040169852,4.101940402808026e-06,0.05716145038604736,0.05052920472290781,4.278387686559248e-06,0.05527546629309654,0.04882736031025175,4.435834237505168e-06,0.05364497750997543,0.04734484366481266,4.5735814081364215e-06,0.052231162786483765,0.04604903892392204,4.692645862300169e-06,0.05100113898515701,0.044912477570866784,4.794814060631516e-06,0.049927130341529846,0.04391200160459867,4.882074197909222e-06,0.04898572713136673,0.04302807217316022,4.956361597021926e-06,0.04815717414021492,0.04224417754818523,5.019427342747397e-06,0.04742483049631119,0.0415463497832654,5.072801897853892e-06,0.04677465558052063
666,final,proj_out,Gaussian,1,0.09302838637478768,0.0015479795617245435,0.20281143486499786,0.052918330307990785,1.2451090991286335e-05,0.059576552361249924,0.04560253609504018,7.977995258387326e-06,0.05101138353347778,0.040881332601346666,6.85537763213338e-06,0.04571541026234627,0.037400479650213606,6.258139766307099e-06,0.04169869422912598,0.034722079833348594,5.8650665378175435e-06,0.03880433738231659,0.0326140791118618,5.577392271354453e-06,0.036816634237766266,0.030930382746552663,5.358666785035995e-06,0.0351887121796608,0.029569376407871172,5.189589376838062e-06,0.03384856507182121,0.028456959636911514,5.056912741146692e-06,0.03273963928222656,0.02753797164630322,4.951008361424759e-06,0.0318167582154274,0.02677089667745999,4.8649031704895385e-06,0.031043700873851776,0.026124236839158193,4.793569419327111e-06,0.03039144165813923,0.025573920369857832,4.733368912649855e-06,0.029836729168891907,0.025101421489602045,4.681658664121735e-06,0.029360979795455933,0.02469237506507881,4.6365026496933864e-06,0.028949379920959473,0.024335551474775587,4.59647257481157e-06,0.028590139001607895,0.02402209857153514,4.560513687118867e-06,0.028273873031139374,0.023744975734088156,4.527837402907628e-06,0.02799312025308609,0.023498529982235696,4.497852377233791e-06,0.0277419276535511
617,initial,patch_embed,Vertical,1,0.2431003117845172,0.11235597392655867,1.7272552251815796,0.08685092888181171,5.372286715477879e-06,0.09184107184410095,0.08685374673869875,6.8060730465360946e-06,0.09232272207736969,0.08705129237875106,7.96371146414891e-06,0.09334492683410645,0.08711653332861644,8.158222869866102e-06,0.09380369633436203,0.0870288945143185,7.264330103814202e-06,0.09294673800468445,0.08693573600243008,6.5585373732476774e-06,0.09218127280473709,0.08691191850673585,6.310103320229846e-06,0.09171086549758911,0.08694053382154494,6.321252059205217e-06,0.09187165647745132,0.08699577159824826,6.462235655021546e-06,0.09269756078720093,0.08705912187458976,6.657054085962774e-06,0.09333175420761108,0.08711743957939602,6.861171354219781e-06,0.09379718452692032,0.08716319264873626,7.046440490846283e-06,0.09410908818244934,0.08719464687127916,7.199430037971855e-06,0.09428569674491882,0.08721370829476251,7.317844853577282e-06,0.09435206651687622,0.08722365068064795,7.404956642831969e-06,0.09433525800704956,0.08722785777515835,7.466083853533725e-06,0.09426131844520569,0.08722926215046928,7.50689272139948e-06,0.09415377676486969,0.08723012204208071,7.532841440693985e-06,0.09403271973133087,0.08723196446422547,7.548819823649613e-06,0.09391385316848755
617,initial,patch_embed,Horizontal,1,0.38872024558839346,0.3347789713535856,2.691079616546631,0.0902170447839631,4.5002081319867305e-07,0.09200490266084671,0.08942824140900657,1.492607350951985e-07,0.09038786590099335,0.0891177783173228,1.1841011087200267e-07,0.09003101289272308,0.08901742762989467,1.1810418736661166e-07,0.08989791572093964,0.08902597793984035,1.3772726215385617e-07,0.08990047127008438,0.08906648603696672,1.575965626403743e-07,0.09026045352220535,0.08911034795973036,1.7567481341724104e-07,0.09062866866588593,0.089155223043192,1.966868424793913e-07,0.09086348861455917,0.08920223041186257,2.264462672764531e-07,0.0909125953912735,0.08924429508901778,2.7117145343991846e-07,0.0911320149898529,0.08927136494053735,3.2465512708251467e-07,0.09148664772510529,0.08927955265556063,3.6764693837511425e-07,0.0916818156838417,0.0892740140358607,3.867135308044743e-07,0.09171932935714722,0.08926467325479265,3.8802559902627235e-07,0.0916532427072525,0.08925991138768574,3.869696413320974e-07,0.09153835475444794,0.08926386161456032,3.935771260955954e-07,0.0914154201745987,0.0892758746705358,4.1001483188336384e-07,0.09132644534111023,0.08929240857324904,4.3246640854516825e-07,0.09129908680915833,0.08931206604318014,4.549618453221426e-07,0.0913173258304596
617,initial,patch_embed,Gaussian,1,0.27655854844857775,0.20903224000529164,2.3304219245910645,0.06484994321825012,2.6050146129797115e-06,0.06909945607185364,0.0647068243059847,2.6972536158439e-06,0.07005946338176727,0.06498038307541892,3.1601636330464275e-06,0.0706593319773674,0.06509654448618965,3.2891084661783106e-06,0.07061854004859924,0.06509881839156151,3.266797772197074e-06,0.07003302872180939,0.06514750965057857,3.2802748969826516e-06,0.0694713294506073,0.06525208801031113,3.3928105268834742e-06,0.06911398470401764,0.06538377850065155,3.578301648244652e-06,0.06921784579753876,0.0655116117189801,3.778519036231813e-06,0.06957526504993439,0.06562326410933146,3.957605308852421e-06,0.06990224868059158,0.06571836107307011,4.105248216928968e-06,0.07019273936748505,0.06579720181605173,4.218236252323754e-06,0.07040772587060928,0.06585823070435297,4.292169566760579e-06,0.07055895775556564,0.06590022477838728,4.324517211219664e-06,0.07068386673927307,0.06592303573612183,4.315890286037549e-06,0.0707768052816391,0.06592732596965063,4.269171652883951e-06,0.0708235502243042,0.06591424192228014,4.188542696648249e-06,0.07082593441009521,0.0658852889660805,4.079132744652277e-06,0.07078657299280167,0.06584234275515118,3.9470495425305865e-06,0.07070904970169067
617,0,block_output,Vertical,1,1.5924224200702848,5.190498691610902,8.817317962646484,0.1318317875266075,0.0002312480304366607,0.16263723373413086,0.10182751360393706,6.534925364535075e-05,0.12003044784069061,0.0871312999063068,2.7772505186476606e-05,0.09939473867416382,0.07966640307789757,2.1717193786294227e-05,0.09093558043241501,0.0753173264009612,2.1268394861398136e-05,0.0866086483001709,0.07238740450333035,2.1244244868433742e-05,0.08373133838176727,0.07023455131621588,2.098474397927353e-05,0.08144385367631912,0.06859592117723964,2.0571446268414038e-05,0.0795966163277626,0.06733471669611477,2.012429824212706e-05,0.07811439037322998,0.06636004380526997,1.970775664271228e-05,0.07693564146757126,0.0656035335527526,1.9344446091890024e-05,0.07600266486406326,0.06501191801258496,1.9036592144923026e-05,0.0752633586525917,0.06454373730553521,1.8778899054684374e-05,0.07467333972454071,0.06416719690674827,1.8564351731429142e-05,0.07419651001691818,0.06385835934252966,1.838618806550565e-05,0.07380442321300507,0.06359953279533083,1.823839696932432e-05,0.0734751969575882,0.06337783255037807,1.8115717587592037e-05,0.07319226861000061,0.06318398440877597,1.801358043944268e-05,0.07294332981109619,0.0630113532145818,1.7928041498859855e-05,0.07271936535835266
617,0,block_output,Horizontal,1,0.27646727800842313,0.11972055042306834,1.7584922313690186,0.09696217176933138,4.773494076357591e-05,0.11554614454507828,0.08484708482310885,7.640709603999007e-06,0.0915822759270668,0.0793611937099033,2.473047407891932e-06,0.08316344767808914,0.07639630777495247,1.1736588503001596e-06,0.07877498865127563,0.07479087239693082,8.351406339177711e-07,0.0766773372888565,0.07390851018920777,7.545730527042641e-07,0.07580865174531937,0.07339417236664939,7.366368833027849e-07,0.07528682053089142,0.0730657083174539,7.305266961977021e-07,0.07494313269853592,0.0728363562670965,7.294306208361297e-07,0.07470620423555374,0.07266345608329015,7.32767837934075e-07,0.07453550398349762,0.07252525703774558,7.397974647405711e-07,0.0744069442152977,0.07241038363131266,7.498033845812177e-07,0.07430760562419891,0.07231233588286809,7.619115041713776e-07,0.07423004508018494,0.07222706351488356,7.751596640255152e-07,0.07416921854019165,0.07215193197840736,7.888122141637684e-07,0.07412095367908478,0.07208514201735693,8.025726421496578e-07,0.07408145070075989,0.07202534614101289,8.164319857225028e-07,0.07404766231775284,0.07197141730123097,8.303742093578651e-07,0.07401761412620544,0.071922410338644,8.442424216643738e-07,0.07399017363786697
617,0,block_output,Gaussian,1,0.11047110050207093,0.002583277704922949,0.292745441198349,0.05546859320667055,1.33225985636413e-05,0.06463368982076645,0.051047492003630075,5.478678474399867e-06,0.05615883320569992,0.04977354360005212,5.476712463612424e-06,0.055029407143592834,0.04908581557018416,5.6339143225570474e-06,0.05445166304707527,0.048621248276460735,5.7850233771617215e-06,0.054076895117759705,0.048288665002300626,5.985072137201149e-06,0.053897105157375336,0.048033353828248526,6.225894479965195e-06,0.05381800979375839,0.04782348800273169,6.4227788007198144e-06,0.05369742587208748,0.047640803905706554,6.512530959640548e-06,0.05348198115825653,0.047482646646953765,6.544387194516045e-06,0.053266748785972595,0.0473522993898581,6.578788620179022e-06,0.05310971662402153,0.047244934808640254,6.6219398855688985e-06,0.05298823118209839,0.04715302474205456,6.6630453699944244e-06,0.052879076451063156,0.04707160503381774,6.6965204499498044e-06,0.05277998745441437,0.04699872706144575,6.723361289558692e-06,0.05269557610154152,0.04693410770287589,6.7458122784011045e-06,0.052624594420194626,0.04687737507952584,6.765604483077099e-06,0.05256401747465134,0.0468274476745772,6.7840240128134126e-06,0.05251270905137062,0.04678294210443421,6.8021332343613685e-06,0.05247066915035248
617,1,block_output,Vertical,1,0.18916643363615823,0.027127332402553064,0.9996206760406494,0.06686162014329244,7.513350171365749e-05,0.0865439772605896,0.04862942664869248,2.2757634436899997e-05,0.06218675523996353,0.04076581471969211,1.3287758863873196e-05,0.05068860575556755,0.03686082049731224,1.0680112177240374e-05,0.044762466102838516,0.034713730127328916,9.861776146575086e-06,0.04153374582529068,0.03339880781750831,9.556493968538173e-06,0.04043329879641533,0.03251007627991457,9.42352969340288e-06,0.039648108184337616,0.031862956900445244,9.357062103664126e-06,0.03901434317231178,0.031368360130323306,9.327244012848739e-06,0.03849393129348755,0.030977564494288158,9.323819067732812e-06,0.03806344419717789,0.030661010700795386,9.335571321736307e-06,0.03770630806684494,0.03039949337050082,9.353519954404045e-06,0.037411317229270935,0.030179042871745807,9.370273454338398e-06,0.03716769441962242,0.029988739728218035,9.378598219308165e-06,0.03696189820766449,0.02982033242190641,9.373415698576978e-06,0.03677985817193985,0.029668566135186997,9.354610411773284e-06,0.03661254793405533,0.029530966151801365,9.326572410715168e-06,0.03645803779363632,0.02940666311908336,9.294923001173633e-06,0.03631789609789848,0.029294997128465818,9.263795988957548e-06,0.03619298338890076
617,1,block_output,Horizontal,1,0.9293283590721706,1.8862516093494461,5.659980773925781,0.11580080172372242,0.00014830185333525116,0.14157480001449585,0.0905640713042683,3.349657449100757e-05,0.10465015470981598,0.07769499104174357,1.5395330224488092e-05,0.08743678033351898,0.0695359656025493,9.364344925499032e-06,0.07678262889385223,0.0639957468661051,6.534588280143077e-06,0.0701313242316246,0.06017120584609017,5.048854096873606e-06,0.0657852441072464,0.05749255962788113,4.24503279238001e-06,0.06278008222579956,0.05556349030562809,3.791925602973735e-06,0.0606505423784256,0.05411837616610148,3.5190047096697084e-06,0.05906877666711807,0.05298864392061082,3.343683129788265e-06,0.0578334778547287,0.052070869280705374,3.2252908521020244e-06,0.056825149804353714,0.051301661050981946,3.1421760332750836e-06,0.0559723824262619,0.05064128859648629,3.082112948527684e-06,0.055232852697372437,0.05006403570610379,3.03811713500865e-06,0.05458182096481323,0.04955277710206925,3.006281128603848e-06,0.05400446057319641,0.049095853512722346,2.9843460244218436e-06,0.053490687161684036,0.048685113707232094,2.9706489669499707e-06,0.053031906485557556,0.048314563575245086,2.9636176661451834e-06,0.05262000858783722,0.047979476078162116,2.9617269188607443e-06,0.05224762111902237
617,1,block_output,Gaussian,1,0.1012129323586585,0.003589152289867507,0.34917378425598145,0.04516110557412344,1.8000408872674173e-05,0.05539605766534805,0.037973270234134465,6.62372244084058e-06,0.04346847161650658,0.03484513356335579,5.263425705830689e-06,0.039791107177734375,0.033124634463872225,4.970254937465782e-06,0.03784345090389252,0.03206641295008243,4.902098495533492e-06,0.03679144009947777,0.03135715105703899,4.872097087379199e-06,0.03642160817980766,0.030839325209695196,4.812617230309412e-06,0.03602612763643265,0.03044461603793833,4.743382290526509e-06,0.035674430429935455,0.030138266169362597,4.698519655935061e-06,0.03539677709341049,0.029893365407746935,4.674607520887926e-06,0.035167425870895386,0.029690665828566703,4.662813936784361e-06,0.034962501376867294,0.02951784443760675,4.6547618636867524e-06,0.03476595878601074,0.029368207272556093,4.646009437631847e-06,0.03457583487033844,0.029238395245065763,4.63715123687911e-06,0.03439805284142494,0.029125724993054828,4.630093673332255e-06,0.03423687443137169,0.029027420406540234,4.625755963166899e-06,0.034094035625457764,0.02894080359311331,4.6242011291409775e-06,0.03397016599774361,0.028863525845938258,4.624828467011048e-06,0.033864691853523254,0.028793790155933016,4.6264437542049155e-06,0.03377525880932808
617,2,block_output,Vertical,1,0.1872259509114046,0.027144336165452063,0.9717886447906494,0.04473043147415396,9.065090323643833e-05,0.06917420029640198,0.02753465814841172,1.103398811392172e-05,0.03499193117022514,0.022187927264779334,6.2066616726706876e-06,0.028205741196870804,0.019370414316654205,4.926237742826202e-06,0.025354839861392975,0.017603056830546214,4.36760561215189e-06,0.023671725764870644,0.016400103841627402,4.069939612490739e-06,0.0224830973893404,0.015529497245710993,3.894535034919978e-06,0.021598439663648605,0.014867964230241284,3.782752482902859e-06,0.02091233804821968,0.01434566243182099,3.7046132674978377e-06,0.020365849137306213,0.01392137169069241,3.645221303031024e-06,0.019921226426959038,0.013569671660661697,3.5979451536479142e-06,0.01955193281173706,0.013273597768847905,3.559202477087637e-06,0.019239764660596848,0.013021057959468592,3.52651837704122e-06,0.018972236663103104,0.012803131655331642,3.49814673233644e-06,0.018740355968475342,0.012613068600850446,3.4729334564056132e-06,0.01853727549314499,0.012445726032767977,3.4501946659367715e-06,0.01835767552256584,0.012297259599325202,3.4296407960813697e-06,0.018197577446699142,0.012164852714964322,3.4111921807940206e-06,0.018054135143756866,0.012046367225665894,3.3948121237489598e-06,0.0179251991212368
617,2,block_output,Horizontal,1,0.8134711332737453,1.408507914593217,5.332977771759033,0.10495121398615459,0.00018959714475675653,0.13626351952552795,0.07231457643802204,4.7789516767615766e-05,0.08758442103862762,0.05475716712692427,1.7522618156903282e-05,0.06400125473737717,0.04461365068952242,8.209994439670582e-06,0.050454556941986084,0.0386737807993851,5.10117530220713e-06,0.04299332946538925,0.0350741193526321,3.9613805642314154e-06,0.03918344900012016,0.03273780593678119,3.457548876528496e-06,0.037061773240566254,0.031092963994495453,3.1878152124811235e-06,0.03550633788108826,0.029850141573992985,3.021546919243039e-06,0.034296028316020966,0.028861168091968883,2.9079039682237973e-06,0.03331317380070686,0.028045660860481717,2.8237453964549834e-06,0.03249005228281021,0.027356347187407433,2.757441894208437e-06,0.03178417310118675,0.026763073538267422,2.7026972316238463e-06,0.03116709738969803,0.026245327755099253,2.655834793258373e-06,0.030619550496339798,0.025788567487209563,2.614520998088242e-06,0.030128974467515945,0.025382207381346868,2.577216783427548e-06,0.029687535017728806,0.025018336103549078,2.5429302941508284e-06,0.02928994782269001,0.024690812069272237,2.51106466450251e-06,0.028931766748428345,0.024394650544439043,2.4812495035333467e-06,0.02860858291387558
617,2,block_output,Gaussian,1,0.2728232645562717,0.14721717142711216,1.9228612184524536,0.05584799770324949,0.00010360894623740043,0.08087917417287827,0.03695034034668453,1.5079398162441505e-05,0.04810730740427971,0.029922967510563985,5.957800194234048e-06,0.03728121519088745,0.026338530142628956,3.885568509484807e-06,0.03197132796049118,0.024112001948413394,3.1506281461777378e-06,0.029632652178406715,0.022559690333548047,2.8210704379655924e-06,0.028022930026054382,0.021402923242440298,2.649017904707913e-06,0.02684134989976883,0.02050388107697169,2.545597779878799e-06,0.02592371590435505,0.019784781904447647,2.475011626798497e-06,0.025178298354148865,0.01919726412447672,2.422965455824754e-06,0.024558328092098236,0.018708665249130084,2.382876860795961e-06,0.024037659168243408,0.018295850013456648,2.350516595797264e-06,0.023596184328198433,0.01794213480833504,2.322687017437984e-06,0.023216301575303078,0.01763527107144159,2.2969009364208953e-06,0.02288256213068962,0.017366059819265964,2.2713666193289005e-06,0.022581754252314568,0.017127474089936603,2.2452089357996995e-06,0.022303838282823563,0.01691415799515588,2.218663896641786e-06,0.022043216973543167,0.01672212550387023,2.192891204110846e-06,0.021799009293317795,0.01654850441725954,2.169325292066098e-06,0.02157340571284294
617,3,block_output,Vertical,1,0.38001172492901486,0.2700386300783558,2.7333426475524902,0.06018922543005338,0.00018139011425431258,0.09345300495624542,0.03420092951920298,2.0857294007853396e-05,0.046892210841178894,0.025289453447811187,7.037570138306233e-06,0.03203084319829941,0.020703331375169377,3.908889014964986e-06,0.026619985699653625,0.017742472892952343,2.6682007844921935e-06,0.02313278056681156,0.015618679217166372,2.0567352171675227e-06,0.02060445211827755,0.014007835264598567,1.7191200369033334e-06,0.018708351999521255,0.0127407605538056,1.5158698299830244e-06,0.017241761088371277,0.01171734325942539,1.384325199307374e-06,0.016075491905212402,0.010873850612413315,1.2938388959772183e-06,0.015126490034162998,0.01016747278885709,1.2284084394814313e-06,0.01434062235057354,0.009568215976099647,1.1792423819848782e-06,0.013680987060070038,0.009054328817578535,1.1412065639500713e-06,0.013120699673891068,0.008609573608116499,1.111066928553726e-06,0.012639343738555908,0.008221539217860454,1.0866676323618207e-06,0.012221316806972027,0.00788056624994155,1.0665411428759276e-06,0.011854770593345165,0.007579032982152606,1.049678861821421e-06,0.011530673131346703,0.007310856059784927,1.0353791204640738e-06,0.011242084205150604,0.007071132172963449,1.0231459220141661e-06,0.010983619838953018
617,3,block_output,Horizontal,1,0.11597705094350709,0.00403489697477203,0.293670117855072,0.030203316626804217,3.339524415251587e-05,0.04302382841706276,0.01933176401588652,3.308661600924704e-06,0.023358304053544998,0.015399622479601511,1.685457642199249e-06,0.018807239830493927,0.013231987384931436,1.3016001270201601e-06,0.016218086704611778,0.011866994113439605,1.1510859112783273e-06,0.014579452574253082,0.01093740396142479,1.0610622580645979e-06,0.013496224768459797,0.010274720215608203,1.0020654646286644e-06,0.012743824161589146,0.009785602504890117,9.62157171206565e-07,0.012196638621389866,0.009413905353063629,9.335163855736801e-07,0.011784674599766731,0.009124946662239612,9.119595562065962e-07,0.011464215815067291,0.008896408395634757,8.952893580572506e-07,0.011206479743123055,0.00871341981525932,8.823249567065128e-07,0.010993843898177147,0.008565572519150992,8.721991452001292e-07,0.01081614289432764,0.008445106247173888,8.640343822392084e-07,0.010666441172361374,0.008346015491360237,8.569497124152817e-07,0.010539049282670021,0.008263624945862426,8.502112857274395e-07,0.01044964324682951,0.00819438264246971,8.434147311043431e-07,0.010371372103691101,0.008135712690769679,8.365544649531047e-07,0.01030206773430109,0.008085808391490626,8.298571511694524e-07,0.010242102667689323
617,3,block_output,Gaussian,1,0.351011571666551,0.2877046096397956,2.639021873474121,0.05398904869244212,9.446620938628447e-05,0.0736885517835617,0.03581625705082265,1.383413423479524e-05,0.04371608421206474,0.028568193020801696,5.5239033513367716e-06,0.03363791108131409,0.024190288303153857,3.2638798660511864e-06,0.02829907089471817,0.021145726687141826,2.2981376382705733e-06,0.024642573669552803,0.01890613885212039,1.8053360522874273e-06,0.021992960944771767,0.017195754300152497,1.5170877122700734e-06,0.019996825605630875,0.01585050830469718,1.32894256002094e-06,0.018442388623952866,0.014766644908203966,1.196346998005846e-06,0.017198234796524048,0.013875818648745143,1.0982455123126547e-06,0.01617995649576187,0.013131523830077005,1.0235637663452207e-06,0.015332246199250221,0.012501146156518232,9.656847479183436e-07,0.01461740117520094,0.011961146834350768,9.201034354639804e-07,0.014007942751049995,0.011494094978958841,8.835714781557126e-07,0.013524922542273998,0.01108678856066295,8.53802259064214e-07,0.013158734887838364,0.010729029257264402,8.29257614795206e-07,0.012839669361710548,0.010412809912056203,8.089264489883587e-07,0.012559602037072182,0.010131755296791356,7.921421686665279e-07,0.012312185019254684,0.009880718065514452,7.784472107577532e-07,0.01209245529025793
617,4,block_output,Vertical,1,0.5517886104801345,0.6446466842554585,3.5381250381469727,0.0759042753350167,0.0002080883271969317,0.11154249310493469,0.04678738341918067,3.0512324122571785e-05,0.062198907136917114,0.03506160453553238,1.1225113833627947e-05,0.044085416942834854,0.028430486570984598,6.226359147523164e-06,0.03507259488105774,0.023996578470345527,4.071522064322767e-06,0.030329423025250435,0.02076757714034073,2.91646248344043e-06,0.02665609121322632,0.01829994540838968,2.238292927187489e-06,0.02376648411154747,0.01635389801646982,1.8186385646010564e-06,0.0214579775929451,0.014783037486412222,1.5467341859490972e-06,0.019583703950047493,0.013491522047727827,1.3625065455463955e-06,0.018039509654045105,0.012413486483551207,1.2322195094984285e-06,0.016751110553741455,0.011502029522070809,1.1363918066832945e-06,0.015664439648389816,0.010722847537152351,1.0634615113238805e-06,0.01473919115960598,0.010050317272543907,1.0063584551702703e-06,0.01394476369023323,0.009464948297670436,9.606003568218055e-07,0.013257496990263462,0.008951672434156377,9.232357290863105e-07,0.012658858671784401,0.008498669446756443,8.922423763119651e-07,0.012134143151342869,0.00809654113762672,8.661866631189615e-07,0.011671542190015316,0.007737723822217612,8.440189826758458e-07,0.011261487379670143
617,4,block_output,Horizontal,1,0.39934805780649185,0.30704674220046924,2.746189832687378,0.07746898637167991,0.00022694772498839752,0.1099071353673935,0.04685835853692085,3.8780980079040214e-05,0.059852272272109985,0.03445215866206184,1.2529108976238318e-05,0.04221658781170845,0.027672848738138637,6.0932915923946155e-06,0.03325756639242172,0.023273288139275143,3.624214653555612e-06,0.028039930388331413,0.020192801922796263,2.4449286129919265e-06,0.024359650909900665,0.017924441172490046,1.7987600886072228e-06,0.02159241959452629,0.016185898732926165,1.4097223531893541e-06,0.019438734278082848,0.014809968319558909,1.1599516151817293e-06,0.017718516290187836,0.013692781521332643,9.920751388045536e-07,0.016464680433273315,0.01276697443118171,8.75156079973472e-07,0.015463950112462044,0.0119871748463502,7.912570705302068e-07,0.014620169065892696,0.011321773663872764,7.294443408770166e-07,0.013900410383939743,0.010748046479882702,6.828079887214014e-07,0.01328018493950367,0.010249157022270892,6.468527662799904e-07,0.012741083279252052,0.009812283758369704,6.185766676556834e-07,0.012269090861082077,0.009427425318530627,5.959263738617978e-07,0.011853333562612534,0.009086626308364055,5.774616881827149e-07,0.011485226452350616,0.008783455250696057,5.621443818964147e-07,0.011157847009599209
617,4,block_output,Gaussian,1,0.12695155955023235,0.01748896351973665,0.7396345734596252,0.03537354813445182,2.931284537491676e-05,0.049338653683662415,0.02465051921114089,6.648729425940388e-06,0.031519342213869095,0.01935252785268757,3.269448280353469e-06,0.02410995401442051,0.01601142297306704,2.034907324959146e-06,0.019660908728837967,0.013709246343563474,1.4366471461195243e-06,0.01661909930408001,0.012043156380218172,1.1059224970585925e-06,0.014423750340938568,0.010795461413051401,9.03801865837488e-07,0.012803399935364723,0.009835944289252871,7.705546221854144e-07,0.011629587039351463,0.009081898937149653,6.781853382513261e-07,0.010753283277153969,0.008478942667208021,6.122190631514372e-07,0.010057862848043442,0.007990433309700281,5.644857070355655e-07,0.009602667763829231,0.007590666058517638,5.297725133015088e-07,0.009235278703272343,0.007260708515310571,5.04303509128046e-07,0.00893479771912098,0.006986241477231185,4.853065217826622e-07,0.008686266839504242,0.0067563219557678885,4.708109104302523e-07,0.008478638716042042,0.006562494798489507,4.5943460185322946e-07,0.008303171023726463,0.006398135714883369,4.502295117621659e-07,0.008152494207024574,0.006258011411225039,4.4259558359007277e-07,0.00802041869610548,0.006138000674250107,4.3620204391528416e-07,0.007902417331933975
617,final,proj_out,Vertical,1,0.18428438180495824,0.00634377468958179,0.38211309909820557,0.08526116597747045,3.792050495633326e-05,0.09891274571418762,0.07337700622895407,2.491659614437003e-05,0.08583677560091019,0.06580082120166884,2.423888992364488e-05,0.07795730233192444,0.059730443748689833,2.3708973555855006e-05,0.07193643599748611,0.05471222628913228,2.2892421066163365e-05,0.06697941571474075,0.05052080608549572,2.189405372577604e-05,0.06279226392507553,0.04699661990716344,2.0826640073158616e-05,0.059218283742666245,0.04401818846189787,1.976602848475504e-05,0.056148916482925415,0.0414901419527947,1.875443860917613e-05,0.05349911004304886,0.039335846073097654,1.781132380925459e-05,0.051199622452259064,0.037492769932936106,1.694295489760501e-05,0.0491936057806015,0.03590944181713793,1.6148668974010937e-05,0.047434303909540176,0.03454331601304667,1.542458224503433e-05,0.04588329419493675,0.03335916661908702,1.476553683232467e-05,0.04450898617506027,0.03232782215826095,1.4166082612534223e-05,0.043285392224788666,0.0314251354762486,1.3620906216370352e-05,0.042191099375486374,0.030631113265241896,1.3125019157043245e-05,0.04120839387178421,0.029929203912615776,1.267381699825044e-05,0.04032258689403534,0.029305691076886086,1.2263060447382859e-05,0.039521388709545135
617,final,proj_out,Horizontal,1,0.1726469507529622,0.00450086659546703,0.3381141126155853,0.09326544285766662,1.2944233957139483e-05,0.10035502165555954,0.08447114922224529,5.087402747802584e-06,0.08912983536720276,0.07810375792166543,3.951795427169508e-06,0.08187108486890793,0.07271199058445674,3.412816443233012e-06,0.07667004317045212,0.06809230408971272,3.1792764136862907e-06,0.0722140446305275,0.06413042994718703,3.135342039308993e-06,0.06837470829486847,0.060731620542586795,3.201834421397338e-06,0.06506706774234772,0.05781344951145233,3.3266338007645847e-06,0.06221857666969299,0.055304380222445444,3.477343953310622e-06,0.0597650483250618,0.05314273659199003,3.634581527963595e-06,0.05764976888895035,0.05127570831349918,3.787255784089859e-06,0.05582306161522865,0.04965834863602169,3.929479006240197e-06,0.05424189940094948,0.04825257858823216,4.05856285531864e-06,0.052869368344545364,0.0470262412277479,4.173739783078828e-06,0.05167403817176819,0.0459522425182282,4.275327093692108e-06,0.05062928795814514,0.045007781672572335,4.364222272707178e-06,0.049712616950273514,0.04417369077129969,4.441573946119354e-06,0.04890505596995354,0.043433857224290336,4.508591723612508e-06,0.04819060489535332,0.04277473735430884,4.566465027049651e-06,0.04755578935146332
617,final,proj_out,Gaussian,1,0.09635557062805646,0.0015301528721011275,0.19797946512699127,0.0523355496189897,1.1379625545932804e-05,0.0585973896086216,0.04538972102223881,7.762941444675008e-06,0.051241956651210785,0.040827997265354035,6.803931749500361e-06,0.04621794819831848,0.037415984131041025,6.2190120097955765e-06,0.042322687804698944,0.03479620642841808,5.825446712321356e-06,0.0392363965511322,0.032754031882163075,5.547099464438372e-06,0.036775585263967514,0.031139787700441148,5.343296408716208e-06,0.03516177088022232,0.029845936519522515,5.189133904303583e-06,0.0339619405567646,0.028794643483937732,5.068658168293819e-06,0.03297256678342819,0.027929250801366472,4.97150931569105e-06,0.03214883431792259,0.027208181216366707,4.890905438391476e-06,0.0314565934240818,0.02660061986673446,4.8223296765951584e-06,0.030869461596012115,0.026083469361303343,4.76273291625252e-06,0.03036685287952423,0.025639210635470967,4.7100073317254865e-06,0.029932590201497078,0.025254394770378157,4.662689118602361e-06,0.029553931206464767,0.024918571144105898,4.619728768194564e-06,0.02922080084681511,0.024623522712361245,4.580376469018906e-06,0.028925225138664246,0.024362713305486575,4.544076950412939e-06,0.02866087481379509,0.024130888135423734,4.510417178245803e-06,0.028422724455595016
562,initial,patch_embed,Vertical,1,0.32382262261613964,0.21908672764640097,2.2348170280456543,0.08646760739031292,6.6842934397072125e-06,0.09202601760625839,0.08608319054520319,7.664218651334897e-06,0.09248119592666626,0.08615742020663761,8.660323130156262e-06,0.09238190948963165,0.08634354836410946,9.508503118000943e-06,0.09252803027629852,0.08650350558852392,1.0299169855267617e-05,0.09315525740385056,0.08654298822558115,1.0126696856209438e-05,0.09287534654140472,0.08649036548440418,9.392735323054532e-06,0.0923890545964241,0.08642617009934925,8.781850198659934e-06,0.09200984239578247,0.08638924845154324,8.369059555358413e-06,0.09163316339254379,0.08638342659151743,8.095436749019462e-06,0.09140793234109879,0.08640449352207638,7.941588580222071e-06,0.0916382297873497,0.0864432468300774,7.89024084808002e-06,0.09188710898160934,0.08648840030507436,7.910100192333365e-06,0.09259338676929474,0.08653200110272756,7.969531584003771e-06,0.09321581572294235,0.08657144447640767,8.051904857986937e-06,0.09374725818634033,0.08660739104426096,8.154479755970421e-06,0.0942048728466034,0.08664126847944563,8.279247294708726e-06,0.0946066677570343,0.08667406096817955,8.426699455877043e-06,0.094963438808918,0.08670607232858264,8.593954808802818e-06,0.09527929872274399
562,initial,patch_embed,Horizontal,1,0.38074608986812924,0.31381345324804194,2.686107635498047,0.0899305905378054,6.101665261035398e-07,0.09264520555734634,0.08924174971050686,2.0766477817084256e-07,0.09037436544895172,0.08915001674303932,2.1428442437684942e-07,0.09058701992034912,0.08919384046679452,2.707019605043342e-07,0.09094136953353882,0.08927537855647859,3.9769440278841e-07,0.09193447977304459,0.08934189414694196,5.615983136915676e-07,0.09253384172916412,0.08938031773718577,6.756222352838959e-07,0.09255369007587433,0.0893927136110881,6.977896541187599e-07,0.09230387210845947,0.08940108238704621,6.604213725507424e-07,0.09202763438224792,0.08942852263885831,6.294572286127681e-07,0.09171468019485474,0.08947087942607819,6.254114841021355e-07,0.09142456948757172,0.08950258259262357,6.297999539651634e-07,0.09129182994365692,0.08950605278923399,6.268414868941925e-07,0.09135390818119049,0.08949067289867098,6.218452690574408e-07,0.09143590927124023,0.0894727133332737,6.217130647931083e-07,0.09149113297462463,0.08945936260242311,6.249872509655672e-07,0.0916169136762619,0.08945191095745753,6.284456894683924e-07,0.0917271226644516,0.08945063442464858,6.316268847197657e-07,0.09178710728883743,0.0894558137607953,6.350022786576652e-07,0.0917794406414032
562,initial,patch_embed,Gaussian,1,0.26615738170960596,0.1665448984243817,2.0051355361938477,0.06446805507654235,2.9505723086895315e-06,0.06839601695537567,0.06440137036972576,3.480012333027801e-06,0.07082650065422058,0.06466993399792248,4.1801029706961116e-06,0.07149960845708847,0.06471256817144061,4.266451931505997e-06,0.07144198566675186,0.06474356903206735,4.214046507012644e-06,0.07048302888870239,0.06483286589620606,4.225143282995947e-06,0.06972290575504303,0.06500557691804947,4.435494129412959e-06,0.06979988515377045,0.06520082967148887,4.762099647274767e-06,0.06990597397089005,0.06537123255076863,5.078608580867178e-06,0.07019802182912827,0.06550608853262568,5.321846564579817e-06,0.07062556594610214,0.06560523955831452,5.471806841074628e-06,0.07094092667102814,0.0656714148464657,5.5307728020952445e-06,0.07115650922060013,0.06570890060965977,5.511598793933078e-06,0.07128804922103882,0.06572178337309095,5.429093452808508e-06,0.07134918123483658,0.06571328007276096,5.296488930376056e-06,0.07134999334812164,0.06568588736274886,5.125099305260444e-06,0.07129789143800735,0.06564187157958273,4.925636153178266e-06,0.07119949162006378,0.06558380187267349,4.709552376205506e-06,0.071062371134758,0.06551497654309349,4.489824358982925e-06,0.07089662551879883
562,0,block_output,Vertical,1,0.35613266709778046,0.21340066624167417,2.322573184967041,0.09547080584461727,0.00011767227323095919,0.12782754004001617,0.0780493381714064,2.8318168108611008e-05,0.0923004001379013,0.07133495364160765,2.266488655487559e-05,0.08386092633008957,0.06772855261252039,2.156507156064426e-05,0.0797858014702797,0.06554729461906449,2.063690025248757e-05,0.07720103114843369,0.0641810658077399,1.981710786547274e-05,0.07543844729661942,0.06329899848926634,1.9190927300223378e-05,0.0742139220237732,0.06270013116891422,1.8754401301277338e-05,0.07333508878946304,0.06226521156846531,1.8471411283917405e-05,0.07267367839813232,0.06192694107691447,1.8302917599907457e-05,0.07215119153261185,0.0616487128630517,1.8214256267965116e-05,0.071722112596035,0.06141073984049615,1.8177407006071182e-05,0.07135956734418869,0.061201930992187015,1.817116931677424e-05,0.07104581594467163,0.06101557021103208,1.8180434463030123e-05,0.07076764106750488,0.060847284006220956,1.8195733907821906e-05,0.0705144852399826,0.060694168720926554,1.8212383162018177e-05,0.07027854025363922,0.06055438051384593,1.8228635286181434e-05,0.07005614787340164,0.06042669955936689,1.8243225214536922e-05,0.0698477029800415,0.0603100737290723,1.8254529153060103e-05,0.06965500116348267
562,0,block_output,Horizontal,1,0.16285278364306405,0.009957507021735638,0.7644535303115845,0.08526356908537093,1.6453099240028687e-05,0.09656258672475815,0.07761307427334407,2.1848466177821416e-06,0.0805191919207573,0.07462334396347167,9.356272233919326e-07,0.07697570323944092,0.0733275789590109,7.918568424504674e-07,0.0754469782114029,0.07271697525940245,8.238315972286327e-07,0.07476861774921417,0.07237327536420217,8.726370345065984e-07,0.07444675266742706,0.0721420298020045,9.153110166700115e-07,0.07428166270256042,0.0719673243306932,9.508723366499451e-07,0.07419390976428986,0.07182646767487602,9.812927581896086e-07,0.07411574572324753,0.07170967000817495,1.0083404956183321e-06,0.0740174651145935,0.07161206420924929,1.033041333311533e-06,0.07392105460166931,0.07152942485279506,1.0555471951000798e-06,0.07383818179368973,0.07145841880923226,1.076061570064825e-06,0.07376803457736969,0.07139672421746784,1.0947823071799752e-06,0.07370913773775101,0.0713426246056481,1.111879909140974e-06,0.07366009056568146,0.07129484817149147,1.127624236657004e-06,0.07361853867769241,0.07125249493216711,1.1422977413305265e-06,0.07358178496360779,0.07121477323392081,1.155967052268325e-06,0.07354839891195297,0.07118079953250431,1.1684067824948063e-06,0.0735180452466011
562,0,block_output,Gaussian,1,0.08929807160581861,0.0014647998735914957,0.2852472960948944,0.05318175445473383,1.010146229164716e-05,0.059290748089551926,0.049848047809468374,6.326575184368791e-06,0.055771201848983765,0.04878887900757411,6.146419829122384e-06,0.05462541803717613,0.04819627413674006,6.261247064403916e-06,0.054254353046417236,0.04778868645902664,6.451080625493497e-06,0.054123107343912125,0.047488179944810416,6.613377202738165e-06,0.05400294065475464,0.047267308369988485,6.775281307842348e-06,0.05394035950303078,0.04709050999510856,6.904669996107729e-06,0.053838878870010376,0.04693597460549975,6.946379754048037e-06,0.05363987758755684,0.0467952833407455,6.923565359906302e-06,0.05341280996799469,0.046673164717734805,6.9030567658608605e-06,0.05323901027441025,0.046570799298702725,6.902335465793126e-06,0.05310751870274544,0.046482256362362515,6.910794932504851e-06,0.05298923701047897,0.04640210437632743,6.9232776751770806e-06,0.052879057824611664,0.04632782463043455,6.939641478810976e-06,0.05278244614601135,0.046259619295597076,6.958555528418271e-06,0.052702344954013824,0.04619849106622121,6.977965880517041e-06,0.052637722343206406,0.04614445283299401,6.99735908005898e-06,0.05258645862340927,0.04609656310270703,7.017249475706167e-06,0.05254707112908363
562,1,block_output,Vertical,1,0.3005135263951998,0.1073468571907824,1.691186547279358,0.08308837178444105,0.0001717642227030136,0.11453096568584442,0.0577140718935028,4.299404847201077e-05,0.07537316530942917,0.046274946795569524,2.0454246410866034e-05,0.0578930526971817,0.04030297454150896,1.415619974809882e-05,0.04921647906303406,0.0369373606370082,1.193045461210924e-05,0.04459496960043907,0.03487448400211713,1.0987667132622621e-05,0.04193442687392235,0.033497847853198884,1.0515631811737314e-05,0.04024096950888634,0.032512197832739544,1.0234113465921643e-05,0.03906720131635666,0.031767345994474394,1.0041312182139305e-05,0.03819916769862175,0.031181413621183426,9.899979623184538e-06,0.037522513419389725,0.030706912013036863,9.793962279925044e-06,0.036971189081668854,0.030314323388867907,9.71334149083463e-06,0.0365058109164238,0.02998429870912953,9.648946431415726e-06,0.03610473498702049,0.02970374275058035,9.592923747657777e-06,0.03575672581791878,0.02946344745301065,9.541097971703506e-06,0.03550966456532478,0.029256417519516416,9.4929779222007e-06,0.0353710912168026,0.02907686438115816,9.449649098872492e-06,0.03525466471910477,0.028919742132226627,9.41212753403578e-06,0.035156309604644775,0.028780547488066886,9.380592001030557e-06,0.0350714735686779
562,1,block_output,Horizontal,1,0.39012437361100366,0.2892233801755508,2.522836446762085,0.10258442175293726,0.00011252569586172536,0.1260359287261963,0.08083492103550169,2.5257486618574716e-05,0.09080478549003601,0.06948596310047876,1.0553076218779027e-05,0.07583892345428467,0.0624422070880731,6.171858544817392e-06,0.06767258048057556,0.0578840822572746,4.448214498082582e-06,0.0626707449555397,0.054880621000414805,3.738763596985006e-06,0.059373512864112854,0.052835537978107965,3.449390148024814e-06,0.05711862072348595,0.051375569154818855,3.3324469994974527e-06,0.05565657839179039,0.050278961481083004,3.282246326198999e-06,0.05456765741109848,0.0494161882097759,3.2573633378273096e-06,0.053690534085035324,0.04871078651575815,3.245376397599137e-06,0.05294662341475487,0.04811699924960969,3.2429526607628806e-06,0.05229645222425461,0.047606495756005486,3.249096867607349e-06,0.051718905568122864,0.04716074667752735,3.262710008881325e-06,0.05120339244604111,0.04676699874893067,3.2813722782657063e-06,0.05074472725391388,0.04641633463047799,3.3017878377459338e-06,0.05033862963318825,0.04610263207365596,3.321410216481671e-06,0.04997885599732399,0.045821623787993475,3.339349261401393e-06,0.04965788498520851,0.045569919522792574,3.3557938098050015e-06,0.04939069598913193
562,1,block_output,Gaussian,1,0.7679367389470811,1.4971264093578023,5.102300643920898,0.08206934872127715,0.00010582564909586,0.11035306006669998,0.06074055006343221,2.6325170861577836e-05,0.07531628012657166,0.05077932615365301,1.2674535694774126e-05,0.0581781268119812,0.04519733727451355,8.378225351406301e-06,0.05165119096636772,0.04167715247188296,6.529688789255931e-06,0.047428786754608154,0.03925421514681408,5.581304389763866e-06,0.04439154267311096,0.03748036962416437,5.047431448278475e-06,0.042119428515434265,0.036126053847727324,4.730374103173877e-06,0.040370382368564606,0.035060987586066836,4.535496656165381e-06,0.039276763796806335,0.034204733868439995,4.413051042474218e-06,0.03854544460773468,0.03350429786812691,4.335084801848173e-06,0.03794483840465546,0.03292289127906164,4.285122119185281e-06,0.03744529187679291,0.03243390645181376,4.253136712878466e-06,0.03702453896403313,0.032017566234109895,4.232917748487667e-06,0.03666564077138901,0.031658956721898106,4.220600343025615e-06,0.036355771124362946,0.031346774852228546,4.213720648556146e-06,0.03608521446585655,0.031072420201131275,4.2106916534263814e-06,0.0358465313911438,0.030829264649323056,4.210494424485422e-06,0.03563397750258446,0.030612103256677823,4.212488924435478e-06,0.03544323146343231
562,2,block_output,Vertical,1,0.06611922557746606,0.0012057448471014481,0.17597952485084534,0.02290006091315595,1.1579756108494543e-05,0.03066832758486271,0.01738689523485918,4.762286654020259e-06,0.023411311209201813,0.015135781839489937,4.094200874078598e-06,0.021481838077306747,0.013884168384330613,3.8645788264583374e-06,0.02022862620651722,0.013084837723345984,3.738819537509764e-06,0.01938261091709137,0.012536157040841996,3.6625126539784854e-06,0.01876896247267723,0.012136791714481891,3.6058819048910864e-06,0.018301187083125114,0.011837698460098297,3.5677849688955566e-06,0.017942916601896286,0.011608957061691889,3.5493371798603012e-06,0.017670318484306335,0.011429236167007022,3.5473175371514676e-06,0.0174623541533947,0.011284163103453697,3.555370329349176e-06,0.01730019971728325,0.011164602498331714,3.5658926969094976e-06,0.01716664619743824,0.011064913138628953,3.5737392748879494e-06,0.017049076035618782,0.010981456480092473,3.5776549466286864e-06,0.01694183237850666,0.010911557941682755,3.5784321916153494e-06,0.016843996942043304,0.010853033645876817,3.577187509804423e-06,0.016756050288677216,0.01080403553824576,3.574836906783653e-06,0.01667846366763115,0.010762954293380655,3.5719917836209325e-06,0.016611386090517044,0.010728369747835493,3.5689795733791992e-06,0.01655453070998192
562,2,block_output,Horizontal,1,0.1340939093913351,0.0059997587106552265,0.5412676334381104,0.048557210477098586,6.989079655579098e-05,0.06945246458053589,0.03300147361698605,7.265454543069284e-06,0.03966296464204788,0.028326396579070698,3.353378233733529e-06,0.03198575973510742,0.02618939314214956,2.7399673439847828e-06,0.029764708131551743,0.024879260905205258,2.5139980213969454e-06,0.028606517240405083,0.023955179555785088,2.382879825825766e-06,0.02771972119808197,0.023267391182127454,2.2904722637019246e-06,0.02697351574897766,0.02274073814115827,2.221957574046683e-06,0.02635848894715309,0.02232644015124866,2.172357002463373e-06,0.025964276865124702,0.021992804926066173,2.1373145628556087e-06,0.02567785419523716,0.021718430820675122,2.1116173663762105e-06,0.02544812485575676,0.021489281118625685,2.0907661506023393e-06,0.025256332010030746,0.02129632985544583,2.0729547232911698e-06,0.025093665346503258,0.021133132692840364,2.0582730531751353e-06,0.02495669759809971,0.02099448140887987,2.0469654499871245e-06,0.024842452257871628,0.020876018921770746,2.0389751991431518e-06,0.024747030809521675,0.020774108017720873,2.0340199768667777e-06,0.024665821343660355,0.020685761812187377,2.0316592233142598e-06,0.02459421381354332,0.020608640941126005,2.0313048514779314e-06,0.024528544396162033
562,2,block_output,Gaussian,1,0.6075632246950317,0.8577002578274028,4.01772403717041,0.07927567511796951,0.00013491311180739818,0.10829043388366699,0.051764446768968825,2.9330192555573807e-05,0.06450995802879333,0.03925205879504719,9.97773499875578e-06,0.046862270683050156,0.03294345130404783,5.368795149107021e-06,0.038627006113529205,0.029264832152024148,3.961138160082382e-06,0.03425174206495285,0.026839452366980297,3.3953700267337656e-06,0.03140062466263771,0.02510184067345801,3.0997315769723747e-06,0.0293715912848711,0.02378116539191632,2.907981676634725e-06,0.027987219393253326,0.02273264385405041,2.765462216170541e-06,0.027050558477640152,0.02187360716717584,2.6524038935494494e-06,0.026261035352945328,0.0211538520774671,2.560428019545162e-06,0.025586094707250595,0.02054079042540656,2.485039486989901e-06,0.02500356361269951,0.02001194330671477,2.4232476246475998e-06,0.02449680119752884,0.01955103682028869,2.372783337513722e-06,0.024052616208791733,0.019145848525185433,2.3316835597482166e-06,0.02366049215197563,0.01878691337529629,2.298141413006841e-06,0.023312153294682503,0.01846675089900456,2.270512923772722e-06,0.023001067340373993,0.018179379181847685,2.2474419525781987e-06,0.022721989080309868,0.017919981852173805,2.227889838323214e-06,0.02247057482600212
562,3,block_output,Vertical,1,1.1688029555574295,2.9937572639793912,7.022082328796387,0.10588436136170039,0.00037711012555375966,0.1465482860803604,0.06032034287613536,8.132379168255547e-05,0.08330260217189789,0.04086895630000129,2.0569431018420207e-05,0.051755864173173904,0.03175316136034708,8.214111265392797e-06,0.03783048689365387,0.026599709476743425,4.676179705202571e-06,0.030854277312755585,0.02322034262830303,3.256338547786332e-06,0.027525892481207848,0.020774569480665146,2.5527637326812717e-06,0.02515692263841629,0.018882737302827458,2.154350826826556e-06,0.023277487605810165,0.017352973702289755,1.906100563830847e-06,0.021726328879594803,0.01607851123821641,1.7394196216445393e-06,0.02041199989616871,0.014994500382315545,1.6205646393763828e-06,0.01927844062447548,0.014058614046209388,1.5315450728598635e-06,0.018288733437657356,0.01324156986638194,1.4621152616630696e-06,0.017416952177882195,0.012522112681633897,1.4060975111694836e-06,0.016643870621919632,0.011884190955214084,1.3596126543145785e-06,0.01595459319651127,0.0113152949257739,1.320151999683754e-06,0.015337225049734116,0.010805431428173232,1.2860698303041931e-06,0.014782031998038292,0.010346463186636803,1.2562776773549212e-06,0.014280960895121098,0.009931667900038145,1.2300512057558194e-06,0.013827250339090824
562,3,block_output,Horizontal,1,0.6349003026409755,0.8647040101024109,4.022719383239746,0.09239630767750362,0.0002830562352425168,0.12051436305046082,0.05308298399997136,4.965844282532032e-05,0.06858636438846588,0.036694804620411664,1.1138377448175761e-05,0.04566308856010437,0.029274797155743555,4.708961631197761e-06,0.035159070044755936,0.0251093145223364,3.0612874623883683e-06,0.02945091389119625,0.02229516098778399,2.3690359764232706e-06,0.026010949164628983,0.020206820604110522,1.992499554612354e-06,0.023740213364362717,0.018582585489466077,1.759610854792158e-06,0.02200673148036003,0.01728069159897074,1.6029275230998403e-06,0.02062852680683136,0.016213135158140508,1.4905681196556368e-06,0.01949901133775711,0.015321531865213598,1.4059377444566612e-06,0.018551727756857872,0.01456550933006737,1.339787786886895e-06,0.01774320751428604,0.013916249771321576,1.2866253974821443e-06,0.017043713480234146,0.013352641466236303,1.2429679107855505e-06,0.01643195003271103,0.012858886552590227,1.2064765595960492e-06,0.01589210331439972,0.012422954456673728,1.1755321177481096e-06,0.015412182547152042,0.012035537067623366,1.1490051764852583e-06,0.014982999302446842,0.011689313539555149,1.1261145312611e-06,0.014597469940781593,0.011378428455264796,1.106303191178923e-06,0.01425003632903099
562,3,block_output,Gaussian,1,0.06556630341543092,0.0012608942101936121,0.17836439609527588,0.02342847462684389,1.2717186894092716e-05,0.035494834184646606,0.016728924602151862,3.147936776309782e-06,0.02245553955435753,0.013657651161627165,1.6625371712749696e-06,0.01741662621498108,0.011889889481521788,1.1885660296092065e-06,0.014680786058306694,0.010760178212963399,9.966464775740531e-07,0.013068495318293571,0.009987861878933415,9.055869030993199e-07,0.012314552441239357,0.009432390546574005,8.562894827843853e-07,0.01178971491754055,0.00901737032339923,8.250391341724655e-07,0.011430800892412663,0.008699722676759674,8.026300674683047e-07,0.011141035705804825,0.00845187920929184,7.851150986205822e-07,0.010901211760938168,0.008254859685188248,7.702039362611872e-07,0.010693477466702461,0.008095299507239981,7.567357340119637e-07,0.010509680956602097,0.00796395338450869,7.445080092568622e-07,0.010380340740084648,0.0078546754010613,7.33729751936199e-07,0.010269447229802608,0.007763300438426317,7.245092315437545e-07,0.010174577124416828,0.007686730814240281,7.167788351434714e-07,0.010094087570905685,0.007622452031466223,7.104052043920596e-07,0.010026480071246624,0.0075683081226926,7.052462714601021e-07,0.009970501996576786,0.007522407209589368,7.011511494408779e-07,0.009925177320837975
562,4,block_output,Vertical,1,0.1549695242965032,0.02503414818669662,0.8783383369445801,0.039308497445687415,4.343504732307547e-05,0.05676117539405823,0.025361759469859184,1.011258182888142e-05,0.03312969580292702,0.018969330507966262,4.5061617338531775e-06,0.023696400225162506,0.015224335434299612,2.7506764129467226e-06,0.019018609076738358,0.012737843060185985,1.9933838868154586e-06,0.016680970788002014,0.010975504382735207,1.594511516244576e-06,0.014935620129108429,0.009673365103524355,1.3548247764006978e-06,0.013588519766926765,0.008682507134619214,1.1976987322427957e-06,0.01252506673336029,0.007911253284426436,1.0883513404728872e-06,0.011672493070363998,0.007299954515127908,1.0091924088429198e-06,0.01098121702671051,0.006808257506539424,9.502477753945401e-07,0.010414942167699337,0.006407777549669383,9.052474552286522e-07,0.009946281090378761,0.006077855891947236,8.701010666361786e-07,0.009554463438689709,0.005803169963497018,8.421440722261436e-07,0.009223757311701775,0.005572226822435382,8.196292144998066e-07,0.008942327462136745,0.005376313561721454,8.013871893068245e-07,0.008701355196535587,0.005208756161173658,7.86587989474144e-07,0.008494232781231403,0.005064394387845245,7.745564577640914e-07,0.008315750397741795,0.004939212674452435,7.646685670899099e-07,0.008161438629031181
562,4,block_output,Horizontal,1,0.30378682923222344,0.14350116441278177,1.885023593902588,0.06610610513460069,0.00018564908700672173,0.09616357088088989,0.03877517829338709,2.338297961364321e-05,0.05257546156644821,0.028674047913343187,6.725928852032187e-06,0.036222390830516815,0.023310625836962744,3.4128056062170704e-06,0.02800888940691948,0.01980012729172669,2.235273776972946e-06,0.02313169650733471,0.017295540177396367,1.6964406044889513e-06,0.020420847460627556,0.01541816672339799,1.4066089865002045e-06,0.018348868936300278,0.013961339975515056,1.228466631096172e-06,0.01684812270104885,0.012801540971157096,1.1065697309099495e-06,0.015725281089544296,0.011860310839163878,1.0164743665140375e-06,0.014789177104830742,0.011085036240281567,9.464563185704116e-07,0.014001606032252312,0.01043866536328717,8.902593100976911e-07,0.013334126211702824,0.009894129199286303,8.441556842309766e-07,0.012764650397002697,0.009431170018774176,8.057391949008778e-07,0.012275788933038712,0.009034361113749799,7.733663194336713e-07,0.011853741481900215,0.008691786315351252,7.458724551434641e-07,0.011487465351819992,0.008394135502240961,7.224060050220688e-07,0.011168000288307667,0.0081340613523646,7.023200177570658e-07,0.010887956246733665,0.007905714893861422,6.850984487211485e-07,0.010641166940331459
562,4,block_output,Gaussian,1,0.40114771598388277,0.34636696402752887,2.6841001510620117,0.06614443849003504,0.00013474201092162277,0.09411335736513138,0.04312219393868295,2.060249338298893e-05,0.05564061552286148,0.033337722517668256,8.749651347908273e-06,0.04261557757854462,0.027401639266856133,5.1575125420317435e-06,0.03473271429538727,0.023320626556163744,3.4804961526700712e-06,0.02933773212134838,0.020338315989763017,2.543872436109486e-06,0.025405414402484894,0.018067247869949492,1.9653075122771756e-06,0.022409938275814056,0.016285050985595538,1.5861477535978732e-06,0.02005687728524208,0.014854331545176961,1.3284628113339768e-06,0.01816876232624054,0.01368470336236651,1.148460629163818e-06,0.016629163175821304,0.012713766390723842,1.0192727824423177e-06,0.01535685546696186,0.01189700114939894,9.236483185644986e-07,0.014293069951236248,0.011201962710372985,8.504266076085634e-07,0.013394334353506565,0.010604613978001807,7.92526593472618e-07,0.012627863325178623,0.01008683108975963,7.455476511156892e-07,0.011968560516834259,0.009634687934839537,7.067207238228531e-07,0.011397093534469604,0.009237299429341442,6.742106184528067e-07,0.01089862734079361,0.008886039508358827,6.467287229369656e-07,0.010563349351286888,0.008573984572043022,6.233307869069716e-07,0.010277548804879189
562,final,proj_out,Vertical,1,0.19504824091517736,0.006784593513052619,0.3853492736816406,0.08687519814286913,4.039798338378146e-05,0.10254442691802979,0.0742383064731719,1.8423300432274585e-05,0.08302353322505951,0.06651569418017826,1.8313472332251154e-05,0.076085165143013,0.060272541724973254,1.8276025368040367e-05,0.07034629583358765,0.05511383120975797,1.806462629113008e-05,0.06555109471082687,0.05081962995112888,1.7689546418892165e-05,0.06149706616997719,0.04722792678882205,1.7200275242553844e-05,0.05804634466767311,0.04421315915764324,1.6647605153863596e-05,0.05509692803025246,0.04167469933865562,1.6070105714427064e-05,0.052567146718502045,0.039530190328756966,1.5493146814182528e-05,0.05038891360163689,0.03771158375792087,1.4932220490495731e-05,0.04850485920906067,0.036162535053870036,1.4396350469552985e-05,0.04686678946018219,0.034836459224895824,1.3890519178894333e-05,0.04543451964855194,0.033694954411614506,1.341714108557124e-05,0.04417473077774048,0.03270647382097585,1.2976953759532488e-05,0.04306001216173172,0.03184517842554857,1.2569589651560852e-05,0.04206782579421997,0.031089957153040266,1.2193949183756813e-05,0.041179753839969635,0.030423589642085726,1.1848430446102392e-05,0.04038068652153015,0.029832040299735373,1.1531169134640389e-05,0.03965824842453003
562,final,proj_out,Horizontal,1,0.17426498565408918,0.0048312095827338685,0.33725202083587646,0.09238864753454451,1.6142583066763246e-05,0.10097687691450119,0.08373969816972339,5.444315713309007e-06,0.08911511301994324,0.07761826318880868,4.090753551495914e-06,0.0821191668510437,0.07246811356809404,3.4740135454586785e-06,0.07623669505119324,0.06808699513711626,3.21048080621475e-06,0.07170084863901138,0.06434466873132993,3.1376809832962097e-06,0.06799738854169846,0.0611396569699522,3.167895037040481e-06,0.06483584642410278,0.05838866431325201,3.2519354982208375e-06,0.06213247403502464,0.05602181241625831,3.3615524151551654e-06,0.05981675162911415,0.0539800301194191,3.4802858743640134e-06,0.05782860890030861,0.052213333014930995,3.59858728222427e-06,0.056116893887519836,0.05067948494402189,3.7110997897340226e-06,0.054638274013996124,0.04934287727588699,3.8150579081909495e-06,0.05335625261068344,0.04817354442581298,3.90928771092127e-06,0.052240241318941116,0.04714630124351335,3.9935706353630075e-06,0.05126461014151573,0.04623999931509533,4.068236576539872e-06,0.05040792375802994,0.04543688455744395,4.133913657196955e-06,0.049652229994535446,0.044722046525705425,4.191361923778564e-06,0.04898250475525856,0.044082956418158514,4.2413834580536795e-06,0.04838613420724869
562,final,proj_out,Gaussian,1,0.09349936678532571,0.0012508816174344954,0.18584325909614563,0.05392296417128472,1.366474305816882e-05,0.06154312193393707,0.0465496512395995,8.394199748934452e-06,0.05189161375164986,0.041729120626336054,6.993157781193362e-06,0.046654000878334045,0.03816388789860029,6.221522543244894e-06,0.042635247111320496,0.035446239014466606,5.7468536151014804e-06,0.039494700729846954,0.03334127611938923,5.442876149341894e-06,0.03748317435383797,0.031689724604052213,5.2410611268978375e-06,0.03590919077396393,0.03037819925636526,5.101154023267747e-06,0.034656040370464325,0.029324374501667326,4.999282745259636e-06,0.03364705294370651,0.02846773075205939,4.921220267417252e-06,0.03282565996050835,0.02776334366746365,4.858419760544699e-06,0.03214942663908005,0.02717758658977728,4.805683886217158e-06,0.03158619627356529,0.026685099427898724,4.75980428267916e-06,0.031111406162381172,0.02626662580148568,4.7187795645023714e-06,0.030706262215971947,0.025907442446738954,4.681338271099495e-06,0.03035634569823742,0.025596216498386292,4.646663816280589e-06,0.03005058690905571,0.025324160676626933,4.614231248844014e-06,0.029780495911836624,0.025084410040151505,4.5836906820167515e-06,0.029539525508880615,0.024871558601421023,4.554807787388233e-06,0.029322627931833267
499,initial,patch_embed,Vertical,1,0.32833745697188,0.23016117707503428,2.2327914237976074,0.08561671501587308,8.656384524744626e-06,0.09254497289657593,0.08561527563465966,1.0984215754887884e-05,0.09315131604671478,0.08587716283306243,1.226446850883452e-05,0.09315316379070282,0.08604045082179326,1.2472947963179508e-05,0.0930543765425682,0.08600903326083743,1.1445601878996019e-05,0.09226229786872864,0.08595104763905208,1.0876160561545595e-05,0.09172898530960083,0.08592477488139319,1.0694489814399376e-05,0.09163372218608856,0.0859128355033814,1.0521560294296752e-05,0.09165078401565552,0.08590667919507103,1.0284697342002458e-05,0.09194489568471909,0.08590634072583819,1.0027852490977902e-05,0.09217899292707443,0.08591250554909782,9.794481937406806e-06,0.0923433005809784,0.08592580519025288,9.610309822563229e-06,0.0924430638551712,0.0859472496168954,9.490346420253537e-06,0.09283959865570068,0.08597722933405921,9.440853906789839e-06,0.09330090880393982,0.08601486907591896,9.459371700457267e-06,0.09379619359970093,0.08605837762828857,9.537297017981669e-06,0.09430575370788574,0.08610565889449347,9.663542334840697e-06,0.09480956196784973,0.08615464468797047,9.826782459643187e-06,0.09529203176498413,0.08620351245478979,1.0016618581841884e-05,0.09574241191148758
499,initial,patch_embed,Horizontal,1,0.24140402899375038,0.10608572055571512,1.8358054161071777,0.09007182930197034,5.625060159259315e-07,0.09175673127174377,0.08947960748558953,5.750113508804404e-07,0.09249132126569748,0.08934990080103042,6.562424842529409e-07,0.09258368611335754,0.08924595834243865,6.113170830088253e-07,0.0922364592552185,0.08923029497502342,6.145629354124547e-07,0.09217314422130585,0.08929364182173259,6.47781794693725e-07,0.09189856797456741,0.08937978803638429,6.642696726281018e-07,0.09128724783658981,0.08946553830589567,7.015131245116677e-07,0.09139835834503174,0.08953183144330978,7.550537295855862e-07,0.0915740579366684,0.08958053387819774,8.108805390874533e-07,0.09166201949119568,0.08962111506197187,8.675527161260776e-07,0.09177056699991226,0.08965959932122912,9.258266927326067e-07,0.09192141890525818,0.0896936154791287,9.779108901919615e-07,0.09208422899246216,0.08972037962031743,1.0170711035734043e-06,0.09221631288528442,0.08974016162138136,1.040657535787564e-06,0.09228622168302536,0.08975459150378666,1.0459512023360955e-06,0.09235735982656479,0.08976422983502584,1.0291332508554956e-06,0.09253500401973724,0.08976897916623525,9.907069408436396e-07,0.09265276789665222,0.08977006505879145,9.394007336311582e-07,0.09273229539394379
499,initial,patch_embed,Gaussian,1,0.23903792588010667,0.11859882028945008,1.6688423156738281,0.06392273531546669,3.6615089082526785e-06,0.06911677122116089,0.06399150133605987,4.033585569132804e-06,0.07105624675750732,0.06430780426377342,4.7116980690458395e-06,0.07162948697805405,0.06443593018348255,4.956429874851127e-06,0.07163105905056,0.06453498541599229,5.226761267078061e-06,0.07074753940105438,0.06469294594393836,5.5065903468977315e-06,0.07010339200496674,0.06495831818098113,5.970413365236298e-06,0.07034306228160858,0.06528254107586921,6.645123773051264e-06,0.07145096361637115,0.06556890017929531,7.2940444416549705e-06,0.07234660536050797,0.06578025824966885,7.766709689823291e-06,0.07298551499843597,0.06592070825752758,8.045418328260404e-06,0.07340631633996964,0.06600744082104593,8.172263757346002e-06,0.0736694484949112,0.0660563541191911,8.193518707213606e-06,0.07382480800151825,0.06607856051552863,8.142442121434863e-06,0.07390536367893219,0.06608105232081717,8.039684674470204e-06,0.07393089681863785,0.06606802533543299,7.897408187215108e-06,0.07391266524791718,0.06604195214689725,7.722637185742935e-06,0.07385668158531189,0.0660043109267477,7.519764251482849e-06,0.07376611232757568,0.0659559697858871,7.291778822201952e-06,0.07364238798618317
499,0,block_output,Vertical,1,0.11785787923468484,0.0024614844332775617,0.29411739110946655,0.06954128851020147,2.775018280328887e-05,0.08479979634284973,0.06388545586239724,2.2520291234246833e-05,0.07712119817733765,0.06180552062061098,2.087312967408783e-05,0.07387842983007431,0.0608579721597452,2.0248085039961834e-05,0.0721602737903595,0.06029773799199906,2.0039327053809943e-05,0.0710357278585434,0.05990464423620512,1.997984470211705e-05,0.07031314820051193,0.05959577208000516,1.9964573487567565e-05,0.06972865015268326,0.05934219890170627,1.9963732350425917e-05,0.06923472881317139,0.059131768132959096,1.9988330436554925e-05,0.06881406903266907,0.05895274883461377,2.002810093158339e-05,0.06864764541387558,0.05879738595750597,2.0064329299788517e-05,0.06859850883483887,0.05866305642421284,2.009232670076042e-05,0.06857618689537048,0.058548219383709015,2.0136763550744186e-05,0.06857682019472122,0.05844936117766395,2.0198207737607605e-05,0.06858953088521957,0.05836241556301949,2.02504565938192e-05,0.06859780848026276,0.05828388171300056,2.026919865880868e-05,0.0685897022485733,0.05821151209492532,2.0253777785657885e-05,0.0685667097568512,0.05814436001200524,2.022200572451844e-05,0.06853831559419632,0.05808217628371148,2.0190496972052257e-05,0.0685122162103653
499,0,block_output,Horizontal,1,0.238504781727753,0.0726043781085982,1.459398865699768,0.09697219492897155,2.969809341009633e-05,0.1111011728644371,0.08484110898441738,5.6201190544585596e-06,0.09076397120952606,0.0791187421196983,2.0659089302913984e-06,0.08280383050441742,0.07601587734525166,1.2089388211396125e-06,0.07901319861412048,0.07430140969772188,9.935404855719913e-07,0.077110156416893,0.07334347660579378,9.63414780820409e-07,0.07601805776357651,0.0727843169182066,9.85054910353524e-07,0.07537036389112473,0.07243012435852535,1.0176451106874377e-06,0.07495907694101334,0.07218222970527316,1.0495103689735803e-06,0.07467591762542725,0.07199264282271975,1.0778549433348175e-06,0.07446670532226562,0.07183832935397587,1.1027933386302578e-06,0.07430359721183777,0.0717078945229924,1.1253473131888926e-06,0.07417120039463043,0.07159516700203457,1.146594619816117e-06,0.07406114786863327,0.07149628892777458,1.1671690759173108e-06,0.07396860420703888,0.07140854391313735,1.187267292216704e-06,0.07388961315155029,0.07132992846152139,1.2068076240296669e-06,0.07382060587406158,0.07125893211553967,1.225537989618167e-06,0.07375873625278473,0.07119440240046335,1.2431206094525148e-06,0.07370215654373169,0.07113542194877352,1.25926864078182e-06,0.07364988327026367
499,0,block_output,Gaussian,1,0.4878286567945329,0.6993872827133202,3.6084322929382324,0.06605629451454632,3.3702766438485896e-05,0.07920466363430023,0.05755376845361695,1.1879585374222688e-05,0.0637144148349762,0.054215616768314726,8.460272669570096e-06,0.0599905326962471,0.05243576495420365,7.380785496357883e-06,0.0580783411860466,0.0512895348762709,6.919357781733468e-06,0.05682886019349098,0.050467841268058804,6.683820531799961e-06,0.05596703663468361,0.04984077574714782,6.5542179011230894e-06,0.05534397438168526,0.04934181314375666,6.482665829986328e-06,0.05487360805273056,0.0489321882644343,6.4453181327235026e-06,0.054503895342350006,0.04858755468139573,6.429532239745937e-06,0.054202571511268616,0.04829183806266103,6.428534273887032e-06,0.053948722779750824,0.04803403975471618,6.438525451323822e-06,0.053727902472019196,0.04780645638940826,6.457072222508366e-06,0.053529925644397736,0.04760365489692915,6.482167673242407e-06,0.05334822088479996,0.047421742762838094,6.511866568343966e-06,0.05317949876189232,0.047257786114064476,6.5441985549691975e-06,0.053022392094135284,0.04710938935242002,6.577545738400634e-06,0.052876126021146774,0.04697450433695127,6.610878808379997e-06,0.05273986607789993,0.04685134529357865,6.6436563707029945e-06,0.05263317748904228
499,1,block_output,Vertical,1,0.13508138261617175,0.006305486080147344,0.6134606003761292,0.056395500307045286,5.505861200777065e-05,0.07630732655525208,0.04169622717040872,1.820051089945904e-05,0.05466306954622269,0.03585238725183502,1.2988521559775483e-05,0.045886337757110596,0.032965150676549426,1.143564404091715e-05,0.04155629128217697,0.031319890762605364,1.0804331958104893e-05,0.03915039449930191,0.030275953430978077,1.0481443620051774e-05,0.03763902932405472,0.02953792880806658,1.0255603907867237e-05,0.03658697009086609,0.028975258862215376,1.0058621657078634e-05,0.03584764525294304,0.02853805956149858,9.898254086512095e-06,0.03535689786076546,0.028194103242149427,9.775894508629796e-06,0.03510645404458046,0.027917187099182415,9.683063938107604e-06,0.03489077463746071,0.0276891343177311,9.61231160225152e-06,0.03470180183649063,0.027497409739428096,9.557852622751243e-06,0.03453449159860611,0.027333442860889057,9.514375297017105e-06,0.034384436905384064,0.02719169473719029,9.477090447172968e-06,0.034247882664203644,0.027068630895680852,9.442880681069651e-06,0.03412260487675667,0.026961623469278925,9.410586787276592e-06,0.034007396548986435,0.026868413394642254,9.380161856417629e-06,0.033901289105415344,0.026787017220779072,9.351796849225893e-06,0.03380325436592102
499,1,block_output,Horizontal,1,0.31232385916842353,0.1467822726320074,1.985398292541504,0.09938286079300775,0.00010036226391553594,0.12190932035446167,0.07683578263672572,1.868607662248589e-05,0.08563201874494553,0.06611470594292596,7.899163640829521e-06,0.07226667553186417,0.05986920903835978,5.085072357036373e-06,0.0650789812207222,0.05592137096183641,4.143172214122883e-06,0.06045495346188545,0.053286361315893746,3.8106954053130134e-06,0.057423185557127,0.05142625793814659,3.6902395448823632e-06,0.05558193475008011,0.050047502749496035,3.647929833446247e-06,0.05425620079040527,0.04898236218899015,3.634651586624849e-06,0.05322374403476715,0.04812922364189511,3.6312835568299787e-06,0.052377354353666306,0.047426458093382064,3.632202446309917e-06,0.05165810137987137,0.04683552966231391,3.636117446696846e-06,0.0510314479470253,0.04633138961498699,3.642771248917653e-06,0.05047724395990372,0.04589695329703982,3.651985561214067e-06,0.049984365701675415,0.04551991838074866,3.6636007699986223e-06,0.04954613745212555,0.04519100197487407,3.6776120176924427e-06,0.04915717616677284,0.04490281954880745,3.694205124384354e-06,0.04889611899852753,0.044649101734634426,3.7135373711601183e-06,0.04867386445403099,0.044424239664323746,3.735361622522337e-06,0.04847978055477142
499,1,block_output,Gaussian,1,0.3065687429810327,0.24172927639407132,2.383756160736084,0.06101276654572714,5.749360666924272e-05,0.07869157195091248,0.04754022260506948,1.4729396711937913e-05,0.055667877197265625,0.041751317206829314,8.693201468775395e-06,0.0483492910861969,0.03835546107046188,6.73043800145534e-06,0.043839193880558014,0.036101279750702875,5.800679754986618e-06,0.040736712515354156,0.03451552289345908,5.295588327982626e-06,0.038825809955596924,0.03335145435162953,4.997890350029502e-06,0.0374569445848465,0.03246549794834758,4.808348965483365e-06,0.03674566000699997,0.03177179203974822,4.680791138182261e-06,0.03616853058338165,0.031217097023886347,4.591739547151598e-06,0.03568894416093826,0.030765912687731167,4.5265729786437146e-06,0.035286884754896164,0.030393050362666447,4.476358496940418e-06,0.03494644537568092,0.030080225466499255,4.436128872362959e-06,0.034655727446079254,0.02981391815202577,4.4033635818108375e-06,0.0344063825905323,0.02958390787835159,4.377079470804189e-06,0.03419206291437149,0.02938240030336948,4.3571719947055905e-06,0.03400669991970062,0.029203609193837833,4.3436978776663475e-06,0.03384385257959366,0.029043487140110562,4.336183521917605e-06,0.03369778022170067,0.028899330941457597,4.33344996061519e-06,0.033564820885658264
499,2,block_output,Vertical,1,0.8278341199907046,1.6926357653941788,5.398554801940918,0.08708281276954545,0.00021523227396380522,0.11858899891376495,0.05397986200830293,5.449485292841699e-05,0.06962566077709198,0.03848287424752637,1.7641034695782647e-05,0.047762252390384674,0.03093971178999969,9.756352375663622e-06,0.038133349269628525,0.026715498979366016,7.525041043974685e-06,0.03322470188140869,0.023983203347713228,6.610608395163206e-06,0.030844492837786674,0.022024230972405464,6.106844755634148e-06,0.028981685638427734,0.020528731039828725,5.768169557542165e-06,0.02746925875544548,0.019342711343178675,5.5102458311032085e-06,0.02621489390730858,0.018377762820039476,5.299250929163215e-06,0.025158606469631195,0.017577377221887073,5.119946605746889e-06,0.024257954210042953,0.01690290417403929,4.964501212996811e-06,0.023481816053390503,0.016326780948374007,4.828235966375002e-06,0.02280694618821144,0.015828813278367593,4.707938656500733e-06,0.02221568115055561,0.015393899103242254,4.601204250712172e-06,0.021694228053092957,0.015010552199941778,4.506161077080503e-06,0.0212315171957016,0.014669920879578779,4.421336829860853e-06,0.020818451419472694,0.014365103154901474,4.345532485450113e-06,0.02044760063290596,0.014090673879735054,4.277762164705018e-06,0.02011296898126602
499,2,block_output,Horizontal,1,0.10212065119828496,0.002079453620145363,0.28189635276794434,0.04032262843397875,3.6963059398411284e-05,0.05356314778327942,0.02937260474122706,5.032490477024537e-06,0.0335921049118042,0.025859500503256208,3.006278838532069e-06,0.029784558340907097,0.024106410672030752,2.6204027401190383e-06,0.02788585051894188,0.023036014820848192,2.4645103270780136e-06,0.026715395972132683,0.0223239114478467,2.3822063689555714e-06,0.025963425636291504,0.0218161457765197,2.3377683650250415e-06,0.02548365108668804,0.021438080226145094,2.3132971585170594e-06,0.02511594630777836,0.021147726428887202,2.2989789163758235e-06,0.024836387485265732,0.020920732694249305,2.290867297095306e-06,0.024623379111289978,0.02074113455674951,2.287745054133154e-06,0.02445613220334053,0.020596668774646425,2.2874888156407176e-06,0.02432071417570114,0.02047814369674713,2.2877924796131746e-06,0.024208519607782364,0.02037906475246899,2.287053342283513e-06,0.024114036932587624,0.020295047215999118,2.284699136496471e-06,0.024033531546592712,0.020223123036206714,2.280941569706786e-06,0.023964352905750275,0.020161164599278615,2.2762914197594358e-06,0.023904521018266678,0.020107537153221312,2.2712510523709035e-06,0.023852501064538956,0.020060924842717157,2.2661890714742464e-06,0.02380707487463951
499,2,block_output,Gaussian,1,0.10237351438355824,0.006525527642429941,0.4925794005393982,0.036442487515390865,2.8556271552536194e-05,0.0508401095867157,0.026867998793484674,5.416253680153699e-06,0.03380531817674637,0.023111695512419657,3.1740733974959884e-06,0.028242580592632294,0.021020376581757788,2.713705263276434e-06,0.025554925203323364,0.019658293072429913,2.550488202882217e-06,0.024578245356678963,0.018695278462791252,2.4527117148325133e-06,0.023768439888954163,0.017982401545085604,2.388809544493364e-06,0.02312231808900833,0.017434126963572844,2.345802404419368e-06,0.02260618656873703,0.016998242172929976,2.310833026851329e-06,0.02217460796236992,0.01664309280495795,2.2770245072521342e-06,0.02179563231766224,0.016348496759458195,2.2438708445629545e-06,0.021456439048051834,0.01610070944482845,2.213892822915343e-06,0.021156758069992065,0.015889873122057273,2.1876631055035744e-06,0.020894719287753105,0.015708783434496984,2.1643498885202213e-06,0.020665030926465988,0.01555205186799405,2.1432906727754467e-06,0.02046256512403488,0.01541550988183608,2.12418058865759e-06,0.020283252000808716,0.015295859071470443,2.107009189938484e-06,0.020124059170484543,0.015190505407868869,2.091893228723009e-06,0.01998276822268963,0.015097457856412918,2.0788333551837607e-06,0.01985744573175907
499,3,block_output,Vertical,1,0.7887999365727106,1.5328214499476434,5.051687240600586,0.07950285857632047,0.0002712623315035525,0.11919888108968735,0.04595403349588788,4.14866720314161e-05,0.05783151462674141,0.03270635505517324,1.1760725991818458e-05,0.03862105309963226,0.026103304373839543,5.727612503780573e-06,0.03117910400032997,0.02210067608763301,3.810789300482757e-06,0.026938192546367645,0.01936786426674752,2.9598273516390955e-06,0.024276399984955788,0.017354994066177853,2.4892697844256354e-06,0.02224673144519329,0.01579114779948242,2.1906723095725382e-06,0.020627252757549286,0.014529053949647479,1.984272255299726e-06,0.019294483587145805,0.01348246836532203,1.8332930579055303e-06,0.01817416399717331,0.012597177783766437,1.718233002398279e-06,0.017217935994267464,0.01183689095907741,1.6277134505263882e-06,0.01639215275645256,0.011176086740479582,1.5546725341961286e-06,0.01567230001091957,0.010596144574856947,1.4945374818605706e-06,0.015039892867207527,0.010083091785273855,1.4442406542953851e-06,0.014480633661150932,0.00962618976417515,1.4016596223570304e-06,0.013983208686113358,0.009217015881505277,1.3652783154236207e-06,0.013538485392928123,0.00884884155340611,1.3339807625812058e-06,0.013138992711901665,0.008516209473508217,1.306914506500401e-06,0.012778593227267265
499,3,block_output,Horizontal,1,0.07683198904943844,0.0015236709098697973,0.1971142292022705,0.024630844888706056,1.3368922649238606e-05,0.032499026507139206,0.01722706574946642,2.632775590419284e-06,0.020311638712882996,0.014047620197137197,1.6549093628234042e-06,0.016773086041212082,0.01224848364908544,1.3614017862314648e-06,0.014894034713506699,0.01112630336530625,1.2262566775280633e-06,0.013619852252304554,0.010378599211218812,1.153346110856329e-06,0.012765299528837204,0.009852954289979406,1.1131589922734738e-06,0.012234927155077457,0.009469118353629869,1.0915661532415837e-06,0.011862663552165031,0.009181663179622284,1.0793694608280204e-06,0.01157230231910944,0.00896180220066555,1.0714902271345574e-06,0.011338227428495884,0.008790013720355337,1.0653467956788304e-06,0.011146379634737968,0.008653019976225636,1.0595313814250534e-06,0.010988867841660976,0.008542196152524816,1.0532364601102664e-06,0.010861029848456383,0.008452234028409871,1.0460828005770366e-06,0.010758528485894203,0.008379502029764273,1.0382288467743358e-06,0.010676814243197441,0.008320961147546768,1.0302202824634657e-06,0.010614871047437191,0.008273841968427101,1.0227107251095324e-06,0.010582800954580307,0.008235634947639136,1.0162285348060506e-06,0.010559992864727974,0.008204218037130813,1.0109930001102002e-06,0.010543528012931347
499,3,block_output,Gaussian,1,1.1555260913003058,3.0193383735775727,7.1375322341918945,0.10249886744552189,0.0002480686115657972,0.13998374342918396,0.06695782996359326,6.306097843755706e-05,0.09162738919258118,0.049637230497504035,2.2442611706558602e-05,0.06563326716423035,0.04011450187554435,1.0680829856332605e-05,0.05073557049036026,0.03412306308746338,6.281231596152045e-06,0.04132130369544029,0.02993304879655914,4.236639887617612e-06,0.03486907482147217,0.026805648905417277,3.1489522952083533e-06,0.03037453629076481,0.024372657613148763,2.513089686254662e-06,0.027741365134716034,0.022424601077560394,2.1127565013605497e-06,0.02563130110502243,0.020830409985686107,1.8452771948283842e-06,0.023896360769867897,0.019502321228621496,1.6577819674357798e-06,0.022450335323810577,0.018378863258967326,1.5210907060960253e-06,0.021225648000836372,0.017415741133311437,1.4181633821803634e-06,0.02016313374042511,0.01658040928166537,1.3385546192012853e-06,0.019231226295232773,0.01584856155964117,1.2755807102927943e-06,0.018406527116894722,0.015201748407904118,1.224775631364506e-06,0.017671335488557816,0.014625721551950962,1.183024694828579e-06,0.017047595232725143,0.014109298631194093,1.1480887281840984e-06,0.01652827113866806,0.013643568825154077,1.1183127348779668e-06,0.016061600297689438
499,4,block_output,Vertical,1,0.5463806448711289,0.760536658562978,3.6869192123413086,0.06966604120911114,0.0001638307262112782,0.09884136915206909,0.04353862243985373,2.4124111051069265e-05,0.05595223605632782,0.032600922510027885,8.690628909860718e-06,0.03915111720561981,0.026410339754961785,4.864196204105563e-06,0.030855029821395874,0.02232904652399676,3.3788264375660364e-06,0.026293564587831497,0.019394464953432954,2.624126914145363e-06,0.023020127788186073,0.017164854081495415,2.1680110114332337e-06,0.02051747776567936,0.015406782990173689,1.8625238929597351e-06,0.018521009013056755,0.01398356029734252,1.645470489720941e-06,0.017089415341615677,0.01280865574344283,1.4852165171504564e-06,0.01600567251443863,0.011823914220763577,1.3634769192147895e-06,0.01508926972746849,0.01098841226231011,1.268826606059143e-06,0.014304263517260551,0.010272323183478817,1.1937525393440553e-06,0.013624236918985844,0.00965329712729842,1.133133699720469e-06,0.013029295019805431,0.009114204506788934,1.083386262424938e-06,0.01250419020652771,0.008641670628022107,1.0419464872007124e-06,0.012037079781293869,0.008225095288325397,1.006965546120383e-06,0.011618722230196,0.007855965593268,9.770977354098094e-07,0.011241914704442024,0.00752736193438371,9.513593296013812e-07,0.010900977998971939
499,4,block_output,Horizontal,1,0.12819108526621545,0.007995678620172725,0.5469443798065186,0.03780179914264452,4.945859153477295e-05,0.05343511700630188,0.024101980148799836,6.016801841051217e-06,0.028880052268505096,0.018367791548371315,2.4872204893347734e-06,0.02197888493537903,0.015034518781162444,1.5145602791002666e-06,0.01814894564449787,0.012878969503891847,1.1385151793496741e-06,0.015689095482230186,0.011392371433358344,9.62606936607166e-07,0.014010699465870857,0.010320531633046885,8.66983248974459e-07,0.012818487361073494,0.009521382432135324,8.08333485347289e-07,0.012048072181642056,0.008908599016389676,7.692508641528677e-07,0.011456310749053955,0.008427073425125508,7.422738099703438e-07,0.010974394157528877,0.008041448070712033,7.233136331117389e-07,0.010577615350484848,0.007728820533624717,7.092918955988125e-07,0.010251104831695557,0.007473198534359062,6.981257345628019e-07,0.00998167134821415,0.007262510676232595,6.886318339632215e-07,0.009757707826793194,0.007087440909965644,6.801346547238735e-07,0.009569959715008736,0.0069408053088755835,6.722722720272192e-07,0.009411506354808807,0.006817116483395535,6.649335049948329e-07,0.009277455508708954,0.006712246375779311,6.581778695300032e-07,0.009164235554635525,0.006623048741843492,6.520909387434789e-07,0.009068766608834267
499,4,block_output,Gaussian,1,0.0634493420403155,0.000993341387617209,0.14672012627124786,0.02381094524429904,1.349583122288622e-05,0.031067393720149994,0.015909263760679297,3.2324763608536303e-06,0.019440602511167526,0.012229476035350845,1.4137089359720483e-06,0.014463751576840878,0.010180671433252948,8.94957373793503e-07,0.0124153858050704,0.008918595337678515,6.899489904071684e-07,0.011077788658440113,0.008091650541043945,5.920866694895036e-07,0.01017062459141016,0.007520922629665288,5.382328715425916e-07,0.009541280567646027,0.00711124533018659,5.066391432343884e-07,0.009097290225327015,0.006809850999464591,4.879291784362892e-07,0.008776579052209854,0.006584658198768184,4.762541011904967e-07,0.008535993285477161,0.006413993004354693,4.68216521403025e-07,0.008351131342351437,0.00628260358251513,4.622957428249678e-07,0.008209705352783203,0.006179805808064956,4.5797982532362337e-07,0.008103538304567337,0.006098497503747542,4.5506556270508357e-07,0.008024374023079872,0.006033986134247648,4.5323839010944776e-07,0.00796480756253004,0.005982798812467428,4.5208805627010103e-07,0.007919675670564175,0.005942101072933938,4.5124958455314893e-07,0.007885593920946121,0.005909540646132969,4.5047529122225034e-07,0.00786010641604662,0.0058832259198266365,4.496411830939361e-07,0.007841202430427074
499,final,proj_out,Vertical,1,0.19415814252126784,0.005270232110040527,0.3577830493450165,0.08930323521296184,7.194317187826582e-05,0.10916768014431,0.07319122020687376,2.1074439497844627e-05,0.08514934778213501,0.06454991821258788,1.885087624605479e-05,0.07635203003883362,0.05805443446077998,1.8267139106439986e-05,0.06988082081079483,0.0529243102858937,1.7778614631509003e-05,0.06475916504859924,0.04878808889124128,1.7221631753939577e-05,0.060584526509046555,0.04541061014410049,1.660854536237833e-05,0.05712716281414032,0.042628220681633265,1.597633762509889e-05,0.05423341318964958,0.04031982592173985,1.5353114550134003e-05,0.05179021507501602,0.03839222261948245,1.4755476948998349e-05,0.04971068352460861,0.036772112761225016,1.4192050333242535e-05,0.04792684316635132,0.035401241646872625,1.3666649367019747e-05,0.0463850162923336,0.03423310491064238,1.3180325058048357e-05,0.04504259675741196,0.033230508426352154,1.2732513804055196e-05,0.043865595012903214,0.03236368283747681,1.232170364923976e-05,0.04282679408788681,0.03160878797135656,1.1945846724420997e-05,0.04190430790185928,0.030946712527010176,1.1602608961105795e-05,0.041080452501773834,0.030362110082355755,1.1289523034596563e-05,0.040340863168239594,0.029842628934790217,1.1004119083885764e-05,0.03967380151152611
499,final,proj_out,Horizontal,1,0.19749023079399078,0.005019223363926999,0.36542636156082153,0.0974607402606616,3.4294511317147315e-05,0.11135005950927734,0.0859175283047888,5.157488984797489e-06,0.0911727175116539,0.07931189380940937,3.7860132565678806e-06,0.08355246484279633,0.07389624416828156,3.1846970651762947e-06,0.07797501981258392,0.0693686039201797,2.9357860359607507e-06,0.0732685923576355,0.06554955634332839,2.8815176582365625e-06,0.06927386671304703,0.0623062847270852,2.9312086426748627e-06,0.06586010754108429,0.059537217020988464,3.033281562599243e-06,0.06292425096035004,0.05716235172890481,3.1580235784815262e-06,0.06051620841026306,0.05511710053635022,3.2880969857092434e-06,0.05855707824230194,0.05334848845525393,3.4135875767548555e-06,0.056866541504859924,0.05181269720196724,3.529212814252463e-06,0.05539878457784653,0.050473336839959734,3.6326103249130057e-06,0.05411721393465996,0.04930013081147557,3.723207733032158e-06,0.052992336452007294,0.0482678630995372,3.8014665901386763e-06,0.05200013518333435,0.04735550964398989,3.868400140546942e-06,0.05112094432115555,0.04654552485971224,3.92525861623713e-06,0.050338514149188995,0.04582324074137779,3.973343069715139e-06,0.049639325588941574,0.04517637098592425,4.013895405519358e-06,0.04901207983493805
499,final,proj_out,Gaussian,1,0.09646942637979038,0.0011456074399819847,0.17433834075927734,0.05655009547869364,1.4828026607727282e-05,0.06450887024402618,0.04869368234797129,9.240681333626307e-06,0.055059805512428284,0.04353896587614029,7.487828946281663e-06,0.04895588755607605,0.03977514442706865,6.524749540462568e-06,0.04460906982421875,0.036932299386650796,5.945307050755664e-06,0.041728001087903976,0.03473629353065339,5.576584789952945e-06,0.039492908865213394,0.03300787047261283,5.329454590426918e-06,0.03772743046283722,0.03162531551742365,5.15559395429097e-06,0.036310840398073196,0.030503882686533625,5.027639697199774e-06,0.03515850752592087,0.029583108330529833,4.929388047489628e-06,0.0342097207903862,0.02881885053856032,4.850901184896982e-06,0.033419977873563766,0.028178226557515916,4.785932343899696e-06,0.03275599330663681,0.027636324365933735,4.7304864341032825e-06,0.03219249099493027,0.02717401459813118,4.681973760015179e-06,0.03171006590127945,0.026776441003358555,4.638691496479454e-06,0.03129366412758827,0.026431956491063512,4.5995158413610714e-06,0.030931536108255386,0.026131354893247288,4.563683663473141e-06,0.030614439398050308,0.02586730220724666,4.530666801547177e-06,0.03033503331243992,0.025633917323180606,4.500091485351985e-06,0.03008745238184929
428,initial,patch_embed,Vertical,1,0.2039437855756472,0.06145647666367113,1.3258812427520752,0.08549228440674525,1.2809098156385957e-05,0.09228792786598206,0.08543529515228575,1.5268672005008738e-05,0.09285901486873627,0.08538077156695109,1.3388882967173411e-05,0.09247786551713943,0.08533681148574465,1.2470448341091516e-05,0.09141071140766144,0.08539324194665938,1.207734225738533e-05,0.0927240401506424,0.08546695361534755,1.195607943643794e-05,0.09412872046232224,0.08553516935734522,1.195906537150454e-05,0.09505724906921387,0.0856200870540407,1.216068326047606e-05,0.0959024429321289,0.08571246396454554,1.2488398647227386e-05,0.0966973677277565,0.0857993315846201,1.28530286449602e-05,0.09738786518573761,0.08587434249264854,1.319986907340107e-05,0.09795054793357849,0.08593608699147663,1.3503096441630343e-05,0.09839068353176117,0.08598569969809244,1.3755925378888754e-05,0.0987272560596466,0.08602525317479694,1.3961507481122928e-05,0.09898205101490021,0.08605682305873387,1.4126644794093808e-05,0.0991741493344307,0.08608217324529376,1.4258562275975891e-05,0.09931859374046326,0.08610270030441738,1.4363656295290831e-05,0.0994267612695694,0.08611946931434056,1.4447321260340302e-05,0.09950720518827438,0.08613328292729362,1.4513808742213049e-05,0.09956622123718262
428,initial,patch_embed,Horizontal,1,0.364661601682504,0.24453262983595603,2.4071052074432373,0.08988423349838408,7.922490738778951e-07,0.09195004403591156,0.08913063861074902,3.0523154459127635e-07,0.0904800146818161,0.08911417117194524,3.3987816474221427e-07,0.09071667492389679,0.08916379333961577,3.6601742232971023e-07,0.09092313051223755,0.08921932937606933,4.6233634578074036e-07,0.09156005084514618,0.08927317081935822,6.119161700436418e-07,0.09233042597770691,0.08930774387859162,7.465018854160133e-07,0.09267355501651764,0.08932828134487546,8.023446022284544e-07,0.092466339468956,0.0893540507744229,8.234966429538516e-07,0.0922667384147644,0.08938346129088175,8.402461914478645e-07,0.09224355965852737,0.08943364958441447,8.601541749957001e-07,0.09214231371879578,0.08951942835535322,9.043408813415307e-07,0.09185228496789932,0.08962424312319074,9.763725636323514e-07,0.09184375405311584,0.08971243008734688,1.047818937776243e-06,0.09222667664289474,0.08976056722421495,1.0921337808900315e-06,0.09238748252391815,0.08977976985394008,1.1170950497719827e-06,0.09242077171802521,0.08978408705147486,1.1317540762484976e-06,0.09260916709899902,0.08977809051672618,1.1363466897328244e-06,0.09275256842374802,0.08976586718880941,1.1304759685819323e-06,0.0928204134106636
428,initial,patch_embed,Gaussian,1,0.4145042231040342,0.49153724600791454,3.74300479888916,0.06355662957306892,5.024805028630125e-06,0.06981326639652252,0.06298590705744804,3.7855610723348766e-06,0.06781688332557678,0.06314154471906405,4.1165522152425145e-06,0.0694589614868164,0.06339885844361215,4.81626063209749e-06,0.07111500948667526,0.06369049391812748,5.667012190088845e-06,0.0728907436132431,0.0639456854098373,6.094717473098903e-06,0.07342633605003357,0.06414582166406843,6.161004153062101e-06,0.07291147112846375,0.06433515546340791,6.310001852056168e-06,0.07220502942800522,0.06452941498349583,6.666113238505787e-06,0.07156234979629517,0.06470222469596636,7.128630071809463e-06,0.07098986208438873,0.06484262692549872,7.594097567506856e-06,0.07086900621652603,0.06495626122942047,8.012453118075849e-06,0.07071971893310547,0.06505205151107576,8.372808881717707e-06,0.07124777138233185,0.06513650809961652,8.680548553201855e-06,0.07179152965545654,0.06521316085542951,8.943448936317683e-06,0.07226498425006866,0.0652835594992789,9.166708084268459e-06,0.07267402857542038,0.06534811304438681,9.352264177881839e-06,0.07302172482013702,0.06540654889411396,9.499931806659478e-06,0.07330971956253052,0.06545827135680214,9.608644380073258e-06,0.0735391229391098
428,0,block_output,Vertical,1,0.12401547318413145,0.004273194454891297,0.51966392993927,0.07391518046931615,3.557528290914717e-05,0.08900690078735352,0.0663478442482532,2.576657446061185e-05,0.07920899242162704,0.06296905242497959,2.282720075417762e-05,0.07454683631658554,0.06128818866988969,2.1682290124151926e-05,0.0722259134054184,0.06036457135563805,2.1181657409647058e-05,0.0709695816040039,0.059767973978841114,2.099735835478915e-05,0.07017882168292999,0.0593310303631283,2.0979409801688006e-05,0.0695461630821228,0.0589885569754101,2.102274470795106e-05,0.0690070241689682,0.05870873143985158,2.1071868188372853e-05,0.06854908168315887,0.05847214605836641,2.1116457393012326e-05,0.06819948554039001,0.05826551685967143,2.115308173837379e-05,0.06808733195066452,0.05808215848510227,2.1173288121941922e-05,0.06800118088722229,0.05792033885206495,2.1182325060435334e-05,0.06793119013309479,0.057777397689365205,2.118706372019093e-05,0.06787106394767761,0.05764981572117124,2.1195180337555483e-05,0.0678139477968216,0.05753467261554703,2.1212649891636843e-05,0.06776126474142075,0.057430600303979146,2.1240036420997772e-05,0.06771911680698395,0.057336923917607654,2.127497870529456e-05,0.06768827885389328,0.05725256696579948,2.1315106336227145e-05,0.0676654577255249
428,0,block_output,Horizontal,1,0.19695710615506248,0.031674804897444606,1.1886544227600098,0.09324976506214293,2.696974900397634e-05,0.10793934762477875,0.08180826523947338,4.644668465679269e-06,0.08757004141807556,0.07676497657620718,1.732670445423429e-06,0.07954567670822144,0.07426180501305868,1.1705397776088708e-06,0.07683827728033066,0.07301939456235795,1.1322747246444544e-06,0.0755666196346283,0.0723730448692564,1.1936880831884523e-06,0.0749405175447464,0.07199395838237944,1.2584710012496685e-06,0.07459071278572083,0.07173578204616668,1.314859684455645e-06,0.07436750829219818,0.07153862229888401,1.3659601213787103e-06,0.07421858608722687,0.07137897054827402,1.412260039096479e-06,0.07411088794469833,0.07124538341211895,1.4543248541455037e-06,0.07402383536100388,0.07113052951911139,1.493799807065709e-06,0.0739486962556839,0.07102961211450516,1.5313917231736047e-06,0.07388192415237427,0.07093946411023064,1.566730132953036e-06,0.07382112741470337,0.07085796788571373,1.598807930017475e-06,0.07376246154308319,0.07078372698927683,1.6268565874382546e-06,0.07370267808437347,0.0707159082567881,1.651080455318687e-06,0.07364305853843689,0.07065395230338686,1.6722759228507605e-06,0.07358717918395996,0.07059731760195323,1.6911794994036864e-06,0.07353691756725311
428,0,block_output,Gaussian,1,0.13594965412030144,0.01648074939044763,0.8616088628768921,0.058394742035676565,1.9508484862209624e-05,0.0676046833395958,0.051747839188291914,7.780132767915206e-06,0.057712431997060776,0.049474325681489614,6.804252403713714e-06,0.055696502327919006,0.04833031960186504,6.628745717185866e-06,0.05470569431781769,0.04765064925664947,6.6203467026509806e-06,0.05407841503620148,0.04719052522901505,6.656774684661254e-06,0.053637534379959106,0.046845442718929715,6.703979892766648e-06,0.0533161461353302,0.046569870755312937,6.754200229129425e-06,0.05307377502322197,0.04634389748412465,6.807852463419272e-06,0.05288384109735489,0.046155045607260296,6.861080011275114e-06,0.05272586643695831,0.04599362552639038,6.911588195785476e-06,0.05259053036570549,0.04585327024734209,6.959716683562031e-06,0.052474867552518845,0.04572991423663639,7.0064932217386505e-06,0.05237814411520958,0.0456208237816417,7.054004870311243e-06,0.05230122059583664,0.04552398882214985,7.104929648491465e-06,0.05224499851465225,0.04543776005979568,7.160811929842997e-06,0.052207883447408676,0.045360686346178965,7.221043212001311e-06,0.052184827625751495,0.04529128684884026,7.282246564663171e-06,0.05216658487915993,0.04522782510944775,7.337366130096312e-06,0.05213947594165802
428,1,block_output,Vertical,1,0.09798317674606566,0.0013946241167285974,0.2474294900894165,0.04549873921842802,3.604358028923474e-05,0.061173152178525925,0.035301562398672104,1.4061587926268582e-05,0.04504840075969696,0.03158324643496483,1.1139194803065702e-05,0.039075836539268494,0.029791458554211118,1.0359605724837574e-05,0.036770936101675034,0.028747558091131466,1.0055074023198085e-05,0.035490088164806366,0.028061116557745708,9.865652820090938e-06,0.03468220308423042,0.02758111659851339,9.746512221429632e-06,0.03424542397260666,0.02722651277860952,9.669286408548506e-06,0.0339936688542366,0.026952680022943588,9.615024428686742e-06,0.033789195120334625,0.026735490188002586,9.56993854730012e-06,0.03361715376377106,0.02656044876055112,9.527928287489688e-06,0.033469539135694504,0.026417556322283216,9.487086641002924e-06,0.033341195434331894,0.026299555386815752,9.447061494780056e-06,0.033228322863578796,0.026201110954085987,9.408027485740198e-06,0.03312801942229271,0.02611825842824247,9.370302996953472e-06,0.03303809091448784,0.026047997028818205,9.334209058792088e-06,0.032956868410110474,0.0259880018198774,9.300052176996712e-06,0.03288314491510391,0.02593639628991248,9.268119425479227e-06,0.032816097140312195,0.02589159139565059,9.2387245955817e-06,0.03275519236922264
428,1,block_output,Horizontal,1,0.11876528343511006,0.0021319412910088625,0.3679600656032562,0.07000609203463509,3.0356047769899803e-05,0.08024183660745621,0.05787477399858217,9.30765013960829e-06,0.06420285999774933,0.052254773085079496,5.160253438865749e-06,0.0578882060945034,0.049291747903066965,4.153855203304481e-06,0.05471714958548546,0.047515131710540684,3.813363784182197e-06,0.05274011194705963,0.04633596125576231,3.6912855506485422e-06,0.051356635987758636,0.04548904962009854,3.654853533909732e-06,0.050314195454120636,0.044844015309261895,3.657200117221078e-06,0.0495179146528244,0.04433287201183183,3.68578229387159e-06,0.04889488220214844,0.04391907599000704,3.7300350220370844e-06,0.04838169738650322,0.043578852855023886,3.7717196517625156e-06,0.04809217527508736,0.04329740096415792,3.7972035664949326e-06,0.047917284071445465,0.04306476444952072,3.809352414636758e-06,0.047762542963027954,0.04287206452517282,3.8145244358396213e-06,0.04763201251626015,0.04271131062081882,3.815372611556232e-06,0.047521501779556274,0.042575967867696095,3.8131734700569484e-06,0.047425564378499985,0.04246090021398333,3.809243442540987e-06,0.047341182827949524,0.04236207458944548,3.804805355197479e-06,0.047267429530620575,0.042276275418107474,3.800636104287953e-06,0.04720362275838852
428,1,block_output,Gaussian,1,0.0844867674131242,0.0013895811055884312,0.24037273228168488,0.04178554990461895,1.8039876215716436e-05,0.05270518735051155,0.03505644391453455,5.990552057727769e-06,0.04113518074154854,0.03234709914596308,4.661717293660412e-06,0.03720730170607567,0.03090838733173552,4.4149045565777416e-06,0.03554739058017731,0.03001583589329606,4.354853269211178e-06,0.03477281332015991,0.029407590864196656,4.345730456162497e-06,0.03419245406985283,0.02896525143157868,4.3526582634037244e-06,0.03374704718589783,0.02862974971769348,4.358315329093048e-06,0.03340361267328262,0.028369677770468924,4.3597799026218834e-06,0.03312895819544792,0.02816396862978027,4.357832277479529e-06,0.03290126845240593,0.027997427279987032,4.352978123970484e-06,0.032710373401641846,0.027859420648642948,4.345987645040411e-06,0.03255031257867813,0.027742696541642384,4.337925261851042e-06,0.03241594880819321,0.02764234168543702,4.329674999663077e-06,0.03230246156454086,0.027554948001153885,4.321752182607223e-06,0.03220561891794205,0.027478060788578458,4.314366697563243e-06,0.032122012227773666,0.02740982047740429,4.307540138733676e-06,0.03204897791147232,0.027348777574915734,4.301213522204005e-06,0.03198452293872833,0.027293778955936432,4.295312074303407e-06,0.031927116215229034
428,2,block_output,Vertical,1,0.14467896733965194,0.020197058350055266,0.786771833896637,0.03875317054963301,4.625152494405094e-05,0.056203458458185196,0.025174086233453144,8.601787735342872e-06,0.03349246457219124,0.020419727360445356,5.110365360918863e-06,0.02641230635344982,0.017920333064264722,4.2752997226188186e-06,0.023550761863589287,0.016341507227884397,3.9659859272217466e-06,0.022174205631017685,0.015244448882719827,3.8066809276681106e-06,0.02117961272597313,0.014435158554641973,3.7117186530505816e-06,0.020413890480995178,0.013812674726876948,3.6552165871978007e-06,0.019799062982201576,0.013320300654168166,3.625893076425008e-06,0.019300151616334915,0.012922398642533355,3.6122971848487453e-06,0.018891310319304466,0.012594515945585001,3.605731177077681e-06,0.0185508131980896,0.012319804228369206,3.602342722721708e-06,0.018263138830661774,0.012086444371749484,3.600625206007421e-06,0.018017452210187912,0.011885910442778988,3.5998397277054383e-06,0.017805811017751694,0.01171193022044405,3.5994893058370702e-06,0.01762210577726364,0.0115598203200433,3.599213038028176e-06,0.017461426556110382,0.011425997928849288,3.5988420271153784e-06,0.01731967180967331,0.011307642839494206,3.5983737748951627e-06,0.017193257808685303,0.011202485995396735,3.5978105638512647e-06,0.017079109326004982
428,2,block_output,Horizontal,1,0.15777282818915353,0.014420402154879797,0.7249533534049988,0.05907431363113343,8.410126207099712e-05,0.07775072008371353,0.03906647725001214,1.470501011092171e-05,0.04688774421811104,0.031173570732039118,5.050982100185634e-06,0.03549046814441681,0.02763026790131652,3.3944460948239816e-06,0.03095623105764389,0.02571007872502955,2.9630496902708234e-06,0.02907796949148178,0.0244923099165871,2.780710927961707e-06,0.027878591790795326,0.02364190611692648,2.6833112435162763e-06,0.027191240340471268,0.023010302068931714,2.6270109253702467e-06,0.026683703064918518,0.02252062111501656,2.5917914401740185e-06,0.02630077861249447,0.022129109779757166,2.5664540251755305e-06,0.02600061148405075,0.021809013767374888,2.5450458206525813e-06,0.02574973925948143,0.0215431952050754,2.526829506222012e-06,0.02553192712366581,0.021319895953176512,2.51195637285763e-06,0.025342322885990143,0.02113033789727423,2.4996558812322542e-06,0.02517755702137947,0.020967799312775096,2.489058214347264e-06,0.02503410167992115,0.02082706582806413,2.4793326037782487e-06,0.024908410385251045,0.02070403051754785,2.469628779521044e-06,0.024796955287456512,0.020595480998357136,2.459265244965171e-06,0.024696584790945053,0.020498990243862546,2.4480491332056434e-06,0.024605046957731247
428,2,block_output,Gaussian,1,0.17123873993044808,0.046992846461589396,1.3373475074768066,0.04653906940467774,4.301339690692306e-05,0.06300844252109528,0.0331449042118731,8.502790835150237e-06,0.03968755900859833,0.02752587521478297,4.7039433171213894e-06,0.03185194358229637,0.024418173091752187,3.753658955599035e-06,0.029168080538511276,0.02242844534062204,3.339553811602826e-06,0.027562277391552925,0.021047362643811438,3.1042133811491337e-06,0.02634788118302822,0.020035667344927788,2.9472145206845628e-06,0.025395546108484268,0.019259178597066138,2.826430620487594e-06,0.024619443342089653,0.01864106184433377,2.7270796821310854e-06,0.0239688903093338,0.01813558843873796,2.6436100828456878e-06,0.023415658622980118,0.017713978916170107,2.5732865055287456e-06,0.02294243685901165,0.01735709273507671,2.5139448595109845e-06,0.022536512464284897,0.017051454145638717,2.463565906908634e-06,0.022186946123838425,0.01678713606227012,2.420499453725753e-06,0.02188427932560444,0.016556641131284692,2.383436821186772e-06,0.02162068337202072,0.016354187495178647,2.3511420835665046e-06,0.021389484405517578,0.016175195293885374,2.3223386100482625e-06,0.021184522658586502,0.01601593903014584,2.2958675520818483e-06,0.021000053733587265,0.015873321361603247,2.2710957129546276e-06,0.020831391215324402
428,3,block_output,Vertical,1,0.09731680208018847,0.0040541231281096156,0.3441997766494751,0.025931615914617265,2.2300576010750392e-05,0.03919105604290962,0.016694589976280455,3.7383083571523795e-06,0.022994881495833397,0.012838287086832144,1.992879535224159e-06,0.017489664256572723,0.010630352511292412,1.5217908629243601e-06,0.014521153643727303,0.009212298991365565,1.3581162810805978e-06,0.013267787173390388,0.008236404937056322,1.2993179278106642e-06,0.012519033625721931,0.007531877171011671,1.2740806904745801e-06,0.011943886056542397,0.007007435075051728,1.2565572062555595e-06,0.011478673666715622,0.006607410793621388,1.2419228663390214e-06,0.011098776012659073,0.006294792754546044,1.2289842935724544e-06,0.010780073702335358,0.006044732369778175,1.2174071288971405e-06,0.010504716075956821,0.005840546170633937,1.207749879470268e-06,0.010264281183481216,0.005671187791795958,1.200866883152165e-06,0.010057102888822556,0.005529314915220889,1.1969717945396315e-06,0.009881790727376938,0.005409773494604798,1.1953947431955324e-06,0.009734165854752064,0.0053086121795728565,1.1950197345965558e-06,0.009608486667275429,0.005222571925038383,1.194684554170916e-06,0.009499035775661469,0.005148875305340404,1.1933949532885971e-06,0.009400839917361736,0.005085172187093468,1.1906027527664807e-06,0.00931030884385109
428,3,block_output,Horizontal,1,0.09205470547553092,0.002381044077959525,0.2479875385761261,0.028045391604777366,2.6304464854919688e-05,0.040079813450574875,0.018690675644884035,3.987601648175338e-06,0.024008171632885933,0.015082601960452776,2.0437649773053902e-06,0.018755242228507996,0.013085324021558913,1.5363729753456906e-06,0.016089728102087975,0.011842810681888036,1.348005146457938e-06,0.014499234035611153,0.01101918632371558,1.2726980314594993e-06,0.013502435758709908,0.010441621780277245,1.238876769086959e-06,0.01282036118209362,0.010016545845520875,1.2210190368161578e-06,0.012325040996074677,0.009691941374469371,1.2082245142149826e-06,0.011955463327467442,0.009438464610231302,1.196924006208258e-06,0.011677175760269165,0.009237750403819576,1.1867540530029507e-06,0.011509113013744354,0.00907687112570755,1.1778457784591814e-06,0.011373927816748619,0.008946422398799942,1.1699947697975853e-06,0.011263243854045868,0.00883949522875131,1.162770874930613e-06,0.011172318831086159,0.008751017263247854,1.15570124687606e-06,0.01109711080789566,0.008677322535760819,1.1484674565954356e-06,0.011034229770302773,0.008615739200086821,1.141016150777223e-06,0.010981205850839615,0.00856424950151926,1.1334681591389937e-06,0.010936422273516655,0.008521233862709431,1.126042974406478e-06,0.010898688808083534
428,3,block_output,Gaussian,1,1.1316359004094487,2.631644862535523,6.511335372924805,0.1022510967320866,0.00027262548651831075,0.14067193865776062,0.06577396741698659,6.140926075159346e-05,0.09123942255973816,0.0490158802223584,2.461569485958871e-05,0.0666298121213913,0.03996907346068867,1.2976871510520278e-05,0.05236801505088806,0.034431449300239954,8.153407438020501e-06,0.043358758091926575,0.0306255691758697,5.780257607868217e-06,0.037784673273563385,0.027780469033926253,4.464435987379342e-06,0.034171171486377716,0.02553246244196854,3.657751248498929e-06,0.03133486211299896,0.02369177249807214,3.118679395736891e-06,0.02904209867119789,0.022148467482082428,2.7331781163866186e-06,0.027147218585014343,0.020832208088702626,2.4437297683058462e-06,0.025554293766617775,0.019694441456406836,2.218968136750367e-06,0.024196883663535118,0.018699986416669118,2.0402258794037746e-06,0.023027077317237854,0.01782256520042817,1.8954915590510357e-06,0.02200944349169731,0.017042127009185535,1.776560276800659e-06,0.02111721597611904,0.016343085420510127,1.6775959865118829e-06,0.020329786464571953,0.015713121771575914,1.5943054225556486e-06,0.01963074319064617,0.015142376490292094,1.523424456584856e-06,0.01900644414126873,0.014622888912165921,1.4623251845464672e-06,0.018444838002324104
428,4,block_output,Vertical,1,0.08302748581719777,0.0024730619704309066,0.2498849630355835,0.026008458985459237,1.716703039835535e-05,0.03494681417942047,0.01707022085726734,3.8078458771715996e-06,0.020955584943294525,0.01299292863243156,2.0668744560381996e-06,0.01593487337231636,0.01056768476135201,1.5204205090235533e-06,0.013744856230914593,0.00897230248573044,1.278292537969971e-06,0.012211604043841362,0.007860814029025652,1.147462501613685e-06,0.011079050600528717,0.0070545485479727625,1.0653084399608062e-06,0.010225992649793625,0.0064534588258654355,1.00869259552265e-06,0.009578798897564411,0.005996713119130286,9.681427036297316e-07,0.00908718816936016,0.0056449359888950034,9.392908233726711e-07,0.0087111322209239,0.005371218022432119,9.189098309757896e-07,0.008420269005000591,0.005156263461454757,9.0373050518654e-07,0.008192211389541626,0.004985744237071938,8.906044713143423e-07,0.008009164594113827,0.004848766351296078,8.772462415162037e-07,0.007857874035835266,0.004737125654217033,8.635373968802206e-07,0.007731219753623009,0.004644996911612531,8.511658425783984e-07,0.007626659236848354,0.004568400371464945,8.41503164149027e-07,0.0075422413647174835,0.004504447499851859,8.34633303365396e-07,0.007475072052329779,0.004450859993489252,8.298965066947267e-07,0.007421975489705801
428,4,block_output,Horizontal,1,0.33304430331502644,0.19788834728453975,2.158191680908203,0.0710584507693374,0.0002020098324326912,0.09944872558116913,0.04207782790301338,2.635681751972167e-05,0.0517985001206398,0.031183811170714244,6.653521376965929e-06,0.03684994578361511,0.025559157369628785,3.2423313265606793e-06,0.029586464166641235,0.021855558224377177,2.105552722088692e-06,0.024805564433336258,0.019173843697423025,1.594074675192598e-06,0.02186720259487629,0.017136404202097937,1.3289512638504037e-06,0.019787359982728958,0.015535479485397302,1.1758749253424758e-06,0.018155161291360855,0.014245321087184407,1.07922412615953e-06,0.01683608815073967,0.013185486389649293,1.0139023012073775e-06,0.01574859395623207,0.012301926235003131,9.674282142107716e-07,0.014839001931250095,0.011556700921602665,9.328926859532021e-07,0.014069431461393833,0.010922229287051966,9.062397756612896e-07,0.013412272557616234,0.01037789357914811,8.85022439690677e-07,0.012846969068050385,0.009907912921219592,8.677049500351182e-07,0.012357847765088081,0.009499967305196656,8.532689851123137e-07,0.011932682245969772,0.009144273978318013,8.410011156234186e-07,0.01156176719814539,0.008832952022434228,8.303868986563136e-07,0.01123729720711708,0.008559571823016518,8.210610092699117e-07,0.010952871292829514
428,4,block_output,Gaussian,1,1.1043359963666826,2.7555459413101437,6.622707366943359,0.09155798928132133,0.00021305730767079268,0.12639179825782776,0.060863643707264034,4.114832299595524e-05,0.07549707591533661,0.046945905401593165,1.5865617291419686e-05,0.05543117970228195,0.03878867111745335,8.368149304200364e-06,0.044598694890737534,0.0332918135774514,5.320808535069471e-06,0.03766186535358429,0.029270201448410277,3.834446999788329e-06,0.0329660102725029,0.026169931575182884,2.9975980119605582e-06,0.029439441859722137,0.023693148460653093,2.465944725158487e-06,0.02666112408041954,0.021663113837204283,2.0956903543517263e-06,0.024540729820728302,0.019967257503479247,1.8213877234747496e-06,0.022743824869394302,0.0185298060939189,1.6099507372940625e-06,0.021203354001045227,0.017297364002655424,1.442705481011317e-06,0.01987072080373764,0.016230847538700178,1.3081196929936362e-06,0.018709378316998482,0.015300737560859748,1.1984955912250597e-06,0.01769097149372101,0.014484141746328937,1.1083257815800163e-06,0.01679299585521221,0.013762912491247767,1.0334395069134258e-06,0.015997257083654404,0.013122419427548136,9.70563443777622e-07,0.015288854017853737,0.012550710848281308,9.170868009670733e-07,0.01465539075434208,0.012037936494582228,8.709383507628725e-07,0.014086393639445305
428,final,proj_out,Vertical,1,0.19096112144844873,0.005046997916334482,0.3644927740097046,0.08934224905475738,5.054453239339606e-05,0.1043553352355957,0.07511304579083881,1.9282031645274518e-05,0.08636173605918884,0.06689673147740818,1.8362179176538598e-05,0.07842864096164703,0.06046304106712341,1.8029640092317427e-05,0.07210054248571396,0.05527972997654052,1.7648386416186203e-05,0.06694304943084717,0.05104270033420078,1.71372607986709e-05,0.06266921758651733,0.047545703748861946,1.65327282336298e-05,0.059089042246341705,0.0446394392185741,1.5886367998428452e-05,0.05606741085648537,0.04221013046446301,1.523676540268811e-05,0.05350097268819809,0.040168286197715335,1.4607839669904164e-05,0.05130773037672043,0.03844236319382039,1.4012889743914063e-05,0.04942166805267334,0.03697474297904779,1.3458431862819293e-05,0.047789379954338074,0.03571889067571315,1.2946873805260812e-05,0.046367619186639786,0.03463719527991045,1.2478148677417167e-05,0.04512134939432144,0.0336992603150152,1.2050739112354261e-05,0.04402214288711548,0.03288052242899698,1.1662312375029734e-05,0.04304692521691322,0.03216113292035602,1.1310100308756027e-05,0.042176902294158936,0.031525038537524995,1.0991163375750288e-05,0.041396722197532654,0.030959235297309026,1.0702541978513335e-05,0.040693797171115875
428,final,proj_out,Horizontal,1,0.20854300485243873,0.006296941755050113,0.39265862107276917,0.09659280166739509,4.650720934644908e-05,0.11577567458152771,0.08486980601908668,5.537295239651544e-06,0.09004601836204529,0.07899300032664859,4.218525516282388e-06,0.08311961591243744,0.07409988308236712,3.6629077782549524e-06,0.07772858440876007,0.06992621814447736,3.3543695669541313e-06,0.07329540699720383,0.06635616897117524,3.202439398744608e-06,0.0696423351764679,0.06329598490680967,3.149870931962576e-06,0.06667225062847137,0.060665794958670936,3.1569434319068613e-06,0.06412406265735626,0.058398067714676025,3.197175281442059e-06,0.06193065643310547,0.05643615848015225,3.25360210366517e-06,0.060034845024347305,0.05473270314553427,3.3157674302599763e-06,0.05838887020945549,0.05324809560700068,3.3775035193289372e-06,0.05695305019617081,0.051949178179105125,3.435398765609643e-06,0.055694472044706345,0.050808159250115593,3.4877990517399052e-06,0.05458579212427139,0.0498017112295779,3.5340951596437e-06,0.05360424518585205,0.048910237139179594,3.5743148621962327e-06,0.05273085832595825,0.04811725647203506,3.608815995992222e-06,0.051949791610240936,0.04740889382267755,3.6381283523338507e-06,0.051247842609882355,0.04677345379004403,3.662821662714692e-06,0.050613947212696075
428,final,proj_out,Gaussian,1,0.10480140859172457,0.0016811745003108998,0.21232759952545166,0.056335870590474874,1.4145081198397502e-05,0.06443838775157928,0.04852106676451744,8.096932491136464e-06,0.05418282002210617,0.04357723034326992,6.8469967158366355e-06,0.048769235610961914,0.03996333811018202,6.135914757029137e-06,0.045178577303886414,0.037224372730605186,5.691410895707896e-06,0.04242533817887306,0.03510089537927082,5.398852312358016e-06,0.04028141871094704,0.033424749438251765,5.196409615438257e-06,0.03858652338385582,0.03208163578713697,5.049633635671832e-06,0.0372265949845314,0.030991282934943836,4.938484415097506e-06,0.03611964359879494,0.030095797712131153,4.850822467344621e-06,0.03520618751645088,0.02935252173079385,4.779107980281423e-06,0.03444264829158783,0.02872947763119425,4.718592671560188e-06,0.033796779811382294,0.0282023638368599,4.666268175445774e-06,0.03324452042579651,0.02775249919957585,4.620198043896888e-06,0.032767705619335175,0.027365383440776478,4.579113268919997e-06,0.03235248848795891,0.027029663649579837,4.54215544643435e-06,0.03198818117380142,0.026736382188068494,4.508719005565926e-06,0.03166641294956207,0.0264784177794816,4.478350967086041e-06,0.03138056397438049,0.026250068571359392,4.450698915660552e-06,0.031125320121645927
345,initial,patch_embed,Vertical,1,0.25100847700285533,0.08460494862406229,1.4361774921417236,0.08480639554678447,1.2279707751101878e-05,0.09161356091499329,0.08443268057372835,1.4020332906498222e-05,0.09239451587200165,0.08471941072789449,1.5841441995943124e-05,0.09321615099906921,0.0850069649399273,1.736007433636512e-05,0.09288498014211655,0.08525593697078644,1.893043500602176e-05,0.09461715817451477,0.08531528001739866,1.8450381727600567e-05,0.09429521858692169,0.08517355164365163,1.6402147961741878e-05,0.09274231642484665,0.08501641334049286,1.494080430398477e-05,0.09199590981006622,0.08493545403083165,1.4209596771389394e-05,0.09172268956899643,0.08492643031336013,1.3888275166125782e-05,0.09201836585998535,0.08496839151022927,1.3823715599315055e-05,0.09241573512554169,0.08503020105380861,1.3876545002928188e-05,0.09347008913755417,0.08508556277032882,1.3931207139140244e-05,0.0943613350391388,0.08512869737451038,1.3959558115031438e-05,0.09506157785654068,0.0851684103882502,1.4001784136567356e-05,0.09564682096242905,0.08521287509846309,1.4093817263041706e-05,0.09619070589542389,0.08526410872027987,1.4241163083351307e-05,0.09672098606824875,0.08532026824023989,1.4431007000407732e-05,0.09723389148712158,0.08537836987820882,1.464542177221254e-05,0.09771540760993958
345,initial,patch_embed,Horizontal,1,0.3449854908718003,0.23861718348151417,2.848471164703369,0.09063035675457545,1.3153166571479403e-06,0.09373767673969269,0.08948839455842972,4.4513671680954234e-07,0.0909750908613205,0.08914000280792751,3.350584462387659e-07,0.09064628928899765,0.08903511708217954,3.1398069120241576e-07,0.09039341658353806,0.08904667399705403,3.2252566661699094e-07,0.09050826728343964,0.08912029140998447,3.6510382784261823e-07,0.09084735065698624,0.08921979982701558,4.494299340243277e-07,0.0911082923412323,0.08931506874542387,5.809975830149666e-07,0.09159618616104126,0.0893839660381514,7.396962483627201e-07,0.09215359389781952,0.08941966732816091,8.822898147853926e-07,0.09243456274271011,0.08943059390026425,9.84745137894224e-07,0.0924975574016571,0.08942791050861752,1.0518343673896465e-06,0.09274585545063019,0.08942193348729421,1.0837584679837368e-06,0.09282268583774567,0.08942318755009818,1.0881785232788872e-06,0.09276658296585083,0.0894382218756373,1.0863253544805772e-06,0.09266586601734161,0.08946877540577025,1.0932128292436543e-06,0.09254872798919678,0.08951260669836922,1.1141991117894945e-06,0.09239691495895386,0.08956355128496413,1.1457265966163133e-06,0.09218567609786987,0.08961655530664656,1.1797696733891868e-06,0.09213931113481522
345,initial,patch_embed,Gaussian,1,0.34456927908791435,0.2562819653871068,2.5489375591278076,0.06296827484454427,4.6734090607379904e-06,0.06841054558753967,0.06279846446381675,4.881879637094777e-06,0.06933305412530899,0.06288218314922045,4.550315186638188e-06,0.06851205974817276,0.0629832370295411,4.493564964138745e-06,0.06933969259262085,0.06319923687075811,4.855571909540252e-06,0.07074394822120667,0.06343968916270468,5.304540760596911e-06,0.07162462174892426,0.06365419746864409,5.737734487494938e-06,0.07239212840795517,0.06382367860466714,6.148257178076897e-06,0.07301472127437592,0.06396442894188184,6.57049019136756e-06,0.0730685144662857,0.06408650871543657,7.0000262980139195e-06,0.07245909422636032,0.06420117232298093,7.382164766074008e-06,0.07152782380580902,0.06434487243966451,7.768571700917153e-06,0.07134349644184113,0.06454812693927023,8.300895206535816e-06,0.07134892046451569,0.06480393044295765,9.037328933257023e-06,0.07213738560676575,0.06508215942553111,9.914687173342173e-06,0.07299426198005676,0.06534916115185571,1.0810218222854453e-05,0.0737217366695404,0.0655798903178601,1.1607255083403028e-05,0.07445728033781052,0.06576353678154567,1.2239366671298346e-05,0.0751904845237732,0.06590119376778603,1.2694398071772237e-05,0.07574187219142914
345,0,block_output,Vertical,1,0.12438760082873088,0.00632610968021497,0.6458999514579773,0.0728427166976626,2.8806034063816182e-05,0.0865827277302742,0.0653299353425465,2.3448395141607033e-05,0.0781329870223999,0.062134995642635554,2.217902949873643e-05,0.0741628035902977,0.06056542138731669,2.152780851823733e-05,0.07202493399381638,0.059688033092589604,2.1210425551567622e-05,0.07078525424003601,0.05910468887951639,2.110383939048072e-05,0.06994156539440155,0.058665038160388434,2.110668805678097e-05,0.06927899271249771,0.05831195467284748,2.1149187493763242e-05,0.06873451173305511,0.05801729922966352,2.1200722992197097e-05,0.06826204806566238,0.057766687124967575,2.1254757203912978e-05,0.06784552335739136,0.057551133372480905,2.1305005226532823e-05,0.06753970682621002,0.057363345095562554,2.1347505751912013e-05,0.0674205869436264,0.05719763809253299,2.1386255448369415e-05,0.06731877475976944,0.05704978516414052,2.1427162677440847e-05,0.06723113358020782,0.05691747237292547,2.147423718833667e-05,0.06716157495975494,0.056799525069811986,2.153046075822879e-05,0.06711183488368988,0.05669430944891203,2.1597515187176553e-05,0.06707723438739777,0.05660007172633731,2.1675455100982075e-05,0.06705133616924286,0.05651530972312367,2.1760956437122425e-05,0.06702838838100433
345,0,block_output,Horizontal,1,0.33286014577699086,0.2022654041988353,2.5649971961975098,0.10341781969108278,5.2120955130064675e-05,0.1282295435667038,0.08889978000568965,1.1220448195249265e-05,0.09794328361749649,0.08189583794465141,4.53367320777164e-06,0.08750861883163452,0.07785298403293367,2.5830917776834328e-06,0.08182086795568466,0.07539862145980199,1.8548230196414023e-06,0.07830438017845154,0.07391424488926691,1.5993708569847135e-06,0.07618206739425659,0.07301073604159886,1.5311820478522395e-06,0.07522489130496979,0.07244118918029088,1.5287646670371902e-06,0.07474010437726974,0.0720598723680254,1.5453833135430656e-06,0.07442762702703476,0.07178483075565761,1.5654851472361817e-06,0.0742131695151329,0.07157175313858759,1.584731225317688e-06,0.07405579090118408,0.0713972875050136,1.6027049965134411e-06,0.0739343911409378,0.07124877271671144,1.6199517545283155e-06,0.0738377496600151,0.0711189592404971,1.636770353276491e-06,0.07375945150852203,0.07100353389978409,1.6530257318972617e-06,0.07369580864906311,0.07089983246156148,1.6685751705082436e-06,0.0736442506313324,0.07080598069088799,1.6835896047705171e-06,0.07360213994979858,0.07072045736842686,1.6983695792357299e-06,0.07356677204370499,0.07064197058715517,1.7130851772722295e-06,0.0735359713435173
345,0,block_output,Gaussian,1,0.24134138049114318,0.1248381635065808,1.787116289138794,0.06671012784280474,3.677692220102156e-05,0.08193721622228622,0.05574964465839522,1.0872953576405369e-05,0.062340930104255676,0.051527756014986645,7.485914221087842e-06,0.0575997456908226,0.04965768446997991,6.8088599552951646e-06,0.055992018431425095,0.04864971540750019,6.613040814430352e-06,0.05503285676240921,0.047996940239081305,6.548700547141344e-06,0.05435233935713768,0.04751973995377147,6.542153818101973e-06,0.05381234735250473,0.04714502441504645,6.564339933475233e-06,0.05335837975144386,0.04683817438189945,6.598588313851253e-06,0.05296620354056358,0.046580074739361564,6.6352235117635535e-06,0.05262184143066406,0.04635849914380482,6.669415878695327e-06,0.05231493338942528,0.046164686658552716,6.698991303486883e-06,0.05203787982463837,0.04599194512480781,6.7234544937431444e-06,0.051786892116069794,0.045835384359908485,6.743937008224349e-06,0.051603369414806366,0.045692087638945805,6.762643596985083e-06,0.05146533250808716,0.045560827153542684,6.781519530070273e-06,0.05134766921401024,0.045441078879530465,6.801435842830455e-06,0.05124873295426369,0.0453321227715129,6.822402513787725e-06,0.051165103912353516,0.045232864717642464,6.844296406984612e-06,0.0510944128036499
345,1,block_output,Vertical,1,0.4288070799102859,0.4107223565586054,2.990588665008545,0.08792318604768269,9.823162768272252e-05,0.11037616431713104,0.06633146113109967,4.305472100160657e-05,0.08276338875293732,0.05439104914428696,2.834690941319355e-05,0.06919174641370773,0.046841550677541706,2.11965409924237e-05,0.0598459467291832,0.04178141613328268,1.7105557153048127e-05,0.053178925067186356,0.03828477025741622,1.4660526883344261e-05,0.048399172723293304,0.03580322950368836,1.3160900747356032e-05,0.04494476690888405,0.03399238995616398,1.2218514079350262e-05,0.04240983724594116,0.032633550169449,1.1609634478751691e-05,0.04051729291677475,0.031587451193777344,1.1196949832599962e-05,0.03907988965511322,0.030763639314543633,1.0898579845305483e-05,0.03796900063753128,0.030101175139111185,1.0671974694066897e-05,0.03709397837519646,0.029558158139624292,1.0493578317343374e-05,0.03639084845781326,0.029105435642931197,1.0348408932144889e-05,0.035814739763736725,0.028722369126857272,1.0227060378708849e-05,0.03534454479813576,0.028394071769619746,1.012407157171916e-05,0.03498106077313423,0.028109580869712526,1.0036270025382078e-05,0.03466668725013733,0.02786067518449965,9.961277327267177e-06,0.03442467749118805,0.027641123338114647,9.89670706904964e-06,0.034265607595443726
345,1,block_output,Horizontal,1,0.13684254151488107,0.003671029562166141,0.39933180809020996,0.07476713673935996,4.533925910347278e-05,0.08773965388536453,0.06063289940357208,1.1138635670922027e-05,0.06706926226615906,0.054535288895879476,6.2172634923232946e-06,0.06004604324698448,0.051231165786111164,4.794320175664914e-06,0.05622296407818794,0.04916829521220828,4.235769185860634e-06,0.05385977029800415,0.04776226445322945,3.985041533721222e-06,0.052272602915763855,0.04674036487463921,3.861986614401003e-06,0.051112595945596695,0.04594982557353519,3.80562659265628e-06,0.05023692548274994,0.045308772356264175,3.7913327348598354e-06,0.04954461008310318,0.044777730982454994,3.7962654614456418e-06,0.04913149029016495,0.04433364279213406,3.809537305290516e-06,0.04879767447710037,0.043959757401829676,3.8275636325042605e-06,0.048524510115385056,0.043644142233663134,3.847514474021726e-06,0.0483037531375885,0.043377463070173115,3.866081908987298e-06,0.04812455177307129,0.04315172248179951,3.8807218386334356e-06,0.04797705262899399,0.04296019519605334,3.890638470193441e-06,0.04785436391830444,0.04279732420330956,3.896055358325967e-06,0.04775160178542137,0.04265843118940081,3.897643711806897e-06,0.04766548424959183,0.042539489825093556,3.896209617976632e-06,0.04759349673986435
345,1,block_output,Gaussian,1,0.07922651819766514,0.001085132736181121,0.19407644867897034,0.04020877963020688,1.5029994921374177e-05,0.048349954187870026,0.03440917238947891,5.488535172370266e-06,0.03937600180506706,0.03198116577215611,4.472257251144876e-06,0.036296553909778595,0.030676410252612734,4.365147647142987e-06,0.03518666326999664,0.029814838476124265,4.3205375280308965e-06,0.03427879139780998,0.029213328505792314,4.265593263532626e-06,0.033447060734033585,0.028787082475092676,4.231882648442631e-06,0.0330485925078392,0.028472111013437076,4.218296645969328e-06,0.032761432230472565,0.02822546755510663,4.206777616823637e-06,0.0325317457318306,0.028023398998710845,4.19125404510638e-06,0.03235051408410072,0.027853912629541896,4.177119769870312e-06,0.032203253358602524,0.027710709513889417,4.16885168773451e-06,0.03207729011774063,0.027589642989730077,4.1660859448527755e-06,0.031992506235837936,0.02748725131627113,4.1663330294004455e-06,0.03193268924951553,0.027400425531797938,4.167433555001537e-06,0.03187372535467148,0.027326368652875462,4.168286959467794e-06,0.03181445971131325,0.027262482230388928,4.168695190829737e-06,0.03175566345453262,0.027206410846066852,4.1689155824169825e-06,0.031700413674116135,0.027156329551149928,4.169309631190871e-06,0.03165200352668762
345,2,block_output,Vertical,1,0.5262744838283175,0.7176195505686017,3.674377679824829,0.07202180616912388,0.00014336816698584196,0.09840939193964005,0.04472948989224813,3.7226771352771104e-05,0.05836040526628494,0.032351837567393744,1.3799494844868842e-05,0.04179488867521286,0.026436736777661337,8.280514273321574e-06,0.03372236341238022,0.023171246288314698,6.515048088013931e-06,0.029458817094564438,0.021075786135735967,5.728647225226697e-06,0.026912478730082512,0.019583667554552594,5.293846451031181e-06,0.025416692718863487,0.01845149587958105,5.022908607855683e-06,0.024326570332050323,0.017556379460507913,4.841937216954277e-06,0.02345653809607029,0.016827439623219625,4.715367148743396e-06,0.022747766226530075,0.01622004604469689,4.623449042407335e-06,0.02216019295156002,0.01570449135310593,4.554301322971068e-06,0.02166576497256756,0.015260249923264224,4.500659915884836e-06,0.021244332194328308,0.014872730576566287,4.45807885480122e-06,0.020880861207842827,0.014531300802315985,4.423631467898145e-06,0.020563825964927673,0.014228004356107068,4.39518155272418e-06,0.020284311845898628,0.013956718398110262,4.371104052438721e-06,0.020035395398736,0.013712605801484888,4.350191512981236e-06,0.01981162652373314,0.013491748181718683,4.331568473167835e-06,0.019608594477176666
345,2,block_output,Horizontal,1,0.8301805463575181,1.4590230337328236,5.399374961853027,0.11529769819407236,0.00017295733590813153,0.14488136768341064,0.08384489622854051,6.24754356979705e-05,0.1027989536523819,0.06370123623619003,2.826199180867984e-05,0.07622606307268143,0.05065822234702489,1.3522102052213397e-05,0.05932697281241417,0.04242979297562251,7.41012874310374e-06,0.04858585447072983,0.037273990847761666,4.959379572836805e-06,0.042231444269418716,0.033971869578910255,3.955327011620484e-06,0.03853011131286621,0.03175071987604338,3.5036755094133216e-06,0.03602365404367447,0.03016063535497302,3.269380472402103e-06,0.03422696515917778,0.028952812125521993,3.128945413036073e-06,0.03293291851878166,0.027990971529294573,3.035198121187843e-06,0.03197171539068222,0.027198291664558744,2.9687373397838423e-06,0.031161727383732796,0.026529032618753494,2.9204097373298703e-06,0.030466588214039803,0.02595418280670567,2.8847938888622496e-06,0.02986188605427742,0.02545423356313554,2.8578829965615895e-06,0.029330100864171982,0.02501536961940546,2.8365325075533325e-06,0.028858229517936707,0.024627310179528735,2.8184927601010055e-06,0.02843637391924858,0.02428205142773333,2.8023713297515792e-06,0.028056833893060684,0.023973160763345068,2.7873960470840146e-06,0.02771352417767048
345,2,block_output,Gaussian,1,0.14309074723767856,0.012731414524664803,0.7404918074607849,0.045640778683480765,6.854280158236423e-05,0.0693327784538269,0.031007408829671994,9.001738107135352e-06,0.039819877594709396,0.025777563896207584,4.079980408227982e-06,0.031043440103530884,0.023047851635113595,3.1543303198589626e-06,0.027985040098428726,0.021317193728117717,2.8917845597129256e-06,0.026612618938088417,0.02010489876071612,2.7799950836062745e-06,0.025569340214133263,0.019207355847197866,2.6841156987099308e-06,0.024732913821935654,0.018522242911987834,2.603656516646189e-06,0.0240648053586483,0.01798456497786064,2.541963885581872e-06,0.02351946383714676,0.01755151210264081,2.4933155777903114e-06,0.023066416382789612,0.017195639141377003,2.454161897735489e-06,0.022686664015054703,0.016899225302040577,2.42225656694061e-06,0.02236655354499817,0.016650132938391633,2.396009517976352e-06,0.02209491841495037,0.01643892510661057,2.3743290573864458e-06,0.021862918511033058,0.016257988022906438,2.356202919031195e-06,0.021663766354322433,0.01610132266900369,2.340597512409645e-06,0.02149159461259842,0.01596415498190456,2.326350340639519e-06,0.021340373903512955,0.01584266203026923,2.3122922168627297e-06,0.021204156801104546,0.015733892541556133,2.2978255176687765e-06,0.02107858657836914
345,3,block_output,Vertical,1,0.5864844603670968,0.8235946797406454,3.749100685119629,0.06712509118138797,0.00014959885871477588,0.09280084073543549,0.040163458546712286,2.43039876104291e-05,0.04997557774186134,0.029565704838624075,9.146579869987158e-06,0.035488761961460114,0.024161706427260052,5.340082507918692e-06,0.030291708186268806,0.020765020999880063,3.770715848070545e-06,0.026845302432775497,0.018360513543325758,2.9924030888349493e-06,0.02426694706082344,0.016545706147712374,2.5666010391353713e-06,0.02227107249200344,0.015119555761061963,2.3124566140309767e-06,0.020680991932749748,0.01396551908599952,2.1482582658556917e-06,0.01938265562057495,0.013010115480966984,2.034286433307275e-06,0.01830102503299713,0.012204541854323849,1.9496263386776136e-06,0.017385579645633698,0.011515076952202925,1.8825410026332478e-06,0.016601361334323883,0.010917633106665952,1.826414923938522e-06,0.015923291444778442,0.010394546025920482,1.7778811832889329e-06,0.015332362614572048,0.009932604677502125,1.7355544440164967e-06,0.014813262037932873,0.00952175904124502,1.698899637568527e-06,0.014353354461491108,0.009154208440570131,1.6674266397505107e-06,0.013942436315119267,0.008823740532592175,1.6404327985537058e-06,0.013572581112384796,0.008525286734636341,1.617119686115926e-06,0.013237697072327137
345,3,block_output,Horizontal,1,0.17681666487266148,0.02199699646629139,0.936795711517334,0.051920073254713935,0.00010532098321053717,0.07415612041950226,0.030465898325755483,1.2108502523120147e-05,0.038517724722623825,0.023046026272433146,4.083107247292675e-06,0.027680369094014168,0.019350403535460668,2.6493855657166784e-06,0.023086553439497948,0.017000033978431944,2.135929696820848e-06,0.02060411311686039,0.015348001058021235,1.8846439519237297e-06,0.018906045705080032,0.014131161842554335,1.7401071271092556e-06,0.017608195543289185,0.013208829886501744,1.6478007460444877e-06,0.016604937613010406,0.012494454869911784,1.584002634414718e-06,0.015822310000658035,0.011930655170645978,1.5372807503950984e-06,0.015200117602944374,0.011477968078993615,1.5016296969318822e-06,0.0146942762658,0.011108585751600682,1.4734572665262888e-06,0.014274241402745247,0.010802599202309335,1.450393436205186e-06,0.013920357450842857,0.010545669581800227,1.4308132084194043e-06,0.013621116057038307,0.010327457258152583,1.4136285618591896e-06,0.013369080610573292,0.010140387474426202,1.3982031332180325e-06,0.01315713208168745,0.009978720947863564,1.3841991225392208e-06,0.01297769881784916,0.00983795313726342,1.3713481077898483e-06,0.012823577970266342,0.009714479787304761,1.3593746191905242e-06,0.012688346207141876
345,3,block_output,Gaussian,1,0.27397606391755364,0.19391599635863147,2.086453914642334,0.0490092888829254,5.873317361569668e-05,0.06787192076444626,0.033675229058615745,1.2383029324360345e-05,0.04358521103858948,0.026666177348012014,4.719680696319275e-06,0.032490599900484085,0.022693079467567188,2.712092200148505e-06,0.026647603139281273,0.020098676225022663,1.9647638498197605e-06,0.023115478456020355,0.018241078666751346,1.610981605723046e-06,0.021135363727808,0.016827570185774847,1.411459752428216e-06,0.019726866856217384,0.015707771412082135,1.2841389275500462e-06,0.01857314445078373,0.01479578393674086,1.1952428629463743e-06,0.017603088170289993,0.014038419336198813,1.1293074960639093e-06,0.01678120717406273,0.013400276161966816,1.0785382603137256e-06,0.01608297973871231,0.012856203323555372,1.0383981722700693e-06,0.015515503473579884,0.012387574798176213,1.005944033362834e-06,0.015071363188326359,0.011980321021780135,9.792332615131892e-07,0.014683056622743607,0.011623637070731512,9.569713123201918e-07,0.014341894537210464,0.011309077120607807,9.382783385376293e-07,0.014040596783161163,0.011029931332265574,9.225338293599323e-07,0.013772997073829174,0.010780799823502699,9.092608938885816e-07,0.013533836230635643,0.010557316953227633,8.980672181433319e-07,0.013318708166480064
345,4,block_output,Vertical,1,1.146624985431868,2.958938852858071,7.127767562866211,0.0980610139076672,0.00027292135825235787,0.13148096203804016,0.06261513748812297,5.376105933232724e-05,0.07967404276132584,0.04678569527135955,2.020852413163698e-05,0.057414039969444275,0.03789629940948789,1.1252265433833436e-05,0.046753041446208954,0.0320249092543409,7.502645517747307e-06,0.039492473006248474,0.027801768765563055,5.500742719278205e-06,0.03412032499909401,0.024609997040695615,4.288338914498843e-06,0.029971439391374588,0.022111572620887605,3.5000823217761586e-06,0.02667185105383396,0.02010181424991479,2.9649610468551305e-06,0.02399979904294014,0.018449151578048866,2.58909318508268e-06,0.021811561658978462,0.01706481977765049,2.3159164938962245e-06,0.020266316831111908,0.01588667729603393,2.110457645538219e-06,0.018940938636660576,0.014870155780088334,1.9509200075207636e-06,0.017783652991056442,0.013982690855978972,1.8234989359572705e-06,0.016766682267189026,0.013200042429306204,1.7192643347371472e-06,0.016002073884010315,0.012503814380911608,1.632340607726355e-06,0.015328594483435154,0.011879798926649586,1.5588643822560754e-06,0.014730896800756454,0.011316842443886258,1.4963010832168175e-06,0.014196748845279217,0.010806095786392689,1.4429629489938346e-06,0.013716010376811028
345,4,block_output,Horizontal,1,0.547278379282308,0.7104527763302246,3.7189745903015137,0.08451438352229103,0.0002055418290054209,0.11169875413179398,0.051862506284600214,4.481315886801726e-05,0.06473881006240845,0.0373819816916708,1.198403849725388e-05,0.04495471715927124,0.030263585762845144,5.353816828768816e-06,0.03569577634334564,0.025920607533956332,3.4038515023565536e-06,0.030197937041521072,0.022847841094647135,2.5428738054322667e-06,0.02633884735405445,0.02051619883804094,2.0753309444661844e-06,0.023729441687464714,0.018676852925665795,1.794315720659657e-06,0.021716631948947906,0.017185862663955914,1.6124038527069909e-06,0.02010178752243519,0.015951860784774737,1.4862059616934625e-06,0.018775369971990585,0.01491371582129172,1.3927837862453885e-06,0.017664354294538498,0.014028841481795387,1.3199392529343194e-06,0.0167185477912426,0.013266552550097307,1.2613926585581743e-06,0.015903346240520477,0.012604088921632086,1.2138756845374045e-06,0.015233498066663742,0.01202414326724552,1.1752642062874129e-06,0.014668183401226997,0.011513280475305187,1.143708040619472e-06,0.014167016372084618,0.011060881931039076,1.1175134455694222e-06,0.013719938695430756,0.010658423519796796,1.0953047678776135e-06,0.013319023884832859,0.0102989665779566,1.0760738188514045e-06,0.012957988306879997
345,4,block_output,Gaussian,1,0.06841778140219432,0.001208642199021846,0.16386833786964417,0.02528898518473383,1.6808551971751125e-05,0.03535996004939079,0.016949533366612972,3.3725925062912034e-06,0.020903225988149643,0.01316421146371535,1.5688240167624338e-06,0.0156843438744545,0.011038644860188166,1.074512711093647e-06,0.013156228698790073,0.009734040998395473,8.751986873265026e-07,0.011731305159628391,0.008877847092373976,7.736585965407029e-07,0.010942243039608002,0.00828312910235827,7.128296346120442e-07,0.010378669947385788,0.007848994414662086,6.702629401147954e-07,0.009969240054488182,0.0075203921527616565,6.373082744492107e-07,0.009670211002230644,0.0072664849474907865,6.110160633682336e-07,0.009449420496821404,0.007068722649285245,5.904560032405938e-07,0.009283933788537979,0.006914394641561168,5.749139245910513e-07,0.009158461354672909,0.006793626709767278,5.635694010732266e-07,0.009062841534614563,0.0066985249785440305,5.557386931854279e-07,0.008989617228507996,0.0066231066316720984,5.508604188412333e-07,0.008932765573263168,0.0065631321187885035,5.482510068074161e-07,0.008887993171811104,0.006515534306388526,5.470914247708715e-07,0.008853008039295673,0.006477838589085473,5.466635581756693e-07,0.008826619945466518,0.0064479138125621135,5.46474483241919e-07,0.008807809092104435
345,final,proj_out,Vertical,1,0.1820096443333323,0.004855188773011186,0.34561043977737427,0.08638526357355572,4.27531870920976e-05,0.10226304829120636,0.07281360077479529,1.5994864700810503e-05,0.08344131708145142,0.064787362539579,1.4609479364598873e-05,0.07537856698036194,0.058584125209895394,1.4448317724510653e-05,0.06927807629108429,0.05363204945174475,1.4413875398016209e-05,0.06440809369087219,0.049617367840948556,1.4294420567966806e-05,0.06043250858783722,0.04632839507290295,1.4071343010466067e-05,0.05714137852191925,0.043611489709407564,1.3770368678911939e-05,0.05438828095793724,0.04135079829702302,1.3421538905650293e-05,0.052064936608076096,0.03945700481297478,1.3049307373674695e-05,0.05008864775300026,0.03786025122399368,1.2671268613503337e-05,0.048395026475191116,0.03650532411559233,1.2299295964372634e-05,0.04693329706788063,0.03534821846655437,1.1941025421313132e-05,0.04566305875778198,0.034353642118355586,1.1601104336872509e-05,0.04455191642045975,0.03349316270933265,1.1282137733345682e-05,0.0435737706720829,0.032743803979385463,1.09853014356657e-05,0.04270744323730469,0.03208696168093454,1.0710799617605833e-05,0.04193572700023651,0.03150754486994138,1.0458176535394571e-05,0.04124455153942108,0.030993294532573414,1.0226543864372564e-05,0.040622368454933167
345,final,proj_out,Horizontal,1,0.1958732595519414,0.005000440796039057,0.3670737147331238,0.0972703555746684,3.7125837793339384e-05,0.11063962429761887,0.08596987466490458,5.323309523989915e-06,0.0907086580991745,0.07996331143473821,4.174018135472474e-06,0.08444398641586304,0.07499233526842934,3.7020479645452713e-06,0.0792616456747055,0.07077581187089284,3.4236987598953775e-06,0.07479049265384674,0.0671884717922362,3.2667692904690182e-06,0.07095302641391754,0.0641259980343637,3.187034917046879e-06,0.0678400993347168,0.06150074007492217,3.1559704528432115e-06,0.06518802791833878,0.05924062235724358,3.155468479938477e-06,0.06290623545646667,0.05728677808055802,3.1737667063785705e-06,0.060935601592063904,0.05559098584547875,3.2030094745188686e-06,0.059227146208286285,0.054113484800808014,3.23784306437344e-06,0.05774020031094551,0.05282125935431511,3.274621157473631e-06,0.0564650222659111,0.051686732423683955,3.3108881320547065e-06,0.05539277195930481,0.050686768477871305,3.3450648109729397e-06,0.05443767458200455,0.04980189495143436,3.3761938020128064e-06,0.05358386039733887,0.04901569141518502,3.40378385327382e-06,0.052817828953266144,0.04831428512457817,3.427652542089969e-06,0.05212803930044174,0.04768594667788536,3.4478372513083945e-06,0.051504600793123245
345,final,proj_out,Gaussian,1,0.10792584575357891,0.001652744299280156,0.20590893924236298,0.0579778327946625,1.8186722698663763e-05,0.0683530643582344,0.04946606162758101,8.522183838994015e-06,0.05517430976033211,0.04433877748392877,6.615181909093295e-06,0.04918045923113823,0.04065862853848745,5.7647420043417655e-06,0.045115821063518524,0.037878957828359,5.311648416039827e-06,0.04222480207681656,0.0357261077752189,5.047838471298529e-06,0.04014121741056442,0.03402857000510844,4.8830067637717696e-06,0.03848414868116379,0.03266950717402829,4.7722832838486614e-06,0.03714609891176224,0.031566645772684185,4.692348406186288e-06,0.03605116903781891,0.030660781418047255,4.630768599762586e-06,0.035144612193107605,0.029908512290271503,4.5807612813621065e-06,0.03438609465956688,0.029277492758064044,4.538547066358591e-06,0.033748090267181396,0.028743263777522815,4.501981305677017e-06,0.033225275576114655,0.028287083620116824,4.469792773332259e-06,0.03277145326137543,0.027894428325077845,4.441202200551976e-06,0.03237450122833252,0.02755392591158549,4.415691441967511e-06,0.032025046646595,0.027256587756768105,4.392886467684254e-06,0.031715743243694305,0.02699524989085538,4.3724892271709305e-06,0.03144074231386185,0.026764156740336192,4.354242270565084e-06,0.03119528666138649
249,initial,patch_embed,Vertical,1,0.2769546514702222,0.12445649953954857,1.6810799837112427,0.08463685285477411,1.6766164072118334e-05,0.09427547454833984,0.08462014983570765,1.855436761654516e-05,0.09330417960882187,0.08453433322055,1.6576846981678615e-05,0.09281280636787415,0.08444522924366452,1.571993599771429e-05,0.09221982955932617,0.08448298192686504,1.55262365216581e-05,0.0919160544872284,0.08450490283587622,1.4933663874628813e-05,0.0922110378742218,0.08452263509943372,1.4329553822800421e-05,0.09237079322338104,0.08457639446807286,1.4001493106182463e-05,0.092739999294281,0.08466099687511959,1.388716674841773e-05,0.09328876435756683,0.08475936901947809,1.3899742618023926e-05,0.09391893446445465,0.08485969404379527,1.3991176059436663e-05,0.09456402063369751,0.08495436218522844,1.4129556861956938e-05,0.09517455101013184,0.0850392406185468,1.4292643408526157e-05,0.09572174400091171,0.0851128219612061,1.446552744860409e-05,0.09619538486003876,0.08517526314845161,1.4638368123753739e-05,0.09659700840711594,0.0852275998109863,1.4805017933571936e-05,0.09693361818790436,0.08527117577337083,1.4961715293382762e-05,0.09721390157938004,0.08530735768496044,1.5106605825955202e-05,0.09744668006896973,0.08533740374777052,1.5239020809324115e-05,0.09763981401920319
249,initial,patch_embed,Horizontal,1,0.3152950650879315,0.1733079360976238,2.388882637023926,0.09046964087183514,1.4025796869349723e-06,0.09447361528873444,0.0893792010962017,4.75656116981752e-07,0.09105567634105682,0.08906623106154185,3.6341658780810857e-07,0.09068229794502258,0.08901104875027187,3.5226346749485823e-07,0.09049956500530243,0.08906498007358067,3.796392398581466e-07,0.09074781835079193,0.08916850056913164,4.558240072956018e-07,0.09113403409719467,0.0892850204356133,5.97219769080485e-07,0.09142017364501953,0.0893799052351997,7.837381309280528e-07,0.09222479164600372,0.08943663844986567,9.598909581854447e-07,0.09272604435682297,0.08945895766928083,1.0886439796129546e-06,0.09287631511688232,0.0894584639204873,1.172003299088319e-06,0.09290711581707001,0.0894527401006411,1.209234996040208e-06,0.09291288256645203,0.08945966606575345,1.2232728470764198e-06,0.09290371835231781,0.08948805975535559,1.2467424100227254e-06,0.09290042519569397,0.08953780669068533,1.2941249213492737e-06,0.09291437268257141,0.0896010370481582,1.3572520982300626e-06,0.09291280806064606,0.08967015998704093,1.4163820159883716e-06,0.09281869977712631,0.08974439828168779,1.4618847550480416e-06,0.09257064759731293,0.08982507754412908,1.500365182858408e-06,0.09247303009033203
249,initial,patch_embed,Gaussian,1,0.20869667029806546,0.08739209138242544,1.9389015436172485,0.06298117925013814,5.114487978883433e-06,0.0694800466299057,0.06280704995705969,4.311299442926464e-06,0.06843404471874237,0.06314490404393938,5.12133052465478e-06,0.07110198587179184,0.06357257251465132,6.12644887114482e-06,0.0730305165052414,0.06397238267319542,7.12454747043282e-06,0.07381103932857513,0.06423246115446091,7.801739623777087e-06,0.07260164618492126,0.06447515618943032,8.452686985101774e-06,0.07195071876049042,0.06479921653157189,9.489036013647055e-06,0.0723952129483223,0.06511822727227969,1.0679986499238754e-05,0.07333242893218994,0.06537057128217486,1.1669353977884837e-05,0.07388892769813538,0.06553712611397107,1.2303034629274423e-05,0.0748056024312973,0.06562714107216351,1.2596283987286952e-05,0.0754244476556778,0.06565893098475441,1.262336694720949e-05,0.07575954496860504,0.06564784487561574,1.2452848263887157e-05,0.07588348537683487,0.06560380951989264,1.2132902506035246e-05,0.07584260404109955,0.06553287780474103,1.1697107569944624e-05,0.07566557824611664,0.06543919296255188,1.1172799211037305e-05,0.07537239044904709,0.06532651901481644,1.0587646970845369e-05,0.0749814361333847,0.0651993579452946,9.973340535244354e-06,0.07451462745666504
249,0,block_output,Vertical,1,0.1439894216637763,0.007917453045177306,0.5860593318939209,0.08086957853464853,6.116932634411197e-05,0.10033011436462402,0.06910716145048065,2.9922652811182894e-05,0.08498868346214294,0.06408441965542143,2.42542809935779e-05,0.07821877300739288,0.061663660383413706,2.251050027971835e-05,0.07463398575782776,0.06035603417290582,2.187227150266763e-05,0.07258164137601852,0.059544196618454795,2.169955133183216e-05,0.07131484150886536,0.05897102144265932,2.169672191020494e-05,0.07044270634651184,0.05852646262399734,2.175741317082387e-05,0.06977885216474533,0.058162099312222194,2.1841713283595345e-05,0.06923872232437134,0.057855796660222704,2.193139135538311e-05,0.06877737492322922,0.05759457486962515,2.2014690836835352e-05,0.06836988031864166,0.05736886491141622,2.208946148201805e-05,0.06800408661365509,0.05717132417928605,2.2154139451456027e-05,0.06767210364341736,0.056996355749784955,2.2208061980791933e-05,0.06736822426319122,0.05684052248086248,2.22540296256966e-05,0.06709074974060059,0.05670155235935771,2.229389184295872e-05,0.06684038043022156,0.056576946425059484,2.2328182088283478e-05,0.06661651283502579,0.056463884396685496,2.236110996711849e-05,0.06641697138547897,0.056359620735285776,2.240125090043435e-05,0.06623692810535431
249,0,block_output,Horizontal,1,0.8124580397492364,1.7296589733665848,5.279298782348633,0.10756724587981663,2.9458198947105827e-05,0.12030918151140213,0.09629171436268186,8.356281746768246e-06,0.10306543111801147,0.08934533596038818,4.280914648478013e-06,0.09415300190448761,0.08456483187656554,2.568634915972571e-06,0.08800579607486725,0.08114457236868995,1.8083388515990536e-06,0.08430878818035126,0.07863142707991222,1.4568197414545955e-06,0.08186346292495728,0.07676976765432054,1.2992319434537207e-06,0.08004488050937653,0.07539400493814832,1.241042049938511e-06,0.07870177924633026,0.07438052433823782,1.2349349376165985e-06,0.07771667838096619,0.07363189496691265,1.2549664004113899e-06,0.07699378579854965,0.07307243843873341,1.286830678419162e-06,0.07645858824253082,0.07264575787952968,1.3230688765117382e-06,0.07605543732643127,0.07231156267817059,1.3601456002072886e-06,0.07574422657489777,0.07204205034271119,1.3966021101956787e-06,0.07549679279327393,0.07181850726169253,1.4318816467517732e-06,0.07529367506504059,0.07162846613024908,1.465677633767744e-06,0.07512161880731583,0.07146358265290184,1.4978243134266133e-06,0.074972003698349,0.07131815725375736,1.5282809391777086e-06,0.07483942806720734,0.07118818187524402,1.5571515289783767e-06,0.07472051680088043
249,0,block_output,Gaussian,1,0.5575883928982038,0.9191606950056826,4.009477615356445,0.06740267663484528,2.235307410285256e-05,0.0766143798828125,0.05938949412296689,1.0380022570114459e-05,0.06632369756698608,0.055196820861763425,8.119637745809175e-06,0.061588436365127563,0.05271563749937784,7.327688707993221e-06,0.05872759595513344,0.05115651942434765,6.9976513186850105e-06,0.0574212521314621,0.050109560764025125,6.857376593009817e-06,0.056564196944236755,0.04935598633592091,6.806567248099597e-06,0.05593184381723404,0.0487784134253623,6.798222986954028e-06,0.055426523089408875,0.048312908245457545,6.807534691081204e-06,0.054994985461235046,0.04792361511361031,6.821781207916523e-06,0.05460963770747185,0.047589488327503204,6.835494698227277e-06,0.05425695329904556,0.04729746524540205,6.847147507493364e-06,0.053930580615997314,0.047039001056599236,6.856814851608397e-06,0.05362758785486221,0.046808237298613505,6.86487682952972e-06,0.05334654077887535,0.04660096356556529,6.8715686689380964e-06,0.053086478263139725,0.04641397734956136,6.877086649295492e-06,0.05284638702869415,0.04624469909403059,6.88178916301896e-06,0.052624985575675964,0.04609095251985958,6.8861995624115455e-06,0.0524207204580307,0.04595083885249637,6.8909331848542315e-06,0.0522318035364151
249,1,block_output,Vertical,1,0.16101983875509293,0.02023882787306893,0.8219532370567322,0.06403584518129864,6.0007795141418084e-05,0.08199448138475418,0.04876102654943391,2.2935771399233034e-05,0.0629277378320694,0.04152533086755919,1.6927747147379815e-05,0.05358091741800308,0.03732540399309189,1.4535988468745815e-05,0.047894805669784546,0.03462637189243521,1.3247250125452043e-05,0.044292718172073364,0.032769434183599455,1.2442624292735692e-05,0.04182561859488487,0.0314368572500017,1.1906233954295821e-05,0.04003456234931946,0.030453132790705516,1.1516539724711185e-05,0.03873324766755104,0.029703236731981473,1.1228370371660087e-05,0.03772104158997536,0.029111259720391698,1.1011686945070833e-05,0.03685047850012779,0.028629120616685776,1.0831258127349768e-05,0.036090463399887085,0.028230069057335928,1.0666037460660051e-05,0.03547615930438042,0.027899534071958255,1.0516212159088524e-05,0.03499988839030266,0.027625083036365964,1.0385161544217352e-05,0.03461822494864464,0.0273950548162536,1.0273087960698253e-05,0.034298114478588104,0.02719993484280412,1.0179129702344424e-05,0.034021735191345215,0.02703192856694971,1.0101244548048145e-05,0.033781107515096664,0.026884813541694294,1.0035459604055414e-05,0.03357410803437233,0.026754357393771883,9.976776466551929e-06,0.033399082720279694
249,1,block_output,Horizontal,1,0.18929048994230846,0.027233114626462312,1.147127628326416,0.08732727110858947,4.650994126929731e-05,0.10071782767772675,0.0712130159612686,1.4285442473718563e-05,0.07990258932113647,0.06281122807708997,7.118204265960438e-06,0.06930644810199738,0.057898730276122926,4.939874550484987e-06,0.06332583725452423,0.05475674788393672,4.126425664892302e-06,0.05985908955335617,0.052593003840200485,3.772903805560572e-06,0.05745631456375122,0.0510185534164073,3.6273717912269367e-06,0.05567510798573494,0.0498283693478221,3.585289382635721e-06,0.05428846925497055,0.04889436757990292,3.5957007166962206e-06,0.05318417772650719,0.048132795249185865,3.6326720977037474e-06,0.05228612571954727,0.047492724325921803,3.6745584634865105e-06,0.05153869092464447,0.046944552115977756,3.7105643799138445e-06,0.05092822015285492,0.046469765996176096,3.7436696960784276e-06,0.05057726800441742,0.0460553750514038,3.7774000024637106e-06,0.05028225854039192,0.04569084859556622,3.8104737839056367e-06,0.050024911761283875,0.04536711637462888,3.841869454769097e-06,0.04979553073644638,0.04507659174620159,3.873363662452725e-06,0.04959201067686081,0.044813807698942366,3.907559964480386e-06,0.049414459615945816,0.044575782758849006,3.944856759063474e-06,0.049259915947914124
249,1,block_output,Gaussian,1,0.13360177471287668,0.014461647442911086,0.6838825941085815,0.05156377744343546,2.902676738039683e-05,0.06426362693309784,0.04206672677445033,9.621874024860862e-06,0.04826425760984421,0.037749018756643174,6.220645510535965e-06,0.042745109647512436,0.035260885244324094,5.071674688869205e-06,0.03979375213384628,0.03363830584382254,4.546566409455042e-06,0.03780772164463997,0.032482979168731066,4.28733888108335e-06,0.03652430698275566,0.03162392438758933,4.169062943752192e-06,0.0357324555516243,0.030970293732862624,4.113942427149273e-06,0.03516017645597458,0.030458851613932185,4.085508511133212e-06,0.034730881452560425,0.030047110089706997,4.073514186843015e-06,0.03438999503850937,0.02970811476310094,4.077656698911667e-06,0.03411300480365753,0.0294254750368141,4.094348442097214e-06,0.03388996794819832,0.029186895442387416,4.116602330499906e-06,0.03370809555053711,0.028982616103594264,4.140224533775071e-06,0.03355375677347183,0.028805421901837228,4.163243062983084e-06,0.03341490775346756,0.028650034130329176,4.184379492528058e-06,0.03328419849276543,0.02851257591493546,4.202674924785073e-06,0.033161185681819916,0.028390246458233348,4.2177621402369625e-06,0.03304869681596756,0.02828102839726304,4.229903395659516e-06,0.03294811025261879
249,2,block_output,Vertical,1,0.07582448487953534,0.0013165808713026847,0.16317279636859894,0.025297697544807478,1.813131679859902e-05,0.03740670531988144,0.018225081486716158,6.139226416816281e-06,0.025415223091840744,0.01584863896289515,5.130576084416678e-06,0.02194296568632126,0.014576737029803178,4.796600327143772e-06,0.0206904299557209,0.01376387904146834,4.684599047298148e-06,0.01993035525083542,0.013196893612898532,4.624329835161787e-06,0.019391437992453575,0.012776101835899882,4.5799252180385465e-06,0.018982624635100365,0.012453434013185046,4.541086504126836e-06,0.018661249428987503,0.012202856515253347,4.50768189063416e-06,0.018406987190246582,0.01200446409602014,4.480424326254146e-06,0.018206626176834106,0.011844136412181551,4.460628806104584e-06,0.018050940707325935,0.011712652690235584,4.448302146027673e-06,0.017930185422301292,0.011603823508180323,4.441481152427912e-06,0.01783302240073681,0.01151331684123429,4.437274972315455e-06,0.017750676721334457,0.01143790234530729,4.43386401685125e-06,0.01767919771373272,0.011374978792099725,4.430968608569051e-06,0.01761721819639206,0.011322306010812994,4.428825512926911e-06,0.017563682049512863,0.011277897120822989,4.427452453883923e-06,0.017517291009426117,0.011240037512921151,4.426572441186809e-06,0.017476651817560196
249,2,block_output,Horizontal,1,0.327757559361912,0.1924596416928323,2.287281036376953,0.09046228608441731,0.0001410930215104321,0.11983150988817215,0.06271061596889345,3.653090479014213e-05,0.07426634430885315,0.048130091989324206,1.310286938168988e-05,0.055554311722517014,0.03989320467152293,6.481962150285631e-06,0.04555700719356537,0.034970058660422056,4.319584862537288e-06,0.03987181931734085,0.03185991123909988,3.506046866277685e-06,0.03626280277967453,0.02979416935335076,3.1638608607749456e-06,0.033837635070085526,0.02835888924106719,3.004004177103585e-06,0.032130323350429535,0.027315498374047734,2.9198034843925772e-06,0.030890466645359993,0.02652109952436553,2.8700613491912263e-06,0.029956029728055,0.0258904177518118,2.837602941375075e-06,0.02922358177602291,0.025372282468846867,2.8146958027667958e-06,0.028631623834371567,0.024935306862942756,2.7972505373808797e-06,0.028142839670181274,0.024559692878808295,2.7828553285397487e-06,0.027790624648332596,0.024232525053241895,2.770443626490253e-06,0.02749604359269142,0.02394493113434504,2.7599684034950095e-06,0.027240311726927757,0.023690388670989444,2.7516958231419297e-06,0.02701679617166519,0.023463815007181393,2.745725461426776e-06,0.026820320636034012,0.023261099669431882,2.741955844193934e-06,0.026646852493286133
249,2,block_output,Gaussian,1,0.11901666129392291,0.007713291280001408,0.5531343221664429,0.04417201793856091,4.4600469622481765e-05,0.059860214591026306,0.03116240207519796,7.681339314898553e-06,0.0376080721616745,0.02612584066532907,4.023441681249127e-06,0.030576791614294052,0.023511833999128567,3.314873530212491e-06,0.027624014765024185,0.02187909253887714,3.037774208302705e-06,0.02616499736905098,0.020746627349465613,2.86825611467808e-06,0.025244904682040215,0.01991245322047718,2.750118274963266e-06,0.02454175427556038,0.01927155665757637,2.664003301696531e-06,0.023986130952835083,0.018759721136164097,2.6015948556080022e-06,0.023547150194644928,0.018337448364094136,2.558823171712867e-06,0.02320382557809353,0.01798323482748062,2.5280373307948395e-06,0.022926602512598038,0.017685170388884015,2.501877755884781e-06,0.02268907055258751,0.017433081177018937,2.4781720248401063e-06,0.022480348125100136,0.0172175368560212,2.4567513271622632e-06,0.022297056391835213,0.017030947590394627,2.437591077724527e-06,0.022137083113193512,0.016867400265284,2.4209904890980804e-06,0.021998226642608643,0.016722353574420725,2.407277289608252e-06,0.02187720686197281,0.016592581002485184,2.3960627547448994e-06,0.021769346669316292,0.01647608523212728,2.386034807301327e-06,0.02167033590376377
249,3,block_output,Vertical,1,0.3625737645086788,0.2655019167413311,2.657919406890869,0.05708469243513213,0.00012666616886626667,0.08165343105792999,0.03436939317792181,1.8295611028974935e-05,0.044064220041036606,0.02572282353445651,6.9816070650360894e-06,0.03203774243593216,0.021202631206029936,4.414059252686122e-06,0.026323076337575912,0.018299826051271152,3.410180393320681e-06,0.02351285330951214,0.016221230154827473,2.8861046258495994e-06,0.02137923613190651,0.014642841167866237,2.5647249880649215e-06,0.019695233553647995,0.013401909731328487,2.347441515372364e-06,0.01834394410252571,0.012402305128200659,2.192190387221906e-06,0.017247900366783142,0.011581489224992102,2.078127658844059e-06,0.016347264871001244,0.010896684187981818,1.9925654814174054e-06,0.015596060082316399,0.010317534252646424,1.926854751647207e-06,0.014960591681301594,0.009821812925298535,1.8751819701493462e-06,0.014416256919503212,0.009392933402624395,1.8336653141191077e-06,0.013944724574685097,0.009018368072926051,1.7996540434962215e-06,0.013532077893614769,0.008688530419021845,1.771292411189243e-06,0.013167623430490494,0.008395976815668364,1.7472663187109797e-06,0.012843134813010693,0.008134838097566177,1.7266404287212054e-06,0.012552312575280666,0.007900433060491369,1.7087552245805522e-06,0.012290315702557564
249,3,block_output,Horizontal,1,0.1099042994162393,0.0024143063022546364,0.2897953391075134,0.03888495573921809,6.256884495904781e-05,0.055738747119903564,0.024184747761677183,6.391839827790155e-06,0.029312193393707275,0.01927163919049596,2.9892141819372527e-06,0.023896925151348114,0.016678359049061935,2.401736727556393e-06,0.020923055708408356,0.015009322661965613,2.118326416189213e-06,0.01891394704580307,0.013847548145032118,1.928780927764653e-06,0.017420392483472824,0.013010313394405539,1.8068732810955684e-06,0.016365159302949905,0.012383463881200268,1.7273959837862404e-06,0.015604177489876747,0.011897925095307448,1.6753558884247541e-06,0.015028814785182476,0.011512397625853144,1.6432059956456539e-06,0.014569327235221863,0.01120174237127815,1.6223598869363563e-06,0.014188949018716812,0.010949571720427938,1.6068357989077157e-06,0.013874003663659096,0.01074324305804949,1.5948397022031668e-06,0.013614927418529987,0.010572348381318743,1.5860176154048311e-06,0.013402197510004044,0.010428604433342578,1.5799202386944203e-06,0.01322731003165245,0.010305838186352972,1.5756123740481763e-06,0.013125507161021233,0.010200090721131318,1.572153508451669e-06,0.013043789193034172,0.010109086476621173,1.5691088156670129e-06,0.012972681783139706,0.01003106420357076,1.5664112504286185e-06,0.012908192351460457
249,3,block_output,Gaussian,1,0.32358920893498827,0.2876150827618473,2.650761127471924,0.05274184119133722,5.2800888849282584e-05,0.06768801063299179,0.036837556207227326,1.1440044197345596e-05,0.044113822281360626,0.029558726423789584,4.689895215613859e-06,0.03426671028137207,0.025360664855393154,3.0102024503410656e-06,0.029010960832238197,0.022514319372555568,2.3275836326463995e-06,0.025627903640270233,0.020419957204943613,1.963489780103534e-06,0.023359285667538643,0.018803920389877424,1.741051315606527e-06,0.021813035011291504,0.017516786069978797,1.593511859034993e-06,0.020635660737752914,0.016467977315187454,1.4899464378374034e-06,0.019667930901050568,0.015598355851594418,1.4139834827910012e-06,0.018858276307582855,0.014867186472411193,1.3560951453867587e-06,0.01817011833190918,0.014245369161168734,1.3104710813556221e-06,0.01757671684026718,0.013711500070279553,1.2734828153262843e-06,0.01705881394445896,0.013249349144716111,1.2427532950510933e-06,0.01660248264670372,0.012846271817882856,1.2166817358829502e-06,0.01619727909564972,0.012492218823541724,1.1942659509180182e-06,0.015835260972380638,0.012179065067025404,1.1749709607378757e-06,0.01551051251590252,0.011900139943001762,1.158564771250187e-06,0.015218794345855713,0.011649916199819437,1.1448764659735383e-06,0.01495691854506731
249,4,block_output,Vertical,1,0.08417411184027082,0.0020712602896918657,0.25412672758102417,0.02784431678435159,2.6157199068635447e-05,0.042170412838459015,0.017371704003640583,5.529954961953272e-06,0.02349116839468479,0.01289654044168336,2.846280177791231e-06,0.017611850053071976,0.01043569812521575,2.115887985603539e-06,0.014455238357186317,0.008903569357085323,1.7994251093228754e-06,0.012499465607106686,0.007868199047469904,1.6123370364374168e-06,0.011224932968616486,0.0071367354294846926,1.4881454944102448e-06,0.010348526760935783,0.006603363879202377,1.4011024614637801e-06,0.009715152904391289,0.006202072740369846,1.3361132570656458e-06,0.00924269575625658,0.005892516475998693,1.2872223746441887e-06,0.008883031085133553,0.0056498039676438246,1.2505487428097475e-06,0.008611850440502167,0.0054575251415371895,1.2222162912018908e-06,0.008440636098384857,0.005303446913049335,1.199250322831252e-06,0.008306857198476791,0.005178498410959802,1.1797161565528636e-06,0.00820234976708889,0.00507640766556419,1.1629050765053107e-06,0.008119223639369011,0.004993007418566516,1.1493867421325472e-06,0.008050942793488503,0.004925146939173814,1.1396635519764652e-06,0.007993962615728378,0.004870028453065999,1.1332739533423638e-06,0.0079457126557827,0.004825057628165398,1.1292956490022962e-06,0.007902950048446655
249,4,block_output,Horizontal,1,1.3536546258699327,4.282691356234233,8.012449264526367,0.11967402696609497,0.0002670730527717979,0.15474385023117065,0.07895401279841151,9.839381110826022e-05,0.10597410798072815,0.05614021657005189,4.04754215037766e-05,0.07813719660043716,0.04348574844854219,1.9680977778478184e-05,0.06206554174423218,0.036248178531726204,1.1863489506097877e-05,0.052145782858133316,0.031685308834153506,8.375681589505812e-06,0.04542632773518562,0.02846531088035258,6.4952900178186844e-06,0.040468908846378326,0.025997041680273555,5.328691992268246e-06,0.03659209609031677,0.024008901848916023,4.533691337704139e-06,0.033447958528995514,0.022358840834053737,3.9564337052725105e-06,0.030834872275590897,0.020961353230097936,3.5183973468084874e-06,0.028623297810554504,0.019759631967024197,3.175372644816154e-06,0.02672484517097473,0.01871363248025614,2.9004144614985217e-06,0.025077100843191147,0.01779403794734251,2.6760010218078357e-06,0.02363458462059498,0.01697878236512816,2.4901201987581312e-06,0.02236303687095642,0.016250882844721513,2.334184741834447e-06,0.021235758438706398,0.015597005079071673,2.2018603115404593e-06,0.0202313419431448,0.015006491958740212,2.088385971112762e-06,0.019332246854901314,0.0144706918813643,1.9901540908268902e-06,0.018523938953876495
249,4,block_output,Gaussian,1,0.07420429723366859,0.0016372075355930965,0.22208651900291443,0.02539169823839551,1.3773655009066253e-05,0.03305939584970474,0.01742549964951144,3.293578281865336e-06,0.02135539799928665,0.013743317020790917,1.7324091259705925e-06,0.016498662531375885,0.011635453292419986,1.2199920757811536e-06,0.014267808757722378,0.01029721334842699,9.96065499583419e-07,0.012999659404158592,0.009388498163649015,8.771448004478778e-07,0.01211107149720192,0.008747438493643015,8.081681842967062e-07,0.011459745466709137,0.008283233765276178,7.655352343228905e-07,0.010975087061524391,0.007939175229578738,7.373729674513488e-07,0.01061195321381092,0.007679336430830142,7.178898015368356e-07,0.01033938117325306,0.007480636704713106,7.043287044732677e-07,0.010134976357221603,0.00732729034054847,6.949564304081604e-07,0.00998249463737011,0.0072076572253117486,6.881346661105186e-07,0.009870484471321106,0.007112950433991731,6.823926749225838e-07,0.0097894798964262,0.007036605849862099,6.767037751078916e-07,0.00973061565309763,0.006973957199425925,6.706460430958828e-07,0.009686026722192764,0.006921843581256412,6.642749290280971e-07,0.009649677202105522,0.006878133168414471,6.578722847987548e-07,0.009617531672120094,0.006841340080080997,6.5177194025092e-07,0.009587250649929047
249,final,proj_out,Vertical,1,0.18710674404624908,0.005993955219340068,0.3693420886993408,0.08620362953534202,4.707246411009083e-05,0.10078384727239609,0.07280701564417945,1.712000849416481e-05,0.0826169028878212,0.06492543758617507,1.5169355959399047e-05,0.07453212141990662,0.058903302228639993,1.4690471923402285e-05,0.06872591376304626,0.05411661924823882,1.4432537753378844e-05,0.06420375406742096,0.05022938626389655,1.4156706284434183e-05,0.06050264835357666,0.04702707504232725,1.3832585402642801e-05,0.057413648813962936,0.044361446466710835,1.3473281533996079e-05,0.05480256304144859,0.04212451832635062,1.3096952798803371e-05,0.05257493257522583,0.04023463669277373,1.2718365679182197e-05,0.05066002905368805,0.038628379799543866,1.23478076702449e-05,0.049002885818481445,0.03725553445872806,1.199187068238308e-05,0.04755985736846924,0.03607578546045318,1.1654406898059853e-05,0.046295832842588425,0.03505646398971005,1.1337444650652227e-05,0.04518233984708786,0.034170917693584685,1.10417991379725e-05,0.04419616609811783,0.033397319150112924,1.07674769327659e-05,0.043318264186382294,0.0327177427649971,1.0513986242177184e-05,0.04253298044204712,0.03211744534709151,1.0280508733256498e-05,0.04182737320661545,0.031584282923075885,1.0066000663749019e-05,0.04119068756699562
249,final,proj_out,Horizontal,1,0.20873140330825532,0.007236133609890559,0.41555583477020264,0.09724989107676915,3.5957752460811895e-05,0.11315909773111343,0.08595282690865653,4.849257840884085e-06,0.09064677357673645,0.07998581502645735,3.558466985520957e-06,0.08432331681251526,0.07519982495005169,3.1581757278545248e-06,0.07949036359786987,0.07122281217385852,3.018934175266321e-06,0.07546835392713547,0.06786529672524286,2.983160579489129e-06,0.0719834491610527,0.06499971881035775,2.9874133249362467e-06,0.0689404234290123,0.06253381097127521,3.0066885946035223e-06,0.06637941300868988,0.060397850911295604,3.0312789567866526e-06,0.06418906152248383,0.05853763902707705,3.0573849058339475e-06,0.062288153916597366,0.056910146737382525,3.0834929497266754e-06,0.060631006956100464,0.055480595382433086,3.108982829766901e-06,0.059199679642915726,0.05422041760314079,3.1335303237614353e-06,0.05801893770694733,0.053105827243555156,3.1569140515473523e-06,0.056964147835969925,0.05211679406818889,3.178926570068721e-06,0.05601879581809044,0.05123631508340911,3.1993692047115995e-06,0.05516887083649635,0.050449872773791114,3.2180627137049956e-06,0.05440235137939453,0.0497450279811072,3.2348637168143165e-06,0.053708843886852264,0.049111103550309225,3.2496756822117604e-06,0.053079329431056976
249,final,proj_out,Gaussian,1,0.09692475980236417,0.0013256102397750558,0.18883298337459564,0.0567402798859846,1.3889121850081659e-05,0.0646488219499588,0.04923196728267367,8.534321131598301e-06,0.05523570254445076,0.04420308011864859,6.6899547181442325e-06,0.0492667630314827,0.04049137991572183,5.707166903033124e-06,0.045131467282772064,0.03766518996821509,5.140360344323103e-06,0.041920486837625504,0.03547512491544088,4.797643789700838e-06,0.03966892510652542,0.03375520169853218,4.5826615386376144e-06,0.038090795278549194,0.03238864198681854,4.443755509049387e-06,0.03682135045528412,0.03129105672003731,4.351785094496593e-06,0.03578759729862213,0.030400409555387874,4.2896007945857916e-06,0.03493598476052284,0.029670498821706998,4.246748863780337e-06,0.03422671929001808,0.029066540566938266,4.216674717417182e-06,0.033629871904850006,0.028562095991912343,4.195179127033453e-06,0.03312274068593979,0.028136902237458836,4.179520937537397e-06,0.032687894999980927,0.02777531287736363,4.167898430524644e-06,0.032311901450157166,0.02746516534142078,4.159104366701984e-06,0.03198425844311714,0.027196944055576173,4.152322584172683e-06,0.03169672191143036,0.02696315607144719,4.147001839770805e-06,0.031442757695913315,0.02675786709028577,4.142753140144449e-06,0.031217113137245178
136,initial,patch_embed,Vertical,1,0.3191504213545058,0.1643430309739238,1.806283950805664,0.08356866216848767,1.4391168856381043e-05,0.09231802076101303,0.08383865394289532,1.6771756972107042e-05,0.09291678667068481,0.08403507844796257,1.733278437526469e-05,0.09158419072628021,0.08402959765895965,1.606068269203339e-05,0.09243836998939514,0.08411048719334224,1.6361161011605068e-05,0.09252238273620605,0.08427668989650787,1.712330276084393e-05,0.09219084680080414,0.08441170659803209,1.752407262880728e-05,0.09256982058286667,0.08448354332219987,1.7412335232393967e-05,0.09283812344074249,0.08452765395243962,1.705935619858654e-05,0.09274666011333466,0.08457187220217689,1.666899700449375e-05,0.09269453585147858,0.08462395861981407,1.6325612707470443e-05,0.0933617651462555,0.08468493287052427,1.6067359564322314e-05,0.09405443072319031,0.08475123948994137,1.5896689815266633e-05,0.09470434486865997,0.08481762428132314,1.579674011514122e-05,0.09527236223220825,0.0848798838163179,1.5747113524379676e-05,0.09574498236179352,0.08493574945226548,1.5731044372956812e-05,0.09612664580345154,0.084984562108441,1.5736791250222555e-05,0.09643027186393738,0.08502662784996487,1.5756585628866066e-05,0.09667062759399414,0.08506264088172762,1.578524638223223e-05,0.09686067700386047
136,initial,patch_embed,Horizontal,1,0.3195000409133851,0.21404129379057393,2.9938955307006836,0.09036236433755784,1.1571238555596507e-06,0.0928187370300293,0.08926225879362651,4.855649548855249e-07,0.09089069813489914,0.089057352334734,4.0392548505412024e-07,0.0905434712767601,0.08911191541997213,4.5850295839493776e-07,0.09120602160692215,0.08923166150611545,6.066714699184514e-07,0.09198573976755142,0.08930853647845131,7.419832500048433e-07,0.09229160845279694,0.08933529305079627,8.437145057576174e-07,0.09235775470733643,0.08935365944154679,9.93017270317213e-07,0.09269744902849197,0.08937154071671623,1.1515820249993137e-06,0.09299781918525696,0.08939569053195771,1.2599445050219288e-06,0.09301889687776566,0.08944064295954174,1.3341357493362317e-06,0.09294773638248444,0.08950807863757723,1.397842451823327e-06,0.09280766546726227,0.08958308587944697,1.4552905551269338e-06,0.0927300751209259,0.08965901675678435,1.5005045688537772e-06,0.0926581621170044,0.08974569787581761,1.53858517298789e-06,0.09277492761611938,0.08984337747097015,1.5826931755892108e-06,0.09276199340820312,0.08994022603072817,1.6446873765333375e-06,0.09303949773311615,0.0900198615023068,1.7038484109649782e-06,0.09344944357872009,0.09006372732775551,1.7113542875420925e-06,0.09361113607883453
136,initial,patch_embed,Gaussian,1,0.20244779597435678,0.06665346368659847,1.3242101669311523,0.0626526101241036,4.829764421220599e-06,0.0690232366323471,0.06336507059278942,6.878861219155987e-06,0.07320938259363174,0.06417085579226887,8.58969015031888e-06,0.07243664562702179,0.0644357359362027,9.817350693387705e-06,0.07214857637882233,0.06486868095539865,1.1804801611839005e-05,0.07355742156505585,0.06519184610436833,1.3087501446230854e-05,0.07406298071146011,0.06536211942632993,1.3515719119916272e-05,0.07450773566961288,0.06541818279832129,1.3410719538325692e-05,0.07487224042415619,0.06540027177996105,1.299509824431697e-05,0.07495497167110443,0.06533099604504448,1.2381752815734562e-05,0.07483004778623581,0.06522260422980974,1.1638124513025818e-05,0.07453553378582001,0.06508422950430522,1.08232740707577e-05,0.0741039291024208,0.06492592364786164,1.0002236133733206e-05,0.07357654720544815,0.06475995995459102,9.242955844357251e-06,0.0730065181851387,0.06459975319485815,8.601876013925107e-06,0.07245145738124847,0.06445705104205343,8.108301648259386e-06,0.07231191545724869,0.06433923211362627,7.759865788498301e-06,0.07224525511264801,0.06424851277990946,7.531235528891818e-06,0.07219555974006653,0.06418311962532619,7.387942481929372e-06,0.07215959578752518
136,0,block_output,Vertical,1,0.11111624527072149,0.0018672389611515156,0.31862014532089233,0.07208070076174206,4.108123340238197e-05,0.09227339923381805,0.06420591201574083,2.6611798891990586e-05,0.07863134145736694,0.06115036422298068,2.459113892222122e-05,0.07387137413024902,0.05969768064835715,2.386373465278466e-05,0.07166174799203873,0.05886743572496232,2.3413542721425653e-05,0.07037917524576187,0.05830906077273308,2.312184818916726e-05,0.0695105791091919,0.05787033043683521,2.2955964950632978e-05,0.06875847280025482,0.05750329952154841,2.2942659148839224e-05,0.06816095858812332,0.05720345208805705,2.295703152029147e-05,0.0677119717001915,0.056952961971835483,2.2946683576116146e-05,0.06734086573123932,0.056732553811300365,2.293479127584136e-05,0.06700693815946579,0.05653319986803191,2.2935687891782906e-05,0.06673029065132141,0.056355479809026866,2.294934031355487e-05,0.06660255044698715,0.05620031395838374,2.297533284505963e-05,0.06649649143218994,0.056064214557409286,2.3005499802483896e-05,0.06640502065420151,0.05594335803909907,2.3033465952768575e-05,0.06632538139820099,0.05583522350542129,2.30629318802828e-05,0.06625667214393616,0.05573856363457347,2.3104085965902793e-05,0.06619779765605927,0.05565232310503248,2.3152917431443346e-05,0.06614476442337036
136,0,block_output,Horizontal,1,0.125032909451023,0.004559808986740609,0.5359705686569214,0.08424041467526602,1.0706146695700875e-05,0.09142369031906128,0.07722404705626625,3.079694880424742e-06,0.08085305243730545,0.0740032151104912,1.7027731065499991e-06,0.07738959044218063,0.07251000534447413,1.5047389301063822e-06,0.07581999897956848,0.07175690006642114,1.5341074854209788e-06,0.075069859623909,0.07130462853681474,1.5974530938304766e-06,0.0746389776468277,0.07098382191052513,1.6590039774706825e-06,0.07434062659740448,0.07073233726005705,1.714617555174719e-06,0.07410912215709686,0.07052526244568447,1.7657937976395225e-06,0.07392089068889618,0.07035019828213586,1.8145848570272429e-06,0.07376472651958466,0.07020011910843471,1.8634740144452924e-06,0.07363338768482208,0.07007125552211489,1.913390367592394e-06,0.07352246344089508,0.06996052085407196,1.9630218200248744e-06,0.07342783361673355,0.06986427259823633,2.0108218275408013e-06,0.07334277778863907,0.06977867879091747,2.055298148863911e-06,0.07326032221317291,0.0697001540471637,2.095408863013703e-06,0.07317838072776794,0.06962704232760838,2.131790670440887e-06,0.07310173660516739,0.06955989911442712,2.165424445692051e-06,0.07303442060947418,0.06949911302044279,2.196928403837973e-06,0.07297632843255997
136,0,block_output,Gaussian,1,0.08264940362128001,0.0016348451045358225,0.3506244421005249,0.0526895219134906,9.81627454846189e-06,0.05897551774978638,0.04909177863645175,6.740943025057078e-06,0.056235603988170624,0.04776007220858619,6.731328720436666e-06,0.05490262061357498,0.04698014690999001,6.8405811097706435e-06,0.053809650242328644,0.04647137319284772,6.982633410010228e-06,0.053049035370349884,0.046112918132354346,7.1411351640072305e-06,0.05252043902873993,0.045832877712590356,7.177882372176707e-06,0.0521535649895668,0.04559844401147631,7.1409183387448815e-06,0.051918648183345795,0.04541128436251292,7.114740274213283e-06,0.05174564570188522,0.04525612856424044,7.0831446124858315e-06,0.05156303197145462,0.04511513974931505,7.040877420776783e-06,0.051329463720321655,0.04498015982764108,7.006385506861507e-06,0.05113308131694794,0.044850900532707336,6.993384736360111e-06,0.051055967807769775,0.04473047668025607,6.9996158970576925e-06,0.050986308604478836,0.04462165261308352,7.0162224206320774e-06,0.050917863845825195,0.044525175577118284,7.036455738716049e-06,0.05085137486457825,0.04443990782139793,7.057003320766542e-06,0.05079016089439392,0.04436373284884861,7.076511823258797e-06,0.05073730647563934,0.04429438757517981,7.0945962625367334e-06,0.05069492757320404
136,1,block_output,Vertical,1,0.1426889444627459,0.012486126129646247,0.750228762626648,0.06676333308929489,5.140072393386242e-05,0.08381504565477371,0.051941398826856465,2.1723083693961014e-05,0.06520342826843262,0.04427527039060517,1.5172668248495384e-05,0.055229898542165756,0.03968777809114683,1.2826945868079738e-05,0.04927802085876465,0.03672572278550693,1.1793984786425311e-05,0.04549466446042061,0.034716004919674665,1.1291557055732304e-05,0.0429365336894989,0.0333025637895815,1.1007381040723842e-05,0.04112734645605087,0.032266419055679486,1.0822043551438147e-05,0.03975464403629303,0.031468509208588374,1.0661205504245306e-05,0.038667649030685425,0.030829222725024297,1.0504819610900592e-05,0.03782543167471886,0.030308340572648577,1.0364899197893507e-05,0.03720023110508919,0.02987854111762274,1.0246488558360063e-05,0.03678397834300995,0.02951697443449308,1.0147448767177715e-05,0.036433130502700806,0.029206835117841525,1.0065152823580545e-05,0.03612469136714935,0.028936943630613977,9.997919654710957e-06,0.03584431856870651,0.028700515746124207,9.944688833709463e-06,0.03558752313256264,0.028493364119813555,9.903289225554639e-06,0.035356611013412476,0.02831200093385719,9.870423481115889e-06,0.03515193238854408,0.02815290957334496,9.843827653750516e-06,0.034967780113220215
136,1,block_output,Horizontal,1,0.1054891874156301,0.0007188424808578224,0.195818692445755,0.06748474513490994,2.6620555593506073e-05,0.07959116995334625,0.057584067717904135,7.407964600940345e-06,0.06364081799983978,0.053220054046029135,4.704344430292861e-06,0.05828321352601051,0.05081550771045306,4.006574316334967e-06,0.05508284643292427,0.04937596518605474,3.831517973868909e-06,0.0532088577747345,0.04841425423584287,3.813660696481269e-06,0.05221647024154663,0.04770848314676966,3.819824598585199e-06,0.051663678139448166,0.047157440511953266,3.8435020314702235e-06,0.05121076852083206,0.046708265940348305,3.876259744489245e-06,0.050949640572071075,0.04633238426749668,3.910839639122884e-06,0.05073264241218567,0.046013526145427947,3.944407190681736e-06,0.05055110156536102,0.045740835309501675,3.976002843609494e-06,0.05039810389280319,0.04550621812305753,4.005363777839307e-06,0.05026786029338837,0.045303291744656034,4.03244346812787e-06,0.050155673176050186,0.04512686696317461,4.057344031939663e-06,0.05005772039294243,0.04497267636987898,4.080179609279659e-06,0.04997101426124573,0.0448372144665983,4.101086228372116e-06,0.04989326000213623,0.044717571210293544,4.1202079216790555e-06,0.04982266202569008,0.04461134597659111,4.137665918862998e-06,0.04975792020559311
136,1,block_output,Gaussian,1,0.104503852034372,0.00384023540470043,0.4682699739933014,0.050528079330448124,2.9711416467837234e-05,0.06526999175548553,0.04132826892392976,7.835167254654888e-06,0.04859813302755356,0.03727358289890819,5.043878305221948e-06,0.042335838079452515,0.034997818666318105,4.282206860508353e-06,0.03946796804666519,0.0335433886105579,3.938511445985751e-06,0.037558663636446,0.032538069323414846,3.7926645692545387e-06,0.036318257451057434,0.031791582969682555,3.7400279068849927e-06,0.03576981648802757,0.031209001199357093,3.7638937724454723e-06,0.03535795956850052,0.03075294906184787,3.823451707887809e-06,0.03503508120775223,0.030395657947612186,3.8794099481965436e-06,0.03482452407479286,0.030107857215972172,3.925821867947646e-06,0.03468123823404312,0.02986920666363504,3.96221992067904e-06,0.03453635424375534,0.029667457033480917,3.9896275481698795e-06,0.0343816913664341,0.029496040668279405,4.0087520840052e-06,0.0342266708612442,0.029349943268157187,4.019408856489491e-06,0.03407640382647514,0.02922415059237253,4.02211733926877e-06,0.033932074904441833,0.029113989825996143,4.018533543951029e-06,0.033800624310970306,0.02901546104205033,4.011156820293714e-06,0.033719368278980255,0.02892555399901337,4.002751613524234e-06,0.03365262597799301
136,2,block_output,Vertical,1,0.09816336531251196,0.003417408273203157,0.39645737409591675,0.034000369882772837,3.9236322723090976e-05,0.05003724992275238,0.02265389482416804,9.23895335592065e-06,0.03163102641701698,0.018909600016380115,6.62338179109897e-06,0.0258706733584404,0.017100819076100986,5.9908961886635426e-06,0.02329784631729126,0.016013053556283314,5.693489234435355e-06,0.022345084697008133,0.015283822392423948,5.5184694225088745e-06,0.021683890372514725,0.014754373875875321,5.402198322195883e-06,0.021198546513915062,0.014350037977454207,5.319815229432079e-06,0.02083010971546173,0.014029991546911853,5.26158659749087e-06,0.020541861653327942,0.013769721272327597,5.218902315763902e-06,0.020304035395383835,0.013553594815589133,5.183768754870166e-06,0.02009853720664978,0.013371409035273014,5.153648165973452e-06,0.01992134004831314,0.013216445222496986,5.1278532071174714e-06,0.0197698213160038,0.013083786097547364,5.104843162566021e-06,0.01963876001536846,0.012969288856737198,5.084679642407289e-06,0.0195230133831501,0.012869448238422,5.068792587136335e-06,0.019419094547629356,0.01278159718605734,5.057879815314047e-06,0.01932574063539505,0.01270410530860462,5.050514605090574e-06,0.019242700189352036,0.012635981250140402,5.0443709550523425e-06,0.019169269129633904
136,2,block_output,Horizontal,1,0.3761520822133337,0.3239017753260216,2.6352663040161133,0.0899739619048815,7.136871030126507e-05,0.10909288376569748,0.06880680317916567,2.8158033843596986e-05,0.07974890619516373,0.05557063694984194,1.429079004812503e-05,0.06382481753826141,0.04694293522172504,8.450452573902068e-06,0.05336035043001175,0.04116556349964369,5.790625917572785e-06,0.04650719836354256,0.03719689531458749,4.4904218398339805e-06,0.04178225249052048,0.034406295962749966,3.8087080965268212e-06,0.038414664566516876,0.03240056217662872,3.432266219814717e-06,0.03596806898713112,0.03092551346690882,3.2193206326432403e-06,0.03415849059820175,0.029812744301226404,3.095006219439392e-06,0.03279079869389534,0.02894974931601494,3.017643176067391e-06,0.0319187305867672,0.028261721902896487,2.965918373299932e-06,0.031251296401023865,0.02769916924455809,2.9292187938293403e-06,0.03071782737970352,0.02722914513969232,2.9022610909171917e-06,0.030282262712717056,0.02682938494734348,2.8824730803782723e-06,0.02991759032011032,0.02648457565477916,2.868598678356282e-06,0.029603539034724236,0.026183958387091047,2.8598723318372205e-06,0.02932705730199814,0.025919697528320646,2.8556345261807538e-06,0.0290814395993948,0.025685775078951367,2.8552075024159394e-06,0.028862928971648216
136,2,block_output,Gaussian,1,0.0949215879515996,0.004461747146357555,0.49000537395477295,0.03960694245521038,2.5044651483118178e-05,0.05189908668398857,0.02960405560831229,6.172717039918239e-06,0.03580046445131302,0.025430992334371523,3.624227062934991e-06,0.030121468007564545,0.023209796627126043,3.0924398990644205e-06,0.027787581086158752,0.021827484702780134,2.919958137390498e-06,0.02664363384246826,0.020876319576350468,2.8473516345223844e-06,0.025834789499640465,0.020178732329181263,2.7969079125156548e-06,0.025185225531458855,0.01965082770893498,2.7577591677157592e-06,0.02467738278210163,0.01924078796236288,2.7270837656672773e-06,0.02427944540977478,0.01891333969043834,2.7015417776790025e-06,0.023959100246429443,0.018645749131720218,2.6790528613782196e-06,0.023697298020124435,0.01842288708402997,2.6584317114089596e-06,0.023482229560613632,0.018234322911926677,2.639325951925629e-06,0.023305417969822884,0.018072613189736055,2.621847975722459e-06,0.02316002920269966,0.01793222034734393,2.6062547598656514e-06,0.023039469495415688,0.017808903304357377,2.592764944101172e-06,0.022936098277568817,0.017699571962039622,2.5814103113280755e-06,0.022842733189463615,0.017602324367515625,2.5721150981431243e-06,0.02275644987821579,0.017516054745231355,2.5648430458223358e-06,0.022678911685943604
136,3,block_output,Vertical,1,0.933630440325018,2.190627547100375,6.301061153411865,0.08800114703083796,0.00022139743831313415,0.1208026111125946,0.054254964585342104,4.9545795120304824e-05,0.07156703621149063,0.03856058684842927,1.769278341889469e-05,0.05129002779722214,0.030510218340962653,9.754188303850951e-06,0.04146764427423477,0.02579748411736791,7.064032329181688e-06,0.0355982780456543,0.022688243065088515,5.797603143925188e-06,0.03163383528590202,0.020462254535347696,5.042049210475824e-06,0.02872411161661148,0.018776962356198402,4.52415941843633e-06,0.026471596211194992,0.01744599093402189,4.141246838362924e-06,0.02466270886361599,0.016358916647732258,3.8453873968631885e-06,0.023170899599790573,0.015447003500802177,3.6100846369756915e-06,0.02191554754972458,0.014665959033346365,3.418983524001663e-06,0.020842276513576508,0.013986260585841678,3.2612477208897447e-06,0.019912898540496826,0.013387492399603601,3.129346727850931e-06,0.01909967139363289,0.0128549715829274,3.0178708679009223e-06,0.018381871283054352,0.012377742042262403,2.922836803638364e-06,0.017743635922670364,0.011947359727133833,2.84123740558835e-06,0.017172547057271004,0.011557142265022748,2.7707543839093704e-06,0.016658738255500793,0.01120169290770141,2.7095498375958452e-06,0.01619427092373371
136,3,block_output,Horizontal,1,0.6392505496503815,0.8553973993573596,4.435062408447266,0.09948580108937763,0.00018405095894638766,0.13365158438682556,0.0653867959857933,5.851521770519158e-05,0.08359953761100769,0.04642431905108785,2.0347046856212385e-05,0.05648767948150635,0.036088029129637614,8.608835554272064e-06,0.04261825978755951,0.03034775538576974,5.0293684180608204e-06,0.03522014617919922,0.026883839585241816,3.7760601259124788e-06,0.031380388885736465,0.02454355838043349,3.2305019260185833e-06,0.02878708392381668,0.022804208454631623,2.9409585076736756e-06,0.026873482391238213,0.021429078446494207,2.7619413038161444e-06,0.025368254631757736,0.020301642014630257,2.637509127104327e-06,0.02413567155599594,0.019356689726312954,2.5428481061936278e-06,0.02310083992779255,0.01855292460984654,2.4659734547178463e-06,0.022217456251382828,0.017861698221947466,2.4008233473544723e-06,0.021453967317938805,0.01726193254488328,2.344158825146066e-06,0.0207874346524477,0.016737539735105302,2.2940633471201367e-06,0.020200632512569427,0.016275941616012937,2.2492906035017054e-06,0.019680369645357132,0.01586713572402322,2.208991648604296e-06,0.019216373562812805,0.015503063590990173,2.172568380399657e-06,0.01880047656595707,0.015177149665615862,2.13956668219959e-06,0.018426036462187767
136,3,block_output,Gaussian,1,0.3892435927003149,0.38180031257516933,3.0009868144989014,0.06486429061208453,0.00010237508448689817,0.0869286060333252,0.043332533349120426,2.257113773195852e-05,0.054733242839574814,0.03340726322124875,7.283801005085522e-06,0.039458759129047394,0.028199856509528463,3.807650846911802e-06,0.03226739913225174,0.025003260947645656,2.8063731210141583e-06,0.028336094692349434,0.022784488689568307,2.424449453581313e-06,0.026015691459178925,0.02111664390753186,2.2339833721022398e-06,0.024481534957885742,0.019798506879144244,2.1159691676428944e-06,0.023210842162370682,0.01872189635676997,2.031038006378548e-06,0.02213757485151291,0.01782202399853203,1.963862814825062e-06,0.02121991664171219,0.017056848543385666,1.90739550161309e-06,0.020469553768634796,0.016397488273916735,1.8578744622489236e-06,0.01985757239162922,0.01582321897149086,1.8130897968395044e-06,0.01931595802307129,0.015318584820580862,1.7716696469750867e-06,0.018831871449947357,0.014871650671083776,1.7327653690553765e-06,0.018395965918898582,0.014472944721106499,1.6958876694984435e-06,0.018001429736614227,0.014114773743564174,1.6608044098242089e-06,0.01764332689344883,0.013790801492711854,1.6274375376529876e-06,0.017317911610007286,0.013495855092529267,1.5957563387531286e-06,0.017021844163537025
136,4,block_output,Vertical,1,0.10045578330755234,0.003398730175352185,0.3358096480369568,0.031488569482924444,3.189243306318245e-05,0.04290828853845596,0.020248077691547454,7.218965826568124e-06,0.027093663811683655,0.015423923642152832,4.173564422024605e-06,0.02084861695766449,0.012685052813991668,3.121077735477059e-06,0.017141427844762802,0.010925965376257424,2.6044927207005603e-06,0.01510007493197918,0.00970643436506627,2.30401591368431e-06,0.01371687836945057,0.00881834246868652,2.114211807650919e-06,0.012722514569759369,0.00814690130452315,1.9872839729441973e-06,0.011976083740592003,0.007623936596607405,1.8987027056058902e-06,0.01139664463698864,0.00720756265911318,1.8342275012800347e-06,0.010935169644653797,0.006871336376264928,1.7848179077152135e-06,0.010560701601207256,0.0065968383458398635,1.7453339841131243e-06,0.010251415893435478,0.0063702501800088655,1.7131344757882065e-06,0.009991556406021118,0.006181409626844383,1.6862174781087454e-06,0.009769615717232227,0.0060227919621245254,1.6627202202714216e-06,0.009577223099768162,0.005888722940451569,1.6417889301387971e-06,0.00941023975610733,0.00577495002838236,1.6236520930630152e-06,0.009267451241612434,0.005678292541276841,1.6082267011411757e-06,0.009146449156105518,0.005596107681326214,1.5947571112709874e-06,0.009044462814927101
136,4,block_output,Horizontal,1,0.10659381061319322,0.0027982342180238227,0.26503872871398926,0.03237074820531739,4.5577196708413814e-05,0.0470452755689621,0.020576140606805446,5.68220194237061e-06,0.027912510558962822,0.0164073273273451,3.0089445541992892e-06,0.021847188472747803,0.014091453027157556,2.2998576156182352e-06,0.01871195062994957,0.01260528185715278,1.997185502500128e-06,0.016844604164361954,0.011578949582245614,1.8461018206279384e-06,0.015561634674668312,0.010839611439714356,1.7538785930787855e-06,0.014607017859816551,0.01029396304003303,1.6885489118158546e-06,0.013890993781387806,0.009882346926523107,1.6404109479130983e-06,0.013351556845009327,0.00956511144925441,1.6034705941162752e-06,0.01294716726988554,0.009316898461076476,1.5740217164296658e-06,0.012653518468141556,0.00912103189953736,1.5500425922301358e-06,0.012417039833962917,0.00896493655939897,1.5308771621887558e-06,0.01221956592053175,0.008838666314702658,1.5168592195340632e-06,0.012057900428771973,0.008734433364773553,1.5076412256352498e-06,0.011947470717132092,0.008646687581425621,1.5008260613928849e-06,0.011850972659885883,0.008572054154697865,1.4937494455360032e-06,0.011760110966861248,0.008508564793460426,1.4855649432894845e-06,0.01167391985654831,0.008454761955709685,1.4768292370326036e-06,0.011594148352742195
136,4,block_output,Gaussian,1,0.6264995094093065,1.03001167949835,4.238424301147461,0.07472583556932116,0.00015994790437154656,0.10798875987529755,0.05034807011012047,2.8799643313162513e-05,0.06264260411262512,0.039140246335476164,1.0792723517430258e-05,0.04646095633506775,0.032687368048798474,5.700318876226666e-06,0.03752744570374489,0.028431528676596898,3.737761006862617e-06,0.031836479902267456,0.025356696356856633,2.776217020244407e-06,0.028766896575689316,0.023008897043173274,2.227998434904437e-06,0.026350928470492363,0.02115079021406552,1.8858950050465635e-06,0.02439676783978939,0.019640448813637097,1.659186947783397e-06,0.022782152518630028,0.01838610457286002,1.5018791231959828e-06,0.0214240700006485,0.01732567773156223,1.388380198318686e-06,0.020264487713575363,0.016415836126913153,1.3035975886366935e-06,0.01926182582974434,0.01562559666732947,1.2382781026303973e-06,0.018385477364063263,0.014932326011596218,1.186576202766628e-06,0.017612263560295105,0.014319142578021875,1.144691819523402e-06,0.016924288123846054,0.013773139004432966,1.110067763920168e-06,0.016307709738612175,0.0132841845412576,1.0809149930852917e-06,0.01582282967865467,0.012844143509273492,1.0559453002242657e-06,0.015396720729768276,0.012446372932384885,1.0342157930022645e-06,0.01501123234629631
136,final,proj_out,Vertical,1,0.16876673603814746,0.0057360512906718415,0.35001787543296814,0.0841925980316268,2.568059577546649e-05,0.09504078328609467,0.0742756389672794,1.7005196342580694e-05,0.08429565280675888,0.06719204505521154,1.590769659112799e-05,0.07728530466556549,0.06146491833385967,1.5416225998445472e-05,0.07167735695838928,0.0567467309061497,1.508837509023777e-05,0.06709367036819458,0.05280812693730233,1.4804138113887397e-05,0.06328098475933075,0.04948763975075313,1.4518966234611175e-05,0.06005764752626419,0.04666632124119335,1.421717790372701e-05,0.05729459971189499,0.044253916080508916,1.3897511421783092e-05,0.05490011349320412,0.042180369770716104,1.3565066008108435e-05,0.05280764773488045,0.04039019322584546,1.3226764890821039e-05,0.050967417657375336,0.03883863222740945,1.288915952033854e-05,0.04934091120958328,0.03748904056255779,1.2557619365050609e-05,0.04789739102125168,0.03631106421114907,1.2236190915503571e-05,0.046611763536930084,0.035279352750097005,1.1927755187666509e-05,0.04546310007572174,0.03437260975913396,1.1634207785036993e-05,0.04443374648690224,0.0335728797233767,1.1356702683208508e-05,0.043508678674697876,0.03286498445012267,1.10957964295717e-05,0.04267499968409538,0.03223607680272488,1.085161118943993e-05,0.041921645402908325
136,final,proj_out,Horizontal,1,0.16659544443800336,0.004372165100414794,0.3438147306442261,0.09358957977521987,1.0237684631586609e-05,0.10198383033275604,0.08618447456568007,4.864545438050123e-06,0.09173418581485748,0.0807995657835688,4.514957295985171e-06,0.08611822128295898,0.07630101378474917,4.449749271933457e-06,0.08137408643960953,0.07246338422336275,4.402500401790302e-06,0.07729926705360413,0.06915689224288576,4.332175887550619e-06,0.07376827299594879,0.06628787830945045,4.242283505770959e-06,0.07069334387779236,0.06378440139076066,4.142756145063195e-06,0.06800533831119537,0.06159000973852854,4.04195786613044e-06,0.06564773619174957,0.05965963810209244,3.9456987962523435e-06,0.06357380747795105,0.05795664972965679,3.85758784302098e-06,0.06178908422589302,0.05645072276866625,3.7795393530229973e-06,0.06034015864133835,0.05511634684507809,3.7122128255071276e-06,0.05907106399536133,0.05393177874031521,3.655382569132322e-06,0.057948119938373566,0.0528783043698659,3.6082596965369305e-06,0.056942857801914215,0.05193970044926992,3.5697456866727036e-06,0.05604156106710434,0.051101835237609014,3.53861477416536e-06,0.05523206293582916,0.05035235992972813,3.513644020373867e-06,0.054503586143255234,0.0496804713020249,3.4936892309535166e-06,0.053846556693315506
136,final,proj_out,Gaussian,1,0.09284721882570357,0.0014138414154923062,0.19760748744010925,0.05585691362382874,9.967203015828322e-06,0.06298687309026718,0.04927988793878328,6.098172824919011e-06,0.053936779499053955,0.04483677618323811,5.047297222331854e-06,0.04912693798542023,0.04150377882141915,4.5525706175442854e-06,0.04562539607286453,0.03890304976985568,4.274692580911245e-06,0.042829450219869614,0.036829909221047445,4.105413352400144e-06,0.04056045413017273,0.035153805499985105,4.000242939074473e-06,0.03883671760559082,0.033783670928743154,3.936435593631118e-06,0.03752744942903519,0.03265296304154964,3.90030156800047e-06,0.03642822802066803,0.031711829412314624,3.882815285145796e-06,0.03549862653017044,0.030922299960539454,3.877757806526696e-06,0.03470708802342415,0.030255078352869502,3.880785138184149e-06,0.03402869775891304,0.029687305114098957,3.8888431918261345e-06,0.03344359248876572,0.029200962020291224,3.899807578520161e-06,0.03301458805799484,0.028781725803301447,3.912221190331075e-06,0.03264481574296951,0.028418122391615595,3.92510719042785e-06,0.03232254832983017,0.02810090020417221,3.9378316076751045e-06,0.032039571553468704,0.027822558280257953,3.95001109149908e-06,0.031789302825927734,0.027576978067083965,3.961428589571681e-06,0.03156647831201553
