timestep,position,component,gradient_type,kernel_size,epoch_0_mean_loss,epoch_0_var_loss,epoch_0_max_loss,epoch_1_mean_loss,epoch_1_var_loss,epoch_1_max_loss,epoch_2_mean_loss,epoch_2_var_loss,epoch_2_max_loss,epoch_3_mean_loss,epoch_3_var_loss,epoch_3_max_loss,epoch_4_mean_loss,epoch_4_var_loss,epoch_4_max_loss,epoch_5_mean_loss,epoch_5_var_loss,epoch_5_max_loss,epoch_6_mean_loss,epoch_6_var_loss,epoch_6_max_loss,epoch_7_mean_loss,epoch_7_var_loss,epoch_7_max_loss,epoch_8_mean_loss,epoch_8_var_loss,epoch_8_max_loss,epoch_9_mean_loss,epoch_9_var_loss,epoch_9_max_loss,epoch_10_mean_loss,epoch_10_var_loss,epoch_10_max_loss,epoch_11_mean_loss,epoch_11_var_loss,epoch_11_max_loss,epoch_12_mean_loss,epoch_12_var_loss,epoch_12_max_loss,epoch_13_mean_loss,epoch_13_var_loss,epoch_13_max_loss,epoch_14_mean_loss,epoch_14_var_loss,epoch_14_max_loss,epoch_15_mean_loss,epoch_15_var_loss,epoch_15_max_loss,epoch_16_mean_loss,epoch_16_var_loss,epoch_16_max_loss,epoch_17_mean_loss,epoch_17_var_loss,epoch_17_max_loss,epoch_18_mean_loss,epoch_18_var_loss,epoch_18_max_loss,epoch_19_mean_loss,epoch_19_var_loss,epoch_19_max_loss
999,initial,patch_embed,Vertical,1,0.2421258193632913,0.11914686516960186,1.7883973121643066,0.0897562327602553,7.584745330268319e-08,0.09034238755702972,0.0893263528271327,2.196478544284093e-08,0.08970683068037033,0.08909562466636536,1.2757011080348903e-08,0.08931943774223328,0.08895206002015917,8.75396821969237e-09,0.0891558974981308,0.08888244794474708,6.975227565638087e-09,0.08907635509967804,0.08885792796573942,6.14506410158925e-09,0.08901990950107574,0.08885119240435344,5.656867465704796e-09,0.0890340507030487,0.08884928209914102,5.389080589970488e-09,0.08905582875013351,0.088848653766844,5.060413082886141e-09,0.08905227482318878,0.08884975917282559,4.653420225620832e-09,0.0890531837940216,0.08885336478078176,4.325654092358233e-09,0.0890573039650917,0.08885933730810408,4.112806468058833e-09,0.08905933797359467,0.0888670820092398,3.979854798816635e-09,0.0890580341219902,0.08887582556122825,3.929495948080306e-09,0.08905459940433502,0.08888485625622765,4.006846607285819e-09,0.08905333280563354,0.08889368010891809,4.257347135223922e-09,0.08905711770057678,0.08890207064530206,4.681103081656321e-09,0.08906498551368713,0.08891013572140345,5.23476757996452e-09,0.08907423913478851,0.08891816307154912,5.8885146574331416e-09,0.08908440172672272
999,initial,patch_embed,Horizontal,1,0.31564746442295255,0.24188157417853584,2.408013343811035,0.08971952469575972,2.798778297932151e-07,0.0922548919916153,0.08927476181397362,1.5648093603307004e-08,0.0895598828792572,0.08908699098087493,8.966298701491503e-09,0.08930331468582153,0.08896218949840182,4.943399856001808e-09,0.08909512311220169,0.08889471633093697,3.660394287246529e-09,0.08901099115610123,0.0888653074701627,3.776142148529587e-09,0.08900249004364014,0.08885535999896034,4.0387434698620705e-09,0.08901505172252655,0.08885369603596037,4.038551220353576e-09,0.0890045091509819,0.088856246381525,4.0333274531046295e-09,0.08902919292449951,0.0888619353137319,4.182970597541361e-09,0.08905540406703949,0.08887007596000793,4.511256517951132e-09,0.08907514065504074,0.08888008185322323,5.041453579396832e-09,0.08909431099891663,0.08889114880372607,5.824435313183609e-09,0.08911830186843872,0.08890231864319907,6.908353304659156e-09,0.08914744853973389,0.08891283543336959,8.271638830168013e-09,0.08917824923992157,0.08892243142638888,9.808692811111995e-09,0.08920697122812271,0.0889311856220639,1.1365475969223682e-08,0.08924690634012222,0.0889391540771439,1.2753020290343116e-08,0.08929133415222168,0.0889461985419667,1.3769066264274645e-08,0.08932480216026306
999,initial,patch_embed,Gaussian,1,0.21989214928850295,0.11670864749584327,1.673887014389038,0.06727457235729883,2.1032342839069943e-08,0.06772327423095703,0.06716401200918924,1.4901652552376226e-09,0.06725770980119705,0.06716652427400861,1.3320643044131632e-09,0.06725229322910309,0.06717514625144383,1.4368110543896238e-09,0.0672660693526268,0.067185763683584,1.6407740118562632e-09,0.06727078557014465,0.06719641955125899,1.834241269831278e-09,0.06728169322013855,0.0672075061334504,1.992295199088223e-09,0.06729729473590851,0.06721885242159405,2.104245037754289e-09,0.06730588525533676,0.06722975226621779,2.2686259335647164e-09,0.06732076406478882,0.06724024138280324,2.6653155867798955e-09,0.06734420359134674,0.06725005545313396,3.328799772263785e-09,0.06736506521701813,0.06725802958484679,4.158486997964291e-09,0.0673852190375328,0.0672637549421144,5.015697913970786e-09,0.06742008030414581,0.0672675630166417,5.76790398486825e-09,0.06745031476020813,0.06727006901351232,6.345270849384882e-09,0.06747850030660629,0.06727181280416156,6.677469643347159e-09,0.06750568747520447,0.0672731843023073,6.757077897967836e-09,0.06753016263246536,0.06727461292157097,6.670795952017187e-09,0.0675511509180069,0.06727654664289384,6.539262046696424e-09,0.06756889075040817
999,0,block_output,Vertical,1,0.3191239222411125,0.19255858969968662,2.156005620956421,0.09150954868112292,2.0600199815003295e-05,0.10264916718006134,0.08328809447231747,4.186896120090077e-06,0.08856834471225739,0.07966179069545534,1.0812082632922415e-06,0.08260317146778107,0.07800405933743432,3.8767222732951277e-07,0.07958116382360458,0.07716661809928833,2.16239705602265e-07,0.07829271256923676,0.0766639503694716,1.5605297695636637e-07,0.07764197885990143,0.07631404307626542,1.2549485206721004e-07,0.07718081772327423,0.07604589206831795,1.0618592915689745e-07,0.0768304169178009,0.07582797807833505,9.270524227973226e-08,0.07655152678489685,0.07564421482975521,8.279741474652103e-08,0.07632289826869965,0.07548542107854571,7.526580267224875e-08,0.07613152265548706,0.07534591013950015,6.94176363172981e-08,0.07596834748983383,0.07522188753835739,6.481201740938105e-08,0.0758267343044281,0.07511062056772293,6.113011000960352e-08,0.07570195198059082,0.07501003016082067,5.812989505012364e-08,0.07559071481227875,0.07491849824076607,5.563413971384572e-08,0.07549070566892624,0.07483474425380192,5.351479457306966e-08,0.07540018856525421,0.07475773599885759,5.167949495831469e-08,0.07531774044036865,0.07468662529237687,5.005398264158829e-08,0.0752420648932457
999,0,block_output,Horizontal,1,0.3532960735379703,0.24989471946119873,2.2631537914276123,0.09238555920975548,1.405304292639035e-05,0.10120382159948349,0.08366493171169645,3.3044261553060726e-06,0.08790138363838196,0.07964914457665549,7.758156384275486e-07,0.08149071037769318,0.07784813027533274,2.677020849220188e-07,0.07906413823366165,0.07696742694529277,1.504027060170997e-07,0.07799229770898819,0.07645882476889898,1.090026403000806e-07,0.07735729217529297,0.07611737636819718,8.824514771437058e-08,0.07692825794219971,0.07586416708571571,7.573889632720301e-08,0.07661043107509613,0.07566401539813905,6.738082494909327e-08,0.07636068016290665,0.07549882940356693,6.133185658839807e-08,0.07615593075752258,0.07535834326630547,5.664809390077217e-08,0.07598261535167694,0.07523626349275074,5.2823075851966984e-08,0.07583235949277878,0.07512847204056997,4.958053224864729e-08,0.07569978386163712,0.07503212160534328,4.6773418868405705e-08,0.07558134943246841,0.07494517238367171,4.4318713157403986e-08,0.07547461986541748,0.07486609570563786,4.216612991962991e-08,0.07537779211997986,0.07479371875524521,4.028344925005501e-08,0.0752895176410675,0.07472710382370722,3.864752792698229e-08,0.07520867884159088,0.07466547888895822,3.724014984722472e-08,0.07513435184955597
999,0,block_output,Gaussian,1,0.39101525573503404,0.3904257446532758,2.8106794357299805,0.06983326115305462,6.720409538551241e-06,0.07750552892684937,0.06526188966300753,9.418653527752701e-07,0.06820572912693024,0.06332628866509786,3.6809574106185053e-07,0.06539183855056763,0.062209675472880165,2.0029667659448766e-07,0.06377129256725311,0.061471067664642186,1.3043864766844686e-07,0.06270091235637665,0.060943607713968034,9.474608101891742e-08,0.061934005469083786,0.06055110527409448,7.423951624738578e-08,0.061355799436569214,0.06025019891205288,6.113427843076872e-08,0.060906268656253815,0.060012958529922694,5.199696716895248e-08,0.06058511883020401,0.05982090166163823,4.524144725845174e-08,0.06035545468330383,0.05966168263601878,4.006846969539089e-08,0.06016385555267334,0.059526931553606006,3.602504804982554e-08,0.06000149995088577,0.059410867828225335,3.282249427740747e-08,0.05986196547746658,0.05930941031565742,3.0257683114131284e-08,0.05974053591489792,0.0592196106555916,2.8180633477489884e-08,0.05963621661067009,0.05913929593941522,2.647822707453202e-08,0.05954936146736145,0.059066827394186505,2.5063949218099068e-08,0.059469811618328094,0.059000946463100494,2.3872838056897102e-08,0.059396371245384216,0.0589406718573873,2.2854653160062946e-08,0.05932813137769699
999,1,block_output,Vertical,1,0.17763728175371413,0.03224702508286953,0.9773582220077515,0.07061140026365008,1.134798288786991e-05,0.07819148153066635,0.06504236481019429,1.125288016044782e-06,0.06806210428476334,0.06323359433620696,5.851873624515188e-07,0.06555645167827606,0.06217347298349653,4.0026037180340443e-07,0.06408631801605225,0.061447497812055406,3.009199178668796e-07,0.06304983794689178,0.06091416999697685,2.422153527915409e-07,0.062276691198349,0.06050395870965625,2.0585345750883085e-07,0.061681561172008514,0.060177388467958996,1.8270782415466252e-07,0.06121315807104111,0.05991005542732421,1.6767367787799257e-07,0.06086955964565277,0.059686029241198583,1.577105482870006e-07,0.06059322506189346,0.05949460998887107,1.5093133368367656e-07,0.06035592779517174,0.05932859443719425,1.46156157669337e-07,0.06015213206410408,0.05918310966993135,1.4266741972324324e-07,0.05997953563928604,0.05905467011625805,1.4003079585324523e-07,0.05982492119073868,0.05894054892280745,1.3796934945159525e-07,0.059700846672058105,0.05883851127019004,1.3629739425254713e-07,0.05959222465753555,0.05874672555734241,1.3489712478617807e-07,0.05949954688549042,0.05866369605064392,1.3369203809574443e-07,0.059415508061647415,0.05858820653150952,1.326380540303201e-07,0.059337299317121506
999,1,block_output,Horizontal,1,0.09853950249297279,0.001563736799154022,0.2615935504436493,0.06487434428362619,1.909212081927028e-06,0.06958748400211334,0.06250659346817032,4.343505790740552e-07,0.06441868841648102,0.0614569065944543,2.570652018430088e-07,0.06273390352725983,0.06082181573387176,1.969173585528949e-07,0.06188446655869484,0.060382608265157726,1.6697838422644274e-07,0.06128139793872833,0.06006176633730767,1.5054817327621233e-07,0.06089060753583908,0.059820870676684,1.4167263332037287e-07,0.060650795698165894,0.059632682551940284,1.3660864342248564e-07,0.060447435826063156,0.05948196351528168,1.3421241271171705e-07,0.060275547206401825,0.059359010427244126,1.3349631960757696e-07,0.06014095991849899,0.059256967511915025,1.3366029401030405e-07,0.060077864676713943,0.05917094701102802,1.342731192832579e-07,0.060027774423360825,0.05909738181129334,1.3508802166932413e-07,0.05998590588569641,0.05903364150297074,1.3595172953758174e-07,0.05994904041290283,0.05897778018362938,1.3677601720346924e-07,0.059915125370025635,0.058928354687633966,1.3751832226915997e-07,0.0598829984664917,0.058884269838768336,1.3816268622942043e-07,0.059851933270692825,0.05884467201336982,1.3871198717883887e-07,0.059821486473083496,0.05880888853044737,1.391763736078657e-07,0.05979137495160103
999,1,block_output,Gaussian,1,0.07335656142187497,0.0008874780141019229,0.171931654214859,0.05225609118739764,9.343657531601758e-07,0.05505816638469696,0.05057088528124113,3.71936268646789e-07,0.0522712767124176,0.04969874716230801,2.2270553552798432e-07,0.05104455351829529,0.04915657266974449,1.6861127119075696e-07,0.05040659010410309,0.04878576904062241,1.4370141962315958e-07,0.049994222819805145,0.048520527484398036,1.2974491808100303e-07,0.04968635365366936,0.04832469660138327,1.2107983412361787e-07,0.04944691061973572,0.04817547560447738,1.1547765740318985e-07,0.04925684630870819,0.048058418468350454,1.1177864713849562e-07,0.04910298436880112,0.047964337267099866,1.0931982230432894e-07,0.048977263271808624,0.04788722736494882,1.0769420235106771e-07,0.04887419939041138,0.04782298887296328,1.0663839665780277e-07,0.048789337277412415,0.04776871777952663,1.0596951987724623e-07,0.048718877136707306,0.04772230622077745,1.0556439861757799e-07,0.04865970462560654,0.04768219773495008,1.0533772336797783e-07,0.048609331250190735,0.04764722062954827,1.0523123010432893e-07,0.0485658273100853,0.04761648662979641,1.052046959428186e-07,0.04852774739265442,0.047589308212673855,1.0523244050102318e-07,0.04849403724074364,0.047565147812877386,1.0529742992566679e-07,0.048463910818099976
999,2,block_output,Vertical,1,1.0269535654594029,2.169266488222443,5.567598819732666,0.08462876235208815,0.00014684542217243703,0.10960446298122406,0.06239056551740283,1.4655297349475708e-05,0.07098660618066788,0.054992224075018414,4.359237233189503e-06,0.060351550579071045,0.05143720284104347,2.304128546328054e-06,0.05535603314638138,0.04919620668367734,1.532822553864181e-06,0.05231243744492531,0.04759368477832703,1.1411272430576556e-06,0.050181373953819275,0.04637787301862051,9.154860085304639e-07,0.0485897958278656,0.045415658385507644,7.741595201322215e-07,0.04735102504491806,0.0446286006934113,6.793594166905114e-07,0.04635462909936905,0.04396891522975195,6.123382031047113e-07,0.045529503375291824,0.04340623319149017,5.632666221138786e-07,0.045001350343227386,0.04291998157425532,5.26555250000789e-07,0.04454514756798744,0.042495275655436135,4.986997475428281e-07,0.0441385880112648,0.04212084158308922,4.7731339975938e-07,0.043772004544734955,0.041787929005093045,4.607057415568474e-07,0.04343853518366814,0.04148965529979221,4.476538753492719e-07,0.043133191764354706,0.041220573324059685,4.3726942684038065e-07,0.04285228252410889,0.04097633264840595,4.289068466667545e-07,0.04259297996759415,0.04075344107926838,4.220998476419046e-07,0.04235304147005081
999,2,block_output,Horizontal,1,0.23475324681827,0.07124673746624036,1.4209887981414795,0.0622824417456748,5.742605466425177e-05,0.08116977661848068,0.05005051065531988,2.794823137235657e-06,0.054229192435741425,0.047051933017515,9.763093007101136e-07,0.04941145330667496,0.04550360521626851,6.895751793932337e-07,0.04738903045654297,0.044466949881069244,5.890681524141674e-07,0.046210430562496185,0.043709319321409104,5.506764684340781e-07,0.0453297421336174,0.04312769163932119,5.396730597299757e-07,0.04465286433696747,0.0426649194033373,5.404225798844712e-07,0.04412049055099487,0.042286227501574014,5.45107202364528e-07,0.043692201375961304,0.04196932261425351,5.501965375370679e-07,0.04333978891372681,0.04169937205456552,5.544080173062502e-07,0.04304369539022446,0.04146613032808379,5.574059832739279e-07,0.04279029369354248,0.041262231708045986,5.591762047534505e-07,0.042600713670253754,0.041082197475054906,5.598163648821237e-07,0.04244702309370041,0.04092185778750314,5.594931592462105e-07,0.04230678826570511,0.04077800860007604,5.584494813773125e-07,0.04217773675918579,0.04064818601759653,5.569951633564336e-07,0.04205823689699173,0.04053049416296066,5.554553399856242e-07,0.041947368532419205,0.040423446408812964,5.540865975220659e-07,0.04184476286172867
999,2,block_output,Gaussian,1,0.15916873467346979,0.03634654388756442,1.0414936542510986,0.04773520873416038,1.4377390276817138e-05,0.0605723038315773,0.04126761084984219,2.2151978599204876e-06,0.04641897603869438,0.03856926092079708,8.242079235542118e-07,0.0409969836473465,0.03708707706795798,5.308476014597295e-07,0.03904899209737778,0.03612991475633213,4.425253242557828e-07,0.038342639803886414,0.035444348400074335,4.0356670132742705e-07,0.03777586668729782,0.03492128517892626,3.8152883860690887e-07,0.03729575499892235,0.03450685349248704,3.681013456196248e-07,0.03688676655292511,0.034170027467466536,3.596485030487949e-07,0.03653532266616821,0.03389073866936895,3.542511379279917e-07,0.036230117082595825,0.03365521505475044,3.508485404494768e-07,0.03596309572458267,0.03345364367678052,3.48765313513157e-07,0.03572848066687584,0.033278867484085144,3.4751963036404477e-07,0.0355219803750515,0.03312559857491463,3.467649235596031e-07,0.03534016013145447,0.03298991315421604,3.462702887138321e-07,0.03517990931868553,0.03286888213857772,3.459074935261455e-07,0.03503824770450592,0.032760285846297706,3.456240141970276e-07,0.03491244465112686,0.03266239083475537,3.4539993199196015e-07,0.03480015695095062,0.032573807925458935,3.4523409162496885e-07,0.03469951078295708
999,3,block_output,Vertical,1,0.10691638474190046,0.010546922574136757,0.6068271398544312,0.03319030580303026,9.969936867871961e-06,0.040141213685274124,0.027535855858808474,1.8546725150952342e-06,0.03008074313402176,0.025246143843682987,1.1842679876520172e-06,0.0273741427809,0.02384163208660625,1.001447223349735e-06,0.025677122175693512,0.022854315205698923,9.31612180678202e-07,0.024560067802667618,0.0221113787875289,9.00726478733397e-07,0.023829903453588486,0.02152853101373665,8.85457860633221e-07,0.023335304111242294,0.021058185617365534,8.762664043582836e-07,0.022905731573700905,0.020670738632953357,8.69076542713168e-07,0.02252800576388836,0.020346616498298116,8.622972920194138e-07,0.022193986922502518,0.020072304865434057,8.554217018982085e-07,0.02189829759299755,0.01983808081537958,8.483517524444449e-07,0.02163670025765896,0.0196366658404706,8.411214621552108e-07,0.02140534669160843,0.019462430317487036,8.33799627693159e-07,0.021200571209192276,0.01931090247891252,8.264657232849097e-07,0.021054066717624664,0.01917844966408752,8.192189582645243e-07,0.020940136164426804,0.01906207629612514,8.121933753433995e-07,0.020840898156166077,0.018959301509081372,8.055538217387825e-07,0.020754072815179825,0.018868086268267935,7.994633609362019e-07,0.0206774789839983
999,3,block_output,Horizontal,1,1.1302960801219184,2.649619280489061,6.311496734619141,0.08723298448418813,0.00023494273702065601,0.1234709769487381,0.055696057126162546,3.354964667478068e-05,0.07077959179878235,0.04367080313109216,9.241380539258362e-06,0.05351230502128601,0.038210514932870865,4.4171697005207775e-06,0.045790914446115494,0.03519648626919777,2.9427390098256934e-06,0.04158390313386917,0.03319095672359542,2.2756546260308646e-06,0.03880258649587631,0.03168659917418919,1.9006755637079942e-06,0.03672908991575241,0.030483163922788607,1.6612658810672407e-06,0.035082340240478516,0.029486294451450543,1.494263838353441e-06,0.03372858464717865,0.0286423536756682,1.369886080673394e-06,0.03259038180112839,0.027916539963039142,1.2727378467745764e-06,0.03161657601594925,0.027284581066360548,1.1943400257212337e-06,0.03077111393213272,0.02672881494084048,1.1297188102341707e-06,0.030027898028492928,0.026235999569060312,1.075729170466087e-06,0.029367811977863312,0.02579593634794629,1.0302146412837156e-06,0.02877667546272278,0.025400578739151122,9.915978099468915e-07,0.028243854641914368,0.025043437493935464,9.586393954557049e-07,0.02776120789349079,0.024719180953171518,9.303240461250356e-07,0.027322323992848396,0.02442336120894031,9.057823116272111e-07,0.026922060176730156
999,3,block_output,Gaussian,1,0.3164351207632867,0.2346036969459189,2.1368484497070312,0.040890367346860114,2.576189825361767e-05,0.05137726292014122,0.032135405385541535,5.674384079583278e-06,0.03728621453046799,0.02816154562409908,2.304611032947475e-06,0.03188483789563179,0.025886899569914454,1.4358173116130838e-06,0.028984341770410538,0.024361083934467936,1.104086905259249e-06,0.02722904458642006,0.02323012796068002,9.303144919491379e-07,0.02602117694914341,0.022338864526578357,8.23015975743949e-07,0.025100968778133392,0.021609553416806555,7.512682642195013e-07,0.024349160492420197,0.020998372178938653,7.002985062507143e-07,0.0237077996134758,0.02047779139072176,6.618855203332023e-07,0.023147350177168846,0.020029035352525256,6.313998763169528e-07,0.022651538252830505,0.019638575170011746,6.06252452563229e-07,0.022210219874978065,0.019296297005244663,5.849682547962068e-07,0.02181612327694893,0.018994430553108926,5.666598085941258e-07,0.02146344818174839,0.01872685223463036,5.507552648905654e-07,0.021147286519408226,0.018488623645334018,5.368569041991866e-07,0.020863402634859085,0.018275674550779282,5.246650737758928e-07,0.02060810662806034,0.01808460003563336,5.139416334417273e-07,0.020378172397613525,0.01791252689583907,5.044894787045463e-07,0.02017076313495636
999,4,block_output,Vertical,1,0.6262956177667965,0.9218350793523659,4.051755905151367,0.05837301608352434,0.0001587905678539806,0.0858667641878128,0.037649744944203464,1.8087316025619077e-05,0.05057062208652496,0.030202553799701114,6.222386294076873e-06,0.037019532173871994,0.026099507593446307,3.1810855060995586e-06,0.030860109254717827,0.023447568099650127,2.0047757783902982e-06,0.027272170409560204,0.021565289487914432,1.441485803883109e-06,0.02473132684826851,0.020137099756134882,1.1354991895068644e-06,0.022845573723316193,0.01899908488941571,9.52624092647869e-07,0.02138729952275753,0.018060779317267357,8.338644017146721e-07,0.02030431665480137,0.017268879679105585,7.510629421252339e-07,0.01941218599677086,0.01658943496526234,6.898550084320138e-07,0.018643049523234367,0.015999215699377515,6.424614438472025e-07,0.017973750829696655,0.015481453196751692,6.044785822330168e-07,0.01738628000020981,0.015023581727984407,5.733149656804146e-07,0.016866512596607208,0.014615930735118805,5.47384089860149e-07,0.016403283923864365,0.014250900611163133,5.256559712405858e-07,0.015987779945135117,0.013922410780593517,5.074175828674887e-07,0.015625637024641037,0.013625523178941674,4.921302816870369e-07,0.015325731597840786,0.013356170247471521,4.79359445504394e-07,0.015053587034344673
999,4,block_output,Horizontal,1,0.1648277183846822,0.03661863897805736,1.065873622894287,0.03661182303986852,2.711645594116824e-05,0.04799680411815643,0.02725036454106134,4.426121496914092e-06,0.03330079838633537,0.02335758906389986,1.9950748258502023e-06,0.027026116847991943,0.02103256561335117,1.2735416599442192e-06,0.023735295981168747,0.01941453417142232,9.433399269029265e-07,0.021822061389684677,0.01820994115301541,7.559088620148966e-07,0.02040599286556244,0.017277969963966855,6.361944307813825e-07,0.019313767552375793,0.016538123674099407,5.556502611792581e-07,0.018445691093802452,0.01593888611606662,4.998609892098338e-07,0.01774064265191555,0.015445342346552818,4.603556139216779e-07,0.017158618196845055,0.015033067470150334,4.318436816302782e-07,0.016671976074576378,0.014684505435445952,4.108906665700861e-07,0.016260871663689613,0.014386718176187032,3.9521799450168834e-07,0.015910614281892776,0.014129969927053603,3.832941287369505e-07,0.015610046684741974,0.013906802671651045,3.7407841775885867e-07,0.015350481495261192,0.013711426584493546,3.6685676186247287e-07,0.015125032514333725,0.013539296205318163,3.61129713810509e-07,0.014928162097930908,0.013386807581853299,3.5654029451890974e-07,0.014755381271243095,0.013251072801058255,3.52825964456816e-07,0.014603028073906898
999,4,block_output,Gaussian,1,0.40563018389400984,0.4769649908013868,2.9748125076293945,0.038183790114190846,2.6638780326684174e-05,0.053188636898994446,0.029209273202078685,7.5635213927238474e-06,0.035027530044317245,0.02473648146740974,4.062944516378174e-06,0.029415857046842575,0.021852473506615275,2.4841148626445933e-06,0.025426261126995087,0.01980589868293868,1.6722064728707406e-06,0.02254551462829113,0.018266277003382878,1.212122832381954e-06,0.020610500127077103,0.017060914490785863,9.299128807753899e-07,0.019124675542116165,0.016087792488554166,7.455037047167423e-07,0.017946746200323105,0.015282433524373033,6.188588016362027e-07,0.016985058784484863,0.014602414568856595,5.286090234485673e-07,0.016180748119950294,0.014018919082388046,4.6254578993181014e-07,0.015495733357965946,0.013511779171133798,4.1318662147221254e-07,0.014904635027050972,0.013066466616850996,3.756749010333526e-07,0.014389745891094208,0.012672217459314399,3.4672856801161666e-07,0.013938041403889656,0.012320831033682067,3.240702033377187e-07,0.013539458625018597,0.012005893129204947,3.0610080105489934e-07,0.013185946270823479,0.01172227758382048,2.9168267559657435e-07,0.012870864942669868,0.011465808820156824,2.7999993884365843e-07,0.01258870866149664,0.011233044936070366,2.704577425566832e-07,0.01233486644923687
999,final,proj_out,Vertical,1,0.09520219905035836,0.001359754394407638,0.23104055225849152,0.05719351597012035,3.491661519295022e-05,0.06927155703306198,0.04298186337664014,2.4836301626708355e-05,0.055549271404743195,0.032941692198316254,1.8013660981714832e-05,0.04462588578462601,0.02594068321207213,1.3259623842325821e-05,0.036308079957962036,0.021067536140363368,1.0030660421466565e-05,0.030131110921502113,0.01764601936179494,7.852048265540104e-06,0.025594249367713928,0.01520600923824878,6.357536845730412e-06,0.0222616046667099,0.013429712844155138,5.298515258404106e-06,0.01978886127471924,0.012105128461761134,4.519904225205368e-06,0.01792168989777565,0.011091619848258912,3.928065024982233e-06,0.01648007333278656,0.010295882946737701,3.4659450742295014e-06,0.015339689329266548,0.00965570415266686,3.0975835579821497e-06,0.014415821060538292,0.009129225705114622,2.79926057463034e-06,0.013650981709361076,0.008687935037804502,2.5545971767709825e-06,0.013005996122956276,0.008312101608940534,2.3518224579031045e-06,0.01245379913598299,0.007987806883951029,2.1822086465375774e-06,0.011975298635661602,0.007705006216253553,2.039130676780597e-06,0.01159935537725687,0.007456262773346333,1.9174668370728806e-06,0.011309228837490082,0.007235924469395762,1.813208347849245e-06,0.011050375178456306
999,final,proj_out,Horizontal,1,0.14026191215666514,0.005093860110311823,0.3692737817764282,0.08263317743937175,1.664580764883437e-05,0.09313596040010452,0.06992611868513955,1.0392748836413578e-05,0.07619091868400574,0.05949738042222129,8.043433983670678e-06,0.06507591158151627,0.05058556812859717,6.44226054200727e-06,0.05567473545670509,0.043047889475784605,5.2278197424610155e-06,0.04754967242479324,0.03679474650157823,4.353532383585681e-06,0.04065343365073204,0.031700391913690264,3.7712169756440786e-06,0.03543690964579582,0.027610292776472985,3.410548408012648e-06,0.031340859830379486,0.02436140395464405,3.199785870314749e-06,0.028078995645046234,0.0217975801418698,3.079441770501454e-06,0.025507919490337372,0.019778760711825084,3.0066456530655363e-06,0.02352638728916645,0.01818529779594096,2.9540363047299133e-06,0.021962717175483704,0.016918913638662724,2.9062629591776825e-06,0.020720571279525757,0.015901459410550104,2.856020145147058e-06,0.01972290873527527,0.015072455082739156,2.8007924248336913e-06,0.01890968345105648,0.014386123977601528,2.74060543259328e-06,0.018235184252262115,0.013808416276578866,2.6766541896769046e-06,0.017665289342403412,0.013314310801289385,2.6105222934133077e-06,0.017174923792481422,0.01288554124120209,2.543762976825144e-06,0.01674586907029152
999,final,proj_out,Gaussian,1,0.07292091012710616,0.001356501556790458,0.20635077357292175,0.03312537437748341,2.2001638908096555e-05,0.041597068309783936,0.023133938659041647,6.598243365207907e-06,0.027881771326065063,0.018240582079641403,3.6148027176634603e-06,0.022116435691714287,0.015253271715390303,2.6615583026784313e-06,0.01882145181298256,0.013172881736878365,2.154092585345907e-06,0.016554605215787888,0.011641555170099887,1.8136815445695706e-06,0.015406569465994835,0.010482866657040422,1.5618517102898652e-06,0.014444633387029171,0.009588552491059379,1.3650528167890902e-06,0.013608756475150585,0.008886229897302294,1.2066611799673367e-06,0.012871159240603447,0.008325826103192947,1.077433268280279e-06,0.012218054383993149,0.007871989899921038,9.713925900633802e-07,0.011640729382634163,0.007499317017694314,8.841367997921247e-07,0.0111318938434124,0.0071892462419493805,8.121558966580941e-07,0.010684527456760406,0.006928012913299931,7.525435862725609e-07,0.010291713289916515,0.006705283896908874,7.02867861795098e-07,0.009946784004569054,0.00651322529163389,6.611146855552752e-07,0.009643547236919403,0.006345850969886496,6.256508390287566e-07,0.00937639456242323,0.006198557145479653,5.95188036146541e-07,0.009140334092080593,0.006067785249638652,5.687389311097374e-07,0.008930965326726437
982,initial,patch_embed,Vertical,1,0.21862813333670297,0.09057427810265618,1.6008672714233398,0.08958606008026335,7.641953367248982e-08,0.09025472402572632,0.08923700641071985,2.0295521030917253e-08,0.08949081599712372,0.08904779489551272,1.51871011100872e-08,0.08927920460700989,0.08892940718030172,1.1785138710583303e-08,0.08913497626781464,0.08887043689924573,1.0219629036307305e-08,0.08908431977033615,0.08884760489066441,9.527521639354642e-09,0.08906620740890503,0.08884222722715801,9.266531921177333e-09,0.08905547857284546,0.08884569151060921,9.195117395642601e-09,0.08905890583992004,0.08885403143035041,9.210738261067937e-09,0.0890534371137619,0.08886446484497615,9.339640309309346e-09,0.08907429128885269,0.08887513005544269,9.61622206549143e-09,0.08910220861434937,0.08888506262548386,1.0035219437101332e-08,0.08916638791561127,0.08889383905463749,1.0530880430663972e-08,0.08922481536865234,0.08890133410219163,1.1016541106696136e-08,0.08926919102668762,0.0889078929783806,1.1459953549681596e-08,0.08929844200611115,0.08891425364547306,1.1907932530878707e-08,0.08931735157966614,0.08892112379036253,1.2442773957841415e-08,0.08933194726705551,0.08892879244827089,1.3125669556285523e-08,0.08934665471315384,0.08893704733678273,1.3953278540904657e-08,0.08936332911252975
982,initial,patch_embed,Horizontal,1,0.2681140039884855,0.16058763838186438,1.9998351335525513,0.08951242031559112,9.924843779415674e-08,0.09077523648738861,0.08914553705188963,1.2976386275523164e-08,0.08946430683135986,0.08898600912283337,6.339426072215703e-09,0.08921070396900177,0.08890133410219163,3.717196676219639e-09,0.0890597477555275,0.08886610929455076,3.068218748608669e-09,0.08898802101612091,0.08885315036962903,2.84351765232462e-09,0.08895096182823181,0.0888489657451236,2.7931324269801875e-09,0.08894749730825424,0.08885054988047433,2.949411684676562e-09,0.08895410597324371,0.08885692615830709,3.349470203784579e-09,0.08897531032562256,0.08886640578035325,3.999152151060544e-09,0.08901959657669067,0.08887728587502525,4.818063157310104e-09,0.08906406164169312,0.08888804924393458,5.697095706112734e-09,0.08909977972507477,0.08889798276008122,6.593039506240228e-09,0.0891219899058342,0.08890711196831294,7.47661271468029e-09,0.0891340970993042,0.0889156964563188,8.266597816705973e-09,0.08914314210414886,0.08892381687959035,8.895212215839203e-09,0.08917921781539917,0.08893128342571713,9.390545099644461e-09,0.08921276777982712,0.08893798409946381,9.899558508402563e-09,0.08924206346273422,0.0889442687233289,1.0610689295452249e-08,0.08927206695079803
982,initial,patch_embed,Gaussian,1,0.3676518974086595,0.3982286789966513,2.932044506072998,0.0683491499651046,6.835502285808256e-07,0.07114461064338684,0.06755464914299193,1.826465521129264e-08,0.06786734610795975,0.0673046622957502,6.802764672311369e-09,0.06752344220876694,0.06720689601368374,3.6931032008734673e-09,0.06739138066768646,0.06718029637658407,2.945767890583367e-09,0.06732208281755447,0.06717742932221246,2.669848587137212e-09,0.06730952858924866,0.06717927363656816,2.444698323596766e-09,0.06730452924966812,0.06718113308861143,2.226511168430695e-09,0.0672987699508667,0.0671829382578532,2.0941746573186946e-09,0.0673028901219368,0.06718523138099247,2.08267992642161e-09,0.06730420142412186,0.06718850916340238,2.173688314755782e-09,0.06732738018035889,0.06719313242605754,2.3395284434854733e-09,0.067342609167099,0.0671990912348505,2.549931372153367e-09,0.06735031306743622,0.06720598858027231,2.764350395352464e-09,0.06735188513994217,0.06721322900719112,2.9353635256350406e-09,0.06734868139028549,0.06722023326253133,3.0408236766190954e-09,0.06734814494848251,0.06722660918557455,3.100970545544e-09,0.06735673546791077,0.06723219203570532,3.1612480497044643e-09,0.06735885888338089,0.06723705844746695,3.2608862373017808e-09,0.06735645234584808
982,0,block_output,Vertical,1,1.4591334928122779,4.001979188746012,7.527580261230469,0.12045100437743324,0.0001523859238189708,0.15135997533798218,0.09903601178574184,1.9763979231369287e-05,0.10868606716394424,0.08965776588708635,5.79641763321397e-06,0.09489603340625763,0.08459531977063134,2.153995183650858e-06,0.08803918957710266,0.08172829354566241,1.018662940959506e-06,0.08411578834056854,0.08000591219890685,5.921590314703456e-07,0.08184929192066193,0.07889583777813684,3.9865474513877395e-07,0.08044464141130447,0.07812750020197459,2.9817578712948567e-07,0.07942656427621841,0.07756213595469792,2.4200452618228406e-07,0.07865764200687408,0.07712623406024206,2.0947784884257549e-07,0.07805703580379486,0.07677843126039656,1.9025770187093615e-07,0.07764583826065063,0.07649363364492144,1.7865106381267366e-07,0.0773189514875412,0.07625546389155918,1.713868552106283e-07,0.07704254984855652,0.07605261946954424,1.6656478137524312e-07,0.07680416852235794,0.07587699083581803,1.6308808688855962e-07,0.07661716639995575,0.07572263597495972,1.6032644682445275e-07,0.0764773041009903,0.07558515573304797,1.579264257154168e-07,0.07634826004505157,0.07546127824083207,1.5569501206426633e-07,0.07622742652893066,0.07534855166597972,1.5353484368642318e-07,0.07611320912837982
982,0,block_output,Horizontal,1,0.11988159316399741,0.002904233588630123,0.33462974429130554,0.07845763933090937,1.6886391811868823e-06,0.0822843685746193,0.076459139585495,1.4288065495299527e-07,0.07733231782913208,0.07583489186233944,7.473553782730974e-08,0.07642409205436707,0.07545552166208389,5.72010138317712e-08,0.07602888345718384,0.07518606786690062,5.177275052261114e-08,0.07574041932821274,0.0749759692994375,4.818764008095366e-08,0.07550656050443649,0.07480509602834308,4.46875909151154e-08,0.07530646026134491,0.07466488118682589,4.194893620198442e-08,0.07515984773635864,0.07454833423807508,3.981385273041075e-08,0.07503542304039001,0.07444940838548872,3.7926822807172386e-08,0.07492462545633316,0.07436406576917284,3.612575375428106e-08,0.07483498007059097,0.07428991569886131,3.438126530324351e-08,0.07475348562002182,0.07422521497522082,3.270250373749361e-08,0.0746772289276123,0.07416837603326827,3.111125618555606e-08,0.07460495829582214,0.07411797675821516,2.963545355990581e-08,0.07453657686710358,0.07407283309906249,2.8307207937992275e-08,0.07447236776351929,0.07403209178693711,2.7154484698211765e-08,0.07441239058971405,0.07399526427662562,2.619346624778837e-08,0.07435652613639832,0.07396205443711508,2.542466235377779e-08,0.07433381676673889
982,0,block_output,Gaussian,1,0.11708992471297582,0.006722193715084759,0.49130988121032715,0.0638629501419408,2.582559564720866e-06,0.06806045025587082,0.06127490990218662,4.5786885433963785e-07,0.06319773942232132,0.06022611893122158,1.995712791742677e-07,0.06151515245437622,0.05966588712873913,1.40211743731969e-07,0.060697466135025024,0.059307697214304456,1.253560575465979e-07,0.06021029129624367,0.05904873626099692,1.2302021139729387e-07,0.059878136962652206,0.05884621588010636,1.255166270510235e-07,0.05963575839996338,0.05868101900532132,1.3047561581939145e-07,0.05944957211613655,0.05854366081101554,1.3659954943740948e-07,0.0593007355928421,0.05842758880721198,1.4308585195514435e-07,0.05917813256382942,0.05832797176544628,1.4944826139212355e-07,0.05907299369573593,0.05824164644120231,1.5534787223724136e-07,0.05898132547736168,0.058166611348352736,1.6063315625319833e-07,0.058923639357089996,0.058101234750615224,1.6533286398974333e-07,0.058875396847724915,0.0580438757463107,1.6952916339390501e-07,0.058832332491874695,0.05799300968647003,1.7327092655998355e-07,0.05879165977239609,0.05794737961084124,1.7657569711076498e-07,0.05875147134065628,0.05790600931597135,1.7945031402488536e-07,0.05871080607175827,0.05786817272504171,1.818992824799437e-07,0.0586695522069931
982,1,block_output,Vertical,1,0.11507677759916063,0.003763950008053404,0.393407940864563,0.06491478307852669,3.570211655451258e-06,0.06854639202356339,0.061373760125466754,7.647447135732842e-07,0.06300988048315048,0.05990523844957352,5.911229582031054e-07,0.061495281755924225,0.05903542012212768,5.605036045074137e-07,0.060655415058135986,0.05844664354882543,5.531034748512399e-07,0.06005071476101875,0.05801649403477472,5.517798281181615e-07,0.059595007449388504,0.05768964918596404,5.541855950818726e-07,0.05924871936440468,0.0574321857402249,5.585699003607251e-07,0.058974847197532654,0.05722293961379263,5.637032354251296e-07,0.05874801427125931,0.05704818127883805,5.679911251878146e-07,0.05855464190244675,0.05689952806347892,5.706403987524217e-07,0.05839070305228233,0.056771994524058844,5.719752880833286e-07,0.058253757655620575,0.05666215463526665,5.726131125507819e-07,0.058139510452747345,0.05656730909905736,5.729778863905796e-07,0.05804343521595001,0.05648521771506658,5.732683397093415e-07,0.05796181783080101,0.05641399028282317,5.735691036225072e-07,0.057891808450222015,0.05635201558470726,5.739449854410533e-07,0.05783124268054962,0.056297910532781055,5.744590460501374e-07,0.057778358459472656,0.05625049113517716,5.751640160620832e-07,0.05773173272609711
982,1,block_output,Horizontal,1,0.66748146452601,0.9582860622940804,4.137030124664307,0.09573696364486028,6.849065305217264e-05,0.11313606798648834,0.07874260606273772,9.556210014204645e-06,0.08479098975658417,0.07179838265218431,2.659083128077106e-06,0.07542945444583893,0.06850663939165691,1.1503641741033743e-06,0.07096526771783829,0.06663620507433302,7.113105282500544e-07,0.06861311197280884,0.06535435728137455,5.141910552494622e-07,0.06700855493545532,0.06438546544975704,3.996524929497711e-07,0.06591475009918213,0.06362152312483106,3.266003684913554e-07,0.0650336742401123,0.06300431123328587,2.781910904165754e-07,0.06431353092193604,0.06249598561534806,2.451613729004176e-07,0.06371721625328064,0.062070239571824906,2.2196216937937226e-07,0.06321676820516586,0.06170823330444003,2.0519975442113834e-07,0.06279096007347107,0.06139618495390529,1.9277614957112405e-07,0.06242355331778526,0.06112383477508076,1.8337514123561968e-07,0.06210217624902725,0.060883443093016035,1.7615846647080283e-07,0.061849769204854965,0.06066910969832587,1.7058007272106862e-07,0.061654940247535706,0.06047629955269042,1.662830760586709e-07,0.061480794101953506,0.06030150999625524,1.6303159655176781e-07,0.06132357195019722,0.06014202138970769,1.6065236435949727e-07,0.061180658638477325
982,1,block_output,Gaussian,1,1.047047545394254,2.285051882475319,6.131904602050781,0.08370785580741034,9.581669634993871e-05,0.10548868775367737,0.06608319672800246,7.393773757239846e-06,0.07218952476978302,0.06049385122836582,2.8498624342567432e-06,0.06417199969291687,0.05749605525107611,1.7838342928035605e-06,0.06081896647810936,0.055500241321703746,1.2293085931326663e-06,0.05847492814064026,0.05407728621410945,9.194742960850061e-07,0.05674150586128235,0.05301895820432239,7.532549285015064e-07,0.055434565991163254,0.052202403427116455,6.693427598772244e-07,0.05442304164171219,0.05155278316565922,6.305300532888171e-07,0.05361829698085785,0.05102310530723087,6.152058589383908e-07,0.05296120047569275,0.05058249446844298,6.113725662534162e-07,0.05241215601563454,0.05020969467503684,6.126237649767313e-07,0.051944367587566376,0.04988952590123055,6.156740574445794e-07,0.051539503037929535,0.04961086821461481,6.189508344841748e-07,0.051202695816755295,0.04936543550519716,6.21806474387681e-07,0.05096743255853653,0.049146966565222966,6.240711855891327e-07,0.050750210881233215,0.04895066682781492,6.258051853681191e-07,0.05054798722267151,0.04877281892630789,6.271624491128103e-07,0.05035855621099472,0.04861050353400291,6.283101926544262e-07,0.0501803457736969
982,2,block_output,Vertical,1,1.151073701324917,2.549589060254709,6.214269638061523,0.10652016363446674,0.0004955562319587665,0.1686316430568695,0.06703404159772963,3.920051463693952e-05,0.08463559299707413,0.05566930558000292,8.51407349970975e-06,0.0629630833864212,0.05093817259111102,4.332144333569377e-06,0.05531908571720123,0.04811592677992488,3.051514491574056e-06,0.052514370530843735,0.04611835013779383,2.4122449773754532e-06,0.050237443298101425,0.04460384324193001,2.017891836826712e-06,0.04838753491640091,0.04340689162176753,1.7473528597153337e-06,0.04687468335032463,0.04243211838461104,1.551428422905354e-06,0.04561745375394821,0.04162057465504086,1.4059386226801432e-06,0.04455594718456268,0.040933452723991307,1.2965940936486403e-06,0.043647486716508865,0.0403436455461714,1.21372143509284e-06,0.04287265986204147,0.03983134859138065,1.1503490764355286e-06,0.04233941808342934,0.03938169180164262,1.1013953922049303e-06,0.04186968132853508,0.038983324335681066,1.0631688908024808e-06,0.04144952446222305,0.03862749034213641,1.0329827889527458e-06,0.041069068014621735,0.03830736845968261,1.0088778954657647e-06,0.04072122648358345,0.03801759013107845,9.894167096096182e-07,0.040400974452495575,0.03775387866392968,9.735391989596565e-07,0.04010468348860741
982,2,block_output,Horizontal,1,0.13123643226803294,0.007095191033838921,0.4055013060569763,0.051259860159858825,1.186825543147131e-05,0.05961085855960846,0.045419756737020284,1.964787032387965e-06,0.048137128353118896,0.043119327120837714,1.1381377774332505e-06,0.04541109874844551,0.04177566907472081,8.802082864837757e-07,0.0436595156788826,0.04089565309030669,7.669700535442224e-07,0.042624764144420624,0.04025970795561397,7.048091903821533e-07,0.04194605350494385,0.0397742646081107,6.679528720506518e-07,0.04140796512365341,0.03939203439014299,6.453399536158872e-07,0.04114551842212677,0.03908434137701988,6.306434038457747e-07,0.04093825817108154,0.03883198867478068,6.199423590766175e-07,0.04076115041971207,0.03862162436994295,6.109623822344743e-07,0.040604352951049805,0.03844376978656602,6.025606523051213e-07,0.04046127572655678,0.03829159475271664,5.944036400675628e-07,0.04032840579748154,0.03816015326551029,5.867312027988143e-07,0.04020526260137558,0.03804582901417263,5.799982414212156e-07,0.04009327292442322,0.03794589603231067,5.744939767924244e-07,0.03999372571706772,0.03785819613507816,5.702152419489824e-07,0.039906613528728485,0.037780957680846015,5.669820036156913e-07,0.03983088582754135,0.03771271000778864,5.64569764322603e-07,0.03976508602499962
982,2,block_output,Gaussian,1,0.4909567288936131,0.57019625109611,3.242379665374756,0.057146184619457,4.859996449653195e-05,0.07549451291561127,0.04551968445617055,4.926817979712063e-06,0.05119484290480614,0.04140778560013998,2.1412866810417537e-06,0.04548252373933792,0.03903436613461328,1.4149330294897117e-06,0.042271919548511505,0.037446744976535676,1.1405203565888942e-06,0.040136467665433884,0.036290956986328914,1.013060450364896e-06,0.03861800581216812,0.03540196133747933,9.427828804500027e-07,0.0374709777534008,0.03469281330231636,8.986115940013417e-07,0.03656284511089325,0.03411229747155356,8.682811252352894e-07,0.03581990301609039,0.03362765044920028,8.462653921355532e-07,0.035359449684619904,0.033216647448993865,8.296862097531662e-07,0.034977540373802185,0.032863520765824925,8.168596290175173e-07,0.03464481607079506,0.03255669775581549,8.067386241030933e-07,0.03435194492340088,0.0322874431749658,7.986687907906375e-07,0.034091413021087646,0.032049038787446325,7.922425882617494e-07,0.033857252448797226,0.03183624352372828,7.871869964217316e-07,0.03364473953843117,0.031644924972502014,7.83276304546517e-07,0.0334501788020134,0.03147180387306781,7.802927746603212e-07,0.03327072411775589,0.03131425407316003,7.780055461897042e-07,0.03310415521264076
982,3,block_output,Vertical,1,1.1761227947851969,2.4763277932773375,6.282525062561035,0.09323893055792838,0.0005791197995475152,0.15313754975795746,0.050722314310925345,4.568880361451528e-05,0.06786735355854034,0.03835821346867652,1.1436983221991885e-05,0.045865997672080994,0.0331964556659971,6.123301982045892e-06,0.039725370705127716,0.030232671116079603,4.286799125492518e-06,0.03598979860544205,0.02818749632154192,3.2959109818821158e-06,0.03335881233215332,0.026637634085047813,2.670466657111982e-06,0.031355343759059906,0.025399294194011462,2.245238589954456e-06,0.02974598854780197,0.024376989031831425,1.940660887716675e-06,0.028407633304595947,0.023514085582324436,1.7134522110169154e-06,0.02726953849196434,0.02277370598462839,1.5384152731123765e-06,0.026287030428647995,0.02213026148577531,1.4000589069710682e-06,0.02542935498058796,0.021565169894269536,1.2884558384232758e-06,0.02467394433915615,0.021064475119586975,1.1969858575235244e-06,0.024007759988307953,0.020617432419269804,1.1210786070055827e-06,0.023485638201236725,0.020215612318780687,1.0574363292587827e-06,0.023005610331892967,0.01985230432852866,1.003611347747993e-06,0.022564392536878586,0.019522103318382823,9.57729196953504e-07,0.022158535197377205,0.019220606172605167,9.183304410195924e-07,0.021784581243991852
982,3,block_output,Horizontal,1,0.4004773042268223,0.30024931027025425,2.388392448425293,0.05996449835716732,0.0001506951377647625,0.08706794679164886,0.03856731856626178,1.2543825728195904e-05,0.049170851707458496,0.031712436989422825,3.5354751132580936e-06,0.0396326519548893,0.02847835418605615,1.886271320540599e-06,0.034333597868680954,0.0265437558234211,1.3522623520516177e-06,0.030984623357653618,0.02520226166834907,1.1100953719069718e-06,0.02866446226835251,0.024190821167495515,9.679082007716677e-07,0.02694486826658249,0.02338767010304663,8.693694095167066e-07,0.02560499869287014,0.022727414758669004,7.949421907280658e-07,0.024522971361875534,0.022171582435331648,7.36464208798114e-07,0.023835845291614532,0.021695687923403012,6.897323145662448e-07,0.02326008677482605,0.02128302864730358,6.52097090139956e-07,0.022761330008506775,0.02092158587442504,6.216466051130816e-07,0.022334681823849678,0.020602379969897725,5.969104423621117e-07,0.022012677043676376,0.020318526272026318,5.767288426193647e-07,0.021728795021772385,0.020064644870303926,5.601801991801653e-07,0.021477287635207176,0.019836460934981467,5.465261496692699e-07,0.02125335857272148,0.01963052496550575,5.351728467381881e-07,0.021053031086921692,0.01944400958480343,5.256453866099252e-07,0.02087300270795822
982,3,block_output,Gaussian,1,0.10317914167212115,0.009208793357551752,0.5384156703948975,0.028091286530806905,8.85289504348261e-06,0.036307044327259064,0.02291525054782156,2.128950450614187e-06,0.026635443791747093,0.02042777593883257,1.1199012822432847e-06,0.023338396102190018,0.018915535290799444,7.813035169867299e-07,0.02149447612464428,0.01788499912927075,6.256184245614869e-07,0.020254530012607574,0.017128569990514764,5.385490332036079e-07,0.01933790184557438,0.016548196592974285,4.840270406149844e-07,0.018623799085617065,0.016089451883638663,4.476420730711308e-07,0.01805182546377182,0.015718892290596923,4.2228307615258916e-07,0.017585355788469315,0.015414461744801393,4.0405734118703644e-07,0.017200013622641563,0.015160896977971471,3.907170662565552e-07,0.01687883399426937,0.014947243729635837,3.80886802475864e-07,0.016609465703368187,0.014765400735158769,3.7367329864671054e-07,0.0163826122879982,0.014609241163328526,3.6847033294464233e-07,0.016191143542528152,0.014474072833619421,3.6485596609708684e-07,0.016029521822929382,0.014356295533833049,3.62523416596401e-07,0.01589329168200493,0.014253145867278652,3.6122605979220504e-07,0.015778645873069763,0.014162471148348043,3.607398426765102e-07,0.01568218693137169,0.01408253927966432,3.6085774170867787e-07,0.015600859187543392
982,4,block_output,Vertical,1,0.10587654268694302,0.008018907697227086,0.48582419753074646,0.027942535127439196,1.3315910774299288e-05,0.03582193702459335,0.02090043012821485,3.2802018467179808e-06,0.0244419127702713,0.017556157672689074,1.5601320263934072e-06,0.02004411816596985,0.015431280336564495,9.542247622793724e-07,0.017357932403683662,0.013931639374248565,6.833891219091733e-07,0.01555408164858818,0.012817279553957402,5.439762213551775e-07,0.01426263339817524,0.011962531725802118,4.6504504222847624e-07,0.01329716108739376,0.011291327590625438,4.167672842064285e-07,0.012548863887786865,0.010754132643342018,3.8530443571504836e-07,0.011989341117441654,0.010317460264241884,3.6382207156774525e-07,0.011562119238078594,0.009957928713115434,3.4865136369957283e-07,0.01120608951896429,0.009658722901746394,3.3767221066406076e-07,0.010907178744673729,0.009407445477942625,3.2958248177789427e-07,0.010654443874955177,0.009194759385926383,3.23541053370621e-07,0.010439279489219189,0.009013506539520762,3.189851775736869e-07,0.010254954919219017,0.008858117348854505,3.155288003275688e-07,0.010096192359924316,0.008724202372370258,3.129046673405611e-07,0.009958846494555473,0.008608262926813156,3.1092436963065637e-07,0.00983959436416626,0.008507481687480495,3.0945472361549733e-07,0.009735753759741783
982,4,block_output,Horizontal,1,0.7883311978408268,1.2315881282859151,4.500171661376953,0.07699966625798316,0.00035001100504769957,0.13888579607009888,0.04568554047081205,2.971809987897816e-05,0.0658651813864708,0.03553155330674989,9.38704535065775e-06,0.045257046818733215,0.03024428781299364,5.086937542172738e-06,0.036433205008506775,0.026932878833678033,3.3633958537250127e-06,0.03253181651234627,0.024628508776899368,2.423071128871933e-06,0.029750971123576164,0.02288745018461394,1.8288236153681573e-06,0.027584005147218704,0.021495066878814546,1.426237108231469e-06,0.025803299620747566,0.020341105108696318,1.1430193456313416e-06,0.024296682327985764,0.01936258011985393,9.385831093873629e-07,0.023000720888376236,0.01851936113384981,7.878909953999939e-07,0.02187395840883255,0.017783786125835917,6.747216846980979e-07,0.02088630571961403,0.017135797009345085,5.882443691279933e-07,0.020014692097902298,0.016560342946341112,5.210718817269525e-07,0.01924094185233116,0.016045826649855054,4.6808393433058936e-07,0.018550487235188484,0.015583123583050947,4.2569111248579325e-07,0.017931528389453888,0.015164920808895239,3.9135263230590556e-07,0.01737441122531891,0.014785272926683463,3.6324734361613857e-07,0.016871163621544838,0.01443928231795629,3.4004899836576126e-07,0.016415107995271683
982,4,block_output,Gaussian,1,0.6824406782786051,1.248334526687265,4.3891191482543945,0.0468237442038362,6.751811172126485e-05,0.07425881922245026,0.0338300604609743,1.2137811522743611e-05,0.0422777459025383,0.02835405845608976,7.006444003898058e-06,0.03563200682401657,0.024770992586300486,4.731495402364232e-06,0.031056905165314674,0.02218337289042889,3.3862551250733906e-06,0.02759288251399994,0.0201981882490809,2.522591544906261e-06,0.024867411702871323,0.01860606838904676,1.934202432751589e-06,0.02265786938369274,0.017290136008153833,1.516780655824766e-06,0.020831892266869545,0.016181024486228587,1.2124361856708263e-06,0.01929953321814537,0.015233985887515166,9.862247120698595e-07,0.01799524575471878,0.014417610515559476,8.158156904200905e-07,0.01687106117606163,0.013708384057122564,6.862830161942619e-07,0.015892667695879936,0.013088018589076541,5.871944964461071e-07,0.015035249292850494,0.012541987223639375,5.109764903994451e-07,0.014280012808740139,0.012058596378044477,4.520038358961048e-07,0.01361449807882309,0.01162835702832256,4.0605229656490875e-07,0.013131555169820786,0.011243510488716383,3.699442950605245e-07,0.012696088291704655,0.01089767561781974,3.4128908382814614e-07,0.012302040122449398,0.010585572260121504,3.1829418336806526e-07,0.011944307945668697
982,final,proj_out,Vertical,1,0.13383714949327802,0.004247557849135432,0.35715752840042114,0.07317695991387443,4.551353658362224e-05,0.08709147572517395,0.05836865607471693,2.963442738989166e-05,0.07329189777374268,0.04833082446739787,2.5823835364725015e-05,0.06359369307756424,0.04049862250094376,2.231968409285432e-05,0.055415667593479156,0.03435653238187707,1.904106489652214e-05,0.048627354204654694,0.029553825449612405,1.6135408173185457e-05,0.043060123920440674,0.025790208448020237,1.36477695464927e-05,0.03848806768655777,0.022825135657238583,1.1571318316875357e-05,0.034715812653303146,0.020473043094315226,9.868867645249788e-06,0.03158922493457794,0.018592410114785983,8.48853662507262e-06,0.02898659184575081,0.017075247338248625,7.375651416130342e-06,0.026810213923454285,0.01583887720924048,6.479668372687585e-06,0.02498072385787964,0.014819911237628687,5.7570131115497065e-06,0.023433178663253784,0.013969821278892812,5.171551756184234e-06,0.02211439423263073,0.013251578760525537,4.6940747899941435e-06,0.020981067791581154,0.012637027317569369,4.301414061951699e-06,0.01999838836491108,0.01210480405106431,3.975441203577988e-06,0.01913866214454174,0.011638700548145507,3.702131008134855e-06,0.018380047753453255,0.011226386378800112,3.470707873251589e-06,0.017705317586660385
982,final,proj_out,Horizontal,1,0.11827943142917421,0.001001097525300103,0.2325948178768158,0.0810533512442831,2.1823375294588637e-05,0.09003636986017227,0.06792419799973094,1.1707529675109405e-05,0.07481056451797485,0.057730917478837664,9.330712603138482e-06,0.06484965234994888,0.04926741205983692,7.84167233704167e-06,0.056412868201732635,0.04233499137418611,6.851328566686791e-06,0.04944859445095062,0.036744723244318885,6.18861303080594e-06,0.043800339102745056,0.03228508893932615,5.731055663030277e-06,0.03925343230366707,0.02874698211985921,5.397501470123588e-06,0.03559904173016548,0.025941809580203087,5.1368920999434585e-06,0.032653070986270905,0.02370955115036359,4.919098354401524e-06,0.030261697247624397,0.021920167412313205,4.7271821145234456e-06,0.02830146998167038,0.020471273877081416,4.551965393721093e-06,0.02667640522122383,0.01928411131458623,4.3886935734737645e-06,0.025313725695014,0.018299081377566806,4.235135501748149e-06,0.024159204214811325,0.01747153980273103,4.090470178026649e-06,0.02317257970571518,0.016768176005118422,3.954553137008438e-06,0.022323496639728546,0.016164047170489554,3.827412324222058e-06,0.021588340401649475,0.015640303122973633,3.708980925211775e-06,0.020948244258761406,0.015182492944101492,3.599009108747119e-06,0.020387886092066765
982,final,proj_out,Gaussian,1,0.08446913354453586,0.0016406477591099286,0.23547397553920746,0.04046423366618535,2.2703184371170243e-05,0.04915129393339157,0.02994835004210472,8.748341072004856e-06,0.03594161570072174,0.024114381699335007,5.162289758154082e-06,0.029300779104232788,0.020349070178492676,3.622034380622556e-06,0.02483551576733589,0.017681903545818632,2.796649611756634e-06,0.021583039313554764,0.01567478613957526,2.2901584002595622e-06,0.01971735805273056,0.014113106188319978,1.9584312200229257e-06,0.018490325659513474,0.012873607628520519,1.7286881386048502e-06,0.017446141690015793,0.011875768931257346,1.5597553583926725e-06,0.016541166231036186,0.011063071337365915,1.4284268523502131e-06,0.01574486680328846,0.01039421505900839,1.3215274769211808e-06,0.015036079101264477,0.009838246984318608,1.2314246419368876e-06,0.014400152489542961,0.009371607993093748,1.15358292148595e-06,0.013826785609126091,0.008976209080881543,1.085209649215863e-06,0.013308480381965637,0.008638088037038133,1.024507283809391e-06,0.012839509174227715,0.008346421148864523,9.702559933118728e-07,0.012415215373039246,0.008092777367444738,9.215971093388508e-07,0.012031575664877892,0.007870555544892946,8.779059542861833e-07,0.011684918776154518,0.007674552145458403,8.387046045690659e-07,0.011371791362762451
963,initial,patch_embed,Vertical,1,0.25203356619865175,0.13346478723403574,1.8651025295257568,0.08956507593393326,8.875388944948458e-08,0.09034452587366104,0.08920628908607695,3.8442472793727145e-08,0.08953189849853516,0.08900803776960524,3.218256992034898e-08,0.08930644392967224,0.08888408458895153,2.8009707624030917e-08,0.08919984102249146,0.08882311660619009,2.6174451427639663e-08,0.0891418606042862,0.08879901090311626,2.5358345966050382e-08,0.08913354575634003,0.08879257182753275,2.5504917393171405e-08,0.08911731094121933,0.08879406312628398,2.565042098764724e-08,0.08914794027805328,0.08879942565210282,2.5173809675627896e-08,0.08916742354631424,0.08880728684247487,2.4413605879771157e-08,0.08917099237442017,0.08881734216970111,2.382474115433412e-08,0.08916788548231125,0.08882878259533927,2.3437089992610546e-08,0.08916988223791122,0.08884016176064809,2.3143482784525485e-08,0.08918164670467377,0.08885017049217982,2.3028278494840955e-08,0.08921651542186737,0.08885811695030757,2.3284796864388865e-08,0.08923916518688202,0.08886401047782293,2.398687168228407e-08,0.08924763649702072,0.08886835310194227,2.5003569628826594e-08,0.08927647769451141,0.08887178178817506,2.6113442123483046e-08,0.08934292197227478,0.0888749027536029,2.715464271757796e-08,0.08939830958843231
963,initial,patch_embed,Horizontal,1,0.17982922210579827,0.046097948317605206,1.2246917486190796,0.08980153926781245,1.2321976432089703e-07,0.09067877382040024,0.08933042368245503,1.9523965687324794e-08,0.0896112471818924,0.0890922857418893,9.126348554373029e-09,0.08924657851457596,0.08897298397052855,6.301958152348533e-09,0.089191734790802,0.08893095772890817,7.469128433407957e-09,0.08922044187784195,0.0889216513624267,9.024851699276803e-09,0.08923374116420746,0.08892609096235699,1.0208409985255905e-08,0.08922082185745239,0.08893734370432203,1.1930885221856925e-08,0.08925113081932068,0.08895030984329799,1.418128570812321e-08,0.08931107074022293,0.08896235506685954,1.6425209613129448e-08,0.08936192095279694,0.08897205489495444,1.8140013577445898e-08,0.08940185606479645,0.08897896962506431,1.9123639964108485e-08,0.08943147957324982,0.08898382657577121,1.9579203484192638e-08,0.08945448696613312,0.08898805342023335,1.9991787668277198e-08,0.08947636187076569,0.08899302721496612,2.0736894553010336e-08,0.08950051665306091,0.08899941271732724,2.1811539466925174e-08,0.08952661603689194,0.08900703631696247,2.295571449305843e-08,0.08955207467079163,0.08901522166672207,2.3891138936430386e-08,0.08957411348819733,0.0890231402147384,2.444577267320148e-08,0.08959082514047623
963,initial,patch_embed,Gaussian,1,0.26935432934098774,0.19579836483050397,2.1138968467712402,0.06740397439589577,7.6304977699065e-08,0.06862354278564453,0.06720112169545794,8.287709494857275e-09,0.06757870316505432,0.0671949644410421,8.31950973337263e-09,0.06754068285226822,0.06720264610790071,8.001722922453181e-09,0.06748771667480469,0.06721287149758566,8.568220573459275e-09,0.06745866686105728,0.06722129834076715,9.258186305553549e-09,0.06748849153518677,0.06722725975135016,9.782390653912754e-09,0.06750600039958954,0.06723254516957299,1.024727505288267e-08,0.06752289086580276,0.06723844567461619,1.0765879277366707e-08,0.06754674017429352,0.06724547310954049,1.1357576888545195e-08,0.06758135557174683,0.06725342583561701,1.1863937947560084e-08,0.06761949509382248,0.06726132782678755,1.211176844450924e-08,0.06764955818653107,0.06726821015278499,1.20799507434081e-08,0.06766380369663239,0.06727413643920233,1.1867492299216454e-08,0.06766131520271301,0.06727988675000175,1.1667855804680063e-08,0.06764894723892212,0.06728588907964646,1.1615505337475399e-08,0.06763321906328201,0.06729211303449813,1.1741558483616608e-08,0.06761710345745087,0.06729845312379655,1.2019293932012817e-08,0.0676347017288208,0.06730494056902235,1.2406391395975198e-08,0.06766293942928314
963,0,block_output,Vertical,1,0.7658596159446807,1.217122206599653,4.55549430847168,0.1068868324870155,0.00012200744924702626,0.13897863030433655,0.0891369219337191,1.3578749538549123e-05,0.100131556391716,0.08253758684510276,3.6664101500337927e-06,0.08836700022220612,0.0794821372107854,1.5510941723101363e-06,0.08311033993959427,0.0779367567054809,9.704328283118385e-07,0.08058726042509079,0.0770664568694811,7.730000544209063e-07,0.07927769422531128,0.07651113612311226,6.904716019272916e-07,0.07851302623748779,0.07611507260137135,6.504268148523633e-07,0.07800513505935669,0.07580862596394523,6.289467607689941e-07,0.07762923836708069,0.07555837456196074,6.163037844884168e-07,0.0773283988237381,0.07534669741751655,6.079373165899086e-07,0.07707468420267105,0.07516334395086954,6.015318586624202e-07,0.07685339450836182,0.07500179005520684,5.958821608732584e-07,0.07665619254112244,0.0748575705857504,5.903647111760849e-07,0.07647788524627686,0.07472746358031318,5.846700165413632e-07,0.07631489634513855,0.07460906971541661,5.7867147256785e-07,0.07616446167230606,0.07450057637123834,5.723713655359733e-07,0.07602441310882568,0.07440061406010673,5.658917166157553e-07,0.07589319348335266,0.07430813177710488,5.594439339569937e-07,0.0757698267698288
963,0,block_output,Horizontal,1,0.3268287918633885,0.18854583454624146,2.229238986968994,0.09198188225901316,1.9805993971580198e-05,0.10275612026453018,0.08269017473572776,2.884637364360634e-06,0.08644524216651917,0.07927779297506998,6.553232618054742e-07,0.08157351613044739,0.07787387250434785,3.0510755815791123e-07,0.07947205752134323,0.07713508487693847,2.138965450143077e-07,0.0783434510231018,0.07665198828492846,1.7104573321105212e-07,0.07764739543199539,0.07629757611051438,1.4373654686382403e-07,0.07719027996063232,0.07602101055875657,1.240287210498572e-07,0.07682138681411743,0.07579614505881355,1.0891793442542104e-07,0.07651262730360031,0.07560779875706113,9.694442687232368e-08,0.07624765485525131,0.07544659645784468,8.732164312743893e-08,0.07601665705442429,0.0753064217075469,7.956366104851284e-08,0.07582856714725494,0.07518303015875438,7.330569268160756e-08,0.07567183673381805,0.07507332934746666,6.826151253354083e-08,0.07553202658891678,0.07497500912064597,6.420672711569547e-08,0.075407013297081,0.07488628346768636,6.096843041631564e-08,0.07529513537883759,0.0748057421001177,5.8398382794380486e-08,0.0751950815320015,0.07473222745789422,5.635850909140535e-08,0.0751233845949173,0.07466477474996022,5.4710855935112684e-08,0.07507054507732391
963,0,block_output,Gaussian,1,0.649739639626609,0.9706604508265831,4.206454277038574,0.07916727910439174,6.005309577541664e-05,0.10050250589847565,0.06813461132465846,4.930180183603842e-06,0.07377590239048004,0.06442926433824357,1.210988953303643e-06,0.06733783334493637,0.06275546349703319,6.26727726877843e-07,0.06482245028018951,0.06180745528803931,4.959476314584824e-07,0.06338691711425781,0.06117020612434736,4.5102245696297195e-07,0.06285077333450317,0.06069988124663868,4.3053766891948433e-07,0.06243159621953964,0.06033452836767075,4.211977627243273e-07,0.06208966672420502,0.06004103326371738,4.183495426393039e-07,0.061803147196769714,0.05979891233737507,4.1938270263811735e-07,0.06155763939023018,0.05959450914746239,4.225447090096167e-07,0.061343006789684296,0.059418423958714044,4.266779563146551e-07,0.06115207076072693,0.05926409233657141,4.310793554922964e-07,0.060979779809713364,0.05912686973100617,4.353566740606598e-07,0.06082261726260185,0.05900341940541116,4.3932522508701643e-07,0.06067807599902153,0.05889129963895631,4.429341675420082e-07,0.06054433435201645,0.05878869237171279,4.46218110300512e-07,0.06042010337114334,0.05869422184806022,4.4926343850721896e-07,0.0603044256567955,0.05860682807507969,4.521662955590738e-07,0.06019660830497742
963,1,block_output,Vertical,1,0.13951039326096337,0.007469296126089773,0.47165316343307495,0.06322081564437776,7.487101899450921e-06,0.06996668875217438,0.05889702168485475,1.928512575088217e-06,0.06200869381427765,0.05718536397057866,1.626245572617504e-06,0.059885941445827484,0.05617087020997017,1.6148297880468776e-06,0.05902724713087082,0.055505737366657405,1.6490623100729707e-06,0.05852063000202179,0.05502580555658492,1.6702487903864226e-06,0.05815822631120682,0.05465703286112301,1.6783543974153241e-06,0.05788012221455574,0.05436468904926663,1.6846926182558654e-06,0.05765919387340546,0.05412779228081779,1.692414441244135e-06,0.057478852570056915,0.05393190321231645,1.7011471181856816e-06,0.057328805327415466,0.05376703812489434,1.7098865419120808e-06,0.057201337069272995,0.05362600082206347,1.717237444706816e-06,0.05709074065089226,0.05350364703271124,1.7225287009770838e-06,0.05699429661035538,0.053396463808086186,1.7262117724677312e-06,0.05691149830818176,0.05330204597068212,1.7291034232337355e-06,0.05684176832437515,0.05321860910644607,1.7317864285115814e-06,0.05678366497159004,0.05314469745471364,1.7345750145954856e-06,0.056735314428806305,0.05307905689354927,1.737614881030114e-06,0.05669481307268143,0.053020582490024115,1.7409782657646405e-06,0.05666035786271095
963,1,block_output,Horizontal,1,0.18453102677114427,0.026181318857764625,0.9349298477172852,0.0735628991609528,1.8099096789538912e-05,0.08491396903991699,0.06571700826050743,1.6946184812950271e-06,0.07035071402788162,0.0631172787102442,6.715006409890748e-07,0.06609845906496048,0.0617170650807638,4.4117386559696253e-07,0.06395503878593445,0.06081856911381086,3.5706653237770303e-07,0.06266716867685318,0.060187662641207375,3.2295057349967456e-07,0.06183343380689621,0.05971745573102482,3.0988300361319707e-07,0.061267755925655365,0.059351851365395954,3.0649991915890944e-07,0.06086476519703865,0.05905805705558686,3.076132579708932e-07,0.06056317687034607,0.05881572213201296,3.1080446300304264e-07,0.06032747030258179,0.05861174770527416,3.1498960041277003e-07,0.06013648957014084,0.05843738501980191,3.19700514601615e-07,0.059976767748594284,0.05828649018492017,3.246901117955848e-07,0.05983920395374298,0.05815454874010313,3.297403595169872e-07,0.059717584401369095,0.05803811153958714,3.3459534927729906e-07,0.05960776284337044,0.05793446722248244,3.3896337119175885e-07,0.059506990015506744,0.057841438563570144,3.4254442247944187e-07,0.059413354843854904,0.05775729271154555,3.450834109033945e-07,0.059325434267520905,0.05768069270111266,3.464270303198581e-07,0.05924201384186745
963,1,block_output,Gaussian,1,0.5247390122404174,0.6098680075490699,3.3596925735473633,0.07427143896856005,7.413459861204022e-05,0.09582659602165222,0.05987044500689658,5.691626881611413e-06,0.06650366634130478,0.05560562570416738,2.1359652173981266e-06,0.0594954714179039,0.05330346903157613,1.408044871470433e-06,0.05605543777346611,0.05173937183996988,1.173786846435483e-06,0.054122813045978546,0.050599102108251484,1.1103295463224517e-06,0.05299800634384155,0.049738860674320706,1.1127815775171805e-06,0.052084021270275116,0.04907256831961965,1.1382393672580983e-06,0.05132509022951126,0.0485436280095388,1.169237468230997e-06,0.05068197846412659,0.04811363448462789,1.1990186772991932e-06,0.05025092139840126,0.047756205771177535,1.225210511367574e-06,0.04996136948466301,0.0474530171662096,1.2472869210335836e-06,0.04970322549343109,0.047191187561977474,1.2655559898961398e-06,0.04946812987327576,0.04696157645611536,1.280733502018649e-06,0.04925081878900528,0.04675765779046785,1.2936542951220821e-06,0.04905252158641815,0.04657475425610467,1.3050320452608087e-06,0.04892239719629288,0.0464094825207241,1.3152986218946151e-06,0.048805318772792816,0.046259320976715236,1.3246028009310753e-06,0.048697579652071,0.046122306396090794,1.3329494054448161e-06,0.04859662801027298
963,2,block_output,Vertical,1,0.23117380979515256,0.06845376808338316,1.2664809226989746,0.053721158218289176,4.700910596429046e-05,0.07031732052564621,0.04237938347080397,5.8021251219770075e-06,0.04680251702666283,0.038604345290906845,3.289508948194215e-06,0.042961642146110535,0.036578715675406985,2.5660392711964218e-06,0.041031718254089355,0.035254814499427405,2.226227936047325e-06,0.039583493024110794,0.034295999341540866,2.047413649644445e-06,0.03845396637916565,0.033561493728369,1.9549042040815334e-06,0.03756139799952507,0.03297826207228123,1.9104006606810613e-06,0.036846600472927094,0.03250302140793157,1.8917651069285439e-06,0.036263927817344666,0.03210795357350319,1.8861734334645456e-06,0.035780563950538635,0.031774258063662617,1.8865542251585656e-06,0.035500917583703995,0.03148872526510367,1.8892804936893179e-06,0.035262495279312134,0.03124175764738567,1.8926526266984483e-06,0.03505108505487442,0.031026180685749128,1.895985423483911e-06,0.03486178070306778,0.030836507500637145,1.8990670950349453e-06,0.034690678119659424,0.0306684732259739,1.9018786352916324e-06,0.03453468903899193,0.030518729328399614,1.9044514647785205e-06,0.03439147770404816,0.0303846298761311,1.9067993990451741e-06,0.03425943851470947,0.030264062777398123,1.908935430091556e-06,0.0341375470161438
963,2,block_output,Horizontal,1,0.1374207344201822,0.007957586020628732,0.4259852170944214,0.04952905528129093,1.5052568039442973e-05,0.06156130135059357,0.04337583919839254,2.5489437139515025e-06,0.04819879308342934,0.04104082244965765,1.687996935567433e-06,0.04435195028781891,0.039672221337992045,1.4081568447014065e-06,0.0420771948993206,0.03874863743308991,1.2667736449795072e-06,0.04131079837679863,0.0380735792337902,1.1835451514196737e-06,0.04075373709201813,0.03755556845239231,1.1314395658963e-06,0.0403134822845459,0.03714539400405354,1.0967466157815544e-06,0.039950717240571976,0.03681366269787153,1.0712800904325247e-06,0.03964110463857651,0.03654134835279177,1.0513523361462429e-06,0.039373088628053665,0.03631519425719503,1.0353481224733791e-06,0.039140649139881134,0.036125486805325464,1.0222977350204312e-06,0.038939036428928375,0.03596490473737792,1.0115721881921832e-06,0.03876413032412529,0.03582782067713283,1.0027928478871268e-06,0.03861233964562416,0.03570985847285816,9.957011202760784e-07,0.03848040848970413,0.03560760061419199,9.900613152399621e-07,0.03836524486541748,0.035518365010382635,9.856167068421474e-07,0.038263965398073196,0.03544003055209205,9.821068598884377e-07,0.0381741002202034,0.03537091624642175,9.79305756648539e-07,0.038093723356723785
963,2,block_output,Gaussian,1,0.20501226730762967,0.06981674482562754,1.3396964073181152,0.04867968702363589,2.753095489330665e-05,0.06314703822135925,0.03978573927094066,3.959253317013282e-06,0.04367317259311676,0.036198715901090986,1.9577333102307795e-06,0.03900426626205444,0.03417468141941797,1.48960607000719e-06,0.03650469705462456,0.03283867789875893,1.3357099818181088e-06,0.035092391073703766,0.03187808447650501,1.2853344460144805e-06,0.03425300866365433,0.03115205661881538,1.2750006178469668e-06,0.03360852226614952,0.030583324590845715,1.2798816768969522e-06,0.03310054540634155,0.030124590037361024,1.289499438258548e-06,0.032690130174160004,0.02974552528134414,1.299398865669507e-06,0.03235015645623207,0.02942610209778188,1.307678065076657e-06,0.03206215053796768,0.029152649233029,1.3136059625602998e-06,0.03181374818086624,0.028915509847658023,1.3170741644018046e-06,0.03159642964601517,0.028707648198755962,1.3182972580390158e-06,0.031404055655002594,0.02852379832239378,1.3176272613765034e-06,0.031231917440891266,0.02835992966142912,1.315475423810368e-06,0.031076207756996155,0.028212909305852556,1.3122528369882527e-06,0.030933741480112076,0.028080275282263756,1.3083492316522139e-06,0.030801836401224136,0.027960082693468957,1.3041136051532834e-06,0.030678363516926765
963,3,block_output,Vertical,1,0.5237080571906907,0.6210810323643893,3.167595863342285,0.049197083427792505,0.00012214384034214462,0.07526940852403641,0.032191205148895584,1.1274616070368601e-05,0.040010131895542145,0.026894280066092808,4.674554637935372e-06,0.03207036852836609,0.02388403606083658,2.692153389592429e-06,0.027508895844221115,0.021848059362835355,1.8353739595260944e-06,0.024504195898771286,0.020344109141400883,1.4025932798649039e-06,0.022356215864419937,0.01917327656632378,1.1613795266836177e-06,0.02096458151936531,0.018230931330767888,1.0157385672635203e-06,0.019994352012872696,0.017455272583497897,9.213808247324989e-07,0.019277656450867653,0.01680615053526939,8.563707340672105e-07,0.018665462732315063,0.016255618620013432,8.09119088317747e-07,0.01813667267560959,0.01578332662641529,7.731256681038132e-07,0.017674937844276428,0.01537399963727073,7.445575969616195e-07,0.017267582938075066,0.015015922708525545,7.210582933978674e-07,0.01690487749874592,0.01469997310685733,7.011734597178686e-07,0.016579430550336838,0.014418976884039621,6.840245107216792e-07,0.016285737976431847,0.014167269307469565,6.691124133118283e-07,0.016019755974411964,0.013940386503698334,6.561505191296801e-07,0.015778429806232452,0.013734821924969318,6.449456246812505e-07,0.015559326857328415
963,3,block_output,Horizontal,1,0.6851681773624723,1.0001298864031123,4.135439872741699,0.07065567285532043,0.00022831647874421745,0.10570800304412842,0.04189034373987289,1.8377762567543193e-05,0.05241626873612404,0.03276534754014204,3.829009969470576e-06,0.036871761083602905,0.02881357159524683,2.0817401375972524e-06,0.031969379633665085,0.026500317903738174,1.592548158474758e-06,0.029439877718687057,0.024880458497338824,1.337946403661388e-06,0.027400467544794083,0.02363805833553511,1.1698921837185833e-06,0.02586858719587326,0.022639273798891475,1.0502404677929277e-06,0.025030575692653656,0.021813657371297715,9.624198018486154e-07,0.02430369332432747,0.02111796245333694,8.969203680087459e-07,0.023665430024266243,0.020523038057107774,8.476189925415774e-07,0.02310100756585598,0.0200080732327132,8.103181499450937e-07,0.02259940654039383,0.019557645160054402,7.820074200116998e-07,0.0221517626196146,0.019160042088183147,7.604582824106124e-07,0.021750610321760178,0.018806208132041827,7.439938907131573e-07,0.02138950303196907,0.018489048653651797,7.31355850991888e-07,0.02106282487511635,0.01820293843509659,7.21608230517936e-07,0.02076563611626625,0.017943375936103245,7.140712834587864e-07,0.020493654534220695,0.017706736744869323,7.08266808944563e-07,0.02024330198764801
963,3,block_output,Gaussian,1,1.0304441598672716,2.1180324215361592,5.577655792236328,0.07649092240229485,0.00044954699937711833,0.13974274694919586,0.04342461466079667,3.6787686133401064e-05,0.06138962134718895,0.033877460138192254,9.29223440446603e-06,0.04159177839756012,0.029511010156027855,4.816275973601179e-06,0.03547361493110657,0.026799226830166483,3.3597354672998003e-06,0.0324978232383728,0.024811150269612434,2.6112731076214747e-06,0.03018934279680252,0.023237321998864885,2.132453331570729e-06,0.0283034760504961,0.021943477233723988,1.794244747219726e-06,0.026712313294410706,0.02085625052097298,1.543320619851418e-06,0.025342050939798355,0.019929439154645755,1.3518650041008895e-06,0.02414776012301445,0.01913130280399133,1.2030008892512443e-06,0.023099616169929504,0.01843861159351137,1.0855284505009864e-06,0.02217567339539528,0.01783353155331006,9.91643110728499e-07,0.021358439698815346,0.017301918155262396,9.157797832992016e-07,0.020633390173316002,0.016832314889937167,8.538714257122664e-07,0.019988175481557846,0.016415318873311793,8.028946447209582e-07,0.019412215799093246,0.01604316005158046,7.605640171209528e-07,0.01889641210436821,0.01570938563063031,7.251266714967201e-07,0.018432918936014175,0.015408620726139773,6.95226430408414e-07,0.01801498979330063
963,4,block_output,Vertical,1,0.13583413227683022,0.019685564762849668,0.8071287870407104,0.029284973407075518,1.8345044057448626e-05,0.03938271850347519,0.02092385771019118,4.897193748400078e-06,0.026356223970651627,0.016919628170038028,2.2631693597266083e-06,0.020972926169633865,0.014471620956938418,1.3642026090504868e-06,0.017732374370098114,0.012758408007877213,9.376753864850276e-07,0.01543322205543518,0.011486060902594573,7.011187881440422e-07,0.013714877888560295,0.010510723298740766,5.588165187167714e-07,0.012392126023769379,0.00974642982085546,4.687542145860083e-07,0.011355196125805378,0.009136686471128275,4.095319179965655e-07,0.010531671345233917,0.008642642559217555,3.69289975305252e-07,0.009870395064353943,0.008236912433944997,3.41112840119103e-07,0.009429343976080418,0.007899821107645356,3.2083034251033107e-07,0.009063503704965115,0.007616960502687901,3.0586341418928493e-07,0.00875679962337017,0.007377575232928235,2.945768660156418e-07,0.008497709408402443,0.007173490680990711,2.859094798021503e-07,0.008277347311377525,0.006998392605474071,2.7915670838759777e-07,0.008088750764727592,0.006847332327789258,2.738391359173109e-07,0.00792640820145607,0.0067163811301782965,2.696217561603543e-07,0.007785901427268982,0.006602385576577887,2.6626433233516077e-07,0.0076636746525764465
963,4,block_output,Horizontal,1,0.2368793653117286,0.09771643114183694,1.579183578491211,0.04010501004282444,3.949503677626649e-05,0.05430157482624054,0.028020023116989742,5.938075734590345e-06,0.03307178243994713,0.022797990235544387,2.753499262399113e-06,0.026212703436613083,0.019703506063374263,1.6220946010696806e-06,0.022683054208755493,0.017620840656851964,1.0981106993911114e-06,0.020206106826663017,0.01609632315202838,8.18658110943629e-07,0.01838933676481247,0.014922171831130981,6.564704621139618e-07,0.01700972393155098,0.013987823685128537,5.558033359062187e-07,0.015931937843561172,0.013227161241783983,4.897032236907026e-07,0.0150704775005579,0.012597277450064817,4.442862475239105e-07,0.014369121752679348,0.01206865075916525,4.11938414319156e-07,0.013789289630949497,0.011620077141930186,3.8820697754744285e-07,0.013303457759320736,0.011235836671576613,3.7033680352923266e-07,0.012891445308923721,0.010904000968568854,3.565397929956009e-07,0.012538163922727108,0.01061535638476175,3.456168762933387e-07,0.012232217006385326,0.010362683144945001,3.3674542215080645e-07,0.01196490228176117,0.01014025274309374,3.2935613978190125e-07,0.011729533784091473,0.009943468791861382,3.230531788036903e-07,0.011520912870764732,0.009768604020041132,3.175624758318934e-07,0.011334966868162155
963,4,block_output,Gaussian,1,0.05644331287060465,0.0016168871630237694,0.20888978242874146,0.019056618184087767,5.3463701195182985e-06,0.02503173053264618,0.013868013101201209,1.398663322964047e-06,0.017223816365003586,0.01124687238581597,6.361805268878234e-07,0.013519921340048313,0.009646150697436597,3.8294060047150737e-07,0.011403374373912811,0.008582085023619353,2.705653568964119e-07,0.01004813052713871,0.007843031703184048,2.1610682303230127e-07,0.009111568331718445,0.007313062096872027,1.8855654303345523e-07,0.008437340147793293,0.006923103283735968,1.7420742000178306e-07,0.007939163595438004,0.00662984179391984,1.6656214391892505e-07,0.00756428949534893,0.006405129489148893,1.6240156167480748e-07,0.007278445176780224,0.006230173839463128,1.6011637290628044e-07,0.007058246526867151,0.006092132830489722,1.589028654335971e-07,0.006890729069709778,0.005982016124540851,1.5835381344061804e-07,0.006774313747882843,0.005893372708842868,1.5825813143931622e-07,0.006680862512439489,0.005821466202005034,1.585036590654346e-07,0.0066054086200892925,0.005762756439960665,1.5902505476446544e-07,0.006544122938066721,0.005714568368617504,1.5977333441381155e-07,0.006500951014459133,0.005674866227699178,1.6070119564319282e-07,0.006469670683145523,0.005642085343540188,1.6176158256455258e-07,0.006444584112614393
963,final,proj_out,Vertical,1,0.11575458742796428,0.002320327008373104,0.2890200614929199,0.0724674461498147,3.8837888166056896e-05,0.08624400198459625,0.05956896134312191,2.7842151869221323e-05,0.07308453321456909,0.05008013398637847,2.3771819026630747e-05,0.06387348473072052,0.042613240757158825,2.0778795860771603e-05,0.05648380517959595,0.03671990876041707,1.8245808114763192e-05,0.05041838437318802,0.03206678329124337,1.606624267488743e-05,0.04541105777025223,0.028377539493025294,1.41911499014797e-05,0.04124578461050987,0.025433125861343883,1.2586830018418013e-05,0.03775429353117943,0.023064117937807053,1.1222943976006151e-05,0.03480757027864456,0.021140499306576594,1.0069354880266586e-05,0.032304923981428146,0.01956268364474887,9.096422545829515e-06,0.03016584739089012,0.0182544786394352,8.27621633155134e-06,0.028325166553258896,0.017157664463397056,7.583565753292145e-06,0.026730183511972427,0.0162278049965463,6.996625946692835e-06,0.02533850632607937,0.015430985358617609,6.4969911710091844e-06,0.024116287007927895,0.01474127344905384,6.0695188093684034e-06,0.023036504164338112,0.014138764672217861,5.701958537855721e-06,0.022077500820159912,0.013608090106457,5.384459533106178e-06,0.021221645176410675,0.013137298458743663,5.1090614238956995e-06,0.020454300567507744
963,final,proj_out,Horizontal,1,0.15042555970805033,0.006566669625783455,0.42691853642463684,0.09007164220961314,2.0143019407244648e-05,0.10166482627391815,0.07826637003629927,1.1112105247516773e-05,0.083778515458107,0.06890111428404612,8.806294405399165e-06,0.07455753535032272,0.061022196260709614,7.93798180927177e-06,0.06730799376964569,0.05433648641383837,7.57452004538726e-06,0.06106181442737579,0.048673672572014826,7.436352925948986e-06,0.05567573755979538,0.04389422002529341,7.396011976851939e-06,0.05105389654636383,0.03987130510901648,7.3833264812535304e-06,0.04710477590560913,0.0364888548437092,7.3610894842319524e-06,0.04373906925320625,0.0336429276577537,7.31279426555693e-06,0.04087231308221817,0.031242923219762152,7.23446788781162e-06,0.03842750936746597,0.02921175587153624,7.129003778385847e-06,0.03633677586913109,0.02748506155515474,7.002368090220106e-06,0.0345420315861702,0.026009798966466435,6.8611718262023745e-06,0.03299461677670479,0.024742618114465757,6.711385924740809e-06,0.03165438771247864,0.023648213329059736,6.557850266963923e-06,0.030488329008221626,0.02269784633129362,6.404244403744997e-06,0.029469262808561325,0.021868077476346302,6.253268787616399e-06,0.028574705123901367,0.0211397141572975,6.106825730373996e-06,0.02778591960668564
963,final,proj_out,Gaussian,1,0.0728610460720365,0.0006730957132666687,0.16552844643592834,0.040940548278509625,2.00747445098193e-05,0.049639105796813965,0.03176952685628619,9.217232112210908e-06,0.03770025074481964,0.02606229569822077,5.705187278344849e-06,0.030723650008440018,0.022116319261609563,4.050951806149136e-06,0.026023603975772858,0.019267147007797445,3.1871838475248095e-06,0.022970952093601227,0.01714510155753011,2.676485730415045e-06,0.021352477371692657,0.015527310086384652,2.343476416422322e-06,0.020008649677038193,0.014269929364441878,2.1107541186257193e-06,0.018865562975406647,0.013275727127043028,1.938315273111867e-06,0.01788041740655899,0.012477343724597068,1.8035582137765218e-06,0.017028383910655975,0.011827289200727903,1.6938782002980714e-06,0.016292128711938858,0.011291415800177862,1.6025355565240954e-06,0.015656258910894394,0.010844617135941035,1.525742061421296e-06,0.015106170438230038,0.010468064179082238,1.4609320209169002e-06,0.014628591015934944,0.010147432515782023,1.4060373092041988e-06,0.01421201042830944,0.009871713839293946,1.3592738683709353e-06,0.013846701011061668,0.00963237053818173,1.3190790215136294e-06,0.01352454163134098,0.0094227237656476,1.2840785143570944e-06,0.01323879323899746,0.00923750659687415,1.2530683366693636e-06,0.01298387162387371
944,initial,patch_embed,Vertical,1,0.3445969629618857,0.30465266241173383,2.6490793228149414,0.08928507211662474,3.8728272754687163e-07,0.09188864380121231,0.08888370839376299,3.299862634912998e-08,0.08922291547060013,0.08878287448296471,3.03799917086006e-08,0.0891251415014267,0.08872904096330915,2.9569498434330985e-08,0.08905600011348724,0.08870849888476115,2.9622218761748772e-08,0.08910797536373138,0.08870672517352635,3.0165043902091144e-08,0.08913543820381165,0.08871396122470734,3.075291604761221e-08,0.08914734423160553,0.0887244554266097,3.099983109636206e-08,0.08916123956441879,0.08873562774960957,3.105245727247569e-08,0.08919686079025269,0.08874638686104426,3.12195836618809e-08,0.0892219990491867,0.08875663838689289,3.168876260717684e-08,0.08923682570457458,0.08876663493731665,3.243151509757868e-08,0.08924364298582077,0.08877663964790011,3.333904074236898e-08,0.08924418687820435,0.08878658901131342,3.4224776101282256e-08,0.0892382264137268,0.08879596397044166,3.476699522072224e-08,0.0892249047756195,0.0888041334729346,3.47624390330955e-08,0.08920541405677795,0.08881075136245244,3.431099075792729e-08,0.08919019997119904,0.08881578854625187,3.370499029639151e-08,0.08918203413486481,0.08881954884245283,3.320974215102295e-08,0.0891801118850708
944,initial,patch_embed,Horizontal,1,0.2627780863216945,0.15044570186446576,1.960169792175293,0.08978402898425147,1.1517342472930405e-07,0.09058965742588043,0.08922821472561548,2.3720381341613495e-08,0.08959868550300598,0.08898623902646322,9.731454583148818e-09,0.08922847360372543,0.08888727249134154,5.6387787925962205e-09,0.08907397836446762,0.08885960269068914,5.242522577414973e-09,0.08906863629817963,0.08886111291154983,5.970950435717363e-09,0.08908218145370483,0.08887009641953877,6.761840885654131e-09,0.08910097926855087,0.0888793838639108,7.305073204136983e-09,0.08912044763565063,0.0888885452397286,7.799471459570231e-09,0.08913752436637878,0.08889819445118072,8.520228732113712e-09,0.08914929628372192,0.0889085176445189,9.516705800326514e-09,0.08915475010871887,0.08891955431964663,1.0732711343610679e-08,0.08918358385562897,0.08893081297477086,1.1964605905670545e-08,0.08923839032649994,0.08894188217227421,1.3147793113771664e-08,0.08928275108337402,0.0889530282408472,1.4532592052430493e-08,0.08932467550039291,0.0889643148060829,1.6177290766511742e-08,0.08936551213264465,0.08897497978002306,1.7834653632758823e-08,0.08939807116985321,0.08898416882942593,1.9307291893947e-08,0.08941762149333954,0.08899131299011291,2.0554165414143988e-08,0.08942477405071259
944,initial,patch_embed,Gaussian,1,0.3338588204175707,0.3134852220169021,2.5645689964294434,0.06751025314368898,4.106139354830491e-07,0.07004554569721222,0.06718219722074176,1.6804096133087385e-08,0.06759628653526306,0.06716232297439424,1.5285043781892697e-08,0.0675218477845192,0.06715360425767444,1.5067394305527635e-08,0.06749187409877777,0.06715368160179683,1.4706147124958355e-08,0.06747870147228241,0.0671607017044037,1.4486948203941318e-08,0.06749407947063446,0.06717071220988319,1.4495066387791065e-08,0.06751661747694016,0.06718015245028905,1.4628862515910828e-08,0.06753213703632355,0.06718742918400537,1.4507880966617202e-08,0.0675373524427414,0.06719241338589835,1.4135150219395812e-08,0.06753411144018173,0.06719677256686347,1.40073041893091e-08,0.0675317570567131,0.06720263191631862,1.4359405195256983e-08,0.06754329800605774,0.06721020277057375,1.496165539155625e-08,0.06756806373596191,0.0672187925804229,1.558854082048488e-08,0.06759695708751678,0.06722815311144269,1.6150581484123695e-08,0.06762392073869705,0.06723821636230226,1.66771750506419e-08,0.06764788180589676,0.06724867189214342,1.7272546372773707e-08,0.06766888499259949,0.06725893311557316,1.7979006026211068e-08,0.06768478453159332,0.06726838329008647,1.8768779891313103e-08,0.06769334524869919
944,0,block_output,Vertical,1,0.24633732059645275,0.07557712887741364,1.4095289707183838,0.08745579634393964,2.0063268836368884e-05,0.09790243208408356,0.07924769286598478,3.0477312464691835e-06,0.08364426344633102,0.07653687539554778,1.2523821614381333e-06,0.08002308011054993,0.07547655772595178,9.62754973395761e-07,0.07843408733606339,0.07492786622236645,8.832126625242422e-07,0.0775776281952858,0.07456432413014155,8.436963907343206e-07,0.07702121883630753,0.07429164435182299,8.199399781668331e-07,0.07663184404373169,0.07407495982590176,8.093073832220028e-07,0.07634907960891724,0.07389669534232882,8.073946008096839e-07,0.0761333703994751,0.07374598854590976,8.096130091841267e-07,0.07596111297607422,0.07361571337022478,8.137875293743057e-07,0.07581955194473267,0.07350110664727195,8.191665656888511e-07,0.07570119202136993,0.07339884388068366,8.254442436466484e-07,0.07560057193040848,0.07330652219908577,8.323100319372539e-07,0.07551272213459015,0.07322238125498333,8.393449960552054e-07,0.0754331648349762,0.07314517065173104,8.46125718850221e-07,0.07535872608423233,0.07307405249466972,8.523885772429704e-07,0.07528819888830185,0.07300845356214614,8.580698867788063e-07,0.07522175461053848,0.07294792516363992,8.632273752904325e-07,0.07515983283519745
944,0,block_output,Horizontal,1,0.3556161595005838,0.21481776871186953,2.297158718109131,0.0923487941424052,2.2640070416286253e-05,0.10485761612653732,0.0824364669739254,3.5721424074980357e-06,0.0876564234495163,0.07865319460157365,8.499658106219014e-07,0.0811445415019989,0.07715493688980739,3.266902624083066e-07,0.07850171625614166,0.07646158668729994,1.8808894755060443e-07,0.07747668027877808,0.07604970298116169,1.3164330315286618e-07,0.0769488662481308,0.07575639360953891,1.020094757323727e-07,0.0765533596277237,0.07552686700272182,8.424065608903145e-08,0.07624081522226334,0.07533800329953905,7.259770581746161e-08,0.07599695026874542,0.07517784029718429,6.441198320273068e-08,0.07578885555267334,0.07503942483001286,5.831986640018793e-08,0.07560454308986664,0.07491840552242976,5.3563100208365605e-08,0.07543760538101196,0.07481176654497783,4.970505341532372e-08,0.07530874013900757,0.07471718899314365,4.651586403036271e-08,0.07521835714578629,0.07463276374434667,4.389150870530422e-08,0.0751386359333992,0.07455692239223964,4.1777401186124065e-08,0.07506836950778961,0.07448837823337978,4.013544591050824e-08,0.07500670850276947,0.07442608038111338,3.8927097298023e-08,0.07495277374982834,0.07436916326719617,3.810802496576645e-08,0.07490570843219757
944,0,block_output,Gaussian,1,0.4370391879762922,0.3756351396858368,2.8647959232330322,0.07650783149495957,4.262751876477828e-05,0.09192733466625214,0.06528959914095818,3.7571752654671414e-06,0.07076172530651093,0.06199791394765415,1.1723279883950018e-06,0.06587260961532593,0.06049208230678997,6.774008591403273e-07,0.06311565637588501,0.059631873217840047,5.553968406072124e-07,0.061404116451740265,0.05909436485833592,5.438497527129505e-07,0.06060761213302612,0.05873496895508161,5.621657456403614e-07,0.060286082327365875,0.05847701093270665,5.848008655339389e-07,0.06003652885556221,0.05827891412708494,6.04868925393496e-07,0.05983074754476547,0.058118077083712534,6.214693352611003e-07,0.05965355411171913,0.05798212486127066,6.353501776332919e-07,0.05949737876653671,0.057864119786591756,6.474553702703442e-07,0.05935866758227348,0.05775998367203607,6.584626739448558e-07,0.059235550463199615,0.05766712679039864,6.687452360257899e-07,0.05912654846906662,0.05758373888712081,6.784746136962859e-07,0.059030111879110336,0.05750843243939536,6.877410647134079e-07,0.05894460529088974,0.0574400903331855,6.966038442117028e-07,0.05886856094002724,0.057377796324472576,7.051057483668607e-07,0.05880076438188553,0.05732079618980014,7.132679582715461e-07,0.05874025821685791
944,1,block_output,Vertical,1,1.9301932191564923,6.2217964568555315,9.290096282958984,0.136842261349398,0.0007054190356251644,0.20335470139980316,0.09494004162057998,5.9616654661416026e-05,0.11334918439388275,0.07961300216496937,1.4827290480199668e-05,0.08934170007705688,0.07164123169486485,5.75463966262805e-06,0.07730822265148163,0.06709282555513912,3.2819008068711302e-06,0.07141577452421188,0.06424777475850922,2.4579462468921193e-06,0.0679403692483902,0.062282806173676535,2.1264455306176283e-06,0.06568072736263275,0.060815118726283784,1.981702667315309e-06,0.06406473368406296,0.059661888650485446,1.9235605469082573e-06,0.06285972893238068,0.05872742145780533,1.909633152230586e-06,0.061977870762348175,0.057955155178668005,1.9185969117265646e-06,0.06127481535077095,0.057307790728315475,1.9389421841752497e-06,0.06070203706622124,0.05675877583405328,1.9642792796470462e-06,0.06022629886865616,0.056288293607178186,1.991056984471377e-06,0.05982443690299988,0.05588114575024635,2.017317799289722e-06,0.05948000028729439,0.05552550807358727,2.0420100672480336e-06,0.059181097894907,0.05521209886859334,2.064623059907437e-06,0.05891898646950722,0.05493358747353629,2.0849652226979422e-06,0.05868711695075035,0.05468415279710104,2.1030436544642395e-06,0.05848046392202377
944,1,block_output,Horizontal,1,0.11751265587314727,0.0028956450657649973,0.298603892326355,0.0665184065463051,6.515079261180287e-06,0.07181666791439056,0.062250039052395595,9.920129253659171e-07,0.06456609815359116,0.060564870399142066,6.10803637121908e-07,0.062206707894802094,0.05959183888302909,5.45965744037055e-07,0.06125412881374359,0.05894256927191265,5.157502752786505e-07,0.060626156628131866,0.05847671237729844,4.897315794505489e-07,0.06016989052295685,0.05812336445327789,4.703405436301925e-07,0.059805743396282196,0.05784167384817487,4.537864380167819e-07,0.05949341878294945,0.05761044253669088,4.4003154825781285e-07,0.05924227461218834,0.05741819952215467,4.295403265688381e-07,0.05903253331780434,0.05725756778366982,4.220810543879145e-07,0.058857183903455734,0.05712264397787669,4.1695081331189545e-07,0.058709338307380676,0.05700855713988107,4.1346366827112563e-07,0.05858360230922699,0.05691145904480465,4.110801620008429e-07,0.058476127684116364,0.05682830281910442,4.093443008787175e-07,0.05838402360677719,0.05675663822700107,4.078979198370809e-07,0.05830495059490204,0.05669449600908491,4.065312781053056e-07,0.05823703110218048,0.05664032916464503,4.0517022038222047e-07,0.05817863345146179,0.05659292567343939,4.0379573410796233e-07,0.058128245174884796
944,1,block_output,Gaussian,1,0.35999006990875515,0.2654175824667019,2.507935047149658,0.06420431049570205,2.7380365636176357e-05,0.07690300047397614,0.05481805705598423,3.4328129602403706e-06,0.05901223421096802,0.051540441101505644,1.851454690628364e-06,0.05439198017120361,0.04980264923402241,1.5791778033577417e-06,0.052519336342811584,0.04867259560832902,1.5259172491494641e-06,0.05135025829076767,0.04786050296018994,1.5294768615366472e-06,0.05052969604730606,0.04724221865809153,1.5494891142928225e-06,0.049904994666576385,0.04675290171825697,1.572866596506529e-06,0.049400512129068375,0.04635419460043075,1.5949969863981572e-06,0.04897608608007431,0.046021472012239786,1.6144022543441398e-06,0.04860907420516014,0.04573813264095594,1.6308609701754286e-06,0.04828595370054245,0.04549267710674377,1.6446428538009332e-06,0.047998152673244476,0.04527701171381133,1.6561651407529046e-06,0.04783213883638382,0.04508536740664452,1.6658544762309448e-06,0.04769054055213928,0.04491355453455259,1.674090200706646e-06,0.04756248742341995,0.044758456093924384,1.6811893931670987e-06,0.04744564741849899,0.044617678970098495,1.6874159721290923e-06,0.0473383292555809,0.04448932746336574,1.6929727602415075e-06,0.047239258885383606,0.044371845289355234,1.6980267341489356e-06,0.04714743793010712
944,2,block_output,Vertical,1,0.12704960475601848,0.008135083981829988,0.5385388135910034,0.04175899278313395,1.6208564049495836e-05,0.05286683887243271,0.03564011660360154,4.544775761229318e-06,0.04043835401535034,0.03319206115390573,3.1805166929399646e-06,0.03750986233353615,0.03173995381664662,2.672511679737508e-06,0.03584180772304535,0.030762338685610936,2.4338866830196026e-06,0.034798674285411835,0.030059132518039808,2.303246283793652e-06,0.034026939421892166,0.029529895012577374,2.220425889129937e-06,0.03343556076288223,0.029118112776251065,2.1626467763569745e-06,0.03296603634953499,0.028789953018228214,2.12122973756428e-06,0.032623060047626495,0.02852377174274316,2.0920118023907065e-06,0.03236779943108559,0.0283046325461732,2.071535707418127e-06,0.0321565642952919,0.028121858776088745,2.0569806009332917e-06,0.03197838366031647,0.027967708687933666,2.0463006662040743e-06,0.03182616084814072,0.027836417365405295,2.038011864711595e-06,0.03169519454240799,0.027723559577550207,2.031033298257608e-06,0.031582243740558624,0.027625666310389835,2.024619493538639e-06,0.03148485720157623,0.027540019994217253,2.0183301395157363e-06,0.03140081465244293,0.027464537807400265,2.0119998355537917e-06,0.03132793307304382,0.02739766331773902,2.0056496377212776e-06,0.031264014542102814
944,2,block_output,Horizontal,1,0.12768836313533405,0.006720854924401256,0.448591947555542,0.049332173866412,1.4913244709587086e-05,0.05695081502199173,0.042467810627486974,2.3980091820758004e-06,0.04631856456398964,0.039860921601454415,1.4699444780869834e-06,0.04256740212440491,0.038362953989278706,1.2327370300945925e-06,0.04040789231657982,0.03737171762992465,1.1326872879163667e-06,0.039374012500047684,0.03666250768398482,1.0741678164537794e-06,0.03869936615228653,0.03612806588884384,1.0330684389489744e-06,0.038178183138370514,0.03571068915346312,1.0023772779154224e-06,0.037765271961688995,0.03537648082489059,9.78934835908097e-07,0.03743162006139755,0.035103875315851636,9.608288805340965e-07,0.03715717792510986,0.03487828675480116,9.470128336082712e-07,0.036927320063114166,0.03468937657418705,9.368430203788845e-07,0.03673174977302551,0.03452955482024995,9.297356924810335e-07,0.03656352311372757,0.034393112988226,9.251482145322888e-07,0.03641780465841293,0.03427569526765081,9.225868661005e-07,0.03629100322723389,0.034173935829173954,9.216107486210256e-07,0.0361802875995636,0.034085188238393696,9.218154879849362e-07,0.036083295941352844,0.034007348888923254,9.228299208285405e-07,0.03599799424409866,0.033938736078285035,9.243297993248795e-07,0.03592266887426376
944,2,block_output,Gaussian,1,0.15640655396476624,0.022180951298733438,0.855431318283081,0.043103974726465016,1.7990383813672612e-05,0.05583931505680084,0.03578658774495125,3.055519052372996e-06,0.04001704603433609,0.032883832467690347,1.8819776021219774e-06,0.03622595965862274,0.031165092769596312,1.5793888578334476e-06,0.034368593245744705,0.029995824136431256,1.4746266163805535e-06,0.03335866332054138,0.02915296402005922,1.4277062457633603e-06,0.03259706497192383,0.028516184124681685,1.397111528071092e-06,0.031981028616428375,0.028016252945812923,1.3747789993486001e-06,0.031471818685531616,0.02761190907940978,1.3586600094379847e-06,0.03104708343744278,0.02727749435201524,1.3475925905207455e-06,0.030691813677549362,0.026996439795881982,1.3403490796891203e-06,0.030394533649086952,0.02675755327892682,1.3357747709587108e-06,0.030145322903990746,0.02655282004603318,1.3329738426911115e-06,0.029935168102383614,0.026376181562978124,1.3313091612205898e-06,0.02975626476109028,0.026222902660568554,1.3303414713258663e-06,0.02960236370563507,0.02608921340415402,1.3297568963671184e-06,0.02946869470179081,0.025972054502557195,1.329303860025815e-06,0.029351629316806793,0.025868895537559947,1.3287517110462998e-06,0.029248349368572235,0.025777606204861685,1.3278870921955337e-06,0.029156537726521492
944,3,block_output,Vertical,1,0.07913137469736356,0.0029275705175708802,0.21050351858139038,0.023782669699617794,7.409424366049213e-06,0.030058270320296288,0.018285370535320707,2.1051148522488706e-06,0.02135802060365677,0.01572954554169897,1.312243429145077e-06,0.01853347197175026,0.014207269419871625,1.0049886916029124e-06,0.016806473955512047,0.013196402185019992,8.513355235362854e-07,0.015585672110319138,0.012481119808933091,7.645152655818493e-07,0.014700151979923248,0.011951570103447589,7.115642606733097e-07,0.014049295336008072,0.011546195676875494,6.772679710392584e-07,0.013561360538005829,0.011228275012284045,6.540940923693738e-07,0.013189258985221386,0.01097439168878491,6.377515907672593e-07,0.012901421636343002,0.010768741472727723,6.255790438055136e-07,0.012675889767706394,0.010600234396637433,6.160081255362951e-07,0.01249685138463974,0.01046089195306339,6.082384376696808e-07,0.01235279068350792,0.010344838767889001,6.019041202134381e-07,0.01223538164049387,0.010247634531604865,5.968243190408871e-07,0.012138660997152328,0.010165847882273652,5.92868990154304e-07,0.012058381922543049,0.010096779521850367,5.899123025546451e-07,0.011991450563073158,0.010038278878681244,5.878210808152375e-07,0.011935556307435036,0.009988617018929549,5.864578731678712e-07,0.011888902634382248
944,3,block_output,Horizontal,1,0.13449834458648213,0.012026351104786557,0.6344531774520874,0.03231746620602078,2.1398379826132458e-05,0.04605312645435333,0.024372133145493174,2.832831556098148e-06,0.029275353997945786,0.021398184081864734,1.5505808078296541e-06,0.024228055030107498,0.01957902643415663,1.1464116386810122e-06,0.022065525874495506,0.01832938114447253,9.668772751579717e-07,0.02059207484126091,0.017423486573592065,8.803835180194854e-07,0.01955077424645424,0.016739703330492215,8.372245192883245e-07,0.018788320943713188,0.016206996973663096,8.150409802712488e-07,0.01821119710803032,0.015781876231942858,8.031053312479902e-07,0.01776154711842537,0.015436378041548389,7.961546095053226e-07,0.017419617623090744,0.015151663092038935,7.915971483309429e-07,0.0171666219830513,0.014914494347832506,7.881741626680327e-07,0.016949504613876343,0.01471520923373718,7.852987224767793e-07,0.016761302947998047,0.014546514577454045,7.827201676879471e-07,0.016596540808677673,0.014402726768619485,7.803455669374407e-07,0.01645086519420147,0.014279312099374476,7.781458665981605e-07,0.016321031376719475,0.014172620672200407,7.76100668563789e-07,0.016204774379730225,0.014079726670706083,7.741731510470445e-07,0.01610051468014717,0.013998306178975673,7.723028295417711e-07,0.016007035970687866
944,3,block_output,Gaussian,1,0.11373687955358672,0.01211790628391115,0.6679130792617798,0.0282102922007205,8.595558375336468e-06,0.035248443484306335,0.021817130347092945,2.1024015514767815e-06,0.025269214063882828,0.01866494615872701,1.1863928566222555e-06,0.02133428305387497,0.0167589598586635,8.731750092787427e-07,0.019035616889595985,0.015486587725934527,7.284339751243059e-07,0.017548732459545135,0.014577731224043029,6.475983784403706e-07,0.016509881243109703,0.013895918156892534,5.96360582333996e-07,0.015740690752863884,0.013365441430655737,5.613320708185646e-07,0.015147387981414795,0.012941452541521617,5.363269309627596e-07,0.014676042832434177,0.012595760325590769,5.179208125174004e-07,0.014293483458459377,0.012309602860893522,5.039188605204791e-07,0.013977793976664543,0.012069834411025994,4.928440396195449e-07,0.013713670894503593,0.011866888016580588,4.837194358300683e-07,0.013490086421370506,0.011693617432481714,4.759220718713247e-07,0.013298898935317993,0.011544574037312514,4.6907277267529315e-07,0.01313393097370863,0.01141552220556944,4.629631172610664e-07,0.012990372255444527,0.011303118075288478,4.574927537687451e-07,0.012864354997873306,0.011204694442096211,4.5262414997085334e-07,0.012752696871757507,0.011118117779020279,4.4833786172236947e-07,0.012652799487113953
944,4,block_output,Vertical,1,0.40539770975472433,0.30721725884480244,2.3981199264526367,0.05154906018149285,0.00017876744667278283,0.08145451545715332,0.03154840672181712,2.1997655540379388e-05,0.04306032508611679,0.02429632744973614,8.857302340535649e-06,0.03289559483528137,0.02016190191109975,4.868241339874255e-06,0.02716313675045967,0.017418312160150398,3.0348009058409364e-06,0.023211821913719177,0.015437580763347565,2.0573295976091957e-06,0.020303750410676003,0.013926561552262495,1.4904881709746313e-06,0.018069246783852577,0.012730023720198207,1.1402913031175745e-06,0.016300147399306297,0.0117570488817162,9.120342388808445e-07,0.01486821100115776,0.010950247387564371,7.564297917743728e-07,0.013689940795302391,0.010271300384331317,6.464465856132902e-07,0.012708529829978943,0.009693416885085522,5.664321909684195e-07,0.011883661150932312,0.009197108920604463,5.068258120245098e-07,0.011185512878000736,0.008767717968790776,4.6151170501360774e-07,0.010591251775622368,0.008393913699639223,4.2643374367747666e-07,0.010082893073558807,0.008066744617526494,3.988302346871062e-07,0.009645989164710045,0.00777901563468197,3.7678227538931785e-07,0.009268758818507195,0.0075248621537217075,3.5893494806457737e-07,0.00894151907414198,0.0072994484743546875,3.4431636927040125e-07,0.008656272664666176
944,4,block_output,Horizontal,1,0.06841150496805472,0.0019670282326061054,0.19426052272319794,0.022723585633294924,9.038147486510437e-06,0.03021267056465149,0.016614293812641075,1.8986982243377038e-06,0.01996583119034767,0.013650953784466737,7.557072140801537e-07,0.015770073980093002,0.011894384325141944,4.3801336873647046e-07,0.013566630892455578,0.010753735367740904,3.2230252661661783e-07,0.012139077298343182,0.009970994547955574,2.7257881855426456e-07,0.011175816878676414,0.009411532431840897,2.484254859244452e-07,0.010507999919354916,0.00899909030173033,2.359099199626278e-07,0.01001928374171257,0.008687751293773688,2.2948673612857943e-07,0.00965688657015562,0.008448407763526553,2.265301470885227e-07,0.009385092183947563,0.008261784585931945,2.2559780698765422e-07,0.009179042652249336,0.008114655635186605,2.2583876223648953e-07,0.009021083824336529,0.007997686339039651,2.2675110444838745e-07,0.008898577652871609,0.007904134254666075,2.2804937135399566e-07,0.008802542462944984,0.007829010405296844,2.2958036575675874e-07,0.00872665923088789,0.007768525549816707,2.3126814101854998e-07,0.008666496723890305,0.007719735762784405,2.3307853116224862e-07,0.008624525740742683,0.007680309877272636,2.3499034937538397e-07,0.008591944351792336,0.007648394627880956,2.3697925068985323e-07,0.008566590026021004
944,4,block_output,Gaussian,1,0.46277603566173525,0.4742938556824919,2.917738437652588,0.04824820279128968,8.736986492715215e-05,0.06981485337018967,0.03225713394700535,1.3694124923979096e-05,0.04233596846461296,0.02546013140725711,6.222130861322057e-06,0.03250044211745262,0.02126862732545724,3.523107701099695e-06,0.02624562941491604,0.018424911247122856,2.2927078360184612e-06,0.022005518898367882,0.016360346272232987,1.634894399352844e-06,0.01911998726427555,0.014778199339551585,1.2378925262818918e-06,0.017245091497898102,0.013517448885573281,9.787102848802757e-07,0.015770819038152695,0.012485383329765192,8.007878437147505e-07,0.014572439715266228,0.01162432896948996,6.740406469059492e-07,0.013575298711657524,0.010895725901401232,5.808071465117047e-07,0.012730590999126434,0.01027230897711383,5.101651952569569e-07,0.012004542164504528,0.009734002060242115,4.551642924934892e-07,0.011373007670044899,0.009265582121553876,4.11287847205063e-07,0.0108183603733778,0.008855253369325683,3.7553789487145526e-07,0.010327493771910667,0.008493721566443879,3.4588115163592054e-07,0.009890477173030376,0.008173561019320336,3.2091065900914726e-07,0.009499652311205864,0.007888769405701804,2.9963242512588355e-07,0.009148988872766495,0.007634446963608738,2.8133403130952564e-07,0.008833649568259716
944,final,proj_out,Vertical,1,0.1259345296356413,0.004833404855674739,0.3619527220726013,0.07318037890252613,3.348607225758559e-05,0.08790643513202667,0.062085617274518994,2.7114831738449532e-05,0.07691234350204468,0.05350979399823007,2.4360238171885128e-05,0.06839095056056976,0.04657262350831713,2.219311556043823e-05,0.06127376854419708,0.040955519806297996,2.030711954023922e-05,0.055309005081653595,0.036398457481511055,1.85986997514493e-05,0.05029410868883133,0.03268348842504479,1.7031805617396415e-05,0.04605754464864731,0.029636118649726824,1.559895153004037e-05,0.04245946556329727,0.027119477915148887,1.4300352326411834e-05,0.0393872931599617,0.025026509567858683,1.3134542461380394e-05,0.03674960136413574,0.0232732238336688,1.2096010970434755e-05,0.03447163850069046,0.021793486993937267,1.1175961554041116e-05,0.03249245509505272,0.020535082038905885,1.036377263775046e-05,0.03076271153986454,0.01945670445760091,9.648235638029174e-06,0.02924264967441559,0.018525638425397496,9.01834663973356e-06,0.02790016122162342,0.017715922734212308,8.463760372152913e-06,0.02670920267701149,0.01700690503986109,7.975002049597075e-06,0.02564842626452446,0.016382082188058467,7.543577622022448e-06,0.024700172245502472,0.01582819473234907,7.161986732673949e-06,0.023849666118621826
944,final,proj_out,Horizontal,1,0.138645649074562,0.0044149530196868035,0.378849595785141,0.08847786403364605,1.8720536295667092e-05,0.0974326878786087,0.07803939720467916,9.447919168115047e-06,0.08322455734014511,0.06961889020980351,6.842409429185653e-06,0.07423434406518936,0.06246242205065394,5.772077177687955e-06,0.06798228621482849,0.0563706247106431,5.4486173228961835e-06,0.0626627579331398,0.05118721924603931,5.505320873691742e-06,0.05810295045375824,0.04677407650483979,5.728218715562576e-06,0.054172176867723465,0.04301119761334525,5.997174851214187e-06,0.050771620124578476,0.039796092621390784,6.251090309547296e-06,0.04782440513372421,0.037042160001066,6.46296548601687e-06,0.045267123728990555,0.03467674186778447,6.6241592739210365e-06,0.043045200407505035,0.03263911424529931,6.73533287437973e-06,0.04111117497086525,0.030878555443551805,6.80135385676686e-06,0.039423875510692596,0.029352629054633397,6.828638648263545e-06,0.03794785961508751,0.02802573253829328,6.823795688236645e-06,0.03665275126695633,0.026867907169082807,6.79302687885654e-06,0.0355125293135643,0.025853886668171202,6.741857572172857e-06,0.03450490161776543,0.02496232379168745,6.6750655142935646e-06,0.033610738813877106,0.02417517142991225,6.596631579907887e-06,0.032813556492328644
944,final,proj_out,Gaussian,1,0.08554339119129711,0.001905300295377004,0.24157151579856873,0.04665085330368981,1.6787573395814235e-05,0.05375254526734352,0.03726292230070583,8.607432656143182e-06,0.042701564729213715,0.03129539227793141,5.737132982356662e-06,0.03616136312484741,0.027107196106087594,4.3425508905302436e-06,0.03133406490087509,0.024026989641170653,3.595988022137758e-06,0.027604207396507263,0.02167424532983984,3.142776860782217e-06,0.025080375373363495,0.019822020852376544,2.8296937645307297e-06,0.02373449131846428,0.018331671547558572,2.5939263637478033e-06,0.022596444934606552,0.01711363397124741,2.4073353395087612e-06,0.021612253040075302,0.016106358359730434,2.2552164967557268e-06,0.020748158916831017,0.01526539580571273,2.1289044208814322e-06,0.019982028752565384,0.014557468897056959,2.0228426750159723e-06,0.019298505038022995,0.013957023753651552,1.933196652693998e-06,0.01868615299463272,0.013444086965469141,1.8570970460000945e-06,0.018135789781808853,0.013002853249273603,1.792190422379584e-06,0.01763961650431156,0.012620700257165092,1.7364025990102254e-06,0.017190832644701004,0.012287480948818109,1.6878504697947316e-06,0.01678359881043434,0.011994999020345627,1.6448739962330616e-06,0.016413088887929916,0.011736614821803949,1.6061230575681968e-06,0.016075413674116135
922,initial,patch_embed,Vertical,1,0.3667111738570153,0.32620949225757767,2.6433141231536865,0.08958772782768522,5.775858454556372e-07,0.0919644832611084,0.08894082371677671,6.254999263240753e-08,0.089383065700531,0.08876881216253553,5.604959371132873e-08,0.089251309633255,0.08869639996971403,5.778536263674683e-08,0.08924628049135208,0.08867571124481777,6.23988005302617e-08,0.08924801647663116,0.08867277417864118,6.388486147749699e-08,0.08923658728599548,0.08867448556517797,6.293201029341054e-08,0.08922359347343445,0.08867968015727543,6.195334637695203e-08,0.0892236977815628,0.08868886944320467,6.161013915755399e-08,0.0892426148056984,0.08870019550834383,6.189919292375134e-08,0.08926846832036972,0.08871149567384569,6.265126951366479e-08,0.08928807079792023,0.08872145497136646,6.358472419154216e-08,0.08929602801799774,0.08872968112192457,6.435456840293286e-08,0.08929265290498734,0.08873654298839115,6.462311638166997e-08,0.08928187191486359,0.08874286711215973,6.441906188904226e-08,0.08927026391029358,0.08874956530237955,6.414010934983001e-08,0.0892634466290474,0.08875717293648493,6.413635164179149e-08,0.08926253765821457,0.08876565347115199,6.449330399180761e-08,0.08926426619291306,0.08877467092067476,6.512138028877812e-08,0.0892678052186966
922,initial,patch_embed,Horizontal,1,0.3168880920561533,0.23146868850887198,2.303925037384033,0.089499189385346,4.2777600791942166e-07,0.09247639030218124,0.08896910032582661,9.919822192725076e-09,0.08928830921649933,0.08887184115629347,6.276238373000617e-09,0.08904469013214111,0.08884460207015749,5.364221561302734e-09,0.08898638188838959,0.08884547331503459,5.417675988100722e-09,0.08901850879192352,0.08885554661826482,5.731867988419977e-09,0.0890573263168335,0.08886953194936116,6.374618483866761e-09,0.08910545706748962,0.0888844094579182,7.3936288465059195e-09,0.08916451781988144,0.08889739877647823,8.68435801421149e-09,0.0892193615436554,0.08890774692334825,1.0049921831522087e-08,0.08925770223140717,0.0889162877722392,1.1444152628179834e-08,0.08927981555461884,0.0889242487767386,1.2945281565047101e-08,0.08929567039012909,0.08893233963421412,1.455585050324933e-08,0.08931024372577667,0.08894073963165283,1.621609618895198e-08,0.08932262659072876,0.08894959754414028,1.797077402075276e-08,0.08938226103782654,0.08895855775428196,1.9837476840870667e-08,0.08943653106689453,0.08896706288769132,2.171472800765324e-08,0.0894828513264656,0.08897471226870067,2.3430826984469827e-08,0.08952049911022186,0.08898144475524387,2.4842652438109463e-08,0.08955039083957672
922,initial,patch_embed,Gaussian,1,0.22047271875161972,0.1282278273932552,1.8688075542449951,0.06733615247030107,7.150549799105514e-08,0.0679466500878334,0.06717232212660805,2.8996691678858452e-08,0.06767021119594574,0.06716152659011265,3.418960691432764e-08,0.06768867373466492,0.0671509105771307,3.5977897719511214e-08,0.06767044961452484,0.06714579049083921,3.6247434408104166e-08,0.06764785200357437,0.06714614445254916,3.7051452391954296e-08,0.06764891743659973,0.06714570995361085,3.758752770814306e-08,0.06773107498884201,0.06714398745033476,3.744578948288799e-08,0.06775891780853271,0.06714352669696959,3.717858196885717e-08,0.06775082647800446,0.06714552936572878,3.6975862182573394e-08,0.06772865355014801,0.06714914147816008,3.659822865780353e-08,0.06769846379756927,0.06715433973641623,3.618856977172287e-08,0.06765609979629517,0.06716174561352957,3.58927947499642e-08,0.06765706092119217,0.0671704944873613,3.559968143766872e-08,0.06769266724586487,0.06717905307572986,3.516562671479143e-08,0.06771868467330933,0.06718644476126111,3.452108721801885e-08,0.06772810220718384,0.06719242402958492,3.3783533074870625e-08,0.06772223114967346,0.06719731149219331,3.3251891754810025e-08,0.06770801544189453,0.06720171395748381,3.3084926412807096e-08,0.06769197434186935
922,0,block_output,Vertical,1,0.9431905710981006,1.6874339100555962,5.120363712310791,0.1119868244443621,0.0001497797974898594,0.14559389650821686,0.09172383707667155,1.7227115222237113e-05,0.10098129510879517,0.08374695018643424,6.179934437218291e-06,0.08890126645565033,0.07965138968494204,3.301304016239126e-06,0.08339830487966537,0.07744755217480281,2.3876452102655814e-06,0.08081906288862228,0.07618736582142967,2.0364040481683613e-06,0.07928189635276794,0.07540857886511182,1.872224670385221e-06,0.07832436263561249,0.07488691404698387,1.7844876224080177e-06,0.07769764214754105,0.07451173036344468,1.7342174347558987e-06,0.07726624608039856,0.07422600568286956,1.704356640371999e-06,0.07695520669221878,0.07399845442601613,1.6860436206302748e-06,0.0767219066619873,0.07381073894008758,1.6742549371284287e-06,0.07654087245464325,0.07365147308224723,1.6660022205153478e-06,0.0763958990573883,0.07351326540349022,1.6594870926960914e-06,0.07627633213996887,0.07339114116297828,1.653605143670574e-06,0.07617489993572235,0.07328164518352538,1.6476818707417419e-06,0.07608681917190552,0.07318230753853208,1.6413231572620441e-06,0.07600898295640945,0.0730913161994919,1.634382411513377e-06,0.0759396031498909,0.07300730912931382,1.6269738434609843e-06,0.07587772607803345
922,0,block_output,Horizontal,1,0.7794823724599111,1.1900892884904526,4.77037239074707,0.1026537473949175,9.86013762638575e-05,0.13128690421581268,0.08629511663364986,7.533067655458216e-06,0.09765143692493439,0.08099043298335303,1.6564070143271732e-06,0.08656632900238037,0.07852206059864589,5.140079095560638e-07,0.08141040802001953,0.07725517499068427,2.3728999555549724e-07,0.0788692981004715,0.07653801746311642,1.5427227703400559e-07,0.0776299461722374,0.07608570111176324,1.2118464198773542e-07,0.07702465355396271,0.07577079889320192,1.0351505867444586e-07,0.07658635079860687,0.07553382206057745,9.191460985885735e-08,0.07624603807926178,0.07534492465238722,8.346394389123942e-08,0.07596874982118607,0.07518793748957771,7.70065685941846e-08,0.07577072829008102,0.07505351174918432,7.19285105155347e-08,0.07559969276189804,0.07493593898557481,6.783515358226115e-08,0.07545515894889832,0.07483155091130544,6.445627013957629e-08,0.07536245882511139,0.07473787428840759,6.160475238019405e-08,0.0752762109041214,0.07465315787565141,5.9152466362008305e-08,0.07519492506980896,0.0745761092929613,5.70130242248268e-08,0.07511749863624573,0.07450574033317112,5.5128260755067244e-08,0.07504318654537201,0.0744412535476306,5.346056229680352e-08,0.07497155666351318
922,0,block_output,Gaussian,1,0.4069866920037875,0.37575633080364984,2.6977157592773438,0.07037500327541715,2.1739145795210333e-05,0.08061912655830383,0.06286997040585866,1.9457336210949966e-06,0.06555767357349396,0.06068100880772349,1.0789540036200557e-06,0.06245245411992073,0.05956556701234409,9.590145902761264e-07,0.061313457787036896,0.058838464142311184,9.336107375842911e-07,0.06065833568572998,0.05832563228313885,9.42989152743047e-07,0.0602242574095726,0.057947808551409886,9.686652728589079e-07,0.059909719973802567,0.057658553833053225,1.0009740668867298e-06,0.059667058289051056,0.05742914271023539,1.0347159946532314e-06,0.059470757842063904,0.05724153082285609,1.0672555739200246e-06,0.05930588021874428,0.05708420400818189,1.0974943022007501e-06,0.05916333943605423,0.05694965698889324,1.125274829310009e-06,0.05903768911957741,0.05683286777800984,1.1509630104366086e-06,0.05892579257488251,0.056730383386214576,1.175089206572989e-06,0.05882585793733597,0.05663974429406817,1.1980586718369426e-06,0.05873658508062363,0.056559103585424875,1.2200315400391624e-06,0.058656662702560425,0.05648697676166656,1.240975309008087e-06,0.05858466774225235,0.056422118274938496,1.2607674028837736e-06,0.05851925164461136,0.056363461627846674,1.2792914875813368e-06,0.058459244668483734
922,1,block_output,Vertical,1,0.1710117734850399,0.01595587536790493,0.783957839012146,0.06599223111120481,2.6176568049510385e-05,0.07809941470623016,0.05793049334297105,5.454781336177628e-06,0.06333558261394501,0.055181825976996196,3.9311749333838924e-06,0.060325175523757935,0.053622725877969984,3.616310890720288e-06,0.05914199352264404,0.052610652550818426,3.518838860036466e-06,0.05843436345458031,0.051901976385759926,3.4691751180611968e-06,0.05793134123086929,0.051380541944314566,3.435714163223383e-06,0.057535819709300995,0.05098189898426571,3.4117727667757943e-06,0.05721307173371315,0.05066671358451011,3.393521825309411e-06,0.05694504454731941,0.05041001926338862,3.3790033915079206e-06,0.056717418134212494,0.05019580608322507,3.366942335560225e-06,0.05651935935020447,0.050013558259086,3.355906802452574e-06,0.05634293705224991,0.04985628229758096,3.3450700983434093e-06,0.05618339776992798,0.04971930142196398,3.3348985690661243e-06,0.056038856506347656,0.04959932892095475,3.326529977101969e-06,0.05590860918164253,0.04949384034862594,3.320729065459254e-06,0.05579167976975441,0.04940079069799847,3.3176547944640315e-06,0.05568685382604599,0.049318473194799727,3.3170613214335074e-06,0.05559300258755684,0.04924540582393843,3.3184316330942813e-06,0.055509112775325775
922,1,block_output,Horizontal,1,1.560099997217693,4.600270069836574,7.942836284637451,0.12076380647837169,0.00021307957673130643,0.1582670360803604,0.09340325778438932,3.371413336131696e-05,0.10567954182624817,0.08078311241808392,1.2011435256416677e-05,0.08819884061813354,0.0736226411092849,5.391282898801353e-06,0.07875919342041016,0.06940555891820363,2.9732946413500863e-06,0.07333005219697952,0.0668113704120356,1.9521756447094086e-06,0.06998389959335327,0.06510663848547708,1.4556377013800291e-06,0.06773412972688675,0.06389485335066206,1.179689988186572e-06,0.06612521409988403,0.06297037620393056,1.008552123331565e-06,0.06490772217512131,0.0622270903180516,8.938670380138755e-07,0.06394661217927933,0.06160783767700195,8.131277327862901e-07,0.06316530704498291,0.06107951724340045,7.544840544438147e-07,0.06257518380880356,0.060621428879953566,7.109699246095244e-07,0.06210196390748024,0.06021968588706047,6.781637984814714e-07,0.061695292592048645,0.05986439111450362,6.531296217266384e-07,0.0613413006067276,0.05954810498016221,6.33843608563149e-07,0.061029985547065735,0.059264988594111945,6.188710311442008e-07,0.06075389310717583,0.059010309950699884,6.071838651817326e-07,0.06050723046064377,0.058780149689742496,5.980321270188493e-07,0.06028542295098305
922,1,block_output,Gaussian,1,0.5847190253081775,0.7150123423205741,3.7612719535827637,0.07323018969997527,8.335848187424728e-05,0.09716823697090149,0.05763446048848213,6.841849691532602e-06,0.06532815098762512,0.05295793280478508,2.896463347191421e-06,0.05781794339418411,0.050559464723817886,2.167405234025783e-06,0.054450735449790955,0.048997334840278774,1.9504046950898636e-06,0.052486397325992584,0.04787917098119145,1.9080773272425674e-06,0.05118965357542038,0.04703658576759081,1.936164885986329e-06,0.0502677820622921,0.046378578340250345,1.990887059113565e-06,0.0495733879506588,0.045849741687850346,2.0527389625253145e-06,0.04902541637420654,0.045414165194545476,2.1129016114180588e-06,0.04857751727104187,0.045047796553089506,2.1675115081831974e-06,0.04820194095373154,0.04473407696636896,2.215204044217515e-06,0.04788107052445412,0.044461292466000904,2.255961837797992e-06,0.047603096812963486,0.04422094507349862,2.2905336311321596e-06,0.04735972732305527,0.044006755782498255,2.3200723726502034e-06,0.0471448078751564,0.0438140303133026,2.345818107306994e-06,0.046953484416007996,0.04363923703157713,2.3688229729436523e-06,0.0467817448079586,0.04347969236828032,2.389808189042241e-06,0.046626150608062744,0.04333332251934778,2.409164122612217e-06,0.04648382589221001
922,2,block_output,Vertical,1,0.4529218640592363,0.46332154571837664,2.942549705505371,0.06286398522437565,0.00010912155817603084,0.08601672947406769,0.044219510245417794,1.2677072799325185e-05,0.05416455864906311,0.038164136783471185,5.196712403549736e-06,0.0455535426735878,0.03513931423898727,3.6976456910607113e-06,0.041042640805244446,0.033222646142045655,3.1497482739563754e-06,0.0382675975561142,0.03188102955501231,2.883068266465453e-06,0.036457955837249756,0.030882632537257104,2.7262422174213163e-06,0.035518452525138855,0.030105884172140607,2.622092354623458e-06,0.0347682349383831,0.029480844203914915,2.5479324127833933e-06,0.034157801419496536,0.028964262248741254,2.493274100199027e-06,0.033652808517217636,0.02852790116790741,2.4524235751095015e-06,0.03322853147983551,0.02815261764067506,2.42186989887737e-06,0.03286685794591904,0.027825099076070482,2.3992418109905653e-06,0.032554224133491516,0.027535891337763695,2.3828354497104404e-06,0.03228021413087845,0.02727815399449023,2.3712999041860103e-06,0.0320366770029068,0.027046827954195794,2.3635052774468966e-06,0.03181733563542366,0.026838056033565885,2.358463428548923e-06,0.03161747753620148,0.026648797567874666,2.355350953182588e-06,0.031433723866939545,0.026476587331484235,2.3535062204078355e-06,0.03126366809010506
922,2,block_output,Horizontal,1,0.1522083804011345,0.011810272890543354,0.6969671249389648,0.05170511288775338,2.9274624588115468e-05,0.06262055039405823,0.04267525365428319,3.5625866710987874e-06,0.04669801890850067,0.039726742676326206,2.344736327703388e-06,0.042746759951114655,0.0379552324376409,1.8948123531215754e-06,0.04083801805973053,0.03675308882717102,1.6641676586229526e-06,0.03950854390859604,0.035879564841115284,1.5276829360568265e-06,0.03848125785589218,0.035217310582834574,1.4374511049680683e-06,0.037665948271751404,0.034700627837862284,1.3747242727895818e-06,0.03701554983854294,0.03428883750050787,1.3302733164709615e-06,0.036491215229034424,0.03395459984266569,1.298046973023845e-06,0.036060407757759094,0.03367893338676483,1.2742457260163074e-06,0.03569965064525604,0.03344839808368494,1.2564972360264021e-06,0.03539254516363144,0.03325328635909255,1.2432248582763267e-06,0.035127609968185425,0.03308646901259347,1.2333335830299986e-06,0.03489677608013153,0.032942610482374825,1.226057687012689e-06,0.03477793186903,0.03281763101380969,1.2208656889866097e-06,0.03468663990497589,0.03270833883138876,1.2173849123561425e-06,0.034604545682668686,0.03261219710111618,1.2153432442727988e-06,0.03453056514263153,0.032527171903186373,1.214514932129583e-06,0.034463927149772644
922,2,block_output,Gaussian,1,0.26891239833027597,0.15185781793822642,1.8174806833267212,0.04958177215996243,3.5592986455447134e-05,0.06591476500034332,0.03899666235323936,6.06457716805381e-06,0.045616067945957184,0.0347152945422937,3.3859646310827454e-06,0.039508379995822906,0.03223930012493852,2.5593030723975976e-06,0.03648114204406738,0.030610491566005208,2.197632394386479e-06,0.034446001052856445,0.02945853193246183,2.013001865676567e-06,0.03295990079641342,0.028598092851184663,1.9060125219194842e-06,0.032015737146139145,0.02792536632882224,1.8386013000352767e-06,0.031307805329561234,0.02737939375497046,1.7948651881256547e-06,0.03074435144662857,0.02692347283046397,1.7672350115559918e-06,0.030278772115707397,0.026535055910547573,1.7507767903731942e-06,0.02988537587225437,0.02619976911043364,1.7412044037512851e-06,0.02954857237637043,0.025907761047756862,1.7349615894187598e-06,0.029257062822580338,0.02565170990096198,1.7297081995197904e-06,0.02900196611881256,0.025425858322590117,1.7242666034368702e-06,0.02877650037407875,0.025225574978523783,1.7181749913246266e-06,0.028575733304023743,0.025047092062849847,1.7113313314408413e-06,0.028396064415574074,0.024887323142990234,1.703767924374992e-06,0.02823481895029545,0.02474371364547147,1.6955838178496464e-06,0.02808987721800804
922,3,block_output,Vertical,1,0.7616198820963739,1.279816770925152,4.325636863708496,0.060446176914468644,0.00018749129835491076,0.08866425603628159,0.03625842488356053,1.5803244302642824e-05,0.04497496783733368,0.02878176559886289,5.393928982259532e-06,0.03404431417584419,0.02489371213411528,3.1456921661802105e-06,0.028634697198867798,0.022331215086437407,2.2498118843299447e-06,0.0252688005566597,0.020442594700152913,1.7967438602131624e-06,0.02329021319746971,0.018960184402882108,1.5289277425060193e-06,0.021678583696484566,0.017752827307771123,1.3522244066094251e-06,0.020451132208108902,0.016747064651950958,1.2268781265155097e-06,0.01942954584956169,0.015896400717634058,1.133560103517759e-06,0.018558263778686523,0.015168600848742895,1.061690573711589e-06,0.01780933514237404,0.0145400089492637,1.0049205615054708e-06,0.017160871997475624,0.01399264731518333,9.591951432772876e-07,0.01659547910094261,0.013512521169133603,9.218069728121496e-07,0.016099203377962112,0.013088559761406883,8.908785507403424e-07,0.01566072553396225,0.012711892614052409,8.650631468493195e-07,0.015270838513970375,0.012375349459785318,8.433574495037515e-07,0.014922013506293297,0.012073081858929188,8.249902448669129e-07,0.014608082361519337,0.01180029030711878,8.093555505305444e-07,0.014323987066745758
922,3,block_output,Horizontal,1,0.11401054523293934,0.006771734457519374,0.4150329828262329,0.029940422920007554,1.5052033738497215e-05,0.03838234022259712,0.022620276592317082,2.2126420846422775e-06,0.025722686201334,0.019652523869086825,1.295668449459798e-06,0.022036729380488396,0.01782874758577063,9.919229931323975e-07,0.020037878304719925,0.016586742009080592,8.525365782985171e-07,0.018756967037916183,0.015699606181846723,7.826661285965885e-07,0.017829671502113342,0.015043989193463137,7.475973508950253e-07,0.017134707421064377,0.014546033896742359,7.31118173605998e-07,0.016600321978330612,0.014158863337740066,7.244183257894136e-07,0.01618153601884842,0.01385144895267865,7.226004776902331e-07,0.015849055722355843,0.013602736952995497,7.230963895985184e-07,0.015582852065563202,0.013398314855756268,7.246488361961968e-07,0.015368226915597916,0.013228238013292115,7.266089728394077e-07,0.015193838626146317,0.013085462212089508,7.28585327107348e-07,0.015050925314426422,0.012964797694058646,7.30320125168118e-07,0.014932820573449135,0.012862277601564687,7.31627427505896e-07,0.014834449626505375,0.012774778958705683,7.323654530060995e-07,0.014751939103007317,0.012699781813555293,7.324437896289004e-07,0.014682352542877197,0.012635211844647687,7.318613503139103e-07,0.014623536728322506
922,3,block_output,Gaussian,1,0.2605561090130655,0.15566499184565846,1.8151702880859375,0.03598375659849909,3.648367100748471e-05,0.051753513514995575,0.026421237825637774,5.719875354315242e-06,0.03169924020767212,0.02235585374255029,2.6944720116192997e-06,0.02578880451619625,0.019782427668807997,1.6069685819031246e-06,0.022415591403841972,0.017988860089745786,1.1125038807198357e-06,0.020198073238134384,0.016670643499801085,8.575712585547643e-07,0.018642034381628036,0.015661216769663113,7.127628485483421e-07,0.017505936324596405,0.014862827335794767,6.251826248871787e-07,0.016580745577812195,0.014214943325708784,5.701247855697356e-07,0.01581721194088459,0.013678176520717523,5.344132664496489e-07,0.015181384980678558,0.013225879224519881,5.10344115201827e-07,0.014648042619228363,0.012839454004452341,4.932647661764844e-07,0.01419744547456503,0.01250555534802732,4.804146410724781e-07,0.013813717290759087,0.0122143498045348,4.702250029709327e-07,0.013484024442732334,0.011958407563349557,4.6183389652328494e-07,0.0131980674341321,0.011731990893918371,4.5476648513217404e-07,0.012974119745194912,0.011530580856497325,4.487443776111784e-07,0.012780179269611835,0.011350564673424714,4.4358390928804647e-07,0.012603402137756348,0.011189010541235644,4.3914740682814176e-07,0.012441743165254593
922,4,block_output,Vertical,1,0.19047254341698827,0.049160661732592266,1.1752127408981323,0.034706419836434105,3.7375445343445654e-05,0.04944898188114166,0.024104714541444704,9.028140838169303e-06,0.03271397948265076,0.01909013401480421,4.658387658720572e-06,0.025408197194337845,0.015877070127143747,2.77883758186551e-06,0.020341893658041954,0.01365080415197308,1.8467075035511045e-06,0.01685459539294243,0.012027812619057913,1.3328871772721154e-06,0.014989244751632214,0.010799436785635493,1.0264455761310442e-06,0.013573081232607365,0.009842197381196514,8.32262650394261e-07,0.012456074357032776,0.009078751111196147,7.032863480423929e-07,0.011566173285245895,0.008458372589851182,6.141989605773415e-07,0.010849179700016975,0.007946496637212851,5.504882819663035e-07,0.010264422744512558,0.007518802547738666,5.03480433424739e-07,0.009781690314412117,0.007157695110118579,4.678437448913395e-07,0.009378744289278984,0.006850124979835181,4.4021755263381005e-07,0.009039188735187054,0.0065862010011360755,4.1842176129921396e-07,0.00875076837837696,0.006358274088669864,4.0098789280776537e-07,0.008504127152264118,0.006160340367979001,3.868807369293305e-07,0.008291887119412422,0.005987625147792555,3.753377546124948e-07,0.008108070120215416,0.005836293581754915,3.6579012763429324e-07,0.00794781930744648
922,4,block_output,Horizontal,1,0.18597073551444782,0.049163554324389104,1.2603187561035156,0.03765604695275662,3.950743167610641e-05,0.051561884582042694,0.025988306672800155,7.943222247362354e-06,0.0335882306098938,0.020730176378810215,3.6607784836865525e-06,0.025288034230470657,0.017566368427304996,2.148440247298338e-06,0.021373912692070007,0.015420670768926068,1.4401923898149374e-06,0.01873079314827919,0.013870755860966349,1.052665803726937e-06,0.016731373965740204,0.012707401983558185,8.19076877145488e-07,0.015246664173901081,0.01180818255635954,6.680444659983597e-07,0.014152172952890396,0.011095907893918809,5.650165609031688e-07,0.013248730450868607,0.010519979876421746,4.917707599322514e-07,0.012497762218117714,0.010046239631871382,4.38006073177519e-07,0.011869437992572784,0.009650994225272111,3.9753774412909557e-07,0.011340536177158356,0.009317377308708808,3.6645708765147446e-07,0.010892890393733978,0.00903308107739403,3.421883127473914e-07,0.010512209497392178,0.008788908728294902,3.2297379142486254e-07,0.01018717885017395,0.008577837305705226,3.0757545515225966e-07,0.009908756241202354,0.008394396649525753,2.950968494109062e-07,0.009669642895460129,0.008234250721418195,2.8487250781358057e-07,0.00946386530995369,0.008093909885261267,2.7639972566423204e-07,0.00928647629916668
922,4,block_output,Gaussian,1,0.13017857045171752,0.022937999913326946,0.817325234413147,0.028735016930907492,1.7260760019528778e-05,0.03755606710910797,0.020427595291818892,4.022099329233618e-06,0.024673817679286003,0.016236883928141897,1.8999907410123682e-06,0.01917428895831108,0.013549730536483583,1.1048313217499126e-06,0.015873983502388,0.011693788795835443,7.298958084332683e-07,0.013660911470651627,0.010355186471272083,5.35576107999929e-07,0.012086248025298119,0.009356470364663336,4.260645000750754e-07,0.010921020060777664,0.008589844034600353,3.5869502603904924e-07,0.010030143894255161,0.00798718963143608,3.1373400254223444e-07,0.009330380707979202,0.007504023774157441,2.8171444075640467e-07,0.008769102394580841,0.007110341659022702,2.5789295110827484e-07,0.008311523124575615,0.006785249574080346,2.397119832024109e-07,0.00793365202844143,0.00651376343347014,2.2564292063930916e-07,0.007618316914886236,0.006284860361899648,2.1467237453307488e-07,0.007352858781814575,0.006090253325445312,2.0607292836662495e-07,0.00712767755612731,0.005923599300403443,1.9929767914006806e-07,0.006935358513146639,0.005779968190287787,1.9392750120538056e-07,0.006770063657313585,0.0056554814578876605,1.8963805640147491e-07,0.006627144291996956,0.005547049906223066,1.8617948181189388e-07,0.006502853706479073
922,final,proj_out,Vertical,1,0.1538355438009141,0.007805474229055859,0.435070276260376,0.08409746298714289,3.2313340436923024e-05,0.09901493787765503,0.07230953748027484,2.5209331022173545e-05,0.08646926283836365,0.06351106188126973,2.4160091954573227e-05,0.07730470597743988,0.056170571004114454,2.352568310595548e-05,0.0697653740644455,0.04997403896044171,2.2788347533727266e-05,0.06334832310676575,0.04474959794491056,2.1873663837391963e-05,0.05783025175333023,0.04035212265120612,2.0824782466412965e-05,0.05307585746049881,0.0366516321424454,1.97012188176851e-05,0.048976004123687744,0.033534604346468336,1.855616703142912e-05,0.04543646425008774,0.03090388218443545,1.743082491339983e-05,0.042375121265649796,0.028677324128765908,1.635388835362606e-05,0.03972052037715912,0.026786051513183685,1.5343114503620953e-05,0.03741103783249855,0.02517268212423438,1.4407574567187473e-05,0.03539397567510605,0.023789674930629275,1.355003521442402e-05,0.0336248055100441,0.022597813550087196,1.2769038378027269e-05,0.03206624090671539,0.02156485500375903,1.2060610405544447e-05,0.030687354505062103,0.02066435765415903,1.1419464235193312e-05,0.029462549835443497,0.019874674548941946,1.0839795756606629e-05,0.028370600193738937,0.019178098333733424,1.0315762873118382e-05,0.027393842115998268
922,final,proj_out,Horizontal,1,0.12205906259635138,0.002578548027807853,0.297195166349411,0.08445427141019277,1.1418722818748167e-05,0.09249067306518555,0.07532652987847252,7.245890973636898e-06,0.08093659579753876,0.0677295790778266,6.312497309689303e-06,0.07332070171833038,0.061245264515044195,6.106720042342263e-06,0.06747257709503174,0.05571328008931781,6.218285526960601e-06,0.062445394694805145,0.050993579543299146,6.459765463709474e-06,0.05812054127454758,0.046963113227060864,6.730174037029012e-06,0.05439261347055435,0.04351714454473011,6.979137163756017e-06,0.051176391541957855,0.04056693211434379,7.184130215169935e-06,0.0484008863568306,0.038037135487511045,7.337333842985937e-06,0.04600438475608826,0.03586372641462182,7.438791946056052e-06,0.043932609260082245,0.033992314474686744,7.492743619499071e-06,0.04213811457157135,0.03237671842650762,7.505495427332247e-06,0.04057985544204712,0.030977763974713902,7.4840738659150484e-06,0.039222534745931625,0.029762244857256374,7.435412339701466e-06,0.038035936653614044,0.028702053729267346,7.3658511940483315e-06,0.03699418529868126,0.027773433320579074,7.280834628023914e-06,0.036075104027986526,0.02695633571535822,7.184798511959605e-06,0.0352596789598465,0.026233879051038196,7.081196172298003e-06,0.03453170135617256
922,final,proj_out,Gaussian,1,0.07610115290634216,0.0007990714964985219,0.18001168966293335,0.04759216101633178,1.4899162204823865e-05,0.05558467283844948,0.03886497884042679,8.749647367498292e-06,0.04493075609207153,0.033122823913655584,6.496947056249445e-06,0.03818314149975777,0.029009459126326773,5.275077162748593e-06,0.03363341465592384,0.02592716927802752,4.504338545151154e-06,0.0303211472928524,0.023531103624947487,3.963212933102699e-06,0.027634460479021072,0.021619130428584796,3.5606626315370804e-06,0.02551518753170967,0.020067657713615704,3.2530051026661737e-06,0.024224162101745605,0.018795032719416276,3.0138017237583383e-06,0.023123115301132202,0.01774299487708107,2.824401943684744e-06,0.022175665944814682,0.016867567652038166,2.670983528913266e-06,0.02135377563536167,0.016134438371019705,2.543377736724045e-06,0.02063599042594433,0.015516400381567933,2.4344041845409642e-06,0.020006179809570312,0.014991754828582681,2.339338485252915e-06,0.019452141597867012,0.01454317979218941,2.2553160143010276e-06,0.018964093178510666,0.014156853735801719,2.180643833218145e-06,0.01853353902697563,0.013821743576536103,2.114197070640138e-06,0.018152793869376183,0.013529024619076933,2.0550244710108934e-06,0.01781492866575718,0.013271617037909371,2.0022185701999636e-06,0.017513852566480637
899,initial,patch_embed,Vertical,1,0.3409935324674561,0.3053634200119591,2.693694829940796,0.08913562541443204,3.121814638673947e-07,0.0912688672542572,0.08877422388583894,1.0819901933548065e-07,0.08931730687618256,0.08867450756213022,1.0671190427576374e-07,0.08930428326129913,0.08862457459881193,1.0608376618846218e-07,0.08932417631149292,0.0886059675424818,1.0811822511911431e-07,0.0893593579530716,0.08860678734287383,1.1182671064953466e-07,0.08941028267145157,0.08861546514053194,1.161266176315339e-07,0.0894743800163269,0.08862412661787063,1.1957314283567534e-07,0.08949855715036392,0.08862912465655615,1.2121571616112017e-07,0.08950270712375641,0.0886328209723745,1.2230158724004537e-07,0.08952055871486664,0.08863791456771275,1.236248343692275e-07,0.08951564133167267,0.08864403102133009,1.2496920218542354e-07,0.08949793130159378,0.088649849096934,1.2593798671812885e-07,0.08951246738433838,0.08865477333939265,1.2632265058673193e-07,0.08951704949140549,0.08865894554626375,1.2615874893565528e-07,0.08950935304164886,0.08866290901861494,1.2562614111968202e-07,0.08949132263660431,0.08866742974708951,1.2491410153684792e-07,0.08946739882230759,0.08867319555036605,1.2420228976724703e-07,0.08945140987634659,0.08868058534368636,1.2371773300854194e-07,0.0894489660859108
899,initial,patch_embed,Horizontal,1,0.2501961419743205,0.13774335222753242,2.000577688217163,0.08966752803987926,1.0556997808060547e-07,0.09072963148355484,0.08930828244913191,2.105466066698377e-08,0.08977106213569641,0.08913154320584403,1.5681751275740126e-08,0.08951696753501892,0.08900699930058585,1.0306196029655862e-08,0.08925247192382812,0.08893224265840319,8.173949530949275e-09,0.08909641951322556,0.08889910803427772,8.278683827770294e-09,0.08909356594085693,0.08888958288090569,9.092990556029654e-09,0.0891302302479744,0.08889132442455443,1.0015517210184954e-08,0.08917589485645294,0.08889827829977823,1.0894726607417388e-08,0.0892157107591629,0.08890805464415323,1.1806729348541952e-08,0.08924803882837296,0.0889197586784287,1.2873525636141975e-08,0.08927847445011139,0.08893273463324895,1.4270724671874927e-08,0.08930887281894684,0.08894646522544679,1.6083037874774187e-08,0.08933582901954651,0.08896065633448344,1.825116805930224e-08,0.08935636281967163,0.08897487038657778,2.061658748733732e-08,0.0893697440624237,0.0889884400225821,2.297788619643318e-08,0.08937948942184448,0.08900076162720484,2.5132532909294425e-08,0.08943893015384674,0.08901154675654002,2.694200658111428e-08,0.0894906222820282,0.08902083278175384,2.8390604462246558e-08,0.08953455090522766
899,initial,patch_embed,Gaussian,1,0.32289661431596395,0.29370727578304,2.487215995788574,0.06737733029183887,3.6079079051654626e-07,0.06976477801799774,0.06709264916560007,7.258575685636664e-08,0.0679192841053009,0.0671052671377621,8.405755446522138e-08,0.06789672374725342,0.06709729868268209,7.92321118476367e-08,0.06781809031963348,0.06707273033403215,7.218638212728387e-08,0.06775954365730286,0.06705564154045922,6.900562839633463e-08,0.06780241429805756,0.06704402170957081,6.813017564080631e-08,0.06782796233892441,0.06703709184177338,6.760393216520265e-08,0.06782498210668564,0.06703533539696345,6.648846428034984e-08,0.06778966635465622,0.0670382437251863,6.541174998428439e-08,0.06773063540458679,0.06704532851775487,6.537866182647237e-08,0.06767431646585464,0.0670564031553647,6.650058549561003e-08,0.06765376031398773,0.06706972384736651,6.86456639792803e-08,0.06768889725208282,0.06708271292940018,7.138672245541498e-08,0.06773877888917923,0.06709464213677815,7.405330799842432e-08,0.0677962601184845,0.06710683010400288,7.66701951454234e-08,0.06785501539707184,0.06711941851036889,7.936326711482153e-08,0.06791052967309952,0.0671314157190777,8.189643055900886e-08,0.06795617192983627,0.06714220936336214,8.399258683127807e-08,0.06798814237117767
899,0,block_output,Vertical,1,0.50432110625127,0.58320422388497,3.3683791160583496,0.08976715318267307,1.8730126387645208e-05,0.10147657245397568,0.0815607218278779,6.44284663488536e-06,0.08817507326602936,0.07755444482678459,3.877914177889801e-06,0.08283339440822601,0.07544239030943976,3.0189869015666774e-06,0.07992005348205566,0.07429535864364534,2.6831948388119257e-06,0.07847526669502258,0.07362667861438933,2.5230354030597277e-06,0.07766085863113403,0.0731926615985613,2.433762708798277e-06,0.07713668048381805,0.07287904927654872,2.3796898763655917e-06,0.07676976919174194,0.07263368131622436,2.3450727641204164e-06,0.07649452239274979,0.07243188399644125,2.321460661316363e-06,0.07627636939287186,0.07226086620773588,2.3042653811108506e-06,0.07609566301107407,0.07211316719887749,2.291173070329309e-06,0.0759410560131073,0.07198394728558404,2.281196172168126e-06,0.07580636441707611,0.07186981207794613,2.2740165608768444e-06,0.07568861544132233,0.07176827213593892,2.2695032590680228e-06,0.07558625936508179,0.07167742141182461,2.2675279039670927e-06,0.07549804449081421,0.07159575252305894,2.267913702267904e-06,0.07542247325181961,0.07152200040836183,2.2703911483148493e-06,0.07535768300294876,0.07145507515422882,2.2746776243314297e-06,0.07530169188976288
899,0,block_output,Horizontal,1,0.6410119056938186,0.8549839320694597,4.046285152435303,0.10343218393742092,4.997316122615129e-05,0.1250457912683487,0.08934616297483444,7.13113154740409e-06,0.09549064934253693,0.0829945123857922,1.8882582454835487e-06,0.08616843074560165,0.07980665718279188,7.016869869559153e-07,0.08167078346014023,0.07813092155588998,3.8139495344014026e-07,0.07980968058109283,0.07718761300756818,2.702594384165776e-07,0.07864899188280106,0.07660346773881761,2.1821782814340105e-07,0.07786334306001663,0.07620416356930657,1.876879828215611e-07,0.07729221880435944,0.07590861062681864,1.6738209701864297e-07,0.07685542106628418,0.07567682696713342,1.5278167546869984e-07,0.0765676498413086,0.07548717196498599,1.4160145511950836e-07,0.07640129327774048,0.0753268872698148,1.3254157855726308e-07,0.07625152170658112,0.07518797817211302,1.248328997941132e-07,0.07611390948295593,0.0750652365977802,1.1804840487997812e-07,0.07598644495010376,0.0749552087887885,1.1197252461839566e-07,0.07586805522441864,0.07485558920436436,1.065318567049749e-07,0.0757579505443573,0.07476482895158586,1.0170484478384418e-07,0.07565514743328094,0.07468182345231374,9.746472625620368e-08,0.07555840909481049,0.07460570926704103,9.376225141830093e-08,0.07546666264533997
899,0,block_output,Gaussian,1,0.6906101884586471,1.0223576084185289,4.736916542053223,0.07732581560100828,5.033350187961739e-05,0.09997250884771347,0.06570173031280911,4.332465355109077e-06,0.0697675496339798,0.0619957290353283,1.977705233844505e-06,0.06470243632793427,0.06014776626040065,1.5790213552360953e-06,0.06260053813457489,0.059002079720061926,1.468944864693398e-06,0.06135614216327667,0.058220772752686153,1.4495955004045707e-06,0.060519251972436905,0.0576643713764728,1.473950318682522e-06,0.059993401169776917,0.05725404472341613,1.518600533577425e-06,0.05966357886791229,0.05694057130151325,1.5700952705919964e-06,0.05941317230463028,0.05669285812311702,1.6212822010759058e-06,0.05921287089586258,0.05649120313307596,1.6687378974537582e-06,0.05904587358236313,0.05632293253900513,1.7111000289296357e-06,0.0589025653898716,0.05617965225662504,1.7480966113535407e-06,0.05881495773792267,0.05605559571394845,1.779995871077893e-06,0.05874105542898178,0.05594665858717192,1.8073227914712328e-06,0.05867263674736023,0.05584983172870818,1.8307087233692652e-06,0.05860888212919235,0.055762867665007,1.850852515709969e-06,0.058549415320158005,0.05568407221682488,1.868477919183095e-06,0.058494046330451965,0.05561215489629715,1.8842884797155719e-06,0.058442555367946625
899,1,block_output,Vertical,1,0.29366544504014275,0.151557206945674,2.043224334716797,0.07088256343489602,4.027476934790071e-05,0.08608654141426086,0.05920813847628851,7.382546975326434e-06,0.06538297235965729,0.05493810636893151,4.530293785425516e-06,0.06002793461084366,0.05283133579151971,4.064435268109935e-06,0.05823904275894165,0.0515596332058074,4.014898772059648e-06,0.057228606194257736,0.05070020086945049,4.070898040701889e-06,0.056580353528261185,0.05007689937003075,4.147927493014611e-06,0.05612725764513016,0.049599730424464694,4.219226529211791e-06,0.05578944832086563,0.04921852797269821,4.277819629868006e-06,0.0555252879858017,0.04890404647541425,4.323784297115204e-06,0.055311668664216995,0.04863841855336749,4.35940117771056e-06,0.055134717375040054,0.04841010846079342,4.3872219111449024e-06,0.05498526990413666,0.04821124998113466,4.409368218841629e-06,0.054856881499290466,0.04803621502859252,4.427427805503262e-06,0.05474485456943512,0.04788080833497502,4.4424972290997985e-06,0.05464564263820648,0.047741791499512534,4.455306478060387e-06,0.05455654114484787,0.04761660566169118,4.466286865508994e-06,0.054475463926792145,0.04750318955334406,4.4757016342607176e-06,0.05440085381269455,0.04739987873841846,4.483746101423985e-06,0.05433165654540062
899,1,block_output,Horizontal,1,0.4365157450711916,0.24727571886338226,2.2480521202087402,0.09560899602042304,0.00017361912595529778,0.14161232113838196,0.07386256435087749,1.4972303918327613e-05,0.08539434522390366,0.06649069156911638,3.394490694225198e-06,0.07186300307512283,0.06324467222605433,1.5758927862968373e-06,0.06683454662561417,0.06145081261084193,1.1082547529889656e-06,0.06433919072151184,0.06026911067347678,9.158155476016652e-07,0.06273441016674042,0.05941348428290988,8.147803248935275e-07,0.06156438961625099,0.058763317468147426,7.583938596969274e-07,0.06079834699630737,0.05825360858487704,7.275498378524629e-07,0.060214150696992874,0.057843714124626584,7.11852917734672e-07,0.05974842980504036,0.05750653750839688,7.052096929773312e-07,0.05936949700117111,0.05722348315138665,7.039556432634928e-07,0.05905578285455704,0.05698154736605902,7.058314617697496e-07,0.058792050927877426,0.05677148948113123,7.094472305471004e-07,0.058567240834236145,0.05658663998520563,7.140155033943513e-07,0.05837317183613777,0.05642208841348451,7.19149620398063e-07,0.058203741908073425,0.05627414915296766,7.246815625432316e-07,0.058054305613040924,0.05613998335505289,7.305067365842701e-07,0.05792123079299927,0.05601738647572578,7.364769338092465e-07,0.05780157074332237
899,1,block_output,Gaussian,1,0.2147108084625668,0.08484948676584324,1.3790819644927979,0.05430977897984641,1.7409831188708416e-05,0.06684494763612747,0.04788062550009243,4.381387374298737e-06,0.05312276631593704,0.045654601520962186,3.2966582993390323e-06,0.04961700364947319,0.0444246344268322,3.0847193879620986e-06,0.04839843884110451,0.04359843581914902,3.0281605613571363e-06,0.047547198832035065,0.042991450972973355,3.0082932181324114e-06,0.04687348008155823,0.04252320533943555,2.994535193424617e-06,0.04631464183330536,0.042149857632697574,2.9802912003996284e-06,0.04597187042236328,0.04184453822081051,2.9690375058306643e-06,0.04571299999952316,0.041590250910274566,2.964818263377156e-06,0.04549432545900345,0.04137556201645306,2.9676608648571477e-06,0.04530941694974899,0.041192038428215755,2.975564915038958e-06,0.04515233635902405,0.04103324538658536,2.986772933360353e-06,0.04501718282699585,0.04089430465348183,3.0000680561390464e-06,0.04489866644144058,0.04077149082034353,3.0144871473093917e-06,0.04479248821735382,0.04066191513150457,3.0291403900476334e-06,0.04469550400972366,0.04056330770254135,3.043178027546601e-06,0.04460573196411133,0.04047388642553299,3.055937535918963e-06,0.04452219605445862,0.04039227720054369,3.0670295235224813e-06,0.04444441571831703
899,2,block_output,Vertical,1,0.3384085704409887,0.2100604726728718,2.448181390762329,0.059880129756435516,0.00012040153316041141,0.08253449201583862,0.04151789093064883,1.5806045161825598e-05,0.05405522137880325,0.03540203457195607,7.219896552370109e-06,0.04444825276732445,0.03229077754630929,5.030237868328307e-06,0.039097633212804794,0.030373635775749645,4.182541620372271e-06,0.03589825704693794,0.02906164997035549,3.7716126916717086e-06,0.03387333080172539,0.028092134034349805,3.5319485800997268e-06,0.03301743045449257,0.027335916926699972,3.3711385579817122e-06,0.032265014946460724,0.02672342089788308,3.253014600333435e-06,0.031590212136507034,0.02621397470671033,3.1619968200609862e-06,0.0309879370033741,0.02578218769104708,3.0903433876662484e-06,0.03054925799369812,0.02541124119999863,3.0332756071730234e-06,0.03020949847996235,0.025089317370974827,2.987344403017018e-06,0.029909800738096237,0.024807670227591953,2.9499397379770063e-06,0.02964407205581665,0.02455957405387409,2.9191248820173853e-06,0.029407761991024017,0.02433973184180638,2.8934776164672713e-06,0.0291970893740654,0.024143905541489995,2.871951629420366e-06,0.02900879830121994,0.023968658010874475,2.853766342688841e-06,0.02884005755186081,0.023811165834703142,2.8383205475487385e-06,0.028688393533229828
899,2,block_output,Horizontal,1,0.9458979995004715,1.7342417119065177,5.406341552734375,0.10491972629513059,0.0003319007017695645,0.14738067984580994,0.0685302863518397,4.3313500111704975e-05,0.08502958714962006,0.05407511094023311,1.0762994900214765e-05,0.06274428963661194,0.047288253371204646,4.281779786808412e-06,0.052756935358047485,0.04365352192331874,2.7610968464582007e-06,0.04759269207715988,0.04136346735888057,2.2783149813372422e-06,0.044509124010801315,0.03974363964701456,2.0632829848728542e-06,0.04272090643644333,0.03852009388899046,1.939548470917002e-06,0.04141702875494957,0.037557780565250484,1.8562322267664805e-06,0.04038279503583908,0.0367787013214732,1.7952187629443933e-06,0.03954026848077774,0.03613361083562412,1.7487602571289648e-06,0.03884033113718033,0.03558977261658699,1.7127813646981763e-06,0.03825017437338829,0.03512456563730088,1.6846581811961554e-06,0.03774676099419594,0.03472180173747123,1.6624844650431197e-06,0.037313178181648254,0.03436951297852728,1.6448356947206446e-06,0.036936525255441666,0.03405862029582735,1.6306403214672756e-06,0.03660669922828674,0.033782072010494414,1.619101854244812e-06,0.036315664649009705,0.033534302036204035,1.6096449506108349e-06,0.036056965589523315,0.03331085989281299,1.6018488314520137e-06,0.03582537919282913
899,2,block_output,Gaussian,1,0.20306359136861468,0.06124958283809375,1.3726768493652344,0.05003479099462903,4.403297195892539e-05,0.06667599081993103,0.03857941304643949,8.806515138541704e-06,0.04800168424844742,0.03392844753605979,4.428172963759238e-06,0.03973602503538132,0.031209233823040174,2.991497030521105e-06,0.0351097509264946,0.029387735303432222,2.3786131874910488e-06,0.032842569053173065,0.028084192070223037,2.089101548007733e-06,0.03148030489683151,0.027107774176531367,1.9457541574005256e-06,0.030502811074256897,0.026349869128020984,1.8733920843192984e-06,0.029767083004117012,0.025745228612943302,1.8361763219389943e-06,0.029190514236688614,0.025252072879719357,1.8163968392518277e-06,0.028722260147333145,0.024842303068864913,1.8055264549507053e-06,0.028331812471151352,0.024496515266715535,1.799486589949065e-06,0.02800077758729458,0.024200900531713924,1.7963064978048567e-06,0.027717459946870804,0.023945324773353243,1.7949720168027807e-06,0.027474023401737213,0.023722179618383212,1.794863132719704e-06,0.027264824137091637,0.023525706329752528,1.7955197561920616e-06,0.027085307985544205,0.023351554862327047,1.796595546938466e-06,0.02693120762705803,0.02319642389932322,1.797858429082585e-06,0.026798289269208908,0.023057748992291707,1.79916873347053e-06,0.026682626456022263
899,3,block_output,Vertical,1,0.0861930421716164,0.004394773698888005,0.3375188708305359,0.021950921782898525,1.078427078856107e-05,0.029671737924218178,0.016371398750278685,2.8273075279082797e-06,0.0202663354575634,0.013783482893828362,1.708658014928598e-06,0.016849124804139137,0.012196801913281282,1.3110043124165327e-06,0.01512717455625534,0.01113077627110576,1.1266104482491377e-06,0.014097741805016994,0.010368307889808737,1.0233717373901316e-06,0.013341867364943027,0.009798149933062848,9.572064492064329e-07,0.01276521384716034,0.00936003921494361,9.12170136380845e-07,0.01231648400425911,0.009016923739441804,8.802328726639381e-07,0.01196170412003994,0.008743864964575522,8.565491170452363e-07,0.011677322909235954,0.008523536639081107,8.382331814395661e-07,0.011446529068052769,0.008343563555547643,8.235501552665731e-07,0.01125715859234333,0.008194949204427383,8.114731190517509e-07,0.011100424453616142,0.008071084469852467,8.01402103453066e-07,0.010969925671815872,0.00796706188795349,7.929703825343026e-07,0.010860826820135117,0.007879176398827917,7.859192041031872e-07,0.010769335553050041,0.0078045708969945,7.800334530265352e-07,0.010692398995161057,0.007740996615399444,7.75120913513009e-07,0.010627573356032372,0.0076866556579868,7.710064032444145e-07,0.010572876781225204
899,3,block_output,Horizontal,1,1.4407351613044739,3.8409675936783585,7.507895469665527,0.11171671085887486,0.0006069255860240186,0.18428367376327515,0.062218232760353695,8.803454717592668e-05,0.08370097726583481,0.04329267256553211,2.0148310358854672e-05,0.052600473165512085,0.035060503446157014,8.201596007844035e-06,0.04194634407758713,0.030659557541921026,4.9169751979090055e-06,0.035849668085575104,0.02782013761027465,3.4803450077090765e-06,0.03239905834197998,0.02576338363781808,2.6794756459956372e-06,0.029943881556391716,0.024170271993156463,2.185293533815754e-06,0.028068702667951584,0.02288286361311163,1.8628533606234031e-06,0.026578079909086227,0.02181172829180483,1.6425479599829262e-06,0.025357358157634735,0.020900961573398304,1.4851057666474175e-06,0.024332810193300247,0.02011311607110122,1.367665535321429e-06,0.023454152047634125,0.019422004590668375,1.276698619877328e-06,0.02268611639738083,0.018808835082583956,1.2040271232559073e-06,0.022003712132573128,0.018259850848052237,1.1445674884161969e-06,0.021389268338680267,0.017764772865034285,1.0950428722294595e-06,0.02083028480410576,0.017315741776237414,1.0532428938245808e-06,0.020317845046520233,0.016906592654921705,1.0176073324919103e-06,0.019845515489578247,0.01653235943781005,9.869858794235512e-07,0.019408559426665306
899,3,block_output,Gaussian,1,0.22082830397855668,0.08952202634133813,1.4249390363693237,0.0373827118485693,4.1923564098366764e-05,0.05150313675403595,0.026216996360629324,6.05827256743977e-06,0.03220950812101364,0.021625401511315315,2.630506304665236e-06,0.025325100868940353,0.01890800754347491,1.5513662384881544e-06,0.021637197583913803,0.017047287127564825,1.0695108362977522e-06,0.019320113584399223,0.0156771961510891,8.136261348899351e-07,0.01758492738008499,0.014626506982105119,6.631024018118628e-07,0.01626555249094963,0.013797545997751138,5.683001545432355e-07,0.01541160512715578,0.013129008268671376,5.061394169734713e-07,0.014746082946658134,0.012580383465521865,4.645767184130068e-07,0.014188132248818874,0.012123658794850584,4.3633248278357334e-07,0.013715207576751709,0.01173871091847855,4.166408606759071e-07,0.013310739770531654,0.011410739450227646,4.0243820095739714e-07,0.01296168565750122,0.011128687270222202,3.9183503185485976e-07,0.012657783925533295,0.010884155001905229,3.8367671016237355e-07,0.012391012161970139,0.010670655820932653,3.772296042359538e-07,0.012155096977949142,0.010483096205880718,3.71989662854238e-07,0.011945080012083054,0.010317422479154572,3.6757996286963034e-07,0.011757043190300465,0.010170381457086593,3.6371122721642017e-07,0.011587940156459808
899,4,block_output,Vertical,1,0.08989768090938764,0.004822440807522316,0.41483771800994873,0.025585412860862793,1.8563100312148885e-05,0.035930197685956955,0.017064863224587744,4.379339880634763e-06,0.02212645672261715,0.013028158599303829,1.9625879769496875e-06,0.016399551182985306,0.010651261974421759,1.2047641006802027e-06,0.013492641970515251,0.00909490938047095,8.628753531949985e-07,0.011881010606884956,0.008015152791308032,6.81451426660993e-07,0.010739322751760483,0.007235551445138833,5.773378932486242e-07,0.00990159809589386,0.0066551049757334925,5.130766775099154e-07,0.009269440546631813,0.006212098723543542,4.7086506265481233e-07,0.00878092460334301,0.0058672512911023605,4.418035908360289e-07,0.00839613750576973,0.005594594167575004,4.21053086667971e-07,0.00808863714337349,0.005376303294998786,4.0577560298244133e-07,0.007840295322239399,0.0051996913768114555,3.9421734104836244e-07,0.007638105656951666,0.005055482395821148,3.852633013332021e-07,0.007472292985767126,0.004936785791956243,3.781972477440682e-07,0.007335357833653688,0.004838409937090344,3.72557460204075e-07,0.007221514359116554,0.004756375208556179,3.680496542343467e-07,0.007126363459974527,0.0046875700724148565,3.6448735484450327e-07,0.007046604994684458,0.004629518374771116,3.617428547049985e-07,0.006979743018746376
899,4,block_output,Horizontal,1,0.9452610351736583,1.9070307249443548,5.395480155944824,0.08314227147234811,0.0003065607163003357,0.11814311146736145,0.04896820194664456,3.917648523481427e-05,0.06392326951026917,0.03687028947567183,1.2916075290025904e-05,0.045633651316165924,0.030462417012405773,6.987355072168783e-06,0.036885201930999756,0.026277566713000102,4.491932177841534e-06,0.031792908906936646,0.02330492138271294,3.1894486216570816e-06,0.02802969142794609,0.021060849584284284,2.412165622352044e-06,0.025088299065828323,0.019283951659287726,1.898350902337064e-06,0.022699132561683655,0.017827988306563052,1.5346344537768383e-06,0.02071305736899376,0.01660636564095815,1.2659246399722182e-06,0.01903856359422207,0.015564045972294278,1.0620314536472884e-06,0.017612185329198837,0.014663662997976182,9.045444452815003e-07,0.016483349725604057,0.01387848388699312,7.812835894317603e-07,0.015610400587320328,0.013188616136118533,6.837628912633604e-07,0.014831745997071266,0.012578803158941724,6.0588853698119e-07,0.014132365584373474,0.012037052950333981,5.432013723060116e-07,0.01350107230246067,0.01155374035061825,4.923850146315301e-07,0.012929247692227364,0.01112100656425196,4.509389788195887e-07,0.012452242895960808,0.010732342222971576,4.1695270584689875e-07,0.01203595194965601
899,4,block_output,Gaussian,1,0.1625007600893104,0.03165573168484104,1.0760841369628906,0.03306165887486367,3.220944726787951e-05,0.044925250113010406,0.0220701021571008,6.604043792487768e-06,0.02733493596315384,0.016957949699153974,2.501939396402677e-06,0.01985129714012146,0.01394252334203985,1.3079749568023384e-06,0.016429990530014038,0.011946425994946844,8.278024215261341e-07,0.01411439385265112,0.010527400979920038,5.887395906509627e-07,0.012464918196201324,0.009470250812314805,4.5305302678672115e-07,0.011247579008340836,0.008656703726580691,3.6945375466968805e-07,0.010323324240744114,0.008015530021299445,3.149099232962184e-07,0.009604021906852722,0.00750082814770322,2.77727470712245e-07,0.009031979367136955,0.007081473926230083,2.51459941166796e-07,0.008568423800170422,0.006735491366790873,2.3233108572899627e-07,0.008186562918126583,0.006446884035886754,2.1802235095662725e-07,0.007867380976676941,0.006203758352923961,2.070525808177287e-07,0.0075971330516040325,0.005997151535536561,1.9844074813431625e-07,0.007365787867456675,0.005820244838971467,1.9152011106072256e-07,0.007165966089814901,0.00566779619585427,1.8583192736242374e-07,0.006992127746343613,0.0055357154961379745,1.8106251130859582e-07,0.0068400101736187935,0.00542075459712318,1.7699827279524209e-07,0.0067062340676784515
899,final,proj_out,Vertical,1,0.11464947745913551,0.002995934555449551,0.311399906873703,0.07354146147531176,2.6012892965500775e-05,0.08391809463500977,0.06383366882801056,2.423035908584646e-05,0.07511620223522186,0.05597610582434942,2.3410541411348403e-05,0.0675160139799118,0.049500992846867396,2.2695899051145806e-05,0.061229415237903595,0.04417543284713276,2.1863007704287136e-05,0.05596517026424408,0.03979601255721516,2.089260222859554e-05,0.0515364408493042,0.03618605378719549,1.982262944046281e-05,0.04779156669974327,0.033198667069276176,1.8707223063660986e-05,0.04460648447275162,0.030714530497789383,1.7596094241277273e-05,0.04188048094511032,0.028637640148637785,1.6525862943669106e-05,0.03953222185373306,0.02689096411424024,1.5519176573158725e-05,0.03749646991491318,0.025412680551646246,1.4587462347585962e-05,0.03572116792201996,0.024153148311944234,1.3734460578127336e-05,0.03416476771235466,0.02307249874704414,1.2959148572562953e-05,0.032793909311294556,0.022138727828860283,1.2257730844221426e-05,0.03158142417669296,0.021326156347871772,1.1624953732319525e-05,0.030504919588565826,0.020614173352008776,1.105491201370037e-05,0.029545731842517853,0.01998621290401807,1.0541600157378992e-05,0.02868817374110222,0.019428920015574447,1.0079228673255198e-05,0.027918949723243713
899,final,proj_out,Horizontal,1,0.12951577170973733,0.003327247918271488,0.3402329683303833,0.08670907976135375,1.203240200510659e-05,0.09362851083278656,0.07775774255158409,7.547947717518956e-06,0.08264249563217163,0.07052708582745658,6.724844423007891e-06,0.07603180408477783,0.06433361236538206,6.623407158347168e-06,0.07034508883953094,0.05899796995615202,6.744117301495989e-06,0.06535999476909637,0.054399842130286355,6.935235863453223e-06,0.06100144609808922,0.050433206593706495,7.126900637146524e-06,0.05719614773988724,0.04700665489312202,7.289576329171256e-06,0.05387797951698303,0.04404259833788115,7.41421575851037e-06,0.050988439470529556,0.041475132048603085,7.500553420471274e-06,0.0484745018184185,0.03924798368225022,7.551463482935071e-06,0.04628762602806091,0.03731289133429527,7.570806801712252e-06,0.04438374936580658,0.03562834669673254,7.562641110551033e-06,0.04272353649139404,0.034158632070535704,7.531041087724426e-06,0.04127237945795059,0.03287302430660006,7.480016856580341e-06,0.04000028222799301,0.03174513418759618,7.4134029817577215e-06,0.038881443440914154,0.03075234784138581,7.334785775801057e-06,0.0378938652575016,0.029875325985134593,7.247396243537325e-06,0.0370187945663929,0.029097570609005672,7.154073356630934e-06,0.03624036908149719
899,final,proj_out,Gaussian,1,0.07341310890421035,0.0006899055833767425,0.17287762463092804,0.04597723708739356,1.3517006411453985e-05,0.05387379974126816,0.03832338469487334,8.017557896199507e-06,0.04440896585583687,0.03316294774413109,5.989555730276837e-06,0.038435302674770355,0.029371588003067745,4.960311569378132e-06,0.03401020169258118,0.02647476734977866,4.3685324194916016e-06,0.030850384384393692,0.02419793073620115,3.982565725458013e-06,0.02911621332168579,0.022374221788985387,3.7066675081967737e-06,0.027650441974401474,0.020894895085976237,3.4982157873736144e-06,0.02639998123049736,0.019683851890029417,3.3344037733540736e-06,0.025323957204818726,0.018684976630740695,3.2008303835912795e-06,0.024390116333961487,0.017855475346247356,3.087790482043934e-06,0.02357390709221363,0.01716203595851622,2.9889390506712315e-06,0.02285739779472351,0.0165784228888769,2.9005340140793873e-06,0.022227410227060318,0.01608384758352287,2.8206320755373024e-06,0.021673351526260376,0.015661784772953345,2.7482752351071447e-06,0.02118571102619171,0.01529907321350442,2.682841817089394e-06,0.02075549215078354,0.014985206817823744,2.623728092223422e-06,0.02037438564002514,0.014711776452641639,2.5702735506617993e-06,0.02003500424325466,0.01447202804838381,2.5218006827238408e-06,0.019730981439352036
874,initial,patch_embed,Vertical,1,0.5370875898571241,0.7070724858227814,3.7571394443511963,0.08933316076558734,4.4198105198924596e-07,0.09099240601062775,0.08878872851057658,1.9308925297051556e-07,0.08966894447803497,0.08861743410428365,1.926054478587845e-07,0.08952289819717407,0.08852806297086534,1.9760834975375876e-07,0.08946488797664642,0.08849459602719262,2.0689759479108643e-07,0.08947789669036865,0.08848679420493898,2.1736621535661657e-07,0.08949977159500122,0.08848620099680764,2.233047589905321e-07,0.0894770622253418,0.08848805110605937,2.2477266929650747e-07,0.0895259827375412,0.08849306487374836,2.2546894302754453e-07,0.08953768014907837,0.08850144346555074,2.274693305866502e-07,0.08956830203533173,0.0885123625870735,2.305497248511104e-07,0.08961902558803558,0.08852483556857185,2.3356494949686986e-07,0.08966308832168579,0.08853817813926274,2.362498944853904e-07,0.08970509469509125,0.08855174056121282,2.3915354605960446e-07,0.08974599093198776,0.08856466743681166,2.4228988901754655e-07,0.08977779000997543,0.08857623073789808,2.452095466355118e-07,0.08979256451129913,0.08858628133459696,2.4804545126102937e-07,0.08979125320911407,0.08859541231677645,2.51341781827195e-07,0.08978092670440674,0.08860435561528282,2.546670382839899e-07,0.08976539969444275
874,initial,patch_embed,Horizontal,1,0.30206359390701565,0.21666328967754805,2.262698173522949,0.08946923320255583,2.0297917693058701e-07,0.09124308824539185,0.08916679864364957,1.8167215221591256e-08,0.08958573639392853,0.08907236241632038,1.3899203377504386e-08,0.08936627954244614,0.08899485875689794,1.0518789590619011e-08,0.08918139338493347,0.08895181379620991,1.0472496274331906e-08,0.08914882689714432,0.08892761229995698,1.1680401842039319e-08,0.08915749937295914,0.08891325171977754,1.2480105750071888e-08,0.08916367590427399,0.08890779884088607,1.298622653100576e-08,0.08917410671710968,0.08891067831289201,1.4059133229235157e-08,0.0892011970281601,0.08891937538744911,1.6014517810316315e-08,0.08923482894897461,0.08893083296124897,1.8677176089951245e-08,0.08925707638263702,0.08894263302522992,2.1482708635796017e-08,0.089288130402565,0.08895352683843129,2.377137727966451e-08,0.08933354169130325,0.08896358713271126,2.527650854200374e-08,0.08936543762683868,0.08897366090899422,2.6214810851933055e-08,0.0893874242901802,0.08898451427618663,2.6984840793985324e-08,0.0894528403878212,0.08899637382654917,2.7945397247964422e-08,0.08951307833194733,0.08900892699048632,2.9331680922615767e-08,0.08957009017467499,0.0890215624655996,3.1236804934299986e-08,0.08962415158748627
874,initial,patch_embed,Gaussian,1,0.19050670675342046,0.08392894819834087,1.529020071029663,0.06720381845084447,1.8370060432170153e-07,0.06845103204250336,0.06702356300656757,1.4550465868538704e-07,0.06790804862976074,0.06693730396883828,1.2710992402874093e-07,0.06784132868051529,0.06691316278680923,1.2275157978938502e-07,0.06782360374927521,0.06691121250864059,1.2425589280476762e-07,0.06779100000858307,0.06692142619027032,1.2697434140175877e-07,0.067763552069664,0.06693803708231638,1.3019546949885782e-07,0.06773480772972107,0.06695766143855594,1.3317882660675435e-07,0.06775686889886856,0.06697696104409202,1.3576718693171339e-07,0.06781516969203949,0.06699385340251619,1.3824845043912957e-07,0.06785991787910461,0.06700821244527423,1.411806655356253e-07,0.06789717823266983,0.06702266231415764,1.455303425736778e-07,0.06794007867574692,0.06703984867485743,1.513397372950665e-07,0.06798464804887772,0.06705971499757162,1.5781889060962826e-07,0.06803654134273529,0.06708088552667982,1.64294402931389e-07,0.06809086352586746,0.06710195115634374,1.7043908859341808e-07,0.06814102083444595,0.06712149509361812,1.7625328252043536e-07,0.06818118691444397,0.06713835977845722,1.8180140851503415e-07,0.06820723414421082,0.06715246621105406,1.869838692272228e-07,0.06821882724761963
874,0,block_output,Vertical,1,0.854857355711006,1.688425289274159,5.162710666656494,0.10010205433955269,4.720057687718768e-05,0.12199717015028,0.0880369542846604,1.4779739692147066e-05,0.10135169327259064,0.0816616556710667,8.921200277728819e-06,0.09151679277420044,0.07778351186286836,6.396519118394375e-06,0.08543655276298523,0.07543927218232836,5.167720171343878e-06,0.08164612948894501,0.07402775294723965,4.522468519182384e-06,0.07930838316679001,0.07316259070048256,4.162738681807112e-06,0.07786040008068085,0.07260555856757694,3.95307512679133e-06,0.07694026827812195,0.07222009698549907,3.827519567778029e-06,0.0763288140296936,0.07193265902617621,3.751296686591106e-06,0.07589974254369736,0.07170469999786407,3.7048482546428616e-06,0.07558198273181915,0.07151570289380967,3.676677187997476e-06,0.07533524185419083,0.0713541383544604,3.6598616631039553e-06,0.0751359760761261,0.0712130062636875,3.6501592756544346e-06,0.0749698355793953,0.07108771718210644,3.645003762326717e-06,0.07482778280973434,0.07097506747832374,3.642854238195759e-06,0.07470403611660004,0.070872733753825,3.6428164028066164e-06,0.07459492981433868,0.07077899244096544,3.6443909141236093e-06,0.07449812442064285,0.07069255352493316,3.6472926398748663e-06,0.07441222667694092
874,0,block_output,Horizontal,1,0.2393708782536643,0.07309162264670072,1.4114841222763062,0.0893806272319385,2.2278639562203686e-05,0.0993814766407013,0.08016454357476462,2.8045612051832225e-06,0.08382563292980194,0.07687484555774265,5.34879540070607e-07,0.07850396633148193,0.07561655638236849,1.8881751600795346e-07,0.07663457840681076,0.07505068857045401,1.2476825901315705e-07,0.07596516609191895,0.07472861073319874,1.085461987597678e-07,0.07565779983997345,0.07450940187961336,1.0302165957058734e-07,0.07547177374362946,0.07434438452834174,1.0054721807607338e-07,0.07533217966556549,0.07421309926680156,9.915588685526678e-08,0.07521596550941467,0.07410518139127702,9.834492636530185e-08,0.0751165896654129,0.07401446915335125,9.795379706141776e-08,0.07503146678209305,0.07393686567980146,9.786060485857587e-08,0.07495816051959991,0.07386947245824904,9.793711464160391e-08,0.0748939961194992,0.07381015826785375,9.806938709077742e-08,0.0748363584280014,0.07375735257353101,9.819765570953798e-08,0.07478328794240952,0.07370994287350821,9.834778258774107e-08,0.07473401725292206,0.07366716022056247,9.86051016103017e-08,0.07468874752521515,0.07362843837056841,9.905169531048206e-08,0.07464782148599625,0.0735932784894156,9.969352568570181e-08,0.07461066544055939
874,0,block_output,Gaussian,1,0.21729088550995265,0.07530192314007024,1.3574475049972534,0.06596508568951062,1.7316176441787953e-05,0.07889068871736526,0.059249162851344975,2.483198941521948e-06,0.06240544468164444,0.057177655753635225,1.8291575464144297e-06,0.05985814332962036,0.056164993180169,1.926515973364884e-06,0.058941297233104706,0.055571190421543425,2.084950770906621e-06,0.058433011174201965,0.055188770982481185,2.2336381826984336e-06,0.058131471276283264,0.05491960474423,2.3631636045239807e-06,0.05790958181023598,0.05471590924121085,2.469537157055009e-06,0.05773929879069328,0.05455448916034093,2.5534381955545306e-06,0.05767642706632614,0.0544227488812,2.6203073620465033e-06,0.057621441781520844,0.05431270439709936,2.675076775388433e-06,0.057569507509469986,0.05421905686694478,2.720709500865159e-06,0.05752035975456238,0.05413822350757463,2.7590606838275255e-06,0.05747400224208832,0.05406766863805907,2.791476155129407e-06,0.05743060261011124,0.05400550152574267,2.8190758496862193e-06,0.05739040672779083,0.053950263157723444,2.8428151003049105e-06,0.05735354498028755,0.05390082536235688,2.8634439655436894e-06,0.05731992796063423,0.05385632635582061,2.8814795124014967e-06,0.057289354503154755,0.053816099429414385,2.897289013758571e-06,0.057261668145656586
874,1,block_output,Vertical,1,0.1066156846308519,0.003007321620605845,0.29344356060028076,0.052722434971540694,1.0654953788067413e-05,0.06177119165658951,0.048397466599468204,5.441370392525719e-06,0.05579417571425438,0.04683841640750567,5.215926592748949e-06,0.0539434552192688,0.04602970283419367,5.209971421803165e-06,0.05304965376853943,0.04552825244646224,5.2272272400919575e-06,0.05255068093538284,0.04518097349339061,5.2404516280361415e-06,0.052234601229429245,0.04492203595619353,5.250749278731577e-06,0.052015289664268494,0.04472008921087734,5.259375664444324e-06,0.05185328423976898,0.04455795050376937,5.266906964221655e-06,0.051728226244449615,0.044424930912634684,5.273291170997288e-06,0.05162842571735382,0.044313882906285545,5.278375583475924e-06,0.05154673010110855,0.044219773026212814,5.282221724029925e-06,0.051478490233421326,0.044138948536581464,5.285100595080897e-06,0.05142047628760338,0.04406872634140272,5.287366156477107e-06,0.051370397210121155,0.04400711683999924,5.289288665595364e-06,0.05132657662034035,0.04395262258393424,5.2910176563759695e-06,0.051287777721881866,0.043904088910609956,5.2926266360481585e-06,0.051253076642751694,0.04386060028558686,5.2941554733360635e-06,0.05122176930308342,0.0438214246597555,5.2956224761081445e-06,0.05119332671165466
874,1,block_output,Horizontal,1,0.17546123751099146,0.01789360366581524,0.860265851020813,0.07490266989620906,3.0315363612381355e-05,0.09033490717411041,0.06377927752004729,3.7078920722119176e-06,0.06903531402349472,0.06008224875207931,1.428086119449813e-06,0.06283535808324814,0.05836888852100524,1.102499064126694e-06,0.06038639694452286,0.057325554213353565,1.0258714376635777e-06,0.05926371365785599,0.05661549957262145,1.0099625917863924e-06,0.05853503942489624,0.05610339964429537,1.0144979318119831e-06,0.058031413704156876,0.05571632134535956,1.0248964316053518e-06,0.05766882002353668,0.055412555911711285,1.0347779552888473e-06,0.05738772451877594,0.05516723655755558,1.0421242675436653e-06,0.057150743901729584,0.054963984600608314,1.047033869216657e-06,0.05694280564785004,0.054791654267954445,1.0500778990924535e-06,0.05675799772143364,0.05464264052727866,1.0518703128997156e-06,0.0565929114818573,0.05451163702777454,1.052893560828505e-06,0.05644547939300537,0.05439492267748666,1.053407039802411e-06,0.05631411820650101,0.05428998905514914,1.053485682290645e-06,0.056196801364421844,0.05419521648732443,1.0531544052373209e-06,0.056090883910655975,0.05410947059355085,1.0524702964784712e-06,0.0559936948120594,0.054031777653902296,1.0515356102787177e-06,0.055903222411870956
874,1,block_output,Gaussian,1,0.09161195484182191,0.002474352196591769,0.2766115963459015,0.046464936305133125,7.830930637156213e-06,0.05280524864792824,0.04267233539195288,3.579474307238951e-06,0.046554408967494965,0.04115220194771176,3.3175869430267188e-06,0.04555178061127663,0.04032057228069457,3.397987699992192e-06,0.04494620859622955,0.039783761733108096,3.498102203756604e-06,0.04452155530452728,0.03940303410802569,3.56781772243611e-06,0.04419606924057007,0.039116312350545614,3.60592256052967e-06,0.04393686354160309,0.03889167935602249,3.622719763965586e-06,0.04372617229819298,0.038710888238653304,3.6273475959928123e-06,0.043551865965127945,0.03856270571076681,3.6258674489772765e-06,0.04340510815382004,0.03843969130326831,3.621990289465842e-06,0.04327928274869919,0.038336498455868825,3.6178608569573408e-06,0.04316949099302292,0.038249007529682584,3.6146319891575193e-06,0.04307232424616814,0.03817394825201186,3.612797695031632e-06,0.04298574477434158,0.038108760638842505,3.612415246270111e-06,0.04290857911109924,0.03805152687524992,3.6132568760699777e-06,0.042839959263801575,0.038000864228085865,3.6149531036819877e-06,0.042778924107551575,0.03795577638915607,3.6171036250175255e-06,0.04272432252764702,0.037915525159665515,3.6193562835853946e-06,0.042674969881772995
874,2,block_output,Vertical,1,1.6017245593525113,4.415630349877418,7.7168192863464355,0.12253214513498639,0.001037499922000156,0.21736878156661987,0.06611305055400682,0.00010499478977866134,0.09558992087841034,0.047877496374504905,2.1276671441705422e-05,0.05958113819360733,0.04062286610641177,1.0119862299287161e-05,0.048095859587192535,0.03683765998317136,7.548849227121476e-06,0.04278762638568878,0.03438089412474443,6.491884539263873e-06,0.0405723974108696,0.03258582748590954,5.873153870373201e-06,0.039207302033901215,0.03118920414930298,5.4391130750904405e-06,0.03807035833597183,0.030059503894003612,5.10368078221922e-06,0.03708308935165405,0.029120312264514347,4.8303792881847826e-06,0.036201100796461105,0.02832320947495718,4.601839843716928e-06,0.03540026396512985,0.027635763443651654,4.408667496222469e-06,0.03466755151748657,0.027035306725237105,4.244605020194515e-06,0.0339948907494545,0.026505391601295697,4.104562930269751e-06,0.033376093953847885,0.02603374392030731,3.984174844183994e-06,0.03280568867921829,0.025610957649492082,3.879770440178413e-06,0.032278724014759064,0.025229679184064033,3.7884133718293756e-06,0.03179074823856354,0.024884036372578335,3.707829108541433e-06,0.03133784979581833,0.024569257265991636,3.6362782687727314e-06,0.030916672199964523
874,2,block_output,Horizontal,1,1.0076888731074711,1.9397963009204313,5.683538436889648,0.104216496859278,0.00032233440351213676,0.14773885905742645,0.06656378566745728,4.420370422593442e-05,0.08122165501117706,0.05189127291715334,1.2624920805273123e-05,0.05882417410612106,0.045190137589261645,5.9961598621289385e-06,0.05106282979249954,0.041824467953235384,4.230082373052288e-06,0.04771317541599274,0.03981480457716518,3.5475113008000843e-06,0.045285776257514954,0.03840138739536679,3.1762186985894016e-06,0.04337975010275841,0.037306004869086404,2.9292083670310148e-06,0.04184763506054878,0.03641392651294905,2.747885802368424e-06,0.040603477507829666,0.03566708297483505,2.6087629397699884e-06,0.03958269953727722,0.03503059737739109,2.500015467870197e-06,0.03873548284173012,0.03448105298928798,2.41420537386628e-06,0.03802385926246643,0.034001594882399316,2.3459683160043642e-06,0.03741898387670517,0.03357955863669751,2.2912165560310113e-06,0.036898817867040634,0.033205160841582315,2.2468346347288387e-06,0.03644648939371109,0.03287070983695605,2.2104731475259596e-06,0.03604903072118759,0.032570074593263956,2.180364428134507e-06,0.03569646179676056,0.03229831918955795,2.1551884512619507e-06,0.03538107872009277,0.032051433557792317,2.1339483501497176e-06,0.035096921026706696
874,2,block_output,Gaussian,1,0.08311597157328848,0.0029281538809089428,0.2811228036880493,0.032795447294437695,8.840661806887726e-06,0.0406976118683815,0.027603957831623064,3.5285510324633167e-06,0.032151270657777786,0.025345982481089848,2.659323984198272e-06,0.02957361564040184,0.0240305731634772,2.3111583567657653e-06,0.028142327442765236,0.02317121338158373,2.1372512139435267e-06,0.02707642689347267,0.022578239854839113,2.052604391708429e-06,0.026385288685560226,0.022145639986745895,2.0043687107334526e-06,0.025912173092365265,0.0218169747127427,1.971740866941083e-06,0.025561705231666565,0.02156042047436275,1.947846106594508e-06,0.02529047057032585,0.02135659958280268,1.93041247824825e-06,0.025078680366277695,0.02119267380072011,1.91804396621946e-06,0.024913836270570755,0.02105948512279798,1.9096577476753875e-06,0.024785500019788742,0.02095027013667046,1.9045003688018643e-06,0.02468528226017952,0.020859912126546816,1.9019660292568857e-06,0.024606380611658096,0.020784486646926593,1.9014602129725486e-06,0.024543127045035362,0.0207209876546311,1.9023841765283675e-06,0.024490945041179657,0.020667122647402777,1.9041992801727679e-06,0.024446524679660797,0.020621133110825977,1.9064761079837486e-06,0.024407649412751198,0.02058164920243952,1.9089093112522067e-06,0.024372946470975876
874,3,block_output,Vertical,1,0.17012128937575552,0.030170824818716618,0.9897386431694031,0.03210624948971801,3.1911459803858975e-05,0.047732025384902954,0.021601984779986125,4.9178082084368215e-06,0.02683590166270733,0.017238754306047682,2.3768110204090928e-06,0.020236890763044357,0.014661745567406927,1.6179874012477268e-06,0.017782043665647507,0.012960480570438363,1.2978883512435746e-06,0.016275394707918167,0.011762434986257364,1.1323424578063418e-06,0.015193356201052666,0.01087907679556381,1.035581060521347e-06,0.014392711222171783,0.010204331018030643,9.742256922669125e-07,0.013781219720840454,0.009674029602181344,9.326843042022593e-07,0.013298848643898964,0.009247261550395734,9.030518354274375e-07,0.01290694810450077,0.008896925627061772,8.81121704643793e-07,0.012580739334225655,0.00860451776090832,8.645302826244764e-07,0.012304241769015789,0.008357083794498255,8.518291381545148e-07,0.012066900730133057,0.008145355028174227,8.420209343627612e-07,0.01186139602214098,0.007962551854905627,8.343558534316521e-07,0.011682290583848953,0.007803593540475482,8.28264431730568e-07,0.011525302194058895,0.007664568847902711,8.233331569793684e-07,0.011386952362954617,0.007542392948553676,8.192726459733612e-07,0.011264374479651451,0.00743458570823783,8.158827185517588e-07,0.011155213229358196
874,3,block_output,Horizontal,1,1.164390753658991,2.6233460617878546,6.071695804595947,0.11179669709905746,0.0006721144108192335,0.17895963788032532,0.06117502854220451,9.052076461431668e-05,0.08106745779514313,0.042565380592667866,2.0931530955391765e-05,0.0524086058139801,0.034124839282225046,8.378998830763118e-06,0.041182029992341995,0.02944761828061134,4.795604723658593e-06,0.034799158573150635,0.026415218880015707,3.2800797471699894e-06,0.030588243156671524,0.024233278094066515,2.4741155949478627e-06,0.027548711746931076,0.022553261280769392,1.9877076215997324e-06,0.025742335245013237,0.021201770190918255,1.6710793141619467e-06,0.024248313158750534,0.020082775207739028,1.4544785694982562e-06,0.02296917885541916,0.01913747333344959,1.3008024804512604e-06,0.0218652430921793,0.018326791505964977,1.188529567741604e-06,0.020907007157802582,0.017623211611949262,1.104502559779746e-06,0.020070519298315048,0.017006563185344614,1.0403878176330345e-06,0.019357524812221527,0.016461631578821984,9.907382845310986e-07,0.018752697855234146,0.015976677811335004,9.518697796432473e-07,0.01821139082312584,0.015542480148493297,9.211903780010055e-07,0.017725635319948196,0.01515167404616636,8.968114004935549e-07,0.017288679257035255,0.0147982949597968,8.773122999958285e-07,0.016894778236746788
874,3,block_output,Gaussian,1,0.1452998352192697,0.01893548253608326,0.7674921751022339,0.03198137503886034,2.4476652245368566e-05,0.0434776246547699,0.022470418393375383,4.936025023912807e-06,0.02726183831691742,0.01822408624289055,1.9908730410381442e-06,0.021170523017644882,0.015803811007312367,1.17155199573168e-06,0.018002808094024658,0.01422391827439978,8.538446223561756e-07,0.016230717301368713,0.01310533941501663,6.992363214178351e-07,0.014991413801908493,0.01227313754636617,6.135969223886071e-07,0.014086095616221428,0.011632858716424496,5.614925020388752e-07,0.013399161398410797,0.011127815522726566,5.270068442598897e-07,0.012862168252468109,0.010721499957735576,5.02465178404428e-07,0.012432536110281944,0.010389193123768247,4.841112964312739e-07,0.012082204222679138,0.010113537592429018,4.699993612079953e-07,0.011792059987783432,0.009882027682449137,4.5893079279328014e-07,0.011548804119229317,0.009685494730042087,4.500657076990753e-07,0.011342933401465416,0.009517117373881832,4.428074165610477e-07,0.011167464777827263,0.009371743744446171,4.36735541134311e-07,0.011017120443284512,0.009245418130405365,4.3155581186006845e-07,0.010887809097766876,0.009135052827852113,4.2706106731506134e-07,0.010776275768876076,0.009038199301040361,4.2310600631358737e-07,0.01067988108843565
874,4,block_output,Vertical,1,0.29251934014379033,0.12564190962013802,1.9800480604171753,0.04409386773431112,8.943253057666373e-05,0.06754757463932037,0.02759915418804638,1.1837452109099851e-05,0.035992011427879333,0.021139254320472006,5.234187601945123e-06,0.026796549558639526,0.017266520579892492,2.9550264269415652e-06,0.021126657724380493,0.01469839917170623,1.9594615969070068e-06,0.018504463136196136,0.012860813133773349,1.4469410955989956e-06,0.016585644334554672,0.011470545201547562,1.1489752431240135e-06,0.015108451247215271,0.010377984760063035,9.607522582609569e-07,0.01393091306090355,0.009496793387428162,8.347910806433554e-07,0.012969894334673882,0.008772666144761302,7.4682720518037e-07,0.01217319443821907,0.008169014524254534,6.83289742869062e-07,0.01150563545525074,0.007659967766986007,6.360715651725804e-07,0.010941864922642708,0.007226612906725634,6.000908633395102e-07,0.010462605394423008,0.006854768421146132,5.72043971605843e-07,0.01005270704627037,0.006533569050213647,5.497246898227329e-07,0.009700072929263115,0.0062545293809047765,5.316232222983247e-07,0.00939498096704483,0.006010912491806916,5.166830256994822e-07,0.009129589423537254,0.0057972937689295834,5.041503974482397e-07,0.008897561579942703,0.00560925326620539,4.934758432844311e-07,0.008693743497133255
874,4,block_output,Horizontal,1,0.28646351976527107,0.14519448327075665,1.8667848110198975,0.048792141888822825,9.415092249382254e-05,0.07010147720575333,0.03163411752099082,1.1296699741996622e-05,0.038657233119010925,0.024759194266701503,4.7616743750124814e-06,0.028651831671595573,0.02067441540578055,2.7225692941403506e-06,0.02429911307990551,0.017895287420186732,1.8398790266167358e-06,0.02125905267894268,0.01585679558948392,1.3688671671953914e-06,0.018992874771356583,0.014297861029349622,1.0804915124631017e-06,0.01723550632596016,0.013073802349113282,8.876060380191738e-07,0.015836555510759354,0.012093724017696721,7.508772895198453e-07,0.014702998101711273,0.011296408975289928,6.500515314482073e-07,0.013772163540124893,0.010638975656576573,5.7356305151894e-07,0.012998906895518303,0.01009059902871885,5.142792594103136e-07,0.012349537573754787,0.00962864248348134,4.6755097156012076e-07,0.011798600666224957,0.009236158396575659,4.3021920294909524e-07,0.011326788924634457,0.00890021576058297,4.000622738697151e-07,0.010919375345110893,0.008610778332998356,3.7547128927356594e-07,0.010565029457211494,0.008359932961563269,3.552569186434417e-07,0.010254914872348309,0.008141352905936185,3.3852526628232914e-07,0.009982053190469742,0.007949926143896485,3.245970098378514e-07,0.009740849956870079
874,4,block_output,Gaussian,1,0.7299408685593378,1.1255044241236798,4.238499641418457,0.07371226000407385,0.0002723213243739952,0.12173734605312347,0.04355674645020848,3.5422513298978274e-05,0.06209344044327736,0.033212611806534585,1.460139438134139e-05,0.046577390283346176,0.027257655673320332,7.85780268974226e-06,0.03705143183469772,0.023150032888802272,4.6827835899151005e-06,0.03041074424982071,0.020141663473276866,3.042802452114153e-06,0.02562360092997551,0.017851947038064874,2.132734310496693e-06,0.02208526059985161,0.016052844520244334,1.5890761402717763e-06,0.019394319504499435,0.014601865724202186,1.2410072763610425e-06,0.017289604991674423,0.0134072761746153,1.0045225430274327e-06,0.015604568645358086,0.012407750364333864,8.358757415106491e-07,0.014316734857857227,0.011560569384268351,7.109720272979576e-07,0.013247574679553509,0.010834842151592649,6.158180467993751e-07,0.012476271018385887,0.010207519822177432,5.418274538344758e-07,0.011814465746283531,0.009660976983252027,4.834147670262402e-07,0.011241212487220764,0.009181479997341596,4.3674368758318304e-07,0.010740483179688454,0.008758160655224135,3.990600096426512e-07,0.010299837216734886,0.008382313256521546,3.683255851453046e-07,0.00990947987884283,0.008046888332400057,3.4301110566078166e-07,0.009561680257320404
874,final,proj_out,Vertical,1,0.1250252202153206,0.003355634307110248,0.31331390142440796,0.07848760450170153,2.148417291188681e-05,0.08807924389839172,0.06801032422790451,1.9510281210907006e-05,0.07802365720272064,0.05964994081665599,1.9417502228415296e-05,0.06998343020677567,0.0527938845020438,1.952695795941749e-05,0.06342284381389618,0.047154435089656284,1.9459799439036652e-05,0.057963933795690536,0.042500799019185326,1.9136487527094945e-05,0.05337931588292122,0.038649627258853306,1.8592475593751072e-05,0.0495094358921051,0.03545373228807298,1.789557531485163e-05,0.04622981697320938,0.032793526109012344,1.7112488315740723e-05,0.04343809187412262,0.030571270113190014,1.6296981248420118e-05,0.04104910045862198,0.02870702196563047,1.5487414924992703e-05,0.03899237886071205,0.02713549178507593,1.4708390701170612e-05,0.037210315465927124,0.02580347473895739,1.3973968474922572e-05,0.03565634787082672,0.024667706724906726,1.3290924081965526e-05,0.03429311513900757,0.02369307064347797,1.2661413000546886e-05,0.033090740442276,0.022851116304832792,1.2084766451404844e-05,0.032025083899497986,0.022118824992388014,1.1558657354149755e-05,0.03107645735144615,0.02147758939850425,1.1079837333029685e-05,0.03022857755422592,0.020912367377489333,1.0644626671548882e-05,0.029467862099409103
874,final,proj_out,Horizontal,1,0.12601973222834723,0.0023329750485732667,0.2928459048271179,0.08860829259668078,9.965185740712594e-06,0.09435580670833588,0.07987216126824183,6.1879717318524674e-06,0.08413016051054001,0.0725761206140594,5.178886833124422e-06,0.07748785614967346,0.06630834842485095,4.946449394639152e-06,0.07174071669578552,0.060923402744626244,5.081707882703564e-06,0.06673327088356018,0.056295825375450984,5.376180726203804e-06,0.062368396669626236,0.05231546155280537,5.715918945781271e-06,0.058566026389598846,0.048887777600496535,6.0442029299191405e-06,0.0552598237991333,0.045931978417294364,6.335368767579127e-06,0.05239085108041763,0.043379009893489265,6.579526216774963e-06,0.04990459978580475,0.04116984734696055,6.774751067081486e-06,0.04775069281458855,0.0392540723440193,6.923267237036619e-06,0.04588340222835541,0.03758863874134563,7.029458876029182e-06,0.0442621149122715,0.03613684066231289,7.098745549894944e-06,0.04285135120153427,0.03486741535247318,7.136823042652101e-06,0.04162052273750305,0.03375377334536068,7.14924585966814e-06,0.04054345190525055,0.032773332877291575,7.141092713527756e-06,0.03959781676530838,0.03190693711595876,7.1168615471964515e-06,0.038764651864767075,0.031138354912400246,7.080385837320894e-06,0.0380278155207634
874,final,proj_out,Gaussian,1,0.07159042151437865,0.0007828059980979786,0.17503386735916138,0.04584666134582625,1.1505311643224194e-05,0.052292898297309875,0.03878620556659169,8.016045529499698e-06,0.04397351294755936,0.03392582983961181,6.465862970448346e-06,0.038552336394786835,0.030375437663188055,5.6039297434899804e-06,0.034851789474487305,0.02766812492221121,5.0362817571079655e-06,0.03222597390413284,0.02553571645347845,4.613764461244997e-06,0.03031386435031891,0.02381898450946051,4.2828789825616204e-06,0.028724005445837975,0.022416672861528774,4.020871615211915e-06,0.02739710919559002,0.02125931838675151,3.81347389192142e-06,0.026284445077180862,0.020296282829746368,3.6492912498464636e-06,0.025345955044031143,0.019489103750813575,3.5187238522914314e-06,0.02454904466867447,0.018807832491658037,3.413777094938455e-06,0.02386733889579773,0.018228828567006285,3.3279652498722167e-06,0.02327963337302208,0.01773329886297385,3.2561765201317994e-06,0.022769033908843994,0.01730625374272229,3.1945355586462168e-06,0.02232229895889759,0.016935713618757234,3.1402372744956794e-06,0.021929128095507622,0.016612090214732148,3.0913647716716666e-06,0.02158154919743538,0.01632768659305478,3.046669981009195e-06,0.02127322554588318,0.016076301801062766,3.0053662231392205e-06,0.020998932421207428
847,initial,patch_embed,Vertical,1,0.2963988433281581,0.2032795139853649,2.2863357067108154,0.08917416774091266,5.990135674869862e-07,0.0920863226056099,0.08866245890893633,3.459985412573752e-07,0.0897192433476448,0.08849100567518718,3.460000480926801e-07,0.08967015147209167,0.08841418155602046,3.6538116010514546e-07,0.08978131413459778,0.08839298867517048,3.920816310353133e-07,0.08982259035110474,0.08838941417043171,4.039028869918728e-07,0.08977556228637695,0.08838896205027898,4.0157630176200566e-07,0.08971689641475677,0.08839376933044857,3.9893594305803907e-07,0.08972084522247314,0.0884044902428748,4.021552748299768e-07,0.0897998958826065,0.0884175185882856,4.0956879555900247e-07,0.08988306671380997,0.08843084897786851,4.179859582339297e-07,0.08995528519153595,0.08844457046380119,4.2470698579793565e-07,0.09001244604587555,0.08845847277414232,4.2703435679593897e-07,0.09003107994794846,0.08847168135264563,4.2370233157786944e-07,0.09001035988330841,0.08848389935871911,4.1723964132719196e-07,0.08996690809726715,0.08849566843774584,4.1230542623055125e-07,0.08992162346839905,0.08850770372719992,4.118630565269609e-07,0.08988671749830246,0.08852026505129677,4.1553853885311334e-07,0.0898626446723938,0.08853323757648468,4.210978523144429e-07,0.08984445035457611
847,initial,patch_embed,Horizontal,1,0.2796228849698627,0.17722032790343367,2.1516904830932617,0.08966312746679972,1.566176084852952e-07,0.0913417786359787,0.08929392518032164,3.3234242403441895e-08,0.08977824449539185,0.08911974195923124,2.740028085980573e-08,0.0894467830657959,0.08900347860559585,2.2879782389364218e-08,0.08935083448886871,0.08894303819489857,2.0821146598511808e-08,0.08925791829824448,0.08892195127786152,2.1186290422565995e-08,0.08919117599725723,0.08892248440829534,2.2789834167150273e-08,0.08922833204269409,0.08893341405524148,2.484081457365574e-08,0.08927461504936218,0.08894728313362787,2.691579345289239e-08,0.08931457251310349,0.08896058336609886,2.8826834435249734e-08,0.08934992551803589,0.08897180831621564,3.0363804687447384e-08,0.08939050883054733,0.08898073044561204,3.1244764745240866e-08,0.08942032605409622,0.08898819107857961,3.1536037188235616e-08,0.08943898975849152,0.08899547147845464,3.1704675422040404e-08,0.08944926410913467,0.08900353478060828,3.2143652997586596e-08,0.08945530652999878,0.08901269911300569,3.296865930119445e-08,0.08946099132299423,0.08902292745927023,3.422557554451832e-08,0.08949200809001923,0.0890340744739487,3.602582793080743e-08,0.08956219255924225,0.08904584071465901,3.848923081082643e-08,0.08963656425476074
847,initial,patch_embed,Gaussian,1,0.2262069619600735,0.12418438337799073,1.7113500833511353,0.06705626147607016,3.1572677188172013e-07,0.06861182302236557,0.06696677882046927,3.3477496238078295e-07,0.06858114153146744,0.06689610024766317,2.8787082150602146e-07,0.06824150681495667,0.06682825478769484,2.5914836049716495e-07,0.06827431917190552,0.06679772810330467,2.5040535809711384e-07,0.06820657104253769,0.06678858529480677,2.4540250419331303e-07,0.06812252104282379,0.06678937257282318,2.415943403009144e-07,0.0680183693766594,0.06680254768284541,2.406160108311559e-07,0.06791718304157257,0.06682414703425907,2.4582258854741884e-07,0.06789293885231018,0.06684441616137822,2.559717119077386e-07,0.0679585337638855,0.06686118694524916,2.662984893841621e-07,0.06803569197654724,0.066878984963137,2.755865417838324e-07,0.06811283528804779,0.0668979628928124,2.841629902664494e-07,0.06818334758281708,0.06691622000838084,2.916659945317023e-07,0.06823880970478058,0.06693336982575673,2.981251659041532e-07,0.0682801827788353,0.06695045329748638,3.0419811857341085e-07,0.06831740587949753,0.06696803560332647,3.102476341381394e-07,0.06835408508777618,0.06698525495945461,3.1608323526140405e-07,0.06838822364807129,0.06700110033391014,3.2161674592275975e-07,0.06841971725225449
847,0,block_output,Vertical,1,1.356673920911456,3.3274710298159667,6.70055627822876,0.1173337007325793,0.0002676084131796464,0.17800819873809814,0.0926842423421996,2.4205351685771074e-05,0.10684016346931458,0.0842534453859405,1.1031560728305896e-05,0.0919242724776268,0.07944112058196749,8.305636927715367e-06,0.08501982688903809,0.07636169793586882,7.080531556178029e-06,0.08133342862129211,0.07437652515040503,6.4315466737228126e-06,0.07915432751178741,0.07309625203174258,6.057974149386595e-06,0.07785837352275848,0.07226133890568263,5.824808850617312e-06,0.07703027129173279,0.07170115340323675,5.669255358157429e-06,0.07644069194793701,0.07130759800710375,5.560665216107037e-06,0.07599920779466629,0.07101506456023171,5.4827858808410926e-06,0.07565899193286896,0.07078513160111412,5.425998345518642e-06,0.0754518210887909,0.0705957104052816,5.384050957518187e-06,0.07528451085090637,0.07043404806227911,5.352635358482167e-06,0.07514314353466034,0.07029257300827238,5.328712137580646e-06,0.07501998543739319,0.07016655270542417,5.3100804527783445e-06,0.07491052895784378,0.07005284844882904,5.2951888719717345e-06,0.07481201738119125,0.06994924777083927,5.282949492403521e-06,0.07472264766693115,0.06985410693145934,5.272587412084059e-06,0.07464112341403961
847,0,block_output,Horizontal,1,1.719419081532766,5.116272254104022,8.74024772644043,0.14281235446059515,0.0005505386605539296,0.20124521851539612,0.10509672394347569,4.9913374886920424e-05,0.1260545700788498,0.0923105115218768,1.2330378778786532e-05,0.10376452654600143,0.08593014970658318,4.6756522954526335e-06,0.09333719313144684,0.08221677040296888,2.2740135807939637e-06,0.08729181438684464,0.07987529133993482,1.2915725213876933e-06,0.08344168961048126,0.07833209373648205,8.156452784734807e-07,0.08095569163560867,0.0772915839675873,5.663161039289308e-07,0.07938410341739655,0.07657735132508808,4.307510650288255e-07,0.07827679812908173,0.07607557305267879,3.5451245246578926e-07,0.07748569548130035,0.0757120256386106,3.0956343451215063e-07,0.07690533995628357,0.07543905103017413,2.813140734767294e-07,0.07646459341049194,0.07522646680710808,2.6223000135142226e-07,0.07624655961990356,0.07505519037681913,2.484213910955956e-07,0.07607387006282806,0.07491302549365968,2.3785447280955213e-07,0.07594319432973862,0.07479200760523479,2.2941821158150606e-07,0.07583463191986084,0.07468679772009926,2.2247209690623686e-07,0.07574167847633362,0.07459370898348945,2.166209534250841e-07,0.075659841299057,0.07451013960535564,2.1160796864348324e-07,0.07558602094650269
847,0,block_output,Gaussian,1,0.4899046418685762,0.5126965776244734,2.991176128387451,0.07335991223180105,6.668142213821464e-05,0.09966587275266647,0.06125397442115678,5.510135961962507e-06,0.06738130748271942,0.058022770794138076,3.1437628939216848e-06,0.06215178966522217,0.0565813413215062,2.906107555305632e-06,0.060798827558755875,0.055754033109498405,2.9258714274394894e-06,0.05991122126579285,0.05520631047704863,2.996802927278933e-06,0.059282198548316956,0.05481477590307357,3.077548994080847e-06,0.05881766229867935,0.05452072726828711,3.155161409607045e-06,0.058464258909225464,0.05429091345932749,3.2251848974162085e-06,0.05818838253617287,0.05410507380489319,3.286887854630787e-06,0.05796810984611511,0.0539505019310921,3.3410925579203408e-06,0.05778862535953522,0.053819014735165094,3.389058348127817e-06,0.05764716863632202,0.05370515655903589,3.431927222290455e-06,0.057577673345804214,0.05360515220534234,3.470460037128825e-06,0.05751444399356842,0.053516294038484964,3.5050568674673623e-06,0.057456277310848236,0.053436577497493656,3.5358961602478867e-06,0.05740264430642128,0.05336448083084727,3.5631780318670908e-06,0.057353273034095764,0.053298817267493595,3.5872576099048936e-06,0.05730774998664856,0.05323864241677617,3.608624202288791e-06,0.05726560577750206
847,1,block_output,Vertical,1,0.15336524565068502,0.012061905143062487,0.7763999104499817,0.05714041917097001,2.86653680976925e-05,0.07044614106416702,0.04875955322668666,7.672843513187315e-06,0.05705101788043976,0.04621205798217228,6.527326949474484e-06,0.05387735366821289,0.044862609238378585,6.318820440601553e-06,0.052334994077682495,0.04400316229651845,6.332159132856734e-06,0.05147034302353859,0.04341445567588958,6.372037201952867e-06,0.05088523402810097,0.04298781189653608,6.400519529317642e-06,0.050460800528526306,0.0426618227409938,6.4148432422582975e-06,0.05013396218419075,0.04240342738136413,6.414557094222738e-06,0.04987030476331711,0.042193751072599775,6.405606201241151e-06,0.049658484756946564,0.04202030498593572,6.39332362893683e-06,0.04948996752500534,0.04187410182896115,6.379319903216017e-06,0.04935293272137642,0.041748871997235315,6.36389232836323e-06,0.04923839122056961,0.04164011315220878,6.347443782832687e-06,0.049140579998493195,0.04154450387235672,6.330617159682073e-06,0.049055397510528564,0.04145962005806348,6.314048585474693e-06,0.04897940903902054,0.041383761912584305,6.2981476974140835e-06,0.04890965670347214,0.04131575466858016,6.283075748533675e-06,0.048843927681446075,0.041254721168014735,6.2689319034571975e-06,0.04878099262714386
847,1,block_output,Horizontal,1,0.5588815235902392,0.4959684941175793,3.5415382385253906,0.10915585914774546,0.0002523864727415546,0.14304843544960022,0.08177786651584837,2.546080298246239e-05,0.09385795891284943,0.07151023168412465,7.774461795973738e-06,0.07874302566051483,0.06618039014320524,3.5183857981734334e-06,0.07139568030834198,0.06315500756341313,2.2202492979547086e-06,0.06713908910751343,0.06122856871003196,1.7324409870407294e-06,0.0645119845867157,0.05985235428762815,1.4992594535915883e-06,0.06276795268058777,0.05879136494227818,1.3690068115122323e-06,0.061627164483070374,0.05793982448558959,1.2916938541155925e-06,0.06069192290306091,0.0572420744195817,1.2461787070498307e-06,0.05990925058722496,0.05666322201963455,1.2210344261596483e-06,0.059248488396406174,0.05617853431474595,1.2090033279637552e-06,0.058687224984169006,0.05576926688589747,1.2051794125289185e-06,0.05820723623037338,0.05542075681307959,1.2062517041807112e-06,0.05779356509447098,0.05512137971227131,1.2100785748833773e-06,0.05743429809808731,0.05486189000426777,1.215325064971954e-06,0.057128436863422394,0.0546349302407295,1.221170260530044e-06,0.05687907338142395,0.054434650828914036,1.227137479590715e-06,0.05665428936481476,0.05425639805339631,1.2329873885164172e-06,0.05645076557993889
847,1,block_output,Gaussian,1,0.6531708229865346,1.004100427636392,4.298967361450195,0.07606742596105924,0.0001218657880338885,0.10661210119724274,0.057700524372713904,1.9125528655174094e-05,0.06833784282207489,0.050563855421921565,8.13333807615741e-06,0.05700559914112091,0.046981053692953925,5.370228721601189e-06,0.05196978896856308,0.0448514534130929,4.436151415511671e-06,0.04916616901755333,0.043420269553150447,4.04676806793376e-06,0.04752778261899948,0.04238447706614222,3.874240822530933e-06,0.04641376808285713,0.04159802222062671,3.8040098352103006e-06,0.04573602229356766,0.040978964832093984,3.785046457860071e-06,0.045224107801914215,0.04047707929497674,3.7917917610652176e-06,0.044807303696870804,0.04006009288723507,3.810632321475477e-06,0.04446074739098549,0.039706561477884414,3.834054367409286e-06,0.04416810721158981,0.03940179400027744,3.857891165714746e-06,0.04391789808869362,0.03913543326041055,3.879913290464919e-06,0.04370144382119179,0.03889999568225846,3.899046006358797e-06,0.04351181536912918,0.038689963815231175,3.914986021018859e-06,0.043343331664800644,0.03850119915746507,3.9279477451617714e-06,0.043191395699977875,0.03833055076381517,3.938467232284011e-06,0.04305247589945793,0.038175549653787465,3.947172178308957e-06,0.042924076318740845
847,2,block_output,Vertical,1,0.5446350976588235,0.5532912687698747,3.4488964080810547,0.07194134338744103,0.00023380584357144814,0.10361751914024353,0.043369880212204795,2.065657393591527e-05,0.05662950128316879,0.03513384542413174,8.510569220317564e-06,0.0448957234621048,0.031323876971053696,6.343157858793261e-06,0.039621010422706604,0.02896924192706744,5.47044687501311e-06,0.03632202744483948,0.027332986867617048,4.996818551528713e-06,0.03396310284733772,0.02611429572460197,4.683897751051743e-06,0.032381631433963776,0.025155854810561453,4.4474806027469254e-06,0.03141316771507263,0.024370145200500414,4.256270939279964e-06,0.030586659908294678,0.02370687538669223,4.097015402424334e-06,0.029865354299545288,0.023135744596994114,3.962632670806348e-06,0.029227066785097122,0.02263729815326986,3.848339821403538e-06,0.0286567322909832,0.022198167053006944,3.750359260804737e-06,0.02814341150224209,0.02180858574334591,3.66556032165857e-06,0.02767910808324814,0.021461087471199413,3.591406426925672e-06,0.027257973328232765,0.021149767444483818,3.5259560604367463e-06,0.026875488460063934,0.02086982722320254,3.4677935138220033e-06,0.02652774564921856,0.020617275217932367,3.4158883957420188e-06,0.026211101561784744,0.02038874030704536,3.3694576413186187e-06,0.025922149419784546
847,2,block_output,Horizontal,1,0.37022888376599267,0.20901764436172443,2.1463735103607178,0.07385758434732755,0.0001721991581185939,0.10210514813661575,0.04964209744145,1.4515552817582437e-05,0.05784674733877182,0.042257350411206956,4.957578329054054e-06,0.04817338287830353,0.038805780193162345,3.389858721836009e-06,0.04372964799404144,0.03662610532982009,2.824398034538535e-06,0.040848441421985626,0.03506169258247292,2.5343239070172473e-06,0.03875597566366196,0.03387504085780136,2.371990996474198e-06,0.037168338894844055,0.032944098617585876,2.2780679914725515e-06,0.035929061472415924,0.03219529885857824,2.220683496112951e-06,0.0349971279501915,0.03158129881771784,2.182089146484399e-06,0.03432758152484894,0.031070296460437397,2.1532890124035737e-06,0.03376733511686325,0.030639882539472883,2.130324407644236e-06,0.03328905627131462,0.030273456688201618,2.1114709409507357e-06,0.032874591648578644,0.029958393868236316,2.0957268824395864e-06,0.03251156955957413,0.029685009891788166,2.0823445302253687e-06,0.03222046047449112,0.02944583014126808,2.070735130948339e-06,0.031966157257556915,0.02923503609758521,2.0604626132378738e-06,0.031740106642246246,0.02904804464843538,2.051199022451284e-06,0.031538017094135284,0.028881199066601103,2.042719119043994e-06,0.03135634958744049
847,2,block_output,Gaussian,1,0.12871415156220634,0.009334628973449078,0.44585296511650085,0.034203622726693986,1.281963365385409e-05,0.042462337762117386,0.02772763099462267,2.9802161711153597e-06,0.03113449364900589,0.025179389627679946,2.1800458416574594e-06,0.028225991874933243,0.023722209657231968,1.9613453448243358e-06,0.026624705642461777,0.022756566722241658,1.8686941387816375e-06,0.025699138641357422,0.022058942458695836,1.8279956796148913e-06,0.02507692202925682,0.02153077269239085,1.812901339218023e-06,0.024609999731183052,0.02112001408305433,1.8090404531718285e-06,0.02424412965774536,0.020793306626497754,1.8105315801064355e-06,0.023957740515470505,0.020528295151298007,1.8146863856677544e-06,0.02373616397380829,0.020309647101731526,1.819728576657984e-06,0.023566752672195435,0.02012677106355864,1.8243428402162164e-06,0.023436561226844788,0.01997230476921513,1.8278137053021872e-06,0.023333434015512466,0.019841002093421087,1.8300384073905492e-06,0.02324843965470791,0.019728953225745097,1.8312484150569233e-06,0.023176435381174088,0.01963310484730062,1.8317669977972312e-06,0.02311486378312111,0.019550981739210705,1.8319057412052886e-06,0.023062391206622124,0.019480513586174874,1.8319399261727748e-06,0.023018039762973785,0.019419928036984942,1.8320856585629011e-06,0.022980790585279465
847,3,block_output,Vertical,1,0.28752419334791957,0.18179113889385495,1.8769023418426514,0.042662590742111206,7.222463936288938e-05,0.063789963722229,0.027075270959545695,1.1484066332529364e-05,0.036780115216970444,0.02095171986591248,5.493286969071722e-06,0.029541773721575737,0.017519600216358427,3.4318460027984316e-06,0.02491746097803116,0.015297336710823907,2.4693426825135068e-06,0.021729420870542526,0.013720220117460168,1.9474405487863654e-06,0.019412528723478317,0.012533413379320077,1.6302419877551841e-06,0.01768256165087223,0.011606165178356663,1.4214898363170542e-06,0.01636309176683426,0.010862979431828809,1.2764575909946524e-06,0.015336455777287483,0.010255637563883311,1.171811088869404e-06,0.014522933401167393,0.009751276068744204,1.0943671067174587e-06,0.013867872767150402,0.009326609206341561,1.0361747110359985e-06,0.013332968577742577,0.008964714852886068,9.9207678111463e-07,0.012890469282865524,0.008653046496744667,9.584865380506683e-07,0.01251973956823349,0.00838213377735681,9.327885211087279e-07,0.012205231934785843,0.008144709495975384,9.130338731148396e-07,0.011935205198824406,0.007935116806673624,8.977710569722016e-07,0.011700855568051338,0.007748893816911039,8.859122631651637e-07,0.01149559486657381,0.007582476355194572,8.766479667053355e-07,0.0113145150244236
847,3,block_output,Horizontal,1,0.10332651542765754,0.004357028704822293,0.3156692087650299,0.027918712901217595,1.5636363210125957e-05,0.03759448975324631,0.02018142719235685,2.7004722866749754e-06,0.023147985339164734,0.016901632652632774,1.4470093385851054e-06,0.018849622458219528,0.015003541085336889,1.053982569905975e-06,0.016893360763788223,0.013769994194190654,9.019602804139e-07,0.0156526081264019,0.0129058419002427,8.287517062559292e-07,0.014810396358370781,0.012271468424134784,7.875285846979495e-07,0.014211824163794518,0.011790677638990539,7.618082563902336e-07,0.013768380507826805,0.011417693621109403,7.44600862161076e-07,0.013427142053842545,0.011123054734771215,7.326240187330604e-07,0.013156596571207047,0.01088687792302124,7.241550881605803e-07,0.012937115505337715,0.010695213304152565,7.181711304050722e-07,0.01275571994483471,0.010537980597407098,7.139400939943666e-07,0.012603252194821835,0.010407754944430457,7.108514783722212e-07,0.012472976930439472,0.010299019190290618,7.084048006339097e-07,0.012360075488686562,0.010207639149730168,7.062626973881104e-07,0.012261336669325829,0.010130467795072094,7.042413744141327e-07,0.012174682691693306,0.010065064898559026,7.022603473375391e-07,0.012098745442926884,0.010009498852822516,7.002869767902096e-07,0.012032553553581238
847,3,block_output,Gaussian,1,0.18220889195799828,0.05640185026186125,1.2900019884109497,0.034675156727196677,4.0689152543601316e-05,0.05547213554382324,0.02390321444660898,6.4953666201876645e-06,0.03178133815526962,0.019404152260413244,2.8141666695393273e-06,0.024214453995227814,0.016801732414889903,1.6748679921874177e-06,0.02002892643213272,0.015084729810792303,1.213161294424337e-06,0.01742066815495491,0.013855123877643592,9.847859472918067e-07,0.016305362805724144,0.012927177125617625,8.543865130185205e-07,0.01547772902995348,0.012201099922614438,7.713930109244337e-07,0.014786973595619202,0.011617376247332209,7.134569973015044e-07,0.014200791716575623,0.011138115773007037,6.698310740858058e-07,0.013696810230612755,0.010738024207216406,6.352300601449914e-07,0.013259143568575382,0.010399517691915943,6.069243845413991e-07,0.01287663821130991,0.010109950004825516,5.833541770405882e-07,0.01254117302596569,0.009859966808959605,5.63504814638527e-07,0.012246467173099518,0.009642483193486456,5.466271123167083e-07,0.011987339705228806,0.009452025021707255,5.32113804055798e-07,0.011759307235479355,0.009284288548524417,5.194584450035551e-07,0.011558388359844685,0.009135838760624803,5.082500168707639e-07,0.011381024494767189,0.00900390078978879,4.981857608521714e-07,0.011224064975976944
847,4,block_output,Vertical,1,0.8802969180165775,1.5916960818181838,5.511409282684326,0.07904779887388623,0.0003550773563404769,0.12771132588386536,0.04377196102388321,3.410865563513523e-05,0.05939532071352005,0.03272066800485528,1.0781743988786247e-05,0.04231145605444908,0.027010004169174602,6.020703786413475e-06,0.03401677682995796,0.023157731792519964,4.0195879302727155e-06,0.029385142028331757,0.02029477184017499,2.9121958681171164e-06,0.02570146508514881,0.018062426871250547,2.2275896569295427e-06,0.02269306406378746,0.01626823255644431,1.7758859509583827e-06,0.020209886133670807,0.014794593529095726,1.4634888561220006e-06,0.018148789182305336,0.013563801386644916,1.2395927687313905e-06,0.016497589647769928,0.012521893052118165,1.0746349387760268e-06,0.015339965932071209,0.011630086183902762,9.504029287030111e-07,0.014337504282593727,0.010859748673817468,8.551609827791697e-07,0.013583374209702015,0.010189221388409062,7.810633700055024e-07,0.01293008029460907,0.009601754964225821,7.22708566658929e-07,0.012356706894934177,0.009084134052197138,6.76273230016869e-07,0.01185150071978569,0.00862573812316571,6.389873732817044e-07,0.01140481885522604,0.008217906172845572,6.087954797716299e-07,0.01100858487188816,0.007853490063950183,5.841340644305133e-07,0.010655932128429413
847,4,block_output,Horizontal,1,0.12675318186954845,0.0071976295487952355,0.420429527759552,0.032487772671239715,3.009837537081291e-05,0.04818745702505112,0.020884728236567406,4.1676872345981476e-06,0.02554427832365036,0.01601561235766562,1.48147929812751e-06,0.0186684038490057,0.01325382867325393,7.698530402456272e-07,0.015242710709571838,0.011473797498241303,5.110607216701925e-07,0.013038450852036476,0.010244212808117034,3.969032397994548e-07,0.011677159927785397,0.009356406724287404,3.405310275233238e-07,0.0107314083725214,0.008694721888455133,3.1093302984569905e-07,0.010016601532697678,0.008190015227430396,2.94827264052086e-07,0.009464986622333527,0.007798044897970699,2.858911676437363e-07,0.0090686846524477,0.007489122864272859,2.808862567317587e-07,0.008764016442000866,0.0072426652121875025,2.7810288950484485e-07,0.008522992953658104,0.00704398558342031,2.7661707447847316e-07,0.00833059847354889,0.0068823534862271375,2.758973279998338e-07,0.00817573256790638,0.006749792179713647,2.7562131368204223e-07,0.00805012695491314,0.006640291129726739,2.755883761004188e-07,0.007947628386318684,0.006549261562112305,2.756707649099123e-07,0.00786362960934639,0.006473150318636308,2.757876684034095e-07,0.007794634904712439,0.006409167859052855,2.7589349873497457e-07,0.007737884763628244
847,4,block_output,Gaussian,1,0.4461568919202638,0.46408175340894847,2.9761011600494385,0.0529641540987151,0.00011294934805137885,0.08755146712064743,0.034281702593915046,1.4017762190645669e-05,0.043310653418302536,0.026773730618140056,6.43003505637525e-06,0.03209660202264786,0.02210587014754613,4.0048543063925155e-06,0.026636451482772827,0.018869884726074006,2.7972155893720603e-06,0.022696547210216522,0.016496768783009243,2.088511474489608e-06,0.020080242305994034,0.01468271589172738,1.6231209518031673e-06,0.01805211789906025,0.013252098867226215,1.2950403718135325e-06,0.01642444357275963,0.012097039673891332,1.0548069495102674e-06,0.015091896057128906,0.011147472135249584,8.753836956171013e-07,0.013986041769385338,0.010355523831787564,7.397602336977518e-07,0.013059023767709732,0.009687076115773784,6.363102774130238e-07,0.012275323271751404,0.00911700048498691,5.567483385713321e-07,0.011607530526816845,0.00862632513726278,4.950230129053937e-07,0.011033879593014717,0.008200464127141805,4.4665280020753306e-07,0.010536888614296913,0.007828074936119337,4.0829043419038325e-07,0.010102559812366962,0.007500260728337462,3.7744119690809547e-07,0.00971981044858694,0.007210012458797012,3.522598761265911e-07,0.009380083531141281,0.00695177736056466,3.3141336261020687e-07,0.009076913818717003
847,final,proj_out,Vertical,1,0.14411316066980362,0.006020276540619175,0.39360255002975464,0.08023757936935576,3.0355375534620656e-05,0.09410254657268524,0.0700206206076675,2.312900472627428e-05,0.08178975433111191,0.06222026061917108,2.201067243271135e-05,0.07353094965219498,0.05574762253534226,2.1696901848530598e-05,0.06709226965904236,0.05029717625843154,2.1375334558064423e-05,0.06171783432364464,0.04570277372286433,2.0897708045816175e-05,0.057132408022880554,0.04183462711553725,2.0270279145540888e-05,0.053198106586933136,0.03857979077904943,1.9534286179982865e-05,0.04981829971075058,0.035839178259410555,1.873364537212548e-05,0.046911194920539856,0.033526961351670916,1.79056130887837e-05,0.044404469430446625,0.03156986735051587,1.7078780816399796e-05,0.042234912514686584,0.0299061532649729,1.6273689532188076e-05,0.0403483510017395,0.02848435477131889,1.5504138548978228e-05,0.03869909793138504,0.027261967430748636,1.4778555251820156e-05,0.03724898397922516,0.02620415315623321,1.4101266246216759e-05,0.03596626967191696,0.025282536263740253,1.3473570629465224e-05,0.0348246768116951,0.024474106581201627,1.2894656415914007e-05,0.033802542835474014,0.02376025788012951,1.2362356881914435e-05,0.032882098108530045,0.023125952878405177,1.1873768793993249e-05,0.032048873603343964
847,final,proj_out,Horizontal,1,0.13195450899619904,0.0028853298778343714,0.31189918518066406,0.08853103717168172,8.457912632923893e-06,0.09454277902841568,0.08038494191945546,5.626532903138404e-06,0.08448876440525055,0.07366867162405498,5.1648047786596035e-06,0.0780302882194519,0.06786802783608437,5.152882332082948e-06,0.07285313308238983,0.062850008053439,5.346960180859729e-06,0.06823598593473434,0.05850652492945156,5.63382450910637e-06,0.0641452893614769,0.05474058189798915,5.941362425379823e-06,0.060537420213222504,0.05146889483171796,6.230548771221058e-06,0.05736705660820007,0.04862107561221198,6.483835917013786e-06,0.054589882493019104,0.04613753757069981,6.695240859095523e-06,0.052162546664476395,0.04396755490747709,6.864534633315367e-06,0.05004327744245529,0.042067753712809276,6.994270765742815e-06,0.048192888498306274,0.04040094878938463,7.088315260821358e-06,0.046575624495744705,0.03893521499066126,7.1510872451371925e-06,0.04515957832336426,0.03764312460072457,7.187114857628389e-06,0.043916795402765274,0.036501105933908436,7.200796034110073e-06,0.042823053896427155,0.035488898082384986,7.19620377170654e-06,0.041857533156871796,0.03458909243936577,7.177038442274632e-06,0.041002437472343445,0.03378673039731525,7.146552515005479e-06,0.040242552757263184
847,final,proj_out,Gaussian,1,0.08453125163676246,0.001379336353043064,0.20769885182380676,0.05132345701493914,1.383563345067355e-05,0.05827771872282028,0.04289434264813151,8.242201097795713e-06,0.048670560121536255,0.03746309308778672,6.7019087039220615e-06,0.042491018772125244,0.03357218013751128,5.937234137003712e-06,0.03809172660112381,0.030634213948533648,5.435635331240108e-06,0.03512858971953392,0.028331037906427232,5.052414977285681e-06,0.03282174840569496,0.026476709526919183,4.741167399646832e-06,0.031001877039670944,0.024956148176912277,4.485811097116776e-06,0.02943265810608864,0.0236929330146975,4.27713220695695e-06,0.028076238930225372,0.022633047271815556,4.10705457772056e-06,0.026904575526714325,0.021736501908255,3.968157529570053e-06,0.02589290961623192,0.020972728758813845,3.854001180646027e-06,0.025018777698278427,0.020317837921163394,3.7592910569178287e-06,0.02426185831427574,0.019752873876501643,3.6798348573109268e-06,0.0236041359603405,0.019262641047437985,3.6123730686395608e-06,0.023077642545104027,0.018834868490341165,3.554389674501697e-06,0.022740211337804794,0.0184595924876039,3.5039416380442317e-06,0.022448990494012833,0.018128682770544573,3.4595109832955673e-06,0.02219618484377861,0.017835474173937525,3.419901783979672e-06,0.021975195035338402
817,initial,patch_embed,Vertical,1,0.33985432024512974,0.29383054439050876,2.6114871501922607,0.08848100380292015,7.610301214090489e-07,0.09123839437961578,0.08816314240296681,5.433714632967455e-07,0.08965541422367096,0.0881415529856606,5.769554722400415e-07,0.08965390175580978,0.08815307856079131,6.042678533900805e-07,0.08965586125850677,0.08818038269167855,6.398310865863588e-07,0.08973639458417892,0.08820798520057921,6.784756456450837e-07,0.0898016095161438,0.08822554278941382,7.003504877034746e-07,0.08983606100082397,0.08823427628903162,7.058456789067844e-07,0.08988038450479507,0.08824194021641261,7.078693026171703e-07,0.08993925154209137,0.08825350505492044,7.160697217257762e-07,0.09003476798534393,0.08826934605363816,7.324510094531808e-07,0.09014175087213516,0.08828822523355484,7.53295032677904e-07,0.09024333208799362,0.0883088597939128,7.740732321120445e-07,0.09033442288637161,0.08832991407031104,7.91417724842231e-07,0.09040878713130951,0.08834996429227647,8.01929583443488e-07,0.09045426547527313,0.08836781103459615,8.031008915921664e-07,0.09046383947134018,0.0883830345812298,7.966668259559396e-07,0.09044556319713593,0.08839636106812765,7.891135251690851e-07,0.0904187336564064,0.08840918481822997,7.867939240376886e-07,0.09039975702762604
817,initial,patch_embed,Horizontal,1,0.2536932313962588,0.12787136373679323,1.7939975261688232,0.09038372077639141,2.8027076294033613e-07,0.09207553416490555,0.08954408622923352,7.133563019101292e-08,0.09020131826400757,0.08917802938866237,4.704546378544346e-08,0.08965862542390823,0.08901004540541815,3.4468628638924036e-08,0.08951005339622498,0.08894258276337669,3.148852323406922e-08,0.08950760960578918,0.08892616842474256,3.338597980159842e-08,0.08944994956254959,0.08893295318361312,3.740884032050538e-08,0.08939822018146515,0.08894850171747662,4.1775326776081385e-08,0.08939556032419205,0.08896502343908189,4.485630171328168e-08,0.08943644911050797,0.0889803920946424,4.6394522481057446e-08,0.08946483582258224,0.08899570351082181,4.692133302442784e-08,0.0895005464553833,0.08901235141924449,4.695268888100258e-08,0.08953659236431122,0.08902982232116517,4.678096745933976e-08,0.08957518637180328,0.08904631660571175,4.698386523512988e-08,0.0896160751581192,0.08906062006477326,4.794434561583852e-08,0.08965280652046204,0.0890727010038164,4.93145913430857e-08,0.08967584371566772,0.08908248645445657,5.0600697906652536e-08,0.08968254923820496,0.08908982527634454,5.1640144731561926e-08,0.08968722820281982,0.08909498770085592,5.2477458446691495e-08,0.08967344462871552
817,initial,patch_embed,Gaussian,1,0.34402372250481256,0.32319339172692235,2.5862979888916016,0.06696728829826627,6.833619551469454e-07,0.06891760230064392,0.06675063688603658,6.036421665512998e-07,0.06911659985780716,0.06672735488603986,5.774432995749644e-07,0.0685715451836586,0.06663650309755689,4.948460327295513e-07,0.06832996010780334,0.06656228242412446,4.448629487956848e-07,0.06823627650737762,0.06653929288898196,4.241428799420702e-07,0.06813247501850128,0.06654315016099385,4.152330043081072e-07,0.06803296506404877,0.06655907725530957,4.1423517642214164e-07,0.06795024871826172,0.06657728883955213,4.1947944333402817e-07,0.06790722906589508,0.06659160649019574,4.2739260546261053e-07,0.06789732724428177,0.06660280802420207,4.340647705021646e-07,0.06788648664951324,0.06661549115937854,4.3968374505197104e-07,0.0679529458284378,0.06663102763039726,4.4580519191172325e-07,0.0680379867553711,0.06664830670943336,4.533455456266479e-07,0.06812351942062378,0.06666523892255057,4.619611369183282e-07,0.06819769740104675,0.0666809267704449,4.7029989815391586e-07,0.06825204193592072,0.06669731852081087,4.780334130633348e-07,0.06828821450471878,0.06671646533031313,4.860559831561707e-07,0.0683133602142334,0.06673811624447505,4.947604278775462e-07,0.068333700299263
817,0,block_output,Vertical,1,0.43686434342747643,0.387412509403501,2.8090710639953613,0.09391733968541735,4.4734900750619874e-05,0.10868408530950546,0.08174808654520246,1.5880938265512377e-05,0.09197870641946793,0.07612243625852796,1.1632027546588474e-05,0.08529888093471527,0.07307226837627472,9.536721948433964e-06,0.08117793500423431,0.07138175860283867,8.46301564272138e-06,0.07897765934467316,0.0704103901036202,7.916732978665881e-06,0.07771313935518265,0.06981113139126036,7.635367145118693e-06,0.07692758738994598,0.06940497741812751,7.486964175534812e-06,0.07638383656740189,0.0691041499376297,7.406675746142388e-06,0.07596692442893982,0.06886612517493111,7.362445218148867e-06,0.07562332600355148,0.06866951558798079,7.338171071190845e-06,0.07532788813114166,0.06850269992673208,7.325640808428135e-06,0.07506819069385529,0.06835870551211494,7.3205219399965145e-06,0.07483763992786407,0.06823291168326423,7.320393511234308e-06,0.07463197410106659,0.06812201771471235,7.323755963273065e-06,0.07444769144058228,0.0680235487128061,7.32951763540969e-06,0.07437053322792053,0.06793555788814075,7.336924543970168e-06,0.0743224173784256,0.06785643881275541,7.345406601018913e-06,0.0742807537317276,0.0677848221172416,7.354446879550232e-06,0.0742434710264206
817,0,block_output,Horizontal,1,0.20884503341383404,0.04964984088493233,1.3371697664260864,0.08641772930111204,1.2445977649331112e-05,0.09403253346681595,0.07905892590208659,1.9870375842353766e-06,0.08268153667449951,0.07626939718685453,5.364770455795204e-07,0.07815826684236526,0.07519841974689848,2.7728247717911416e-07,0.07643413543701172,0.07473764343867226,2.173395498504426e-07,0.07587429881095886,0.074476153604568,1.927641158237806e-07,0.07553437352180481,0.07428979897309863,1.7871897053091106e-07,0.07528533041477203,0.07414184451576263,1.702798941202716e-07,0.07509053498506546,0.07401847094297409,1.6548288816678512e-07,0.074933260679245,0.07391273880761767,1.631586992874976e-07,0.07480458915233612,0.07382035740311184,1.6258433577072647e-07,0.07470303028821945,0.07373845991161135,1.6334435461509174e-07,0.07461489737033844,0.07366520036307592,1.6520739103469317e-07,0.07453595846891403,0.07359949676763444,1.6801035695080957e-07,0.07446184009313583,0.07354063658960282,1.7158020366973257e-07,0.07439982891082764,0.073487922076195,1.757328765590052e-07,0.07436929643154144,0.0734405532952339,1.8026884866536872e-07,0.07434536516666412,0.0733977465165986,1.8495119414547139e-07,0.07432443648576736,0.07335880859976723,1.8949501934690238e-07,0.07430261373519897
817,0,block_output,Gaussian,1,0.8921610190281792,1.8019453479329264,5.129626274108887,0.07851590086070317,8.290727384763489e-05,0.10121431946754456,0.0640132160532096,7.988747530045672e-06,0.06987933814525604,0.05950348321644087,4.341306964744555e-06,0.06413938105106354,0.05725710608419918,3.615526787833584e-06,0.061769671738147736,0.05596546414825651,3.4623209613024903e-06,0.060339875519275665,0.0551306332742411,3.473874982350475e-06,0.05939868837594986,0.0545412397810391,3.534691099458321e-06,0.05873075872659683,0.054102865653851674,3.6092805100811484e-06,0.05823083966970444,0.053766073215575444,3.685051901954449e-06,0.05784246325492859,0.05350056367497596,3.756956129242249e-06,0.0575321801006794,0.05328612555823629,3.823141217168551e-06,0.0572785958647728,0.05310883757377428,3.883232747958397e-06,0.05706728249788284,0.05295901106936591,3.937531059823884e-06,0.05692559480667114,0.0528298770742757,3.9865761629509755e-06,0.05686120688915253,0.052716662959446985,4.030950559560106e-06,0.0568053275346756,0.05261597510368105,4.071180684890532e-06,0.05675632506608963,0.05252535700324982,4.1076926399896536e-06,0.05671297758817673,0.05244300106451625,4.140787010573788e-06,0.056674204766750336,0.05236756115678757,4.170713822196319e-06,0.05663900822401047
817,1,block_output,Vertical,1,0.9912339078765067,2.1324763301037386,5.584612846374512,0.09941386727113573,0.00015308948518884106,0.13425028324127197,0.07454403513480747,4.067946301270685e-05,0.09315216541290283,0.062325036123631494,1.98330755811594e-05,0.074805349111557,0.055328892218688176,1.2556962191204846e-05,0.06432560086250305,0.051203628381093345,9.681985913630198e-06,0.05928344279527664,0.04864864021776214,8.388078895684917e-06,0.056196942925453186,0.04694570731075983,7.720880857249506e-06,0.05420468747615814,0.04572373226521507,7.345633102754529e-06,0.05282529816031456,0.04479525238275528,7.124201851770635e-06,0.051803816109895706,0.04406140289372868,6.987163283627742e-06,0.051005277782678604,0.04346523658623771,6.8967828176258375e-06,0.05035727098584175,0.042970808015929327,6.8327446097884566e-06,0.04981955885887146,0.042553787784917016,6.78433602776587e-06,0.04936791956424713,0.04219692224074924,6.746015764985976e-06,0.04898608475923538,0.04188758655199929,6.7150472648599845e-06,0.048661909997463226,0.041616345149657084,6.690157104247552e-06,0.048385556787252426,0.04137603885361126,6.67069417739987e-06,0.04814855381846428,0.041161183563489766,6.656105791592498e-06,0.04794348031282425,0.04096755728362098,6.645602985764637e-06,0.04776390641927719
817,1,block_output,Horizontal,1,0.7414706339911808,1.1370717235391958,4.455967903137207,0.10658645026740574,0.00011998489383470948,0.13725632429122925,0.08376883455212154,2.0557828155335127e-05,0.09426416456699371,0.07243121876603081,7.875597630763314e-06,0.07902172207832336,0.0658530154753299,3.6695585919906743e-06,0.07017120718955994,0.06202684443384882,2.255651994342594e-06,0.06591743975877762,0.059716603349125576,1.8050230992600138e-06,0.06337137520313263,0.05821032887176862,1.6723912359272314e-06,0.06162066012620926,0.057139122474288186,1.638177666341767e-06,0.06034410744905472,0.056322099670531256,1.631476828748121e-06,0.05936373025178909,0.05566952306599844,1.6313705493549798e-06,0.0585811473429203,0.055133277343379125,1.632396185820913e-06,0.057938605546951294,0.054684394586180886,1.6333932839039205e-06,0.05739954859018326,0.05430349039416465,1.6342184977287154e-06,0.056939661502838135,0.053976638567826106,1.6349015663667324e-06,0.05654224008321762,0.053693435140072354,1.635464394642487e-06,0.05619543790817261,0.053445948258278864,1.6359400158334659e-06,0.05589039623737335,0.05322803994492879,1.636418173754866e-06,0.05562125891447067,0.05303487903068936,1.6370230808935018e-06,0.05542914569377899,0.05286258778401783,1.6378739084945487e-06,0.055256135761737823
817,1,block_output,Gaussian,1,0.09772949245950532,0.0035860332103758107,0.2824649214744568,0.04401405817932553,9.832362688985927e-06,0.052409324795007706,0.03955847681278274,4.555202838318329e-06,0.04464493691921234,0.03788787640985988,4.1209213106023855e-06,0.042554181069135666,0.037015340453575525,4.055642689126137e-06,0.04186110943555832,0.03647087798232124,4.061172391926095e-06,0.041421111673116684,0.03608940565396869,4.0914753693639044e-06,0.04113356024026871,0.03579809223966939,4.129451340108866e-06,0.04092436283826828,0.03556763841992333,4.162778674413417e-06,0.0407545305788517,0.03538364674600344,4.188587414450362e-06,0.04061225429177284,0.03523494510187043,4.2090104185890125e-06,0.040491290390491486,0.035112977264419434,4.226251597281785e-06,0.04038698598742485,0.035011348211103015,4.241703022834323e-06,0.04029618948698044,0.03492528265194288,4.256095123366312e-06,0.040216803550720215,0.03485131967398855,4.2696698732573085e-06,0.04014723747968674,0.034787028259228144,4.282394935713135e-06,0.040086109191179276,0.03473069622284836,4.294136027711591e-06,0.04003213718533516,0.034681051673870235,4.304808818968231e-06,0.03998415544629097,0.034637089256965924,4.314377804489344e-06,0.039941124618053436,0.03459797826196466,4.322846341243711e-06,0.03990212455391884
817,2,block_output,Vertical,1,1.2772685760070408,3.0497338042635436,7.037022590637207,0.10004017123627285,0.00047425203349820094,0.14671999216079712,0.05770637089061358,6.71151728395686e-05,0.07530918717384338,0.042433946969963256,2.002866629612483e-05,0.05360310152173042,0.03569087616744496,1.0923266968753823e-05,0.04393784701824188,0.03189058932993147,7.883638838370674e-06,0.038611821830272675,0.029364994741857997,6.4472279758191285e-06,0.03516412526369095,0.027542487614684634,5.6367260301654174e-06,0.03286394476890564,0.026160546268026035,5.1208888901311365e-06,0.03114333748817444,0.02507165710013064,4.760679603506625e-06,0.029795687645673752,0.02418578386543289,4.4916612600276745e-06,0.02886056900024414,0.02344584438417639,4.281424862461933e-06,0.028151443228125572,0.022814627086359358,4.112250592034915e-06,0.02758771739900112,0.022267165933809584,3.973579015205401e-06,0.02708827704191208,0.021786181699661983,3.85855002094013e-06,0.026641353964805603,0.021359297106899912,3.762364938378516e-06,0.026238344609737396,0.02097734406826988,3.6814738409986254e-06,0.025872649624943733,0.02063331211961451,3.6131518147349983e-06,0.025539059191942215,0.020321680351145684,3.555264995300044e-06,0.025233350694179535,0.020038013124749773,3.506101357868366e-06,0.02495206892490387
817,2,block_output,Horizontal,1,0.1858941080078246,0.0323395271272544,0.9829168319702148,0.05425772662200625,6.75601446924532e-05,0.07406940311193466,0.0392509036593967,6.440898876901212e-06,0.045092884451150894,0.03480328773222272,3.1123673440069035e-06,0.03906106948852539,0.03263189342050325,2.5442315787601203e-06,0.03613578900694847,0.031259652049768535,2.313824932437514e-06,0.034723736345767975,0.030298273773893478,2.1924181740945687e-06,0.0336882621049881,0.029581268983227865,2.1189052021315177e-06,0.03288593143224716,0.029022481115091415,2.0704058244842856e-06,0.03223933279514313,0.028573251018921535,2.036307977448671e-06,0.031703829765319824,0.02820383384823799,2.0109049194619356e-06,0.031252019107341766,0.027894917491172986,1.9909078194266767e-06,0.030866090208292007,0.027633396110364368,1.9745681037697286e-06,0.03054213896393776,0.027409938415364613,1.9610682375436842e-06,0.03035018779337406,0.02721752454009321,1.949977496886711e-06,0.03018414042890072,0.027050667043243135,1.9409834414952725e-06,0.03003985807299614,0.026904989329595414,1.933815479050199e-06,0.02991403639316559,0.026776951427261036,1.9281978898381407e-06,0.029803993180394173,0.026663650980307943,1.9238027211669364e-06,0.029707325622439384,0.02656271622057945,1.9202428607025904e-06,0.029621604830026627
817,2,block_output,Gaussian,1,0.12060301224627192,0.010100336845945438,0.5804846882820129,0.035120205628493474,1.8589049346002617e-05,0.04775124788284302,0.02800709151086353,4.187982017904756e-06,0.034536268562078476,0.02508450530114628,2.9312596478378097e-06,0.030248340219259262,0.023370224332052564,2.515328169954854e-06,0.027611590921878815,0.02224026694302521,2.3466865319303127e-06,0.026062235236167908,0.021435611363914277,2.268508976277555e-06,0.025197643786668777,0.02083533023676229,2.223292043830304e-06,0.024570714682340622,0.020374002999493053,2.193473668570146e-06,0.024110358208417892,0.020009407655350746,2.170398184672802e-06,0.02376558631658554,0.019713917628876747,2.148441550653817e-06,0.02349906973540783,0.019469129779036084,2.124813564223639e-06,0.02328253723680973,0.019262771343901045,2.099651817954822e-06,0.023095544427633286,0.019086778873489016,2.0748104024721953e-06,0.022927047684788704,0.018935691949630542,2.052008200342281e-06,0.022774018347263336,0.0188054091164044,2.0320152955745614e-06,0.022636577486991882,0.018692590946715975,2.014871816107778e-06,0.022514618933200836,0.018594482795350135,2.0002872358055805e-06,0.02240731194615364,0.018508828407715238,1.9878828647914063e-06,0.0223134383559227,0.018433787091265596,1.9773007602055917e-06,0.022231627255678177
817,3,block_output,Vertical,1,0.13150863721966743,0.009385900040289013,0.5045827627182007,0.029664992458290525,2.7684676300956058e-05,0.04405240714550018,0.019379574731583634,4.962813254420218e-06,0.025069192051887512,0.014921667453433787,2.336492778949273e-06,0.018891800194978714,0.012352702400041006,1.617870911174089e-06,0.01643342524766922,0.010684322033609663,1.32105459850313e-06,0.014842996373772621,0.009526454244873353,1.1674346856136616e-06,0.013731144368648529,0.008687145771488311,1.0773313055326562e-06,0.012909390963613987,0.008058927746282684,1.0202936255318182e-06,0.012275470420718193,0.007577152671440253,9.823488536936206e-07,0.01177089661359787,0.0072005674435151,9.556333403319146e-07,0.01135978288948536,0.006901351136288473,9.351666114904758e-07,0.01101871021091938,0.006659975918453364,9.181920294431946e-07,0.010732877999544144,0.006462602247853601,9.036148225982375e-07,0.010492747649550438,0.006299375911198911,8.911163916574347e-07,0.0102910865098238,0.006163118636265161,8.805875734957879e-07,0.010121936909854412,0.006048442581520667,8.71913365439242e-07,0.009980326518416405,0.005951193612187155,8.649025603174425e-07,0.009861994534730911,0.005868104508235341,8.592763629473138e-07,0.009763048961758614,0.005796592712165817,8.547025758360006e-07,0.009679768234491348
817,3,block_output,Horizontal,1,0.9922854621258993,1.911230766403703,5.487123012542725,0.09573208386935884,0.0004788058555845974,0.14772456884384155,0.05358382864367394,5.918194789910381e-05,0.07105416804552078,0.038293064527568366,1.5168484754346472e-05,0.04698380082845688,0.03134496028106364,7.11154375550466e-06,0.038506604731082916,0.027296353249795853,4.418615645076651e-06,0.033053308725357056,0.02451767831567734,3.1272608891528895e-06,0.029152747243642807,0.02244543940538452,2.3955776827873363e-06,0.026193099096417427,0.020823990867014915,1.94325484933074e-06,0.023867713287472725,0.019512863031455448,1.648164666098113e-06,0.022107765078544617,0.018426290550638758,1.4473313987977929e-06,0.020950160920619965,0.017508327192257322,1.3049353577489457e-06,0.019985804334282875,0.0167207864837514,1.1997198011894352e-06,0.019166603684425354,0.01603667973171151,1.1188296961678008e-06,0.018459917977452278,0.015436365165644221,1.0543885226576689e-06,0.017842832952737808,0.014905159879061911,1.001492342620982e-06,0.017298690974712372,0.014431827583365024,9.570339763302312e-07,0.01681498810648918,0.014007581501371331,9.189941821779657e-07,0.01638205535709858,0.013625425301373952,8.860204947065986e-07,0.01599227823317051,0.013279698966514496,8.571625668464956e-07,0.015639513731002808
817,3,block_output,Gaussian,1,0.7579102368345336,1.1636763605234044,4.613341808319092,0.07161204108879679,0.0002547109657938079,0.10893785953521729,0.042535857075736636,2.8871175868113636e-05,0.05516793578863144,0.032571285637834714,9.964348649909471e-06,0.04032551869750023,0.027196552634002672,5.537993714398203e-06,0.03257186710834503,0.02362578758408153,3.5856048457030714e-06,0.02796982415020466,0.021072767881883517,2.5382501418643664e-06,0.02466869354248047,0.01916218936325066,1.926593255188152e-06,0.022514265030622482,0.01767847039515064,1.5455494691354722e-06,0.020951956510543823,0.016490894975879834,1.2943714814169317e-06,0.01968378946185112,0.015516667715495541,1.1201307975865831e-06,0.018636485561728477,0.014701196953417763,9.937716860811647e-07,0.017757413908839226,0.014007230806681845,8.98701699031962e-07,0.01700814999639988,0.013408549529101168,8.250331635190067e-07,0.016360551118850708,0.012886174910125277,7.666149365941173e-07,0.015793975442647934,0.01242601770966772,7.194691125368487e-07,0.015293252654373646,0.012017387394157667,6.809181379522171e-07,0.014847111888229847,0.011652012562586201,6.490849062903971e-07,0.014447049237787724,0.011323386640657507,6.225951746334694e-07,0.014086476527154446,0.011026325088644784,6.004036646583636e-07,0.013760113157331944
817,4,block_output,Vertical,1,0.7512975420270648,1.2314598240664894,4.345307350158691,0.07278780946655879,0.00028429172605132024,0.10988057404756546,0.043503348198201924,3.961299328839134e-05,0.06090785562992096,0.03341559793740984,1.6528693140263093e-05,0.04418174922466278,0.027544623979973416,9.481687278619223e-06,0.035837363451719284,0.02341803302249265,6.118632517706041e-06,0.030168380588293076,0.020332302720773788,4.257710497878218e-06,0.025991246104240417,0.017936643863481188,3.1392628311193445e-06,0.022776398807764053,0.016026175433089807,2.423980123807729e-06,0.020226776599884033,0.014472234683732191,1.943631020741343e-06,0.01816125027835369,0.013188602254977302,1.6083424626012992e-06,0.016461309045553207,0.01211444768936388,1.3669717958388284e-06,0.015044981613755226,0.011205387065216663,1.188887533575886e-06,0.013977879658341408,0.010428294672497682,1.0549138696671078e-06,0.013254901394248009,0.00975801588760482,9.525373645658825e-07,0.012631970457732677,0.009175161594554546,8.73275219383383e-07,0.012088874354958534,0.008664582530775714,8.111721553814913e-07,0.011610020883381367,0.008214298598763962,7.619055463825136e-07,0.011183403432369232,0.007814755552403983,7.222576390673474e-07,0.01079992763698101,0.00745829250220032,6.898070724898096e-07,0.010452897287905216
817,4,block_output,Horizontal,1,0.4607409770999636,0.4372547626521213,2.9625420570373535,0.06594827972234242,0.0002064307773227105,0.09751187264919281,0.03959619540662047,2.5529697828042356e-05,0.05444832146167755,0.030005156047760495,8.803499533540861e-06,0.03865993767976761,0.02462000609745109,4.605974204230133e-06,0.03091057389974594,0.021058320999145508,2.8767692124077056e-06,0.02616683393716812,0.018512489362841562,2.0042513198700593e-06,0.022762661799788475,0.016590717381664684,1.499344255049689e-06,0.020185569301247597,0.015083169801131127,1.1786971873044079e-06,0.018167763948440552,0.013868216292134352,9.623709420699003e-07,0.016552608460187912,0.012869506290862484,8.104103003196376e-07,0.015266942791640759,0.012035849178949046,7.005473159013521e-07,0.014330673962831497,0.011331235088171467,6.193390472252422e-07,0.01352737657725811,0.010729442128822916,5.581846570526328e-07,0.012834260240197182,0.010210871962564332,5.11345179313024e-07,0.012232904322445393,0.00976058163694919,4.748783591285796e-07,0.011708155274391174,0.009366994161927511,4.460314001121166e-07,0.011247585527598858,0.0090210171830323,4.2286220644796425e-07,0.010841166600584984,0.008715411463368034,4.0398895663291115e-07,0.010480908676981926,0.008444326064948524,3.8841788275121523e-07,0.0101604163646698
817,4,block_output,Gaussian,1,0.21217773700990375,0.09145672251127297,1.6138602495193481,0.03912224910325474,4.7336683382667683e-05,0.055184256285429,0.027206198149730288,9.506919287043119e-06,0.0361018180847168,0.02152809598261402,4.7627233108336975e-06,0.028112342581152916,0.017811393675704796,2.7692024665469922e-06,0.02283303253352642,0.015191726283066802,1.7748412031640015e-06,0.01905231922864914,0.013261689213178461,1.232906670369013e-06,0.016229618340730667,0.01179399864659423,9.19691801013221e-07,0.014076080173254013,0.01064968237742072,7.302769322311421e-07,0.012746868655085564,0.009738706939277194,6.10492467616231e-07,0.011895461939275265,0.009000757716536995,5.308237771882132e-07,0.011168913915753365,0.008394376323040988,4.7491480369636925e-07,0.01054554246366024,0.007890167335669199,4.336595677750152e-07,0.010009387508034706,0.007466590401553918,4.018893173199384e-07,0.009547006338834763,0.007107484841807967,3.7656165965428686e-07,0.00914668943732977,0.006800541402919898,3.5581400664657273e-07,0.008798490278422832,0.00653628268027826,3.384641362173906e-07,0.008494202978909016,0.006307329886430312,3.2373582217500733e-07,0.008227168582379818,0.006107867510604953,3.1109635916513315e-07,0.007992018014192581,0.0059332587194466406,3.0017017865422684e-07,0.007784397806972265
817,final,proj_out,Vertical,1,0.1459450698088086,0.006182937448565571,0.37772125005722046,0.0789110374356073,2.5446956580582706e-05,0.09070829302072525,0.06944553246573797,2.154733517737073e-05,0.0804382711648941,0.06218219146368995,2.120350533063952e-05,0.07310982048511505,0.05610423700677024,2.1075918454570702e-05,0.06713704764842987,0.05096131687362989,2.077528010722247e-05,0.062216732650995255,0.046607041406253026,2.0293157250652085e-05,0.05799363553524017,0.04292117449499312,1.9674119355998326e-05,0.054345130920410156,0.03979976930552059,1.8966622174313918e-05,0.05118416249752045,0.03715314414529573,1.821211402633695e-05,0.04843875393271446,0.034904368635680944,1.7442318783042786e-05,0.046046990901231766,0.03298790123136271,1.6679917290356087e-05,0.04395567998290062,0.03134834654037914,1.5940310081041044e-05,0.04211955890059471,0.029939241204706448,1.5233439932952824e-05,0.04050040990114212,0.028721904796030786,1.4565306088293212e-05,0.03906615078449249,0.027664320691237376,1.3939098471751359e-05,0.03778989613056183,0.026740121847343822,1.3356000454990026e-05,0.03664909675717354,0.025927664741637216,1.2815787588213304e-05,0.035624824464321136,0.02520921734708642,1.2317225856620326e-05,0.034701112657785416,0.024570263271766996,1.1858399683780202e-05,0.03386446833610535
817,final,proj_out,Horizontal,1,0.1286039501428604,0.0027648012917525387,0.29336458444595337,0.08733756603702666,7.264974193613249e-06,0.09364977478981018,0.0797295935806774,4.897228831215556e-06,0.08580632507801056,0.07338550722315199,4.514730247473911e-06,0.07981161773204803,0.06789373783838182,4.53150196998962e-06,0.07455641776323318,0.06312603899647319,4.720843504250463e-06,0.06989271938800812,0.05898410572655617,4.9893787997606575e-06,0.06576959788799286,0.05538337281535542,5.27981654743544e-06,0.06214095652103424,0.05225133783523998,5.559518663883946e-06,0.05896139517426491,0.049525199724095206,5.811284265998368e-06,0.05618494749069214,0.0471501083128036,6.027049451260502e-06,0.05376557260751724,0.04507811917435555,6.204307961678977e-06,0.0516587495803833,0.043267450990184905,6.344063495716404e-06,0.04982312023639679,0.04168184988555454,6.449387821952953e-06,0.04822148010134697,0.04028998711515987,6.524470126074072e-06,0.04682110249996185,0.03906489092679251,6.573861365387702e-06,0.04559364169836044,0.03798339628274479,6.6020332712156e-06,0.044514723122119904,0.037025657142438585,6.613068051733322e-06,0.04356345534324646,0.036174696944062674,6.6105581380314015e-06,0.042721956968307495,0.03541600378969359,6.597565093304538e-06,0.04197493568062782
817,final,proj_out,Gaussian,1,0.07476635531537117,0.0007709357447843847,0.16941750049591064,0.04889843908567277,1.2648911715238233e-05,0.05613073706626892,0.04166909809859972,8.588987900730718e-06,0.04804336279630661,0.036740553639237845,7.101616171292307e-06,0.0423041433095932,0.03311038389801979,6.284860021292857e-06,0.03787388652563095,0.03033963375030056,5.760742457134532e-06,0.0347817987203598,0.028169908427766392,5.3877378077827556e-06,0.03237869590520859,0.026437495465552997,5.108338971939903e-06,0.030673068016767502,0.025033209975513202,4.8940729869983e-06,0.02925141528248787,0.023880991522991467,4.727159892874369e-06,0.02805004082620144,0.022925862480723667,4.595032960825042e-06,0.027031218633055687,0.022126885278830454,4.4884505839889375e-06,0.026235945522785187,0.021452901944045037,4.400584522053965e-06,0.025663334876298904,0.02087982924329856,4.326424122280684e-06,0.025176942348480225,0.020388853204037462,4.262346817876217e-06,0.024760929867625237,0.01996515845022504,4.20575272387256e-06,0.02440236136317253,0.01959700369468284,4.1547915136026305e-06,0.024090703576803207,0.01927502401587036,4.108140816138886e-06,0.023817364126443863,0.018991703330169595,4.064851015474343e-06,0.023575343191623688,0.018740970670940386,4.024234863468166e-06,0.023358922451734543
785,initial,patch_embed,Vertical,1,0.3691450586867711,0.32818221386458973,2.678248405456543,0.08842691140515464,1.2948219319155839e-06,0.09147749096155167,0.08800864586281398,9.588129643875814e-07,0.0899447426199913,0.08800117777926582,1.044812621506298e-06,0.0902300477027893,0.08804010824551659,1.1702759596038038e-06,0.09043501317501068,0.08807536652163854,1.2779405649477389e-06,0.09044761955738068,0.08809691856777857,1.3345525662450104e-06,0.09045051038265228,0.08811466407681269,1.368090873328077e-06,0.09060825407505035,0.08813288618647863,1.4072409267079881e-06,0.09071199595928192,0.08814826383004112,1.444097851603958e-06,0.09081365168094635,0.08815740214453803,1.4568162920138117e-06,0.09083241969347,0.08816128661708227,1.43699088310172e-06,0.09079644083976746,0.08816351280325935,1.3947930230045212e-06,0.09072205424308777,0.08816700889950707,1.3480397267383092e-06,0.0906401202082634,0.08817394408914778,1.3133607834716298e-06,0.09058047831058502,0.08818599818244813,1.2998222654701516e-06,0.09056185185909271,0.08820329594706731,1.306568256542197e-06,0.09058332443237305,0.08822437470394467,1.3269501195719763e-06,0.09063152968883514,0.08824726643543394,1.3535336162511374e-06,0.09069135785102844,0.08827032385364411,1.3804610926678277e-06,0.09075102210044861
785,initial,patch_embed,Horizontal,1,0.2671527194361838,0.16820095488845646,2.1399550437927246,0.08988561374800545,1.8821938318129474e-07,0.09121095389127731,0.0894297349547583,5.432502139529589e-08,0.09004487097263336,0.08922483346291951,5.236873747650118e-08,0.08987239003181458,0.08911212569191343,5.825495841523539e-08,0.08981512486934662,0.08905787931548224,6.008871486882587e-08,0.08996962755918503,0.0890293223044229,6.08716765217579e-08,0.0899825170636177,0.08900876615255598,6.195088490931639e-08,0.08989037573337555,0.08899324292701388,6.128870311524576e-08,0.0897497907280922,0.08898398516670106,5.8874828186967436e-08,0.08970052003860474,0.08898238955982148,5.7153063518529065e-08,0.08966803550720215,0.08898762471619107,5.6801428627396236e-08,0.08970779180526733,0.08899729509675314,5.7511756575728824e-08,0.0897212028503418,0.08900916458122314,5.922432837128286e-08,0.08971530944108963,0.08902169231857572,6.189244828539385e-08,0.08970147371292114,0.08903398684092931,6.517415461409832e-08,0.08968642354011536,0.08904584071465901,6.868762884170434e-08,0.08967310190200806,0.08905754557677678,7.233962583928452e-08,0.08966262638568878,0.08906940772892936,7.620324419418276e-08,0.08965441584587097,0.08908147376681132,8.02934343325597e-08,0.08967777341604233
785,initial,patch_embed,Gaussian,1,0.2118191352439305,0.10543750073545365,1.5863566398620605,0.06680676707672695,1.0944059879357112e-06,0.06966738402843475,0.06640012313922246,7.326193446679049e-07,0.06817267835140228,0.0663000616052794,6.793671482469831e-07,0.06802816689014435,0.06630037500271721,6.727632378184845e-07,0.06785158067941666,0.06634072391759782,6.872997234951754e-07,0.06803403049707413,0.06636843605647011,7.143170462356063e-07,0.06809432059526443,0.06638883527309175,7.372151311640693e-07,0.06820705533027649,0.06642460042522066,7.611939955099229e-07,0.06836891919374466,0.06646406721501123,7.826914657905242e-07,0.0685049295425415,0.06649458136350389,8.018840514005274e-07,0.06861909478902817,0.06651322945715889,8.191623326516495e-07,0.06869767606258392,0.0665261268852249,8.347570704679358e-07,0.06874432414770126,0.06653927597734663,8.498787758782497e-07,0.06877618283033371,0.06655487772964296,8.658730854535759e-07,0.0688067227602005,0.06657267752147857,8.834663901026764e-07,0.06884176284074783,0.06659178684155147,9.027909830393639e-07,0.06888213753700256,0.06661140197326267,9.23621035041795e-07,0.06892623007297516,0.06663096944491069,9.454680844688838e-07,0.06897154450416565,0.0666501544534214,9.676332194196838e-07,0.06901566684246063
785,0,block_output,Vertical,1,0.9346310240881783,1.7082056623388162,5.813201904296875,0.11320558462351088,0.00015170009297767176,0.14308857917785645,0.0900941440273845,2.3349305944456963e-05,0.1030380129814148,0.0819492917212229,1.5884525519888093e-05,0.09311841428279877,0.07723747442166011,1.395666951192489e-05,0.08752821385860443,0.07413503444857067,1.2470810976444799e-05,0.08361918479204178,0.07208580358160867,1.1359962762829708e-05,0.08087608218193054,0.07073918398883608,1.0581070348950065e-05,0.07898019254207611,0.06984669939866142,1.0048800600607806e-05,0.07767363637685776,0.06923949079854148,9.690239228048523e-06,0.07676123082637787,0.06880841374633805,9.452312720028762e-06,0.0761057510972023,0.06848602812914621,9.298346680670175e-06,0.07561688125133514,0.06823206728412992,9.202685577191935e-06,0.07523713260889053,0.06802284368683421,9.146783294922692e-06,0.07492999732494354,0.06784433587676003,9.117170820906962e-06,0.07467195391654968,0.06768802121754676,9.10432368715441e-06,0.07444767653942108,0.06754849898436713,9.101831279380541e-06,0.07424722611904144,0.0674221816635321,9.105669327606694e-06,0.07406426966190338,0.06730657336967331,9.113554525631699e-06,0.07389499992132187,0.06719987543802412,9.124331351838138e-06,0.07373735308647156
785,0,block_output,Horizontal,1,1.3308781260062779,3.4734832290224658,7.050079822540283,0.11858950578977191,0.00017752832123228498,0.15783610939979553,0.09465126397590788,1.3840001685078488e-05,0.10479427874088287,0.08673319102279724,2.8466797004857643e-06,0.09110980480909348,0.08261056835689241,1.21860477762104e-06,0.08492566645145416,0.07997942361093703,6.982846752989897e-07,0.08155651390552521,0.07822611632328184,4.722463547823615e-07,0.07951072603464127,0.07704943524939674,3.64233780376251e-07,0.07806183397769928,0.07625475111934873,3.10074754665749e-07,0.07708887755870819,0.07570856845095045,2.8162925510613223e-07,0.07653127610683441,0.07532086684590295,2.6589644862878157e-07,0.07616511732339859,0.07503339967557363,2.566574108387326e-07,0.07589579373598099,0.07480996646105297,2.508634868781828e-07,0.07568592578172684,0.07462866225885967,2.47032153713287e-07,0.07552608102560043,0.07447633525681874,2.4443264911581836e-07,0.07538973540067673,0.07434498021999995,2.426862128012536e-07,0.07527007162570953,0.07422956611428942,2.4156354737049057e-07,0.07516442239284515,0.07412676536847675,2.409044692019761e-07,0.07507090270519257,0.0740342643998918,2.4058047141349424e-07,0.07498813420534134,0.073950362229158,2.404782852400831e-07,0.07491496205329895
785,0,block_output,Gaussian,1,0.1660011602299554,0.03193874225974941,0.9750410914421082,0.059642135919559566,1.0513978693467196e-05,0.06698541343212128,0.055244873203928506,4.687495632767415e-06,0.06022986024618149,0.05374903959177789,4.406993235118688e-06,0.0584687776863575,0.052956958020490316,4.468926739151242e-06,0.05786552652716637,0.052445260541779656,4.571474780846738e-06,0.05743982642889023,0.05207780985132096,4.679701160926128e-06,0.0570872537791729,0.051797756718264684,4.775170953043582e-06,0.05681551992893219,0.05157477769350249,4.855605182853369e-06,0.05659948289394379,0.051392030325673875,4.925013567681225e-06,0.05642250180244446,0.05123914725014141,4.986416372654138e-06,0.056276582181453705,0.0511091197175639,5.041783031017108e-06,0.05615689232945442,0.050997194198388905,5.091965190916138e-06,0.056057948619127274,0.05090011792286994,5.136946141248756e-06,0.05597376450896263,0.050815328068676446,5.1767012792140605e-06,0.05589976906776428,0.050740614769950745,5.2114145454985165e-06,0.055833227932453156,0.05067418113587394,5.241174585759748e-06,0.05577261745929718,0.050614644669824176,5.265921484663349e-06,0.05571723356842995,0.0505609167000604,5.285777556235033e-06,0.05566688999533653,0.0505120913305926,5.30141788820285e-06,0.05562141165137291
785,1,block_output,Vertical,1,0.3705507553522549,0.2609075671406677,2.3097290992736816,0.07471189245818154,8.244913456644444e-05,0.0949227437376976,0.05729328350178779,2.2685473251516626e-05,0.07019227743148804,0.049365440886172035,1.2259068804667919e-05,0.05940023809671402,0.0454103865084194,9.381705311667581e-06,0.05403725802898407,0.043246242498594614,8.35472555483921e-06,0.051174018532037735,0.041898575921853386,7.883261088148431e-06,0.04944022744894028,0.04096375039172551,7.639110652117957e-06,0.04827708378434181,0.04026769811198825,7.503927519833715e-06,0.04744335263967514,0.03972464167172947,7.423560895577406e-06,0.04681861028075218,0.039286371793538805,7.37070914761071e-06,0.04633396863937378,0.038923548564078314,7.331267392706437e-06,0.04594741761684418,0.038617317461305194,7.298918753193148e-06,0.04563254117965698,0.03835482351363651,7.27152796579099e-06,0.04537135735154152,0.03812685945913905,7.24824520322867e-06,0.04515068233013153,0.03792669097819026,7.2284188160625735e-06,0.04496092349290848,0.03774931784423571,7.211593227954837e-06,0.04479526728391647,0.03759096509643963,7.197657960624866e-06,0.04464900866150856,0.0374487153594456,7.186913577616627e-06,0.044518981128931046,0.037320260845479514,7.179840574652541e-06,0.04440300166606903
785,1,block_output,Horizontal,1,0.42210315735567183,0.32656304955319093,2.911442756652832,0.09229670666039937,8.809149092540387e-05,0.1114875078201294,0.07302555974040713,1.3256310240445492e-05,0.08191647380590439,0.0646157900965403,5.325147170173035e-06,0.07037945836782455,0.06012425169585243,3.054356588682126e-06,0.06410393118858337,0.057619475005638035,2.328544465529142e-06,0.06087162345647812,0.056083686295009795,2.0592752474477463e-06,0.05904635414481163,0.0550276700348135,1.9323359891612803e-06,0.057807937264442444,0.05423600486819706,1.858336672102378e-06,0.05688588321208954,0.05361100581903306,1.8105293653622584e-06,0.05625529587268829,0.05310246082288878,1.7791426628951673e-06,0.055781591683626175,0.05268059422572454,1.7592554592113111e-06,0.0553889200091362,0.05232569356522863,1.7475875666476475e-06,0.05505785346031189,0.05202369870884078,1.7417165357013214e-06,0.05477447062730789,0.05176409322118002,1.7399097649601621e-06,0.05452832579612732,0.05153876673134546,1.7410273466404431e-06,0.05431161820888519,0.05134133787618743,1.7444369967827494e-06,0.054118745028972626,0.051166731864213943,1.7499132566072061e-06,0.05394589900970459,0.05101090338495043,1.7574226348371668e-06,0.053790606558322906,0.05087066447687528,1.7668883072040723e-06,0.05365109443664551
785,1,block_output,Gaussian,1,1.0038345670179716,2.194717961937694,5.966488838195801,0.0892059767530078,0.0001873944836001636,0.11903131753206253,0.06367283633777074,3.129845507490553e-05,0.07409759610891342,0.05417419822206573,1.513468002194638e-05,0.06272050738334656,0.04897613249837406,9.890228696592063e-06,0.05619417876005173,0.045653787219808215,7.452523527308246e-06,0.051797546446323395,0.04337418540602639,6.207247468557561e-06,0.04864594712853432,0.041742298338148326,5.543377354488363e-06,0.04643189162015915,0.040533990259208376,5.176076685816554e-06,0.04548175632953644,0.039610517699094044,4.963580613851522e-06,0.04472026601433754,0.03888341039419174,4.834043071772196e-06,0.044090259820222855,0.03829544498806908,4.750475730085726e-06,0.04355733096599579,0.037808958677545426,4.6932855563889424e-06,0.04309963434934616,0.03739856727539547,4.651776786237246e-06,0.04270242154598236,0.03704667558509206,4.619990341069958e-06,0.0423552505671978,0.03674072583043386,4.594558492293543e-06,0.042050279676914215,0.03647151624872571,4.573507032349181e-06,0.041781313717365265,0.036232135214266326,4.555635133940577e-06,0.041543155908584595,0.03601730934211186,4.5401210488661616e-06,0.041331224143505096,0.03582296981697991,4.526380095106344e-06,0.041141312569379807
785,2,block_output,Vertical,1,0.12737351797875904,0.009975796813536695,0.6077379584312439,0.03307240462255857,3.283660009721633e-05,0.04593219235539436,0.02392061977159409,6.637587474540987e-06,0.029756570234894753,0.02100365304402889,4.910249676618423e-06,0.02686474844813347,0.019481780450968517,4.418128805005292e-06,0.025296851992607117,0.01848384097868961,4.138935582445836e-06,0.02419430762529373,0.01776238799922996,3.945271377298051e-06,0.023381292819976807,0.01721511371729393,3.796835262842864e-06,0.02276035211980343,0.016786393029467453,3.6787160729648056e-06,0.022279217839241028,0.016442068364648593,3.5843318260767367e-06,0.02190176025032997,0.01616060860928089,3.510671399792939e-06,0.021601082757115364,0.015927918225763334,3.454676628693535e-06,0.021357301622629166,0.01573374845264923,3.4118225313104e-06,0.021155748516321182,0.015570048804557512,3.3779031900053937e-06,0.0209861658513546,0.015430615712252875,3.350285036434279e-06,0.020841673016548157,0.015310740660107324,3.3274228334542526e-06,0.020717469975352287,0.015206765516528062,3.308295314853898e-06,0.020610079169273376,0.015115772728763875,3.2921583965618114e-06,0.02051698789000511,0.015035430368568217,3.2784325098645774e-06,0.020436538383364677,0.014963939874654724,3.2667002854784123e-06,0.020367693156003952
785,2,block_output,Horizontal,1,0.39461207543573684,0.29363317122099314,2.632927417755127,0.07527014429843615,0.0001594297685491614,0.10480522364377975,0.049563525274159415,2.147067394095949e-05,0.059631723910570145,0.04005409451940703,6.129260384289964e-06,0.04547495394945145,0.035904593174419706,3.672506477651775e-06,0.0399274006485939,0.033623137496530064,3.016163503087684e-06,0.037112295627593994,0.03211577709705111,2.7024360761738677e-06,0.03531064838171005,0.031013699691920055,2.5020308660622255e-06,0.0342707559466362,0.03016021070144479,2.3601190989085666e-06,0.03342410549521446,0.029474054211898457,2.2546127736067255e-06,0.03271343559026718,0.028907413963997174,2.173981099333393e-06,0.03210581839084625,0.028429887420128263,2.1116229404562e-06,0.03158018738031387,0.02802122677011149,2.063357487588011e-06,0.031121928244829178,0.02766750129087577,2.0260445456033245e-06,0.03072017803788185,0.027358743583872205,1.9970544164698887e-06,0.030366260558366776,0.027087430957527386,1.974252574846964e-06,0.03005293756723404,0.026847634405370743,1.956045964846832e-06,0.029774121940135956,0.026634556995261283,1.9412862293913604e-06,0.029524726793169975,0.02644427481388289,1.929151218535966e-06,0.029300514608621597,0.026273549460465947,1.919029983752703e-06,0.02912733517587185
785,2,block_output,Gaussian,1,0.9644434193060512,1.8870905525421842,5.348787307739258,0.08626286224240348,0.00030149212348173985,0.11940667033195496,0.05313692992878339,3.766630869933585e-05,0.06658848375082016,0.04085412621498108,1.1176518615825636e-05,0.04980507493019104,0.03492706783470653,5.702120666476515e-06,0.04170410335063934,0.03149841983048689,3.993444383120931e-06,0.03746889531612396,0.029207951640562405,3.248044380387303e-06,0.03468187153339386,0.027531113830350694,2.842921453930923e-06,0.0326390415430069,0.026233095675706863,2.592072195348359e-06,0.03103621117770672,0.025190229808527326,2.4237627865793624e-06,0.029721587896347046,0.02432960762627541,2.304553324165551e-06,0.028632577508687973,0.023605000227689743,2.216825525168827e-06,0.027870623394846916,0.02298542419596324,2.150592239097984e-06,0.027220284566283226,0.022449124249674025,2.0998000431456986e-06,0.026657020673155785,0.0219802050481713,2.0604866699265404e-06,0.026163365691900253,0.0215666809429725,2.029874911558829e-06,0.02572653815150261,0.0211992904780403,2.005917144859275e-06,0.02533690258860588,0.020870743319392204,1.9870846811257893e-06,0.024986980482935905,0.02057522443670129,1.972211063065707e-06,0.02467084676027298,0.020308050312220105,1.9604308210809914e-06,0.02438374236226082
785,3,block_output,Vertical,1,1.483905211327568,3.8076984099672533,8.07807731628418,0.11299173155474285,0.0007180979337421879,0.1877707540988922,0.059168083208893975,9.459615630420408e-05,0.08209969848394394,0.040759141956056864,2.5944744970526972e-05,0.05187853425741196,0.03252100843995336,1.1928847384133194e-05,0.040255386382341385,0.027539776697281807,6.887335662169306e-06,0.033354252576828,0.024034272879362106,4.481827476145658e-06,0.028554491698741913,0.021411481002966564,3.2008771612576994e-06,0.025020206347107887,0.01937749230908969,2.4691639158301834e-06,0.02246394008398056,0.01775493406291519,2.0248188764195027e-06,0.02050202339887619,0.016429080228720392,1.7401359436674077e-06,0.019381897523999214,0.015323194837759412,1.5490509024215343e-06,0.018434064462780952,0.01438470808641305,1.4155249861860532e-06,0.017620446160435677,0.013576765441232257,1.3189777841481436e-06,0.01691364496946335,0.012872905618259831,1.2471598180910792e-06,0.016293339431285858,0.012253624845355277,1.1924639944553734e-06,0.015744037926197052,0.011704195970817217,1.149968606518055e-06,0.015253668650984764,0.011213229776966193,1.1163560802134868e-06,0.014812638983130455,0.010771751211630919,1.0893211941724545e-06,0.014413194730877876,0.010372567108817517,1.067198068354984e-06,0.014048965647816658
785,3,block_output,Horizontal,1,0.5117786633116859,0.517894973588666,3.2356700897216797,0.0724321361926813,0.00027013118618765086,0.10574956238269806,0.038554804577004345,3.0927733835964546e-05,0.050549961626529694,0.02749220695760515,7.180981188741785e-06,0.03363214433193207,0.02288934588432312,3.405765979751604e-06,0.027035197243094444,0.02027459226785198,2.2294034288456645e-06,0.023292113095521927,0.018484223175734754,1.6880795204738038e-06,0.020976673811674118,0.017139868869904488,1.3836901650943563e-06,0.01927509531378746,0.016077498387959268,1.192371524438746e-06,0.017946043983101845,0.015209918501712973,1.0636263539631934e-06,0.01701485924422741,0.014484767683796466,9.727960647858235e-07,0.016276761889457703,0.01386820414059219,9.064120678908335e-07,0.015651166439056396,0.013337189937749553,8.565399465188819e-07,0.015113074332475662,0.012875345225135485,8.182341586042231e-07,0.014645173214375973,0.012470572580775571,7.882600803826877e-07,0.014267239719629288,0.012113641090099775,7.64420832833691e-07,0.013940667733550072,0.011797310355755071,7.451786878908354e-07,0.013654839247465134,0.011515772265810815,7.294316496084314e-07,0.013402975164353848,0.011264278420380183,7.163771295783936e-07,0.01317963469773531,0.011038884727491273,7.054190639502601e-07,0.012980412691831589
785,3,block_output,Gaussian,1,0.09125492296048573,0.004271372665981579,0.3681064546108246,0.025389146325843676,1.5505259977215098e-05,0.035534512251615524,0.017918885936812748,2.8557280566362786e-06,0.02300078235566616,0.014591150651020663,1.3454731246481136e-06,0.01808694377541542,0.012663649853378062,9.299345668199421e-07,0.015399391762912273,0.011402248020564753,7.567073666806397e-07,0.013687469065189362,0.010522090342073213,6.651439503859182e-07,0.012710047885775566,0.009880614644359974,6.097103125681173e-07,0.01204469334334135,0.009397205290576768,5.731935676101293e-07,0.011535224504768848,0.00902324090785687,5.47744439905543e-07,0.011135183274745941,0.008727864717088994,5.292290432466977e-07,0.010815249755978584,0.008490658609107846,5.153676514636337e-07,0.010556336492300034,0.008297639699386699,5.048499621181834e-07,0.010345466434955597,0.008138908221135064,4.967739925475524e-07,0.010173102840781212,0.008007233681541586,4.904388711506465e-07,0.010031769052147865,0.007897216449713423,4.853267805898592e-07,0.009915460832417011,0.0078047460004214255,4.810919167030441e-07,0.009819362312555313,0.0077266327534166596,4.77527873872928e-07,0.009739650413393974,0.007660360363799901,4.745154709890172e-07,0.009673310443758965,0.007603922260126897,4.7198023288851725e-07,0.009617960080504417
785,4,block_output,Vertical,1,0.16475107331597616,0.025356837095379805,0.856013298034668,0.03717464315039771,5.191753123589659e-05,0.053121745586395264,0.0236238551045221,1.1184826919019795e-05,0.031984925270080566,0.017788370405989035,5.0654987104933025e-06,0.02382207289338112,0.014354280329176359,2.9809199394227577e-06,0.0202353373169899,0.01206022406381274,2.037651349115182e-06,0.017702776938676834,0.010423741081640833,1.5384033409279737e-06,0.015811894088983536,0.009208044140703149,1.2465694061234758e-06,0.014341933652758598,0.00827569691168647,1.0612708609620366e-06,0.013169918209314346,0.007541915305727531,9.350801035496031e-07,0.012220088392496109,0.006952560018925439,8.443150862490404e-07,0.011441698297858238,0.006471580219647241,7.763126910194794e-07,0.01079888828098774,0.006074083665947592,7.239422774645305e-07,0.010265059769153595,0.005742369411838433,6.829758670220013e-07,0.00981944426894188,0.005463503175489013,6.506827414770515e-07,0.009445177391171455,0.005227731962111734,6.25091402382683e-07,0.009128563106060028,0.005027456297760918,6.046727527812237e-07,0.008858742192387581,0.00485659598757232,5.882333367856065e-07,0.008627267554402351,0.0047102217185532765,5.748680780477302e-07,0.00842758547514677,0.004584316722309542,5.63908052105867e-07,0.008254592306911945
785,4,block_output,Horizontal,1,0.1219184904226235,0.0073669287881327795,0.5057481527328491,0.03193741782553612,2.9560998728962126e-05,0.04507023096084595,0.020962247713690714,4.509732818878471e-06,0.026333633810281754,0.016131009847398788,1.9008229626129615e-06,0.02001368999481201,0.01330739627814009,1.125780113655561e-06,0.016806919127702713,0.011465390242399677,7.993948087576259e-07,0.014601650647819042,0.010188457570851796,6.300675163648152e-07,0.013042205944657326,0.00926944538803091,5.306015276847109e-07,0.011903773993253708,0.008589902818794288,4.6779947022663497e-07,0.011041385121643543,0.008075729759025669,4.25967675185186e-07,0.010368620976805687,0.007678412248395265,3.9682553865308824e-07,0.009831791743636131,0.007365341394370984,3.7591203049212417e-07,0.009396101348102093,0.007114080061751698,3.608044384186072e-07,0.009038913995027542,0.006908997745504455,3.500754115630919e-07,0.008744924329221249,0.006739255565676897,3.4267647546591637e-07,0.008502241224050522,0.006597335235999217,3.376921000341317e-07,0.00830058567225933,0.006477831360248346,3.343411775459177e-07,0.008131342008709908,0.006376643968184316,3.320271007082966e-07,0.00798782892525196,0.006290547475810089,3.303300163856264e-07,0.007909441366791725,0.006216961203054303,3.289670923758822e-07,0.007846513763070107
785,4,block_output,Gaussian,1,0.5945192782415284,0.7266507627096952,3.5042521953582764,0.07352775222961865,0.0002638678966657081,0.11635945737361908,0.04595975110691691,3.279864872532091e-05,0.05850457400083542,0.03590627514298946,1.3936995360553106e-05,0.044123999774456024,0.029606479885322706,7.867963382557381e-06,0.035285718739032745,0.025098829219738644,4.921262423715907e-06,0.029541322961449623,0.02174038632166764,3.316872664027468e-06,0.025720316916704178,0.019165151796880223,2.375984330118508e-06,0.022926367819309235,0.01713945125303571,1.7892321673786918e-06,0.020655594766139984,0.015509552943209806,1.4048666296631648e-06,0.018772613257169724,0.014172460573414961,1.1429098964900503e-06,0.017190078273415565,0.013057686979808504,9.583414952647845e-07,0.01584668457508087,0.01211571940294807,8.244626215649768e-07,0.0146968774497509,0.011310796756001692,7.247814237835967e-07,0.013705708086490631,0.010616415904627906,6.487719857745367e-07,0.012845845893025398,0.010012493882742193,5.895415043208708e-07,0.012095644138753414,0.00948353438445973,5.424787081637981e-07,0.011437834240496159,0.00901739164772961,5.044386009973553e-07,0.01085849478840828,0.008604417503294017,4.732371327582684e-07,0.010346313938498497,0.008236854425853207,4.4732957477288925e-07,0.009891975671052933
785,final,proj_out,Vertical,1,0.1530632766939345,0.004942782068417572,0.351348340511322,0.08598387265016162,2.7295292122908198e-05,0.10127277672290802,0.07521322759844008,2.2395674924655164e-05,0.085675910115242,0.06716172095565569,2.2233889884311485e-05,0.07831114530563354,0.06047677473416404,2.2159468001481714e-05,0.07167137414216995,0.05483515944982332,2.184671272643823e-05,0.06575044989585876,0.05006218547858889,2.1342664782734025e-05,0.06052086502313614,0.04602064068118731,2.0705654009361264e-05,0.055930688977241516,0.04259516564863069,1.9982884532848787e-05,0.051993660628795624,0.03968804039888912,1.9211533845996288e-05,0.04928148537874222,0.037216326754008024,1.84204685099528e-05,0.04692566394805908,0.03510966867445007,1.763160630418599e-05,0.04487155005335808,0.03330855612598714,1.6861105956680858e-05,0.043073102831840515,0.03176287946010393,1.6120418293388647e-05,0.04149162769317627,0.030430652703794223,1.5417183569378016e-05,0.040094681084156036,0.02927686268138507,1.4756028192657007e-05,0.03885509818792343,0.02827243042725419,1.4139271206287777e-05,0.03775013983249664,0.02739327841453136,1.3567477976676392e-05,0.036760784685611725,0.026619507945955745,1.3039907238813014e-05,0.03587104380130768,0.025934705215077552,1.255493349984121e-05,0.035067472606897354
785,final,proj_out,Horizontal,1,0.14902263856123363,0.003710413481509421,0.32458561658859253,0.09288611747915783,1.4083307943042426e-05,0.1019546389579773,0.08383156394674665,5.559700592890231e-06,0.0878325030207634,0.07704564479608385,4.384247076851246e-06,0.08077419549226761,0.07130441010471374,4.180807472557617e-06,0.0757792592048645,0.0663666928571368,4.30490851519901e-06,0.07141992449760437,0.06209637431634797,4.5602951612291486e-06,0.0675601065158844,0.05838759379490974,4.850518410034415e-06,0.0641312301158905,0.05515667145687436,5.129765825079805e-06,0.06108613312244415,0.052336199002133474,5.3791568586549565e-06,0.0583871528506279,0.049870217899008404,5.592725785090272e-06,0.056000158190727234,0.047711170027180325,5.770321133490273e-06,0.05389248579740524,0.045818099131186805,5.9143571745145526e-06,0.052032940089702606,0.044155546183150915,6.028346927582212e-06,0.050392378121614456,0.042692778306821035,6.11618146324772e-06,0.04894417151808739,0.0414031735724873,6.1817554891381e-06,0.04766441881656647,0.0402636919466276,6.228710096081184e-06,0.04653194546699524,0.03925440785667253,6.2603423614572985e-06,0.045528098940849304,0.038358103897836476,6.279542861492268e-06,0.0446365661919117,0.0375599122591435,6.288765057213824e-06,0.0438431054353714
785,final,proj_out,Gaussian,1,0.0805963786348464,0.0008735321139231361,0.17422248423099518,0.05094444940960596,1.3105963050651101e-05,0.058530427515506744,0.04333901328463403,8.497211796832075e-06,0.05038284510374069,0.0382615312756527,6.913126320615695e-06,0.044612497091293335,0.03453498448999155,6.043660030793734e-06,0.04018466919660568,0.031691189086626444,5.478651157227643e-06,0.03678562492132187,0.0294686591045724,5.083096187497107e-06,0.03455832228064537,0.027702157518693378,4.80092710936777e-06,0.03271820396184921,0.02627864663326551,4.599201828841033e-06,0.031185610219836235,0.025117517375047246,4.454704123244556e-06,0.029900385066866875,0.024159932568196266,4.350602276914592e-06,0.02881566621363163,0.02336217625628388,4.274805475938526e-06,0.02789441868662834,0.022691265251191837,4.218675825170376e-06,0.02710708975791931,0.022121991134352155,4.1760420428250196e-06,0.026429928839206696,0.021634881754243183,4.142511752202933e-06,0.025843767449259758,0.021214767093104974,4.11497431033734e-06,0.02533309906721115,0.02084973957093935,4.091244817147273e-06,0.024939849972724915,0.02053038530524761,4.069821479480273e-06,0.024674242362380028,0.020249207607573934,4.049691924897221e-06,0.024437768384814262,0.020000193622850236,4.03019471061038e-06,0.024225231260061264
749,initial,patch_embed,Vertical,1,0.647730614694338,1.1513776779290463,4.68333625793457,0.08821792392030595,1.5884856221166242e-06,0.0911698192358017,0.0876656568476132,1.2814589510113509e-06,0.0896066352725029,0.087540560416759,1.2932462216489702e-06,0.08963285386562347,0.08746011756242268,1.3095832503818206e-06,0.08967358618974686,0.08741726347851375,1.3274895693890344e-06,0.08970963954925537,0.08740408056312138,1.3507106980390254e-06,0.08974103629589081,0.08741022670079791,1.373032938539246e-06,0.08973193168640137,0.08742799633552158,1.3898856863308866e-06,0.08968115597963333,0.08745376623812176,1.4022697947942732e-06,0.08966690301895142,0.08748663559792534,1.4153422954370381e-06,0.08970889449119568,0.08752624406701043,1.4331882969664961e-06,0.08974014222621918,0.08757194379965465,1.4580786566790906e-06,0.08976049721240997,0.0876228715928774,1.4915833752658768e-06,0.08986542373895645,0.08767775044081703,1.5348732290325512e-06,0.08998043835163116,0.08773475199464768,1.5886543000568047e-06,0.09010118246078491,0.08779173841079076,1.6533316551663423e-06,0.09023293852806091,0.08784662802068013,1.7293097138442846e-06,0.09038469195365906,0.08789763422239394,1.8171255057773022e-06,0.09055761992931366,0.0879433864638919,1.9161138203474706e-06,0.09073899686336517
749,initial,patch_embed,Horizontal,1,0.27539887965198545,0.16365904368828285,2.036637783050537,0.08983202349571955,2.842508680545282e-07,0.09163650125265121,0.08928882460745555,7.976101979866661e-08,0.09009112417697906,0.0890909776328102,6.500967194468312e-08,0.08968432247638702,0.0889969566275203,5.287760744226265e-08,0.08983913064002991,0.08897456266577282,5.158609228348137e-08,0.08985863626003265,0.08898052242067125,5.786035077123043e-08,0.08982676267623901,0.08898824145869604,6.642653571049384e-08,0.08979296684265137,0.0889971483321417,7.551792936214494e-08,0.08978293091058731,0.08901024184056691,8.53130668926502e-08,0.0899031013250351,0.0890281635617453,9.438334513628734e-08,0.08996407687664032,0.08905080055433606,1.0199800976579055e-07,0.08995743840932846,0.08907740823333225,1.0909985730734772e-07,0.08992300182580948,0.08910489259731202,1.1709054900747802e-07,0.08992929011583328,0.0891298068657754,1.2573481361111258e-07,0.08997024595737457,0.08915271290710994,1.3395334672826182e-07,0.09004513174295425,0.08917505755310967,1.4099407365339851e-07,0.09010280668735504,0.08919602821743677,1.462796026617653e-07,0.09013520181179047,0.08921334005537487,1.497380016361754e-07,0.09014004468917847,0.08922460131228917,1.516440038852377e-07,0.09018423408269882
749,initial,patch_embed,Gaussian,1,0.229570771493609,0.12575099310470828,1.7246899604797363,0.06648845769583232,1.5129924480207636e-06,0.06989534199237823,0.06623710041481351,1.4006570635681694e-06,0.06898318231105804,0.06600507727218052,1.067998957304758e-06,0.06828197091817856,0.06602848675988969,1.0625694501804071e-06,0.06829524785280228,0.06608098934567164,1.1045968798704373e-06,0.0681992918252945,0.06611957164510848,1.1302589582566266e-06,0.06836670637130737,0.06616546083537359,1.173556855215264e-06,0.06846307963132858,0.06619764001123489,1.2183633582569065e-06,0.06861448287963867,0.0662032679196388,1.2402034321402557e-06,0.06867876648902893,0.06619663560201251,1.2401936858884955e-06,0.06875164061784744,0.06620068800827814,1.2402548042297557e-06,0.0687791258096695,0.06622023549344805,1.2478731745627613e-06,0.0687846690416336,0.06624867471437605,1.2593745131264164e-06,0.0687822625041008,0.06628048526389259,1.273020160913299e-06,0.06878890842199326,0.06631179958108872,1.2888705034199624e-06,0.06881707161664963,0.06634001623070429,1.3077778469162257e-06,0.06886927783489227,0.0663640270867045,1.3307545097617684e-06,0.06893979012966156,0.06638400930733908,1.3582286684767527e-06,0.06901967525482178,0.06640080646390006,1.3897532160359419e-06,0.06910090148448944
749,0,block_output,Vertical,1,0.6387050192034434,0.9082097717594209,3.9919657707214355,0.09778899959628544,6.604864297235044e-05,0.11789335310459137,0.08288287631576023,1.6920934441588398e-05,0.09516116976737976,0.07678340493686615,1.456817116260437e-05,0.08790136873722076,0.07323543691918963,1.3881600207946249e-05,0.08375351876020432,0.07096806310472034,1.3245382430641048e-05,0.08098834753036499,0.06948561274579593,1.2695590759062374e-05,0.07909736037254333,0.06850446033335868,1.2272602076130883e-05,0.07780580967664719,0.0678384385056912,1.1966199427907789e-05,0.07691183686256409,0.06736609582153577,1.1751515832765343e-05,0.07626919448375702,0.06701217639067816,1.1604500660620478e-05,0.07578080892562866,0.06673225039054477,1.15053277545878e-05,0.07538671791553497,0.06650075949137173,1.1438844287611301e-05,0.07505200803279877,0.06630296082723708,1.139449320484914e-05,0.07475734502077103,0.06613010753478323,1.1365938265325052e-05,0.0744924545288086,0.06597677890270476,1.135019856952635e-05,0.07425186038017273,0.06583941444045022,1.1345889247182282e-05,0.07403221726417542,0.06571551234949202,1.1351532848430933e-05,0.07383105158805847,0.06560320170625808,1.1364877001482628e-05,0.07364640384912491,0.06550099854431456,1.1383324989418544e-05,0.07347670197486877
749,0,block_output,Horizontal,1,0.2849605567161999,0.1260975388400886,1.819673776626587,0.09557487768313241,3.9959022222781945e-05,0.11901430785655975,0.08432704990818388,6.688476418637946e-06,0.09462352842092514,0.0791721720071066,1.6746509889751316e-06,0.08364143967628479,0.0765615628352241,5.79619208750068e-07,0.07883533835411072,0.07524130635318302,3.4068933188840487e-07,0.0768391489982605,0.07454370553531343,2.916142988340092e-07,0.07577650249004364,0.07413504260873037,2.8382984347738246e-07,0.07522651553153992,0.07386476558352274,2.854997326285016e-07,0.07498630881309509,0.07366784165302913,2.8985098943223875e-07,0.07484538853168488,0.07351490370337925,2.9536282970067106e-07,0.07475574314594269,0.07339122087236434,3.015577375838917e-07,0.07467611134052277,0.07328846920577306,3.081340777234308e-07,0.07460246980190277,0.07320134850248458,3.1482869958433183e-07,0.07453256845474243,0.07312616221015415,3.213994018652522e-07,0.07446525990962982,0.07306018495370471,3.276314902094169e-07,0.07440028339624405,0.0730013856812129,3.333548712492836e-07,0.0743379294872284,0.07294833648299413,3.384818415420407e-07,0.0742785856127739,0.07290015878185394,3.430357617218507e-07,0.07422247529029846,0.07285635350715547,3.4715809287886117e-07,0.07416991144418716
749,0,block_output,Gaussian,1,0.12904500429119384,0.01021855760285684,0.740797758102417,0.059649729776004,1.5076980763975717e-05,0.06785659492015839,0.05433636401144285,5.210441439045201e-06,0.06007307767868042,0.05246954298918209,4.701641197636964e-06,0.057998474687337875,0.05157495130385671,4.833834866900297e-06,0.05684893950819969,0.051049426966716376,5.011014499542822e-06,0.05613626539707184,0.05070075351330969,5.158488793623607e-06,0.05567488074302673,0.05045106587192369,5.271782833618947e-06,0.055552706122398376,0.0502610718092275,5.355096662674966e-06,0.05545036867260933,0.050110084078614676,5.415134948326651e-06,0.05536774545907974,0.04998538672687516,5.460287913425497e-06,0.05530383437871933,0.049879019518220234,5.4999934704471505e-06,0.05524794012308121,0.04978677246069151,5.53927747119697e-06,0.05519450455904007,0.04970608941382832,5.577407233813881e-06,0.055144622921943665,0.04963501844377745,5.612813101329667e-06,0.055099353194236755,0.04957218006962821,5.644543216606907e-06,0.055058956146240234,0.04951654445557367,5.672243306603413e-06,0.055023372173309326,0.049467254075266066,5.696095761083601e-06,0.05499248951673508,0.049423540158877295,5.71663994698991e-06,0.05496595799922943,0.04938470607712155,5.734536144099192e-06,0.05494298040866852
749,1,block_output,Vertical,1,0.308306323512206,0.14301134650003774,2.088040828704834,0.07582866577875047,0.000129406291600509,0.10903449356555939,0.0546300145723517,2.901461554170869e-05,0.0718003511428833,0.04610897299079668,1.425759882097587e-05,0.05661313980817795,0.042286678675621275,1.0670558015279808e-05,0.051319025456905365,0.04031033695690216,9.471071566028914e-06,0.04884158819913864,0.03909060081082677,8.94817892211589e-06,0.0472244918346405,0.03823366637031237,8.683522981838682e-06,0.04606961831450462,0.0375854093877096,8.533668486433422e-06,0.045199356973171234,0.03707467309302754,8.438820984594379e-06,0.04452013224363327,0.036662107067448754,8.37264590806708e-06,0.0439753532409668,0.0363227068963978,8.322532900947275e-06,0.043529435992240906,0.03603924373312602,8.281693124329967e-06,0.043159715831279755,0.03579927853766888,8.24698803293378e-06,0.04285139590501785,0.035593516976823884,8.217673861118792e-06,0.04259414225816727,0.03541482364137968,8.193617480685445e-06,0.04237909987568855,0.0352577023976852,8.173772123733128e-06,0.042197130620479584,0.03511803056157771,8.156109916033048e-06,0.04203929007053375,0.034992844014177245,8.138773283410238e-06,0.0418989323079586,0.03488000760239268,8.120935930612886e-06,0.04177247732877731
749,1,block_output,Horizontal,1,0.7544992180570723,1.1902226344538291,4.595033645629883,0.11330546332257134,0.00022495279697329272,0.1469750851392746,0.08539724799375685,2.9066503173576057e-05,0.09854014217853546,0.07337533942763767,9.660585842610554e-06,0.08031409233808517,0.06631314370130735,4.82134204522291e-06,0.07199135422706604,0.06185022327635023,3.0617844472188416e-06,0.06679025292396545,0.05896080344442337,2.3728480881774232e-06,0.06341138482093811,0.05702454614497367,2.1018197423270616e-06,0.06115945056080818,0.05565937289169857,1.994742170710499e-06,0.0595814473927021,0.054640322036686395,1.9524399754368594e-06,0.05840970575809479,0.05383952097996833,1.937537947204907e-06,0.05749351531267166,0.053185008466243744,1.936054750615859e-06,0.05674798786640167,0.05263546907476017,1.9424707279538347e-06,0.05612402409315109,0.052165970324523865,1.9541701619825937e-06,0.055591337382793427,0.051760327780530566,1.9695049192604738e-06,0.05512963980436325,0.05140713572738662,1.9872169808289712e-06,0.054724402725696564,0.05109775261509986,2.0063524666688267e-06,0.054365020245313644,0.05082528293132782,2.026243988008579e-06,0.054043836891651154,0.050584064648737985,2.046436378411539e-06,0.053755249828100204,0.05036939721968439,2.066579976761854e-06,0.053494893014431
749,1,block_output,Gaussian,1,0.1298663280904293,0.008415525316237765,0.5553979873657227,0.048575659356420005,2.7537236621640678e-05,0.06065614894032478,0.040596339082907114,6.2475730115362275e-06,0.04530961811542511,0.03776880625694517,5.056167784525537e-06,0.042557038366794586,0.03620740469722521,4.7050466658778e-06,0.04115448519587517,0.03518585893251593,4.537998760862108e-06,0.040261972695589066,0.03446723012224076,4.480210293919365e-06,0.039653390645980835,0.033945350183380976,4.47913554206383e-06,0.03921492025256157,0.03355106111201975,4.496897011756146e-06,0.03888937085866928,0.03324188108718584,4.519416915821262e-06,0.03863375261425972,0.03299203127740868,4.5400268017527275e-06,0.03841785714030266,0.03278543058014105,4.555907467260014e-06,0.03822982683777809,0.03261184408551171,4.567969106526567e-06,0.038068030029535294,0.032464286194197715,4.577724041642971e-06,0.03792991489171982,0.032337569528155856,4.58581494411907e-06,0.03781162202358246,0.032227755509435185,4.5923812186437405e-06,0.03770913556218147,0.03213182470155141,4.597291874966247e-06,0.03761853277683258,0.0320474880614451,4.600238036257351e-06,0.03753643110394478,0.031973074825983196,4.601027867374567e-06,0.03746061772108078,0.03190738885175614,4.599907547652458e-06,0.03739018365740776
749,2,block_output,Vertical,1,0.39735672161692664,0.28593471057669245,2.5759291648864746,0.05904025732288285,0.0001853605360540743,0.09172700345516205,0.034173715327467234,1.5664845584516257e-05,0.044586047530174255,0.027348204737617857,6.404325838265015e-06,0.033534079790115356,0.024285360904676572,4.952514379596308e-06,0.02904314361512661,0.022344024024075933,4.41728233428429e-06,0.027217969298362732,0.020934206684903492,4.125913864588087e-06,0.02594311535358429,0.019852663819042462,3.933309943755814e-06,0.024957958608865738,0.018995965934462018,3.792866891119747e-06,0.024178944528102875,0.018300872503055468,3.684954275917167e-06,0.02355290949344635,0.01772556887082164,3.5995211945356895e-06,0.023043137043714523,0.01724126416125468,3.5311752610997035e-06,0.02262233756482601,0.016827699210908677,3.476872822527869e-06,0.022269045934081078,0.01647043139452026,3.4342293878648592e-06,0.021966740489006042,0.01615896855022699,3.400845322378563e-06,0.021703509613871574,0.015885444831043954,3.3745381977136215e-06,0.021471019834280014,0.015643754885310217,3.35360040871497e-06,0.0212632417678833,0.015429028295098788,3.3367719697508158e-06,0.021075604483485222,0.015237301410663696,3.3231095965957556e-06,0.020904576405882835,0.015065293566929915,3.3118987292554824e-06,0.020747516304254532
749,2,block_output,Horizontal,1,0.28603712445686735,0.09672672930558748,1.6173992156982422,0.07542241530285941,0.00019688070591605722,0.10412658751010895,0.047906702059128926,2.686826700868176e-05,0.059050559997558594,0.038257613157232605,7.851348898469165e-06,0.04347601905465126,0.03409980139916852,4.456499979457197e-06,0.03822898492217064,0.031782846838708904,3.431354462313722e-06,0.03535762429237366,0.03025260576534839,2.95387916197242e-06,0.0336293950676918,0.029149525044929413,2.6724292868560015e-06,0.03247819468379021,0.028311402817803717,2.489262987097864e-06,0.03157937899231911,0.027649900802071133,2.365470434065454e-06,0.03085249848663807,0.027112057639492884,2.2788998578173103e-06,0.030332209542393684,0.026664521397342756,2.2161272704149096e-06,0.029984844848513603,0.026285381366809208,2.1691468482213604e-06,0.029682286083698273,0.025959605705879983,2.1330669330998726e-06,0.029415197670459747,0.025676489822448245,2.1048116837442505e-06,0.029177064076066017,0.025428187072513594,2.082376859390451e-06,0.02896319329738617,0.02520880200678394,2.064349760375002e-06,0.028770126402378082,0.02501378906151605,2.049645710342995e-06,0.0285952091217041,0.024839539406081988,2.037404134220784e-06,0.02843630686402321,0.024683118280437257,2.026964252911573e-06,0.028291618451476097
749,2,block_output,Gaussian,1,0.20755044962205585,0.05157349501017268,1.0908902883529663,0.04830605518959817,9.123123037715521e-05,0.07339568436145782,0.032653919583748255,9.721741377370072e-06,0.03995802626013756,0.027327115898804058,4.09550143776704e-06,0.03180577605962753,0.024560705211664004,2.9045326759507673e-06,0.028051702305674553,0.022845681756734848,2.490079428845389e-06,0.026277657598257065,0.02166107941478018,2.3003932495108113e-06,0.025135405361652374,0.020784368028952963,2.196998001810153e-06,0.024362605065107346,0.020106308162212372,2.134822475106846e-06,0.023759864270687103,0.019565971716055796,2.094808650094994e-06,0.023278921842575073,0.01912587360730247,2.0669144965709423e-06,0.022885918617248535,0.018761139836103197,2.0451616442282137e-06,0.022555764764547348,0.018454359962590157,2.025886888621577e-06,0.022270210087299347,0.018192963319874945,2.0072186811570195e-06,0.02201756462454796,0.017967731484936342,1.988833344723625e-06,0.021791968494653702,0.017771817196811004,1.9713612252288684e-06,0.02159099653363228,0.017600030697409123,1.955550826647569e-06,0.021412909030914307,0.01744834641142497,1.9417901166771418e-06,0.021255506202578545,0.01731358909062923,1.930105953239539e-06,0.02111629955470562,0.017193228006362915,1.9203299288521204e-06,0.02099289372563362
749,3,block_output,Vertical,1,0.08780210453366476,0.004254673188198492,0.27253127098083496,0.02137933216161198,1.3036487242836632e-05,0.029909808188676834,0.01418957831190219,3.1116412804706007e-06,0.019319426268339157,0.011085517689703948,1.849152989644641e-06,0.01587729901075363,0.009329767979031045,1.4350723964805553e-06,0.01416136883199215,0.008201862323201366,1.2399879895070063e-06,0.012956326827406883,0.007420574536635762,1.1283074963402217e-06,0.012057024985551834,0.006853074907133031,1.0579926569458981e-06,0.011368791572749615,0.0064277311801792135,1.0123327251299605e-06,0.010841108858585358,0.006101573595688457,9.823504173620864e-07,0.010435543954372406,0.005846997833855096,9.622777776363865e-07,0.01012057438492775,0.005645516032855662,9.484411265718175e-07,0.009872309863567352,0.005484255141622964,9.385521867810584e-07,0.009673385880887508,0.005353973587117498,9.312418740890818e-07,0.00951164960861206,0.005247903256011861,9.257536715055624e-07,0.00937884021550417,0.005161012260479823,9.217108554584981e-07,0.00926926638931036,0.005089497404350411,9.189438150723265e-07,0.009178810752928257,0.0050304261487095605,9.173649958312949e-07,0.009104314260184765,0.004981479326647426,9.168457105381249e-07,0.00904308632016182,0.004940784780219907,9.171415613665721e-07,0.008992597460746765
749,3,block_output,Horizontal,1,0.1208076464633147,0.007521202330905127,0.44787827134132385,0.031683910697225544,3.3106159900933e-05,0.04586899280548096,0.021227854732719677,4.061714394645735e-06,0.02560422569513321,0.017216954321142227,1.7145128733319762e-06,0.0200977586209774,0.014948815136911377,1.0957829701451317e-06,0.016961518675088882,0.013463481166769587,8.597389510993894e-07,0.015209430828690529,0.012412813107763964,7.420468810369384e-07,0.014066094532608986,0.011634046832720438,6.735911232819687e-07,0.013359195552766323,0.011037578983675866,6.325063731899276e-07,0.012795383110642433,0.01056926999063719,6.07706275814687e-07,0.01234090980142355,0.010194364757764907,5.928895917738498e-07,0.011971909552812576,0.009889495159898485,5.843283383554063e-07,0.011670529842376709,0.009638539648481778,5.797259475357122e-07,0.011422907933592796,0.00943015351714123,5.775945285731142e-07,0.011218134313821793,0.009256064832683594,5.769435069531834e-07,0.01104775071144104,0.009109957705414484,5.771046832098736e-07,0.010905282571911812,0.008986856647959304,5.776238074528906e-07,0.010785773396492004,0.0088827733674811,5.78183682879404e-07,0.010689932852983475,0.008794464577462465,5.785573005501197e-07,0.010607318952679634,0.008719254381185959,5.785827175436176e-07,0.0105337705463171
749,3,block_output,Gaussian,1,0.12943153378982392,0.02270066280178968,0.8089248538017273,0.0330879431927488,2.7918506404506934e-05,0.046833548694849014,0.02290879175185211,5.505134048071623e-06,0.028582995757460594,0.0182328446369086,2.4552287544334087e-06,0.021756701171398163,0.015535340127017763,1.5394735307424432e-06,0.01831807568669319,0.013789622172240227,1.1673606862029304e-06,0.016640396788716316,0.012567191000377375,9.811914265320924e-07,0.0154123455286026,0.01166163690920387,8.722808004969847e-07,0.014473743736743927,0.010963087073630758,8.016434382322436e-07,0.013731125742197037,0.010408183692821435,7.526478152915134e-07,0.013129088096320629,0.009957652169442366,7.170052230293117e-07,0.0126324612647295,0.00958565247082521,6.901198587477932e-07,0.012217487208545208,0.0092743659717223,6.692398851765351e-07,0.01186730433255434,0.009011028511893181,6.526357354564911e-07,0.011569454334676266,0.008786213754247579,6.391852867073054e-07,0.011314441449940205,0.00859278565390952,6.281353282809628e-07,0.011094857938587666,0.008425236731353734,6.189622332597971e-07,0.010904842056334019,0.008279246536807882,6.112987240834439e-07,0.010739722289144993,0.00815137599905332,6.048840824659205e-07,0.010595718398690224,0.008038853339496114,5.995247181850214e-07,0.01046971045434475
749,4,block_output,Vertical,1,0.07613438976899026,0.002214100957946126,0.24636247754096985,0.02390753185110433,1.6606701548872783e-05,0.03380128741264343,0.015303787139673081,3.5625731280955435e-06,0.01949470117688179,0.011299149990673102,1.6169725601239355e-06,0.014281876385211945,0.009037515118954674,1.0489332329613393e-06,0.012068012729287148,0.0076020947761005825,8.171379943699638e-07,0.010678669437766075,0.006630355994852763,7.057642745207308e-07,0.0097651993855834,0.005948349264346891,6.48149942515467e-07,0.00913777481764555,0.005456650141803991,6.161797954051499e-07,0.00868995487689972,0.005094132970072447,5.971768747939787e-07,0.008360013365745544,0.004821516832129823,5.851911087768472e-07,0.008110294118523598,0.004612735941976545,5.772894141146399e-07,0.007917022332549095,0.00445023021246824,5.71857796123573e-07,0.007764800451695919,0.004322010099828717,5.679247193000504e-07,0.007643434219062328,0.004219674342681491,5.649718706081099e-07,0.007546090986579657,0.004137158197986465,5.62812584912538e-07,0.007468013092875481,0.004069946188893583,5.61397344297062e-07,0.007405445910990238,0.004014605334738181,5.605941663893971e-07,0.007354935631155968,0.00396855414608523,5.600967578458464e-07,0.007313318084925413,0.003929927608826094,5.595532936644331e-07,0.007278134115040302
749,4,block_output,Horizontal,1,0.0939588938204069,0.003548159510175901,0.241593137383461,0.025910767031803963,1.5395947873255855e-05,0.03376372903585434,0.0172693215103613,2.9981083263802632e-06,0.021626809611916542,0.013258809903784403,1.2268289229518115e-06,0.016575397923588753,0.01093757464476521,7.19743703537273e-07,0.013721968978643417,0.009476415369482268,5.364056719204622e-07,0.011887246742844582,0.008504027574663125,4.541342770351006e-07,0.010637741535902023,0.007828465729419674,4.102543855640228e-07,0.009756813757121563,0.007343687242754395,3.8439333155648225e-07,0.009126314893364906,0.006987310938596252,3.6834838451122123e-07,0.008790094405412674,0.006720640630062137,3.579899775563474e-07,0.008563102222979069,0.006518176416792567,3.509940881155425e-07,0.008390655741095543,0.006362322326158247,3.460570554527215e-07,0.008256839588284492,0.006240633175900531,3.424555978840609e-07,0.008150622248649597,0.006144182978286629,3.3979398750862186e-07,0.008064279332756996,0.006066575165956266,3.378772659299145e-07,0.007992764934897423,0.006003293622699048,3.3661166373205563e-07,0.007933150045573711,0.005951170306948442,3.3591643600768793e-07,0.007883676327764988,0.005907935762984885,3.3568874893634756e-07,0.007842953316867352,0.0058719019021188455,3.358114345978498e-07,0.00780965480953455
749,4,block_output,Gaussian,1,0.11267778135481335,0.01104822792682019,0.667715311050415,0.031529875797411754,2.9931040642973963e-05,0.04299914464354515,0.020844892938695257,5.759873556218766e-06,0.025385912507772446,0.015830468785549914,2.3411483540284643e-06,0.01895889826118946,0.012849979028697051,1.3561224139605118e-06,0.015224840492010117,0.01089378668084031,9.490691569591948e-07,0.012813015840947628,0.009534351919437684,7.409623097868591e-07,0.011271504685282707,0.008552748680351272,6.179181842851166e-07,0.010246978141367435,0.007823578858127197,5.370014946589389e-07,0.009529918432235718,0.0072691018974024154,4.795965998063821e-07,0.008978163823485374,0.006838915100882924,4.371174097546681e-07,0.008545232936739922,0.006499336692430671,4.05372009139018e-07,0.008199062198400497,0.00622729193567047,3.818458602234593e-07,0.00791779812425375,0.006006565543689898,3.645604797892817e-07,0.007686476223170757,0.005825480741877404,3.518332765744697e-07,0.007494465447962284,0.005675443322471683,3.4228508943893856e-07,0.007333877496421337,0.00555000573928867,3.348373295933944e-07,0.00719872023910284,0.005444227370418726,3.286802638549754e-07,0.007084389682859182,0.005354266214583602,3.232770461437519e-07,0.006987305358052254,0.00527712373092534,3.1837107130983415e-07,0.006904602982103825
749,final,proj_out,Vertical,1,0.14216195673696577,0.003944443173605835,0.321374773979187,0.08268157794835075,2.6389265904138468e-05,0.09849829971790314,0.07264290679068793,2.2127073895877983e-05,0.08540523052215576,0.06502316951278657,2.2147614438395457e-05,0.0769818052649498,0.05871779986080669,2.2207732961115548e-05,0.0706322193145752,0.05342907074188429,2.1943784319500446e-05,0.0654485821723938,0.04897672523345266,2.1412711396067347e-05,0.061081044375896454,0.04522043312825854,2.0706289581440646e-05,0.057347774505615234,0.04204532586865955,1.9902218766218953e-05,0.05413191393017769,0.03935582388842863,1.905750364755345e-05,0.05134730786085129,0.037071830873924586,1.8210652041428463e-05,0.048925578594207764,0.03512615964762748,1.7386142603943207e-05,0.04681050032377243,0.033462579347311505,1.659863647705926e-05,0.04495523124933243,0.03203419122904066,1.5856257260554377e-05,0.043320607393980026,0.030802011903789308,1.5162822279301359e-05,0.04187389463186264,0.029733726961745158,1.4519400325728692e-05,0.040587764233350754,0.028802613328610147,1.3925306542591901e-05,0.03943939507007599,0.0279866075586705,1.33787646646088e-05,0.03840973228216171,0.027267509568778294,1.2877364105046273e-05,0.03748283535242081,0.026630315663559095,1.241832097170449e-05,0.036645300686359406
749,final,proj_out,Horizontal,1,0.16590295649237102,0.006070601165350713,0.3737030327320099,0.09320231739963804,1.2641503830991098e-05,0.10357675701379776,0.08512392604634875,5.214482581111928e-06,0.08987642824649811,0.07894549152207753,3.97804672083569e-06,0.08346398174762726,0.07358959175291516,3.5848515118264447e-06,0.07836706936359406,0.06888526666259008,3.499378431977381e-06,0.07388357818126678,0.06475557079390874,3.5851798369519584e-06,0.06991153955459595,0.06113283395294159,3.7641440698646103e-06,0.06639834493398666,0.057954517030526724,3.984390175130456e-06,0.06329609453678131,0.05516445412049218,4.213888499756636e-06,0.06056010723114014,0.05271282721133459,4.434211571262019e-06,0.05814896523952484,0.05055572157577863,4.635578478938457e-06,0.05602438747882843,0.04865460464405635,4.8135977264456126e-06,0.05415138602256775,0.046975837163035834,4.967169634651997e-06,0.05249843746423721,0.045490173829926386,5.097123085200426e-06,0.05103749781847,0.04417227161309076,5.205345562001378e-06,0.04974386841058731,0.04300022474120534,5.294199469109207e-06,0.04859592393040657,0.04195512293113603,5.366173151884301e-06,0.04757481813430786,0.04102065810371959,5.423674854891922e-06,0.046664152294397354,0.04018276539586839,5.4689248840576325e-06,0.04584968835115433
749,final,proj_out,Gaussian,1,0.09392227995253745,0.001727194688370166,0.20941275358200073,0.05314114441474279,1.2480672996596622e-05,0.059980034828186035,0.04539863936721333,7.433346191762822e-06,0.050297364592552185,0.040440585582502304,6.292770516164861e-06,0.04494147002696991,0.036743698020776115,5.727040963074107e-06,0.04132061079144478,0.033865682012031946,5.365610661597978e-06,0.038340747356414795,0.03157904123266538,5.105866132758394e-06,0.03588616102933884,0.029738468073663257,4.9107995715729025e-06,0.03402154520153999,0.028241726555048474,4.763001589794089e-06,0.03260831534862518,0.02701322879228327,4.650657790260914e-06,0.03141729161143303,0.025995818838950187,4.564615077947455e-06,0.03040756657719612,0.025145774086316425,4.497857850362085e-06,0.029545873403549194,0.02442937885366735,4.445155639404078e-06,0.028805285692214966,0.023820468623723303,4.402676559595561e-06,0.028164081275463104,0.023298620645489012,4.367614827130774e-06,0.027604779228568077,0.022847814662825493,4.3379101276969205e-06,0.027113325893878937,0.02245542114334447,4.3120338279058665e-06,0.026678401976823807,0.022111434193830642,4.288855295940684e-06,0.026290882378816605,0.02180788160434791,4.267544087289087e-06,0.025943389162421227,0.021538371811546976,4.247497612559816e-06,0.025629939511418343
710,initial,patch_embed,Vertical,1,0.3612962838203188,0.31488254726675485,2.6021347045898438,0.08774581799904506,2.3294645843438676e-06,0.09081483632326126,0.08728006931524428,2.1515890161159942e-06,0.08987756073474884,0.08720105638106664,2.2057694419046444e-06,0.08994092047214508,0.08718742418383794,2.289813410883724e-06,0.09035607427358627,0.08721093159346353,2.4063465650122858e-06,0.09073055535554886,0.08726292280923753,2.5196077298313327e-06,0.09106364846229553,0.08732011701379504,2.60977857183384e-06,0.09128984808921814,0.08736802495661236,2.679915585463595e-06,0.09136615693569183,0.08740655912293328,2.7421671662983647e-06,0.09129638224840164,0.08744554552767012,2.81410608456051e-06,0.09120919555425644,0.08749308732766954,2.917301056471697e-06,0.09121541678905487,0.08754658190503953,3.060045324652069e-06,0.09129833430051804,0.08759718920503344,3.2230975127113535e-06,0.09138557314872742,0.08763658728391405,3.364874052270656e-06,0.09164685010910034,0.08765990618202421,3.440636709315448e-06,0.09175650030374527,0.0876672084605883,3.4299777730721964e-06,0.0916900783777237,0.08766323576370876,3.349845621572698e-06,0.09150171279907227,0.08765503042747104,3.2406089839324825e-06,0.0912686288356781,0.08764911809610942,3.1413332442769016e-06,0.09105373919010162
710,initial,patch_embed,Horizontal,1,0.2543475533288623,0.12626529447596568,1.7806057929992676,0.08991720314536776,3.6652462761050893e-07,0.09198104590177536,0.08927782258344075,9.569206914140951e-08,0.09008387476205826,0.08911289818703182,9.678037942515946e-08,0.09027563035488129,0.08909649981392755,1.1730409540273651e-07,0.09029167145490646,0.08912515155379734,1.40697589099965e-07,0.0904938280582428,0.08914085548548471,1.6140218090388243e-07,0.09048732370138168,0.08914685414897071,1.7657735809233398e-07,0.0905187651515007,0.08915805473687156,1.8611783062668513e-07,0.09054458886384964,0.08917797877201958,1.9261527049995922e-07,0.09046067297458649,0.08920471263783318,1.9809411164478764e-07,0.09033490717411041,0.08923873742894521,2.0504439661981083e-07,0.09030339121818542,0.08927553833004027,2.1410383337379246e-07,0.09049458801746368,0.08930715268093442,2.2244049142937186e-07,0.09061408042907715,0.08932751287070531,2.2677780560217862e-07,0.09065118432044983,0.08933520553604005,2.2770330209870096e-07,0.09063415974378586,0.08933418965528882,2.289715399558373e-07,0.09060006588697433,0.08933073968168288,2.3259572012756122e-07,0.09061864763498306,0.08932922130066251,2.380366488425245e-07,0.09066075831651688,0.08933119877936348,2.4405274396782976e-07,0.09070046246051788
710,initial,patch_embed,Gaussian,1,0.19756332300012075,0.08782765855398132,1.4668689966201782,0.06591053602714388,1.6667848380031142e-06,0.06913423538208008,0.06578808585329661,1.553512506954038e-06,0.06872732937335968,0.06573003991728738,1.5703014232355726e-06,0.06882226467132568,0.0657838684698892,1.6840669679167855e-06,0.06891156733036041,0.06586310161011559,1.7812913446418046e-06,0.06898515671491623,0.06593579408668336,1.8452689250022635e-06,0.06902638077735901,0.06600956204864714,1.9132763623644715e-06,0.06903073191642761,0.06607588203180403,1.9835265238512854e-06,0.06930050253868103,0.06611938928327864,2.0337069932032887e-06,0.06944134086370468,0.06613098061273968,2.0440222019976674e-06,0.06939829885959625,0.066111487883424,2.0102676324061535e-06,0.06917458027601242,0.06607162160059762,1.947129186661524e-06,0.06899687647819519,0.06602785665364493,1.8803467165499879e-06,0.0689096599817276,0.06599517060177666,1.8330730052502085e-06,0.0688636302947998,0.065980868325347,1.815887195737256e-06,0.06888402998447418,0.06598430316126536,1.8272663415925644e-06,0.06895151734352112,0.066001110370197,1.8604579108023139e-06,0.0690498799085617,0.06602660684831559,1.9083177858229125e-06,0.06916513293981552,0.06605684686274756,1.9645235782602917e-06,0.0692858025431633
710,0,block_output,Vertical,1,0.3301903015327832,0.17246365183764398,2.16176700592041,0.09551540584791274,7.171947192892672e-05,0.11443840712308884,0.08101562067629799,2.9989059838969558e-05,0.09405029565095901,0.07399966100615168,2.209388881111677e-05,0.08592197299003601,0.07004554918597615,1.816199816075792e-05,0.08119858801364899,0.06783558528811212,1.5977439046132346e-05,0.07834570109844208,0.06659461557865143,1.4702810754769351e-05,0.07661911100149155,0.06586390987984718,1.3929111215537408e-05,0.07551391422748566,0.06539437884376162,1.3458939947164213e-05,0.0747428685426712,0.06506157305742068,1.3182862532472712e-05,0.07415954023599625,0.06480603156581757,1.302832836916535e-05,0.0736900120973587,0.06459912639998254,1.2946382921815707e-05,0.07329510152339935,0.06442603876902944,1.290554915807339e-05,0.07295306771993637,0.06427811884454318,1.2885349800384758e-05,0.07265133410692215,0.06414958054111117,1.2872224762815569e-05,0.0723825991153717,0.0640361083760148,1.2857548162201163e-05,0.07214272767305374,0.06393434266958918,1.2837492315567927e-05,0.07192859053611755,0.06384181988144678,1.2813303470925148e-05,0.07173633575439453,0.06375698703858587,1.279000102221605e-05,0.071621373295784,0.06367910470044802,1.2772768118624166e-05,0.07152248919010162
710,0,block_output,Horizontal,1,0.1286137095756001,0.0032734758178284613,0.44733285903930664,0.08072844656213882,7.76803995202874e-06,0.08701913058757782,0.07560689014101786,9.717647983379252e-07,0.07788393646478653,0.07411318615315453,4.477124698416148e-07,0.0758189707994461,0.07354788671410273,4.1652332237611493e-07,0.0751279890537262,0.07323247844737674,4.3309594942726153e-07,0.07479435950517654,0.07301450981980279,4.5208892994175987e-07,0.07453832775354385,0.07285326601020874,4.6570096388934737e-07,0.07429592311382294,0.07272917387031373,4.755914759012958e-07,0.0740651786327362,0.07263110637191743,4.840201048661656e-07,0.07401780784130096,0.07255239323491142,4.922809308649498e-07,0.07399116456508636,0.07248819844117241,5.006848738142632e-07,0.07397124916315079,0.07243467441626958,5.090654791845698e-07,0.07395294308662415,0.07238846981809252,5.170299257043479e-07,0.07392959296703339,0.07234667998457713,5.243400978687077e-07,0.07389678806066513,0.07230755296491441,5.310990178627042e-07,0.07385757565498352,0.07227106368730939,5.374851933613712e-07,0.07381945103406906,0.07223809912564262,5.435483117776233e-07,0.07378619909286499,0.07220902979846984,5.493546668383581e-07,0.0737573653459549,0.07218347927407613,5.549666536524757e-07,0.0737365186214447
710,0,block_output,Gaussian,1,0.37386775265137356,0.21481813510027,2.703946590423584,0.07778048538972461,8.726763185252724e-05,0.10151676833629608,0.05986931334648814,1.0668248644785685e-05,0.06700056046247482,0.05461280278506733,5.658701150188459e-06,0.05972547084093094,0.052658525132943716,5.154511417546987e-06,0.05775684490799904,0.05170008356845568,5.152865106102108e-06,0.05673805624246597,0.051122847707971694,5.232856398788325e-06,0.05617228522896767,0.05072868579909915,5.320357597253727e-06,0.05585910379886627,0.05043509744462513,5.399295388866842e-06,0.055627573281526566,0.05020198758159365,5.468404648714418e-06,0.05543651431798935,0.05000833652558781,5.530124978144928e-06,0.05526633560657501,0.049842459400967945,5.586828048983466e-06,0.0551065057516098,0.049697417706724194,5.639800728326858e-06,0.054950930178165436,0.04956878562058721,5.6895427152020965e-06,0.05479677766561508,0.049453542109519716,5.73620346685162e-06,0.05464376136660576,0.04934949818111602,5.77991267782621e-06,0.05449338257312775,0.04925499454377189,5.820806356116346e-06,0.054348163306713104,0.04916877541986723,5.85897633927637e-06,0.054210808128118515,0.049089908245063964,5.894456460844421e-06,0.054090213030576706,0.04901769739531335,5.9273802986132625e-06,0.054063282907009125
710,1,block_output,Vertical,1,0.9512191686838393,1.9862699043375485,5.977719306945801,0.09717139211438951,0.00015608578282876173,0.12414892762899399,0.07127039016239227,4.387065780527499e-05,0.08993035554885864,0.05865260059871371,2.4324339075349822e-05,0.07309889793395996,0.05110737214249278,1.6570087457906567e-05,0.06281642615795135,0.046360411045570225,1.2943099401558817e-05,0.056631021201610565,0.04330975112933961,1.1217701655245313e-05,0.05249522626399994,0.04127112693256802,1.0343455336508072e-05,0.050046950578689575,0.03983087967785578,9.848442225339001e-06,0.04837782680988312,0.038755039196638835,9.535314868120852e-06,0.047050848603248596,0.03791436487956652,9.318760938547202e-06,0.04596543312072754,0.03723582938786537,9.15744128453231e-06,0.045061804354190826,0.036675562609046225,9.029044355939785e-06,0.04430001229047775,0.03620501474610397,8.921065959387168e-06,0.0436510369181633,0.03580423763820103,8.826706271092391e-06,0.04309277981519699,0.03545859015531956,8.742630173558064e-06,0.04260803759098053,0.035157004933035564,8.667604102800713e-06,0.04218330979347229,0.03489099782965486,8.601449052140715e-06,0.04180797189474106,0.03465404609839121,8.544193936048207e-06,0.04158175736665726,0.03444115264666459,8.495456092905511e-06,0.04137401282787323
710,1,block_output,Horizontal,1,0.4170600339060738,0.25775299304075566,2.362670421600342,0.10000177922229918,0.0001498178814222792,0.12998360395431519,0.07635146296686596,2.4581767990870982e-05,0.0877818763256073,0.06578436996492129,8.712575921788067e-06,0.07207886874675751,0.06009259092665854,4.691096384273115e-06,0.06518624722957611,0.05685587735876205,3.452291059272404e-06,0.06134725362062454,0.05488171428442001,3.0213780527604903e-06,0.058968860656023026,0.0535488206124495,2.8286290676624255e-06,0.05731242895126343,0.05255812116795116,2.7075193725728644e-06,0.05604724586009979,0.05177282352769186,2.6179115480620167e-06,0.055047325789928436,0.051128039698279094,2.5527634229567767e-06,0.05437035486102104,0.05058863593472375,2.507554694686387e-06,0.05383922904729843,0.050132315724142014,2.4779386589383286e-06,0.053388990461826324,0.04974318544069926,2.4611546213028726e-06,0.05300607159733772,0.04940892773724738,2.455335143244006e-06,0.05268016457557678,0.04911955179912703,2.4585374916018364e-06,0.05240265280008316,0.04886702004642714,2.468002458790783e-06,0.052165016531944275,0.04864516262970273,2.4804313595220454e-06,0.05195821821689606,0.04844942038494443,2.493160919888749e-06,0.05177408456802368,0.0482762927810351,2.505028959832417e-06,0.051607102155685425
710,1,block_output,Gaussian,1,0.11838402877014781,0.006413098853463154,0.5386619567871094,0.04406196771869584,1.740248655032333e-05,0.05378119274973869,0.037715772610335124,6.128977390502361e-06,0.04376629739999771,0.035281741193362644,5.1904129155270695e-06,0.04059601575136185,0.0339856862667061,4.900491266610033e-06,0.039517827332019806,0.033188428434114604,4.7827545473761256e-06,0.03879781439900398,0.03264815375090591,4.722176744752679e-06,0.03829389438033104,0.032258073932358196,4.681879403656442e-06,0.03791143372654915,0.03196295681926939,4.657473172804732e-06,0.037608154118061066,0.03173136909211439,4.647138341049179e-06,0.03736297786235809,0.03154236323658436,4.645442161626949e-06,0.03716031461954117,0.031382324499270274,4.64787095980614e-06,0.03698807209730148,0.031242921564077573,4.65103323133891e-06,0.03683685511350632,0.031119657621260673,4.652760120298873e-06,0.036700423806905746,0.03101034758109895,4.652304546670189e-06,0.0365757942199707,0.03091371724648135,4.650126846670264e-06,0.036462195217609406,0.030828552231902166,4.647238422565837e-06,0.036359623074531555,0.030753485740177215,4.644580051606126e-06,0.03626803308725357,0.030687088265068947,4.6427818741081305e-06,0.036187127232551575,0.030627988337997406,4.642129489077664e-06,0.036116357892751694
710,2,block_output,Vertical,1,0.16694728060374184,0.01564621802290665,0.7271847128868103,0.038296403274649664,5.2208774388739594e-05,0.05417155474424362,0.025747375621918648,8.042800330426587e-06,0.032271914184093475,0.021430999513656374,5.254506067628997e-06,0.026568327099084854,0.019126342831268198,4.505983360030379e-06,0.02404092438519001,0.01767935497420175,4.159651127481896e-06,0.022717248648405075,0.016676673976083595,3.9310780337726005e-06,0.021757926791906357,0.015936353391716406,3.7682734849679257e-06,0.02105599269270897,0.01536695288109874,3.6594211829876883e-06,0.020525304600596428,0.014916034060574714,3.5875692797048214e-06,0.020110875368118286,0.014550500312849643,3.538082958169178e-06,0.019780805334448814,0.014248664845668134,3.5026033982021414e-06,0.019513893872499466,0.013995801675177756,3.4763280998836634e-06,0.019294969737529755,0.013781496441908299,3.4562683148160695e-06,0.019113019108772278,0.013598188092666013,3.440456722842788e-06,0.018960239365696907,0.013440312536817694,3.4276271531952607e-06,0.01883118599653244,0.013303679961060721,3.4170535468034918e-06,0.018721919506788254,0.013184986402472806,3.408312149388566e-06,0.018629368394613266,0.01308151755836748,3.4010900151369456e-06,0.018551062792539597,0.012990968361023873,3.395093682928482e-06,0.01848503388464451
710,2,block_output,Horizontal,1,0.1599438762854016,0.018401758204950668,0.7594884634017944,0.051103925480256,6.636093262889278e-05,0.07004722952842712,0.03595873864278907,7.244467959272893e-06,0.04169201850891113,0.03111045958385581,2.819213575960388e-06,0.03433295711874962,0.02877669663183273,2.166280353298905e-06,0.03150971978902817,0.027351219088785232,1.980697470687423e-06,0.030315402895212173,0.026371694332550443,1.8999323037416445e-06,0.029498107731342316,0.025653423593630865,1.8552027283027738e-06,0.028893649578094482,0.025103647527950152,1.8254592414133421e-06,0.02842674031853676,0.024669389550884564,1.8039913191343208e-06,0.028052812442183495,0.024317697577533267,1.7884999413276603e-06,0.027744583785533905,0.02402693186960523,1.777549007311878e-06,0.027485312893986702,0.02378239172200362,1.7700138124187258e-06,0.02726452425122261,0.023573772833933904,1.7648327601559488e-06,0.0270756334066391,0.023393742296667325,1.7609451764176016e-06,0.026914000511169434,0.02323708576815469,1.7576026413917223e-06,0.026775483042001724,0.023100048303604126,1.7546344176669647e-06,0.026656193658709526,0.02297975799985348,1.7522434734544304e-06,0.026552937924861908,0.022873839747811122,1.7506050004565943e-06,0.026463273912668228,0.022780274351437885,1.7497484302887174e-06,0.02638530731201172
710,2,block_output,Gaussian,1,0.09880885978539784,0.0037460844576577648,0.3081272840499878,0.031658110075763295,1.569617380974347e-05,0.04184263199567795,0.024457204791288528,3.9824347425021984e-06,0.028993617743253708,0.021528329848060534,2.8325411632025873e-06,0.02558603323996067,0.019870019503056058,2.388771673365839e-06,0.023633314296603203,0.01882107425776739,2.179169082334153e-06,0.022681381553411484,0.01811018714769965,2.062840463838679e-06,0.022022783756256104,0.017603953590705282,1.994107716834489e-06,0.021529342979192734,0.017227805160459072,1.952222704681225e-06,0.02114790305495262,0.0169376673709069,1.9266214274195276e-06,0.020850518718361855,0.01670651665578286,1.9125905777709026e-06,0.020620884373784065,0.016517703761420553,1.906922272456344e-06,0.02044430747628212,0.01636113921209933,1.906458378635377e-06,0.020305415615439415,0.016230139290056532,1.9085296653758937e-06,0.02019200287759304,0.01611958858039644,1.9113803037246535e-06,0.020096350461244583,0.016025505693895475,1.9141087443471636e-06,0.020013846457004547,0.015944866951377618,1.9163645878046724e-06,0.019941668957471848,0.015875356094468208,1.9180532856612394e-06,0.019877925515174866,0.015815128439239094,1.9191613845211534e-06,0.01982118934392929,0.015762668649946885,1.9197346290824796e-06,0.01977049559354782
710,3,block_output,Vertical,1,0.294343013730314,0.1464230635170339,1.7922320365905762,0.046904988557336824,0.00011833891115481393,0.07310662418603897,0.02727204921936232,1.1821622556058652e-05,0.03552784398198128,0.020824376050205456,5.333471216514632e-06,0.028798680752515793,0.01722077117671096,3.5379994824660586e-06,0.024436596781015396,0.014803940001579504,2.6930286624709667e-06,0.021377861499786377,0.013055149731891496,2.2026352312876468e-06,0.019132176414132118,0.011729940979017152,1.8850114703028654e-06,0.017428841441869736,0.010691864046430776,1.664303323662127e-06,0.016102852299809456,0.00985807931375882,1.503216265708081e-06,0.01504745427519083,0.009175338996722111,1.3817620375908483e-06,0.014191336929798126,0.008607808803577744,1.2885133655280746e-06,0.013485572300851345,0.008130350312779821,1.2162472160445415e-06,0.012895450927317142,0.007724644372328406,1.1598421608860053e-06,0.012395662255585194,0.007376927845475692,1.1154557729975395e-06,0.011967494152486324,0.007076633162796497,1.08019248008364e-06,0.011597013100981712,0.006815517461666512,1.0518852279631139e-06,0.011273748241364956,0.006587068646377515,1.0289218375644745e-06,0.010989750735461712,0.0063860853986134605,1.010109033581633e-06,0.010738909244537354,0.006208376434173376,9.945652156020525e-07,0.01051641721278429
710,3,block_output,Horizontal,1,0.20920816844417936,0.042036201451773045,1.1423640251159668,0.04759566669189741,0.00011708083225452055,0.07245612144470215,0.028020507700386502,9.836990727011718e-06,0.03499284386634827,0.021719200773135064,3.308090602736163e-06,0.026297561824321747,0.018363673180814773,1.8939745711843874e-06,0.021882137283682823,0.016204844199357523,1.3514679429697482e-06,0.019166376441717148,0.014690004185669951,1.089431858377986e-06,0.017309274524450302,0.013567073743731256,9.45616465460099e-07,0.015947263687849045,0.012702472626216828,8.590478106649871e-07,0.014906469732522964,0.012018049446245035,8.027662215883608e-07,0.014089817181229591,0.011464730200786439,7.636301987803009e-07,0.013435796834528446,0.01100989097049312,7.348010021522751e-07,0.01290275901556015,0.010630903455118338,7.126384917252273e-07,0.012484335340559483,0.010311613805473798,6.952055933954578e-07,0.012168803252279758,0.010040205814653919,6.814007661752044e-07,0.011893101967871189,0.009807783474643079,6.704628851524224e-07,0.011651605367660522,0.009607439151122457,6.617807243645735e-07,0.011439641937613487,0.009433700902653592,6.548632682609712e-07,0.011252963915467262,0.00928219078877379,6.493416615609711e-07,0.011087853461503983,0.009149376362089127,6.449492231119048e-07,0.010941186919808388
710,3,block_output,Gaussian,1,0.5191678779702338,0.7147847849149349,3.6100988388061523,0.05455410125709716,9.349720122954745e-05,0.07753227651119232,0.036367436663972005,2.033122454576116e-05,0.04819687455892563,0.028461644425988197,8.663707242892472e-06,0.037641845643520355,0.023846861655040394,4.892568092799524e-06,0.030960246920585632,0.020776000672153065,3.2401021786409902e-06,0.026455163955688477,0.018587483625326837,2.4021765616187716e-06,0.023282088339328766,0.01694470558256384,1.919805955321036e-06,0.02094012126326561,0.015660553712338682,1.6125392300204624e-06,0.019135475158691406,0.01462536108576589,1.4023433530814699e-06,0.01769573986530304,0.01377123517412988,1.2512472829278983e-06,0.016516324132680893,0.013053832871336785,1.1386299104276708e-06,0.01553051732480526,0.01244280015724519,1.0523143041649583e-06,0.01469358429312706,0.011916506991145156,9.846832458552743e-07,0.013974194414913654,0.011459017275936074,9.307494974641616e-07,0.01354579534381628,0.011058260686695576,8.871117389755841e-07,0.013179605826735497,0.010704884142984473,8.513654567448403e-07,0.01285678893327713,0.010391509411708704,8.217554207820963e-07,0.01257054228335619,0.010112236194785625,7.969761533567189e-07,0.012315327301621437,0.0098622917301125,7.760354273556407e-07,0.012086648494005203
710,4,block_output,Vertical,1,0.0821750635015113,0.002634421695711943,0.23983776569366455,0.023207957013731913,1.5935256060531173e-05,0.03123614192008972,0.014770444837354478,3.060806920628652e-06,0.017960306257009506,0.010961022375831528,1.4764732605288556e-06,0.013867569155991077,0.008790436799504928,1.0334238352614571e-06,0.011921845376491547,0.007415711510157775,8.586082282222459e-07,0.010637343861162663,0.006487905099574063,7.719596036475723e-07,0.009756509214639664,0.00583563685890228,7.220346091334612e-07,0.009135797619819641,0.005363508763294372,6.901390103000744e-07,0.008687924593687057,0.005014062404543871,6.68238385192552e-07,0.00835757702589035,0.00475080544129014,6.525073020487696e-07,0.008109141141176224,0.004549551659101058,6.409302326385194e-07,0.007918735966086388,0.00439371055524264,6.322342434374502e-07,0.007769174408167601,0.004271609826929985,6.254564322238103e-07,0.007648172788321972,0.004174897406575462,6.19933766734989e-07,0.0075479005463421345,0.004097530806791924,6.152466513058432e-07,0.007463579066097736,0.004035092553951674,6.110598739470389e-07,0.007392096798866987,0.003984317253713334,6.070600349495871e-07,0.007331424858421087,0.003942784949368428,6.030606041625004e-07,0.007280307821929455,0.003908702294297871,5.991349056585744e-07,0.007237830199301243
710,4,block_output,Horizontal,1,0.5664665661160908,0.623599162260126,3.5439934730529785,0.0741664765491372,0.0002894936971984015,0.11697378754615784,0.04111882730845421,2.0402452221024e-05,0.05028468742966652,0.031001250924808637,5.4364296808036854e-06,0.03531470149755478,0.025778503319810308,3.08489523768562e-06,0.02916596829891205,0.0221608823963574,2.1345245761125574e-06,0.02531873807311058,0.019445111028968343,1.6156719998156828e-06,0.022353602573275566,0.017335459634306886,1.2964730445958475e-06,0.020001640543341637,0.015658148357437715,1.0855215949147168e-06,0.018116306513547897,0.014299837606293815,9.384349330353796e-07,0.016589349135756493,0.01318318775248906,8.314188911651064e-07,0.015466969460248947,0.012253721584639853,7.50828779448799e-07,0.01454463042318821,0.011471948793364896,6.883834791077293e-07,0.013762898743152618,0.010808492508081217,6.388215015628739e-07,0.013094092719256878,0.01024101275418486,5.986696354668478e-07,0.012517133727669716,0.00975221735499208,5.655576070279784e-07,0.012015723623335361,0.009328521758554474,5.378246396536815e-07,0.011577123776078224,0.008959139032023293,5.142828376340172e-07,0.011191267520189285,0.008635424757524142,4.940701415604681e-07,0.010850101709365845,0.008350383579021408,4.7656453296274337e-07,0.010547124780714512
710,4,block_output,Gaussian,1,0.07602364262418142,0.0023469277257380395,0.2704441547393799,0.02355524655135851,1.3493966049149919e-05,0.030924227088689804,0.01563900818545667,2.958700156081188e-06,0.019239114597439766,0.011831864005043394,1.2566364301690212e-06,0.014113852754235268,0.009674680123608264,7.593845688083463e-07,0.011534661054611206,0.008344686154039606,5.686420509849368e-07,0.010174116119742393,0.007473347302053183,4.794770214938158e-07,0.009271528571844101,0.006874811983416005,4.3253590294833993e-07,0.008647863753139973,0.0064474848424276665,4.0568887130606165e-07,0.008203364908695221,0.0061326225746482135,3.8917048971741394e-07,0.007877982221543789,0.005894699865686042,3.78040911803313e-07,0.007632470689713955,0.005711351809579702,3.6971659251710046e-07,0.0074412524700164795,0.0055677043791446425,3.6289162444974104e-07,0.007287977263331413,0.005453396189425673,3.569706961158604e-07,0.007162506692111492,0.005361016610607741,3.5172353178364473e-07,0.007058972492814064,0.00528528443759396,3.4706145695070266e-07,0.006973797455430031,0.005222552795968358,3.42929364415527e-07,0.006903831381350756,0.005170360200166229,3.3927959635579986e-07,0.006845707539469004,0.005126981604253016,3.3605327993870847e-07,0.006796280387789011,0.00509107454739038,3.33165700233736e-07,0.006753063760697842
710,final,proj_out,Vertical,1,0.16213755593413398,0.0055120727616622175,0.35409650206565857,0.08428069807234265,3.5958702576875574e-05,0.09981326758861542,0.07336209359623137,2.790831127542911e-05,0.08645651489496231,0.06562234402175933,2.609995746613457e-05,0.07694609463214874,0.05939034130128603,2.4887212283187906e-05,0.07034198939800262,0.054220740875554466,2.3695629570485475e-05,0.06541610509157181,0.04988415651614704,2.2509211972097922e-05,0.06123923510313034,0.04622488522103855,2.1356929107451115e-05,0.057657212018966675,0.04312485758037794,2.0260684193723564e-05,0.05456587299704552,0.040489672254475334,1.923174497334952e-05,0.051884159445762634,0.03824190916641364,1.827410115401056e-05,0.04954584315419197,0.036317415062397246,1.7387621308613236e-05,0.0474962517619133,0.034662901793443966,1.6570103348307856e-05,0.04569031298160553,0.033234126924995396,1.581835385819198e-05,0.04409097880125046,0.031994423489012415,1.5128675157480999e-05,0.04266781732439995,0.03091346194583272,1.4497147523751468e-05,0.041395824402570724,0.029966186436395797,1.3919736288010325e-05,0.04025439918041229,0.029131910187147912,1.339240217738967e-05,0.03922649472951889,0.028393543074055325,1.2911157021988298e-05,0.03829790651798248,0.02773695078397554,1.24721391986089e-05,0.03745672106742859
710,final,proj_out,Horizontal,1,0.1618352456698342,0.004843324281913712,0.34988540410995483,0.09238428291347292,1.1872290930383523e-05,0.09994778037071228,0.08379774564315402,5.172105362893334e-06,0.08840449899435043,0.07746148925452005,4.168185232106207e-06,0.08181673288345337,0.07208005835612614,3.839127594083638e-06,0.07654210925102234,0.067417892198714,3.7486388153680874e-06,0.07198916375637054,0.0633706838956901,3.798602459838687e-06,0.06801491975784302,0.05985650118617784,3.9267755889657796e-06,0.06454554200172424,0.05680439260507387,4.090703809901682e-06,0.06159837543964386,0.05415220061937968,4.264183861790287e-06,0.059101685881614685,0.051845301001790974,4.432214466223637e-06,0.056906916201114655,0.049835793910518525,4.586940985323541e-06,0.05497599020600319,0.048081909735051415,4.724943746056346e-06,0.05327504873275757,0.04654745662969256,4.8454473706724755e-06,0.051774121820926666,0.04520126497225156,4.949163882942852e-06,0.05044683441519737,0.04401661751289216,5.037536766655067e-06,0.049270108342170715,0.0429706923545353,5.112306937818672e-06,0.04822385311126709,0.04204404797582399,5.175243478951345e-06,0.047290630638599396,0.04122014556612287,5.227991617893556e-06,0.04645537957549095,0.040484924815476886,5.272033910850474e-06,0.045705102384090424
710,final,proj_out,Gaussian,1,0.08241718983839429,0.0009893209504292016,0.18083041906356812,0.05028720276932868,1.2855334616683527e-05,0.05784578621387482,0.04344065824434871,8.721593626466093e-06,0.0500640943646431,0.03880592400119418,7.1825104899497675e-06,0.044597845524549484,0.03535243097160544,6.292219929861899e-06,0.04039252549409866,0.032709966517157026,5.726662781502484e-06,0.037107277661561966,0.03065601662392654,5.351036498762186e-06,0.03466428071260452,0.02903719876138937,5.095670352547702e-06,0.03315169736742973,0.027743808304270107,4.91898762070989e-06,0.03191017359495163,0.02669663517366326,4.794644826346899e-06,0.030882209539413452,0.02583808188755361,4.705510130411437e-06,0.030024264007806778,0.025125852534695278,4.640232197957193e-06,0.029302727431058884,0.02452851500776079,4.591146308291256e-06,0.028691193088889122,0.024022420158698446,4.553005975470561e-06,0.028168726712465286,0.023589564369074882,4.522193130242354e-06,0.02771862968802452,0.023216093018177956,4.496217644814752e-06,0.027327537536621094,0.022891235375215136,4.473380606360748e-06,0.026984788477420807,0.02260654212699996,4.452533719799546e-06,0.026681851595640182,0.02235532392348562,4.432929409185379e-06,0.02641192637383938,0.022132240442766085,4.414085946741011e-06,0.026169590651988983
666,initial,patch_embed,Vertical,1,0.3047747904109576,0.1948339094390124,2.0707125663757324,0.08737799951008388,3.5047974231735786e-06,0.0907619446516037,0.08699811072576613,3.800185423335806e-06,0.09155240654945374,0.08710793405771255,4.380694232813689e-06,0.09167342633008957,0.08724310391006015,4.803605172228089e-06,0.09166890382766724,0.08736019569730001,5.284109659331445e-06,0.09244732558727264,0.08740383516701442,5.4489934742223196e-06,0.09275644272565842,0.08737604651186201,5.146497851235118e-06,0.09236112236976624,0.08732844640811284,4.744704713254329e-06,0.09179435670375824,0.08730436140109622,4.505437801730765e-06,0.09137371182441711,0.0873128351947618,4.430578541237207e-06,0.09122712165117264,0.08734667431267482,4.46500616765223e-06,0.09141094982624054,0.08739623261822595,4.5690007847303305e-06,0.09183050692081451,0.08745207152669392,4.713306943445473e-06,0.09221269935369492,0.08750610975992112,4.873090365056679e-06,0.09253442287445068,0.08755265365517328,5.0279798322739445e-06,0.09277678281068802,0.0875887493529017,5.163646868912095e-06,0.09293173998594284,0.08761381062250288,5.2722952060710255e-06,0.0930028110742569,0.08762884873246389,5.3516431896937306e-06,0.09300181269645691,0.08763580591905684,5.403349985958525e-06,0.09294506907463074
666,initial,patch_embed,Horizontal,1,0.371070312365653,0.35475426630826573,3.216254472732544,0.08986141296133163,4.826683464440797e-07,0.09173651039600372,0.08921552071022609,8.760915140945107e-08,0.09005394577980042,0.08904671657180029,9.152247001092707e-08,0.08995926380157471,0.08900720496026296,1.0229632521581838e-07,0.08995623141527176,0.08902970914329801,1.18211464223e-07,0.09030470252037048,0.08908388184176551,1.4516566989294614e-07,0.09054877609014511,0.08914679489911549,1.8059185014286922e-07,0.0906548798084259,0.08919890083017804,2.1686672733953175e-07,0.09077318012714386,0.08923088912926024,2.5073466104978705e-07,0.091044582426548,0.08924234504737551,2.7907825301531335e-07,0.09117236733436584,0.0892385703230661,2.9945284511352464e-07,0.09119536727666855,0.08922819876008564,3.1393315146945255e-07,0.09117040783166885,0.08921978019532703,3.249382812429731e-07,0.09114144742488861,0.08921919183598624,3.3282484656015833e-07,0.09114068746566772,0.08922813797280901,3.382249835625982e-07,0.09109894931316376,0.0892435611476974,3.417517963304651e-07,0.09101300686597824,0.08926090077748375,3.429701738988641e-07,0.09089060127735138,0.08927959653120192,3.418634635880004e-07,0.0908103883266449,0.0893014684792549,3.391459923992197e-07,0.09078507870435715
666,initial,patch_embed,Gaussian,1,0.32368785083766966,0.2635438198032551,2.4208269119262695,0.06536205384939436,1.7356578132797508e-06,0.06826982647180557,0.0654447813119207,2.650277676525245e-06,0.07032530754804611,0.06544929583157812,2.768899087613752e-06,0.07032079994678497,0.06542962647619702,2.8133602425904553e-06,0.07012985646724701,0.06530178149068167,2.4549476684031882e-06,0.06953173130750656,0.06524075000059038,2.221463610442084e-06,0.06930901855230331,0.06526211318042544,2.129195514761581e-06,0.06939443200826645,0.06532681224838136,2.1421098281510665e-06,0.0695614367723465,0.06540599276149084,2.2174386125925233e-06,0.06958708167076111,0.0654788910159989,2.2920424425431517e-06,0.0693795382976532,0.06554646151406425,2.3458063265728767e-06,0.06910817325115204,0.06562281352660013,2.4115800524725436e-06,0.06923176348209381,0.06570968824246573,2.5099419518106056e-06,0.06928901374340057,0.0657959712876214,2.6304650533669082e-06,0.06953461468219757,0.06586834717364538,2.74832163288247e-06,0.06985428184270859,0.06591653540020898,2.83748141111259e-06,0.07002203911542892,0.06593633809733013,2.8819892301151404e-06,0.07002627104520798,0.06592958562430881,2.8801385991932363e-06,0.0698852688074112,0.06590187384022607,2.8407902439957887e-06,0.06963417679071426
666,0,block_output,Vertical,1,0.12121327729925277,0.0039523347579972935,0.5033910274505615,0.0735310200187895,2.364685395858221e-05,0.08641770482063293,0.06734915343778473,1.6032580186420745e-05,0.07838630676269531,0.06511939127766897,1.4691556647701078e-05,0.0750080794095993,0.0641693938227873,1.4331581786405732e-05,0.07351657003164291,0.06364523974202928,1.426304264994618e-05,0.07264383137226105,0.06328097039035388,1.4331492837569336e-05,0.07201118022203445,0.06300130498314661,1.444538818319242e-05,0.07148382067680359,0.06277975794814881,1.4551752780235814e-05,0.07129163295030594,0.06259905588295725,1.4633667232953027e-05,0.0712599903345108,0.062446860803498164,1.4690489668314802e-05,0.07123806327581406,0.06231635915381568,1.4729774195675488e-05,0.0712173730134964,0.062204503646445655,1.4762347536285039e-05,0.07120011746883392,0.06210860615921399,1.479255666372572e-05,0.07118840515613556,0.06202541344932148,1.482040717381845e-05,0.0711786299943924,0.06195174287708979,1.4845447948896403e-05,0.07116768509149551,0.06188520836451697,1.4867949291418595e-05,0.07115708291530609,0.06182491264882542,1.4889971543931769e-05,0.07115160673856735,0.06177079713060742,1.4914520564686382e-05,0.0711541622877121,0.06172242399955553,1.4943374977103214e-05,0.07116420567035675
666,0,block_output,Horizontal,1,0.10307257610654073,0.0007304664209768416,0.19093665480613708,0.07578135187190677,2.5711003909412905e-06,0.07982368767261505,0.07353513474975314,6.113204681118069e-07,0.07559618353843689,0.07298606338482054,5.85945867493783e-07,0.07480853796005249,0.07267719093296263,5.954647794667859e-07,0.07427751272916794,0.07247428122967009,6.098956809696992e-07,0.07413356006145477,0.0723291893327047,6.231662422747895e-07,0.07406848669052124,0.07222263857958809,6.35478969319078e-07,0.07402701675891876,0.0721408725967483,6.473462757787643e-07,0.07398822903633118,0.07207615827284163,6.595327490443101e-07,0.0739547461271286,0.07202381699804276,6.718026388101524e-07,0.07393096387386322,0.07197961885304678,6.835045485395694e-07,0.07391124963760376,0.07194066118626367,6.942820868370082e-07,0.07389095425605774,0.0719055367840661,7.040554040009144e-07,0.07386903464794159,0.07187363647279285,7.129210536058629e-07,0.0738459974527359,0.07184462201973749,7.21028319644289e-07,0.07382262498140335,0.0718182185812602,7.285062180887016e-07,0.0737994909286499,0.07179414764756248,7.354521552385539e-07,0.07377691566944122,0.07177214596479659,7.419306752163074e-07,0.07375507056713104,0.07175196707248688,7.479964680132784e-07,0.07373404502868652
666,0,block_output,Gaussian,1,0.5767247577508291,0.8261255580680587,3.909834384918213,0.07872093664038748,9.216115018602119e-05,0.10686676949262619,0.06199934682439244,1.349693778441441e-05,0.07065890729427338,0.05629382205624429,6.9513789247820234e-06,0.06168428063392639,0.05370867264176172,5.671166542268801e-06,0.05944762006402016,0.052331257493249954,5.315496264491132e-06,0.058185793459415436,0.051475200802087784,5.205339426338637e-06,0.05731062591075897,0.05087829322095901,5.184144570702292e-06,0.056628141552209854,0.05043276505810874,5.204092072504407e-06,0.056070514023303986,0.050085662139786616,5.2450203374550085e-06,0.055606450885534286,0.04980652424551192,5.296845000310966e-06,0.055216580629348755,0.049576117938000056,5.3542276502487215e-06,0.054886672645807266,0.049381596228433036,5.414296598747488e-06,0.05460551381111145,0.049214061349630356,5.4754622111696266e-06,0.05436407029628754,0.049067196924062,5.536705500419286e-06,0.05415499955415726,0.048936477788383996,5.597191846962612e-06,0.05397229641675949,0.048818663945273746,5.656115746332902e-06,0.05381099879741669,0.048711451687037,5.712689146524093e-06,0.053692348301410675,0.04861317994812178,5.7662209400284765e-06,0.05365321412682533,0.04852260111106767,5.8162541314223555e-06,0.053617820143699646
666,1,block_output,Vertical,1,0.12131453086695974,0.005129967036734277,0.43826577067375183,0.049271097140652795,3.49071204137166e-05,0.0640144869685173,0.03924443865461009,1.2446455978510272e-05,0.04832503944635391,0.035802487786563614,9.773289133625971e-06,0.04366365075111389,0.034197615075206,9.119676038013291e-06,0.0413983128964901,0.0332547165453434,8.873438222940038e-06,0.04009425267577171,0.03258647979606712,8.706163700201016e-06,0.03914521634578705,0.03207540234166478,8.579900638148552e-06,0.03846138343214989,0.03168489213382441,8.500160648960079e-06,0.03799104690551758,0.031383172002813174,8.454455144016011e-06,0.03765429928898811,0.031143997928925922,8.43260755736177e-06,0.03740421682596207,0.030948938594924078,8.425959411406328e-06,0.03721262887120247,0.030785585650139384,8.426003602215924e-06,0.03705863654613495,0.03064659163947143,8.427129553748855e-06,0.0369393453001976,0.030527558207275377,8.427998556872608e-06,0.03684470057487488,0.030425057879516056,8.429157338892158e-06,0.03676130622625351,0.030336181795786298,8.431177920425039e-06,0.03668726980686188,0.030258579150078787,8.43422173434463e-06,0.036620885133743286,0.030190398532246785,8.437946860990453e-06,0.03656064718961716,0.030130188734758468,8.44162256096837e-06,0.03650566190481186
666,1,block_output,Horizontal,1,0.41544456058551393,0.3222655862001194,2.5539684295654297,0.0921912043104096,8.59124443128001e-05,0.11242479085922241,0.07433804443904332,1.837758770852924e-05,0.08489911258220673,0.06531184562851512,8.498907881814726e-06,0.07303502410650253,0.05979198909231594,4.879303406786366e-06,0.06538672000169754,0.05638517114141631,3.496197333463818e-06,0.06066489219665527,0.05420596649249395,2.969723774563143e-06,0.05834091827273369,0.05271768906996364,2.7551751107456715e-06,0.056810665875673294,0.05162685187090011,2.6578259450436016e-06,0.05567845702171326,0.050780015687147774,2.6090441466034582e-06,0.0547817125916481,0.05009639913600589,2.5842035553127225e-06,0.05404321104288101,0.049530886350170014,2.573679793212388e-06,0.05342363566160202,0.04905547733817782,2.572728861971601e-06,0.05296715348958969,0.04865108471777704,2.5786273503053453e-06,0.05257261544466019,0.0483038964725676,2.589848104067002e-06,0.05223141610622406,0.04800336116126606,2.6055248897756415e-06,0.051936209201812744,0.04774105933213991,2.624906654795331e-06,0.05168013274669647,0.0475101163462987,2.646924160335433e-06,0.05145607888698578,0.047304998314569864,2.6699636444360387e-06,0.05125650018453598,0.04712140991810768,2.692157618495854e-06,0.05107421427965164
666,1,block_output,Gaussian,1,0.1067373701740825,0.005909609079243646,0.4939543902873993,0.04333226376819232,1.901188565303173e-05,0.05296001583337784,0.03707283886060828,6.94125685720629e-06,0.042321231216192245,0.0345847320757688,5.380743163238572e-06,0.03890719264745712,0.033270067816215845,4.984128246041764e-06,0.037869974970817566,0.03244644084147045,4.820812729848263e-06,0.03726751357316971,0.03187801836738511,4.7201368929848955e-06,0.03683631494641304,0.03145908670766013,4.65601294020348e-06,0.03650829941034317,0.03113376431994968,4.609316715899951e-06,0.03624428063631058,0.030870375001714342,4.573219493560169e-06,0.03602653741836548,0.0306512305128669,4.5503742003285955e-06,0.03584378957748413,0.03046720673049253,4.5392120393760655e-06,0.035685159265995026,0.03031144832216558,4.534171306904298e-06,0.035544052720069885,0.030177692010525673,4.532076640859542e-06,0.03541818633675575,0.030061127913613168,4.532002876173191e-06,0.035307176411151886,0.029958167601199376,4.533451256714631e-06,0.03521019220352173,0.029866247600506223,4.53555750705807e-06,0.03512495383620262,0.029783758852216933,4.537188545401677e-06,0.03504832088947296,0.029709778992193087,4.5376917015801516e-06,0.03497784584760666,0.0296436141407679,4.537261463845971e-06,0.034912362694740295
666,2,block_output,Vertical,1,0.21504369295305675,0.03989404905641638,1.1058802604675293,0.04291153767160953,8.472519503790462e-05,0.07214374840259552,0.02689051033840293,1.0575545006103164e-05,0.03919327259063721,0.022086547983307687,6.381380796819113e-06,0.030397718772292137,0.01958988296488921,5.190682847265659e-06,0.026237240061163902,0.017988143414850274,4.6188084102115435e-06,0.023783130571246147,0.016859932166952935,4.277641951395152e-06,0.022466178983449936,0.016021527128205412,4.057481553931222e-06,0.021630093455314636,0.015373095204787595,3.9081321204172674e-06,0.02098601683974266,0.014855567617194048,3.8018625667360025e-06,0.020474568009376526,0.014431710340200908,3.7224341114616417e-06,0.020056206732988358,0.014077022361258665,3.659224731178296e-06,0.01970338635146618,0.01377524027512187,3.6053936708836556e-06,0.01939818263053894,0.013515649910365779,3.5575177366457222e-06,0.019130704924464226,0.013290956838145143,3.5147492643680095e-06,0.018895702436566353,0.013095647318377382,3.477274776331359e-06,0.018689334392547607,0.012925137854402973,3.4451305499504023e-06,0.01850796304643154,0.012775541371887638,3.4179288761156425e-06,0.01834823749959469,0.012643594797404985,3.395023391424189e-06,0.018207283690571785,0.012526562585244103,3.3756851076629172e-06,0.018082717433571815
666,2,block_output,Horizontal,1,0.5657955074594134,0.6471891039938199,3.445526599884033,0.09084075618357886,0.00021228598434764072,0.12324844300746918,0.058619777598078286,3.981256850934922e-05,0.07086331397294998,0.044210011582999004,1.1888590306793518e-05,0.05186082050204277,0.03732947289707169,5.518414666061533e-06,0.042734913527965546,0.033780953063378256,3.850531056901657e-06,0.03805054351687431,0.03165321406863984,3.248804568018336e-06,0.0357670783996582,0.030172468887435064,2.9400920288840816e-06,0.034212104976177216,0.029038715043238232,2.7418000806498462e-06,0.03295105695724487,0.02812483800309045,2.598631007102619e-06,0.0318925641477108,0.027366847982482304,2.4884826167640513e-06,0.030986573547124863,0.026726680408631052,2.40024111638722e-06,0.030342472717165947,0.02617886396391051,2.327419422653593e-06,0.02989007905125618,0.02570509851451904,2.265973449418138e-06,0.02949715033173561,0.025291712215495487,2.213351861272238e-06,0.029151301831007004,0.024928253203157395,2.1679207206857657e-06,0.028843510895967484,0.024606593160165682,2.1285652645214306e-06,0.028567351400852203,0.024320314032217814,2.0944510602629368e-06,0.028318213298916817,0.024064273440412114,2.064913356015051e-06,0.02809257060289383,0.02383429335341567,2.03939441599156e-06,0.027887504547834396
666,2,block_output,Gaussian,1,0.09277370808616517,0.003610269825279598,0.38130655884742737,0.03041954128633416,1.398275374371533e-05,0.03923109918832779,0.023533842127238,3.5137337757868345e-06,0.028142757713794708,0.020797664624831035,2.691957287364839e-06,0.025591418147087097,0.01928785564525733,2.4639817895398433e-06,0.024075273424386978,0.018319343674987082,2.371588174462635e-06,0.02305252104997635,0.017644300554243344,2.3023789577794405e-06,0.022309638559818268,0.01715117831906629,2.2399729534638507e-06,0.021753735840320587,0.016777166741944495,2.1876379330159482e-06,0.02132461592555046,0.01648398277364553,2.143407341023244e-06,0.020982349291443825,0.016248345567238708,2.1058131192743663e-06,0.020701389759778976,0.01605529605691868,2.0743506002948157e-06,0.020467258989810944,0.015895048836393963,2.048552873915556e-06,0.020272519439458847,0.015760870325186895,2.0276832667091577e-06,0.0201103538274765,0.015647690077977523,2.011062086651538e-06,0.01997353881597519,0.015551572251651023,1.9981892356527666e-06,0.019856132566928864,0.015469505348139338,1.9886900098011464e-06,0.019754428416490555,0.015399196480829564,1.9821983672048693e-06,0.019666830077767372,0.01533880185276743,1.9782613931108184e-06,0.019592486321926117,0.015286713010734983,1.9763396974936664e-06,0.019529953598976135
666,3,block_output,Vertical,1,0.11812905594706535,0.01325448486800351,0.6555404663085938,0.027527356934216287,2.488873183609092e-05,0.041854891926050186,0.018228713585625566,3.965889237754553e-06,0.023087086156010628,0.014322950209062251,2.085592642550489e-06,0.017916671931743622,0.011969748884439468,1.5193756454986213e-06,0.015769056975841522,0.01038743792072175,1.2695138031709207e-06,0.01425974816083908,0.009256952442228794,1.1411626508074848e-06,0.013157927431166172,0.008414577700138565,1.0690508217631535e-06,0.012324981391429901,0.007767172190286811,1.0257630535952593e-06,0.011675642803311348,0.007257488785341146,9.979570478399564e-07,0.011156309396028519,0.0068484228769583365,9.787024060545844e-07,0.010732127353549004,0.0065149220800589,9.644785271505635e-07,0.01037986297160387,0.006239449287513419,9.534937612519292e-07,0.010083738714456558,0.006009345637663963,9.448049614717283e-07,0.009832866489887238,0.005815190085697742,9.378820624210841e-07,0.00961951445788145,0.0056497681265076,9.323449958317586e-07,0.00943756103515625,0.0055074758517245455,9.278096167071887e-07,0.009281434118747711,0.0053840210838686856,9.239203882734534e-07,0.009146096184849739,0.005276215587934804,9.204594238904992e-07,0.009027604013681412,0.0051817018095226515,9.17370608677816e-07,0.00892324186861515
666,3,block_output,Horizontal,1,0.6407274851013743,0.838464761083789,4.190765857696533,0.08454502474457498,0.0002878974102426159,0.1301409751176834,0.048836389704356116,4.925330396402668e-05,0.07200369983911514,0.03468082927995258,1.231571045462914e-05,0.047089479863643646,0.028115667461875885,5.2661272348560485e-06,0.03536871820688248,0.024254262151699218,3.194648073407806e-06,0.028873959556221962,0.021608878281854448,2.3348469037619405e-06,0.02493082359433174,0.019651534331459847,1.8981026332486603e-06,0.022662613540887833,0.018135005489937843,1.6435279232155165e-06,0.0209038145840168,0.01692116287137781,1.4776818412737957e-06,0.01948877051472664,0.015925045420844403,1.359381529186871e-06,0.018319781869649887,0.015091018012118719,1.2689343877553437e-06,0.017335563898086548,0.014381005236553767,1.1962775109284733e-06,0.016494929790496826,0.013768107807707219,1.1359117475323985e-06,0.015768002718687057,0.013232881099813514,1.0846208530854522e-06,0.015144480392336845,0.012761031794879172,1.0404098342789058e-06,0.01469596941024065,0.012341904646110914,1.001981414479566e-06,0.014296907931566238,0.011967398950623142,9.68472233299986e-07,0.013939371332526207,0.011631181862737452,9.392742155632604e-07,0.01361695397645235,0.01132813480401796,9.139042920382381e-07,0.013324547559022903
666,3,block_output,Gaussian,1,0.924180079074133,1.7874841698164214,5.606325149536133,0.07790445270282882,0.00026911929826079335,0.1120498925447464,0.0455513388982841,3.1224370072202366e-05,0.05825789272785187,0.034434683413969144,9.25028883437761e-06,0.040394142270088196,0.02880510315299034,4.986870844105525e-06,0.03360587731003761,0.025063624782931237,3.292982217965087e-06,0.029120538383722305,0.022316497469705248,2.4163769954830336e-06,0.026057085022330284,0.020213651840412426,1.9142616531627364e-06,0.023634981364011765,0.01855888921353552,1.6056201603918756e-06,0.02169138193130493,0.017226150348072962,1.4036661014909682e-06,0.020108845084905624,0.016130420187162976,1.2638354369291283e-06,0.018898168578743935,0.015213018874563868,1.1620567069862154e-06,0.01791873387992382,0.014432755461524404,1.0847066250867656e-06,0.01707780361175537,0.013760237097148858,1.0237802921296298e-06,0.01634763740003109,0.013174101488576048,9.744345143652965e-07,0.01570753939449787,0.012658498102119045,9.336664293847612e-07,0.015141638927161694,0.01220138490732227,8.995444061663784e-07,0.014637401327490807,0.011793399407040505,8.707371001907721e-07,0.014184623956680298,0.011427113697642372,8.46223227064144e-07,0.013774875551462173,0.011096552383923342,8.251378558251928e-07,0.013401257805526257
666,4,block_output,Vertical,1,0.13210148358392337,0.010565176625260363,0.5390019416809082,0.033554211702375186,4.308300815232983e-05,0.0494316965341568,0.020857232962808912,7.765417882997002e-06,0.026925532147288322,0.01551050716449344,3.3126813116399268e-06,0.020160648971796036,0.012430612736987688,2.0386516380226808e-06,0.016957798972725868,0.01041314523253176,1.4858841606320818e-06,0.014749642461538315,0.00899971616528337,1.1926075923645524e-06,0.013154109939932823,0.007966209772146411,1.020496079572045e-06,0.011959431692957878,0.007188703613503585,9.134103621653954e-07,0.011041807010769844,0.006591547295332901,8.433691239447306e-07,0.010325679555535316,0.006124994702755459,7.953214529626151e-07,0.009759820066392422,0.005754929996790394,7.608219756792186e-07,0.009307189844548702,0.005457237710259737,7.348911774795599e-07,0.008940093219280243,0.005214505056510606,7.144894758038839e-07,0.008637764491140842,0.005014083237342891,6.977942700239607e-07,0.008385390974581242,0.0048468621994649606,6.837939615280645e-07,0.008173229172825813,0.004706295325406014,6.719549660696292e-07,0.007994848303496838,0.004587530731297438,6.619371727565742e-07,0.007845203392207623,0.00448677599030946,6.534377561518645e-07,0.007719630841165781,0.004400951026510152,6.461726567698397e-07,0.00761378975585103
666,4,block_output,Horizontal,1,0.7991786176959673,1.468934525286998,4.974200248718262,0.08713512844036496,0.0002382686122016324,0.12263241410255432,0.05337916426951923,3.446147152126649e-05,0.06547573953866959,0.03998178610252955,9.472014459100147e-06,0.04550040513277054,0.03297772264433286,4.779925167024727e-06,0.03682529181241989,0.028276076658614098,3.068078274517726e-06,0.03153431415557861,0.02478436410190567,2.19419158056306e-06,0.027646251022815704,0.022081785850108615,1.689556690251797e-06,0.02466491051018238,0.019933116104867723,1.3761517541594647e-06,0.02231575734913349,0.01818852840612332,1.1690707947433801e-06,0.02046961337327957,0.016747391324431177,1.0242522599314847e-06,0.019017288461327553,0.015539418462486495,9.179017481707819e-07,0.017809968441724777,0.01451403329828902,8.367212255791467e-07,0.016791362315416336,0.013634022354843124,7.729547324392891e-07,0.015920810401439667,0.01287149940986955,7.218406730063945e-07,0.01516837440431118,0.01220522742600195,6.802801119481742e-07,0.01451162714511156,0.011618789034112105,6.461370726742944e-07,0.01393352635204792,0.011099308758737549,6.178590399176996e-07,0.0134209543466568,0.010636562599785744,5.942663639862794e-07,0.012963684275746346,0.010222336129536705,5.744282604369182e-07,0.012553615495562553
666,4,block_output,Gaussian,1,0.3511321899436769,0.25445753796693155,2.4028372764587402,0.05274636647294438,0.00010030284415643611,0.07821933925151825,0.03424792390848909,1.8193824219256776e-05,0.04637950658798218,0.02644829454994391,8.220716177863022e-06,0.034657806158065796,0.021698468468255468,4.650327068215411e-06,0.02745979279279709,0.018467691401758836,2.9813055683292743e-06,0.02291346900165081,0.01614405937670242,2.1057631657617976e-06,0.01984534040093422,0.014400039814294332,1.6025182642286333e-06,0.01752767153084278,0.013043770463102393,1.2888162731835286e-06,0.015723442658782005,0.011958610340361558,1.0795986779923624e-06,0.0142866475507617,0.01107108767425257,9.326477621307974e-07,0.013122843578457832,0.010332961315436968,8.254203883415806e-07,0.012167776003479958,0.009711151026071065,7.448942380072603e-07,0.011381911113858223,0.009182036203879213,6.830166913440361e-07,0.010779885575175285,0.008728150950951708,6.34579789911555e-07,0.010342849418520927,0.008336193541744872,5.961130305535293e-07,0.009969034232199192,0.00799578774927391,5.652309682137754e-07,0.009647002443671227,0.0076986814198631145,5.4022581964475e-07,0.00936770811676979,0.007438215005788065,5.198300441715377e-07,0.009123951196670532,0.007208946257060956,5.03070895358473e-07,0.008909964933991432
666,final,proj_out,Vertical,1,0.16822518526561678,0.0054890564316898375,0.33990126848220825,0.08358371364218849,3.424168541719552e-05,0.09744545817375183,0.07310407585094846,2.5051209750684938e-05,0.08396818488836288,0.06561061243216197,2.3242701625632405e-05,0.07545174658298492,0.05945607582255015,2.2103054543922918e-05,0.06920154392719269,0.05429753288626671,2.1023989820510473e-05,0.06422902643680573,0.04995240253351983,1.9960111969969282e-05,0.060067057609558105,0.046285741326827855,1.8933416664554923e-05,0.05653735622763634,0.043187541029756034,1.7965662530442707e-05,0.053523242473602295,0.04056562430092266,1.7068441573978974e-05,0.0509364940226078,0.03834214688293518,1.6244910635250907e-05,0.04870598018169403,0.03645137511193752,1.5493317349828205e-05,0.046773117035627365,0.034838004362961604,1.4809557772837124e-05,0.0450894758105278,0.03345573675774392,1.4188652303279998e-05,0.04361506551504135,0.03226600430669293,1.3625433358613149e-05,0.04231693595647812,0.031236819154213346,1.311485977384734e-05,0.04116801545023918,0.030341748414295062,1.265211905836281e-05,0.04014603793621063,0.02955900307094294,1.2232684531947011e-05,0.039232686161994934,0.028870651882792277,1.1852334868078195e-05,0.03841284662485123,0.028261949263867877,1.1507166737794075e-05,0.03767400234937668
666,final,proj_out,Horizontal,1,0.17188581315770982,0.004831287789405133,0.34459447860717773,0.09445526486351377,1.597410065300053e-05,0.10475281625986099,0.08527881628464139,5.695952979139555e-06,0.09144139289855957,0.07866308755344814,4.087472387845148e-06,0.08328710496425629,0.07310375074545543,3.5700648219030537e-06,0.07755109667778015,0.06834423459238476,3.429753897003341e-06,0.07280249148607254,0.06425286433289921,3.4809622865424306e-06,0.06877662241458893,0.06072782914316843,3.628139257734265e-06,0.06532745063304901,0.05768576956221035,3.815730715007885e-06,0.06235571205615997,0.05505662967288305,4.012215306511869e-06,0.0597873255610466,0.05278047168302157,4.200501618462211e-06,0.05762353539466858,0.05080570836388876,4.372112307657228e-06,0.05572858825325966,0.04908803010743762,4.5236838929674785e-06,0.05404755473136902,0.047589569633442255,4.654782624961428e-06,0.05255217105150223,0.04627812239858839,4.766548636192044e-06,0.05121832713484764,0.045126397044412674,4.860860866834424e-06,0.05009308457374573,0.04411132349854424,4.939848488671714e-06,0.049107626080513,0.043213410450825614,5.005602853841451e-06,0.0482381246984005,0.04241619684866497,5.060051389793445e-06,0.047468289732933044,0.04170576163700649,5.104900365774422e-06,0.046784255653619766
666,final,proj_out,Gaussian,1,0.08749479575762673,0.0011473345747678061,0.17544274032115936,0.0511462420579933,1.0784881232718142e-05,0.05732482671737671,0.04422669071290228,7.2658476853405285e-06,0.04999595880508423,0.03963987505625165,6.3811215287488355e-06,0.04497364163398743,0.03622067731524271,5.85936244279361e-06,0.04103805497288704,0.033606917198215215,5.520621880935504e-06,0.03844549506902695,0.031577120165503215,5.287823804567605e-06,0.03649146109819412,0.02997912827228743,5.1218684119199785e-06,0.03491199016571045,0.02870452699680177,5.0000055707448165e-06,0.03362412750720978,0.02767482530029993,4.90779197297678e-06,0.03256496042013168,0.026832608387820304,4.835762574455829e-06,0.031686097383499146,0.02613547704522572,4.7776234306762e-06,0.030950112268328667,0.025551821445188826,4.72913519758299e-06,0.03032791242003441,0.02505785401260096,4.68740673044695e-06,0.029796794056892395,0.02463551119916023,4.650457660114316e-06,0.029338978230953217,0.024270956212329487,4.616927860774991e-06,0.028940506279468536,0.023953498769847172,4.585894910024706e-06,0.02859039604663849,0.023674810068711402,4.5567446714805335e-06,0.02827998250722885,0.02342834317731479,4.529067773296041e-06,0.0280024204403162,0.023208908027126676,4.502612641757952e-06,0.02775227651000023
617,initial,patch_embed,Vertical,1,0.23635359415932308,0.10405720546516638,1.704872727394104,0.08704175894695615,5.513630520371551e-06,0.09172718226909637,0.0868219259002852,6.341103906917648e-06,0.0918784812092781,0.08690976268715328,7.0102783079637065e-06,0.09233440458774567,0.08699253106874133,7.4649727303532785e-06,0.09280027449131012,0.08697326315773858,7.020207563593638e-06,0.0920993909239769,0.08691693534926763,6.426865790444278e-06,0.09161337465047836,0.08689383642067985,6.076391653494187e-06,0.09167535603046417,0.08691159966919157,5.944451163218617e-06,0.09180895239114761,0.08695747573224324,5.977064724468403e-06,0.09195710718631744,0.08701348186485351,6.108958685044671e-06,0.09229205548763275,0.08706627762506879,6.278617011259262e-06,0.0928955227136612,0.08711118215606325,6.453886623418916e-06,0.09337049722671509,0.08714809256886678,6.6252418154335854e-06,0.09374082088470459,0.0871780441393928,6.790216298224371e-06,0.09402451664209366,0.08720216226010095,6.946928430879912e-06,0.09423176199197769,0.08722142851541913,7.092628626365624e-06,0.09436924755573273,0.08723669747511546,7.224076362083002e-06,0.0944439172744751,0.08724882749337999,7.338639360684867e-06,0.09446492791175842,0.08725873085241469,7.43515992372785e-06,0.09444412589073181
617,initial,patch_embed,Horizontal,1,0.22987923416353406,0.08845658118804481,1.4888324737548828,0.09019146705903704,3.933574209923206e-07,0.09144535660743713,0.08962058926385547,3.368764047779115e-07,0.09138616174459457,0.08937011339834758,3.9092683953233267e-07,0.09143965691328049,0.08920572366979387,3.5133509971286386e-07,0.09110143780708313,0.08916585797828341,3.5248105400149364e-07,0.0909811407327652,0.08919468829556117,3.711564468987757e-07,0.09079009294509888,0.08925639885285544,4.082743688186884e-07,0.09072290360927582,0.08932114108687356,4.4459622064219327e-07,0.09103241562843323,0.08937581214639875,4.681488844092004e-07,0.09139005094766617,0.08942690810986928,4.933301783321422e-07,0.09167593717575073,0.08947390885580153,5.233250608587476e-07,0.09192104637622833,0.08951235160468117,5.45931998145843e-07,0.09196619689464569,0.08953524262659134,5.477281620748642e-07,0.09185699373483658,0.08953743167812862,5.298330153822566e-07,0.091691754758358,0.08952421576730789,5.066554692425041e-07,0.09154196083545685,0.0895073153669872,4.907826185185247e-07,0.09144558012485504,0.0894950729986978,4.863285162717555e-07,0.09145957976579666,0.08949042123461527,4.923877445270334e-07,0.0914873331785202,0.08949314353484956,5.066395597630088e-07,0.0915219634771347
617,initial,patch_embed,Gaussian,1,0.24386242008398448,0.13783790759796363,1.888484239578247,0.06500675949075865,3.1062443466274377e-06,0.07080057263374329,0.06487863197449655,2.9822386210953355e-06,0.06953102350234985,0.06482659972139768,2.670186445176726e-06,0.0697505921125412,0.06489346501609636,2.7171292878561756e-06,0.06995204836130142,0.06498019687003559,2.7750050880292344e-06,0.06983966380357742,0.06504815397044969,2.8485399949314423e-06,0.06993910670280457,0.0651066354106343,2.976838922280756e-06,0.06997688114643097,0.06518517954955025,3.136888437279594e-06,0.06974643468856812,0.06527900009874314,3.2594704985442612e-06,0.06980875134468079,0.06538505686653985,3.364984156653308e-06,0.06994856894016266,0.06550621856299657,3.5084701782327875e-06,0.06999212503433228,0.0656332555744383,3.7058535356291397e-06,0.07029027491807938,0.0657512459253508,3.933862833550179e-06,0.0707341805100441,0.065848979921568,4.156583446279884e-06,0.07108800858259201,0.06592224904942134,4.345418512091557e-06,0.07134745270013809,0.06597249233533466,4.487373629088039e-06,0.0715218111872673,0.06600318210465568,4.5810220321060216e-06,0.07162437587976456,0.06601737120321818,4.629427577684659e-06,0.07166630029678345,0.06601713621427142,4.636414098309921e-06,0.0716555193066597
617,0,block_output,Vertical,1,0.11736907715362216,0.0029695801598694557,0.3631671369075775,0.07189045349756877,2.48286849709077e-05,0.08502587676048279,0.06597997668007063,1.7811928248614288e-05,0.07681620866060257,0.06377314557395285,1.6512310187259583e-05,0.07376592606306076,0.0628340414592198,1.6318700350608685e-05,0.07258466631174088,0.06231648262057986,1.6336807142214e-05,0.07191485911607742,0.06196129877888967,1.6441998580927963e-05,0.07138389348983765,0.061690577084109896,1.6551893492091547e-05,0.07101324200630188,0.06147553115373566,1.6625761769294174e-05,0.07084869593381882,0.06129685576472964,1.667093737392653e-05,0.0707346573472023,0.061142607991184504,1.669579818118202e-05,0.07063794136047363,0.061009067982908276,1.670969067782919e-05,0.07054109871387482,0.060894409815470375,1.6722035352290634e-05,0.07045185565948486,0.0607948869703308,1.6736173177786117e-05,0.07037441432476044,0.060706700893148544,1.6753643339223417e-05,0.07031184434890747,0.060627571410602994,1.6776851564153695e-05,0.07026778161525726,0.06055686173457948,1.680724485872207e-05,0.07024241238832474,0.06049423499239816,1.684297292008451e-05,0.07023170590400696,0.0604388535259262,1.6881564553014526e-05,0.07023099064826965,0.060389721854811625,1.6921941589588417e-05,0.07023699581623077
617,0,block_output,Horizontal,1,0.159333273768425,0.011315198399457032,0.6361449956893921,0.0847517554722135,9.37749651992813e-06,0.09202578663825989,0.07791691025098164,1.6531663095843187e-06,0.08052270114421844,0.07501474046517932,6.96228970960508e-07,0.07706661522388458,0.07374341502076104,6.073957360204581e-07,0.07575711607933044,0.07314473485189771,6.458626322585559e-07,0.07532737404108047,0.07280737930347049,6.890826793350291e-07,0.07503408193588257,0.07258237259728569,7.239551107324078e-07,0.0748002827167511,0.07241625362445438,7.524908421330039e-07,0.07460273802280426,0.07228593398181218,7.765579752934155e-07,0.07443571090698242,0.07217919660939111,7.963710551014473e-07,0.07429860532283783,0.07208830023568774,8.119398361154762e-07,0.07419049739837646,0.07200794974489817,8.234885347656736e-07,0.07410259544849396,0.07193567414605428,8.321082577756969e-07,0.07402411103248596,0.07187124412684213,8.394877404016288e-07,0.07395248115062714,0.07181424375564333,8.466671808575032e-07,0.07388857007026672,0.07176348235872057,8.541982025182477e-07,0.07383210957050323,0.07171775010370073,8.625341058545929e-07,0.07378248870372772,0.07167610466953307,8.720189232172267e-07,0.07373975962400436,0.07163798253214548,8.82716136138098e-07,0.07370461523532867
617,0,block_output,Gaussian,1,0.08473925245186639,0.0012166408401254698,0.20228494703769684,0.05243592242163325,9.890211101704499e-06,0.06207595765590668,0.050092123212322356,6.721262187657869e-06,0.055691197514534,0.0491259919390792,6.496219282213403e-06,0.054801151156425476,0.048526860773563385,6.528090229481648e-06,0.05404490604996681,0.048097256984975606,6.483973063041817e-06,0.05357152968645096,0.047798332063451646,6.486422726243716e-06,0.0533711239695549,0.04757764580703917,6.50039471584849e-06,0.05322969704866409,0.047399639373733884,6.514009724544533e-06,0.05309165269136429,0.047253125066321996,6.53007962190561e-06,0.052969977259635925,0.04713555064702791,6.546406030098991e-06,0.05287887156009674,0.04704162437054846,6.563004078647957e-06,0.052812881767749786,0.04696465289545438,6.580906879547281e-06,0.05276263505220413,0.04689953334274746,6.600712185014318e-06,0.052719999104738235,0.04684337944028869,6.620876428865192e-06,0.052681636065244675,0.046794686525587055,6.639133224465269e-06,0.052647754549980164,0.046752109827976375,6.654634544714201e-06,0.05261819809675217,0.04671423769895992,6.6677204103267945e-06,0.05259207636117935,0.04667983168647403,6.678932316053861e-06,0.05256866663694382,0.04664797383168387,6.688760932032172e-06,0.05254761502146721
617,1,block_output,Vertical,1,0.12556047353243072,0.0054981413620739964,0.42854219675064087,0.04976342689423334,4.461252610607914e-05,0.06750580668449402,0.03836641073345192,1.3263084150187866e-05,0.04700171574950218,0.03446504361336193,1.0264641886105083e-05,0.041418708860874176,0.03264846744400168,9.644720690697481e-06,0.03945375978946686,0.03159995767332259,9.427103428157445e-06,0.03837134316563606,0.030907661402745853,9.296757449155586e-06,0.03761925548315048,0.030412899093732,9.194460168693947e-06,0.037051573395729065,0.030045865931444697,9.120799728228197e-06,0.03659114986658096,0.02976307754833547,9.066066312495392e-06,0.03628656268119812,0.029537808593539966,9.023315556948244e-06,0.036060772836208344,0.029354241366187733,8.986662451631978e-06,0.03587045893073082,0.029203187851678757,8.953113874536349e-06,0.03570881113409996,0.029078489199044214,8.922540430440584e-06,0.03557167947292328,0.028974983722917617,8.894862911198642e-06,0.035455070436000824,0.02888820290802017,8.86962957748417e-06,0.0353551059961319,0.028814491268897815,8.846664264865096e-06,0.03526844084262848,0.02875097149184772,8.826072340592584e-06,0.03519243001937866,0.028695469308230612,8.807931363714271e-06,0.03512506186962128,0.02864639845395845,8.79208750206265e-06,0.035064831376075745
617,1,block_output,Horizontal,1,0.5090459031718118,0.5168156538443239,3.1811463832855225,0.10070372018076125,0.00011250107752456706,0.12346059828996658,0.07884915267664289,2.2656625809033417e-05,0.09092153608798981,0.06831256927005828,1.0252701320885163e-05,0.07648486644029617,0.0619062338438299,6.238877895869486e-06,0.06783633679151535,0.05782538126148875,4.574781417237327e-06,0.06251095980405807,0.055142178717586726,3.8096157849086834e-06,0.059419192373752594,0.05329048054085837,3.419847276479575e-06,0.057314760982990265,0.05193692522626075,3.201012307560098e-06,0.055779218673706055,0.050892443943118294,3.0705667692821762e-06,0.05457580089569092,0.05005091700762037,2.9921028351546664e-06,0.05369335412979126,0.049352247563619465,2.946145289817491e-06,0.05300789326429367,0.04876140676557072,2.9211255712839788e-06,0.05243025720119476,0.04825634456106594,2.9102841455052694e-06,0.051938168704509735,0.04782156652164838,2.909637211135719e-06,0.0515141487121582,0.047445285592287306,2.9168765721291066e-06,0.05114506557583809,0.047118052130653745,2.930752060522896e-06,0.05082131177186966,0.04683187113158287,2.950540953010945e-06,0.050536248832941055,0.046579754364395896,2.975389604424215e-06,0.050285741686820984,0.046355634099907346,3.003644204437004e-06,0.0500672310590744
617,1,block_output,Gaussian,1,0.07945531902332155,0.001423323372668797,0.21894043684005737,0.03907422118243717,1.2632281142008967e-05,0.048246756196022034,0.034092724825891235,5.500821449396834e-06,0.03913537412881851,0.03214238241078362,4.796040179233563e-06,0.036964017897844315,0.03112535554146956,4.620604324503897e-06,0.036200955510139465,0.030502408802036255,4.567330566073263e-06,0.03563818708062172,0.03007424149721388,4.545541358316819e-06,0.0352187305688858,0.02976469893658918,4.536626942279694e-06,0.034894488751888275,0.029531351423689296,4.532928822071574e-06,0.034637946635484695,0.029349503920428337,4.531688281348977e-06,0.03442815691232681,0.029203879543476634,4.53144954775082e-06,0.03425142168998718,0.029084587203604833,4.5311504141945015e-06,0.03410020470619202,0.028984722459600085,4.529732654780287e-06,0.03397010266780853,0.02889922447502613,4.526265437010952e-06,0.03385818004608154,0.028824490450677417,4.520409496903333e-06,0.03376192972064018,0.028758117367350865,4.51251760755692e-06,0.03367888927459717,0.028698545481477464,4.503299158083552e-06,0.033606767654418945,0.028644702619030363,4.4934366129138955e-06,0.03354359418153763,0.028595770132683572,4.483420885499288e-06,0.03348776698112488,0.028551081372868447,4.47355522960971e-06,0.03343799337744713
617,2,block_output,Vertical,1,0.7537832499023468,1.2158713924318156,4.713798999786377,0.09169904053920791,0.00044912270696902015,0.13304150104522705,0.04879178603490194,5.5545406127156025e-05,0.0638921856880188,0.033854520037060694,1.3989875445831145e-05,0.04137665033340454,0.02766759433443584,8.298813249479783e-06,0.03395690768957138,0.02433635995146774,6.65904062957641e-06,0.03100840374827385,0.022161781551345947,5.825526182526262e-06,0.02883494272828102,0.020587925222657975,5.295912563403975e-06,0.027160998433828354,0.019382866631661142,4.92769607714122e-06,0.025839131325483322,0.01842505818912907,4.6579753539970806e-06,0.02477404847741127,0.017641921098979694,4.452761553186111e-06,0.02389950305223465,0.016987154881159466,4.2919071326785695e-06,0.02316848561167717,0.016429883649661428,4.162731980159143e-06,0.02254742756485939,0.015948730240029,4.0568862979912494e-06,0.02201220393180847,0.015528386059616293,3.968664701842695e-06,0.021545298397541046,0.01515756705628028,3.894064107244512e-06,0.02113378420472145,0.014827746188356764,3.830205040317773e-06,0.02076791599392891,0.014532342375743957,3.774966436553422e-06,0.02044019103050232,0.014266177657104674,3.7267605341716964e-06,0.02014472521841526,0.014025113279266017,3.684389300109875e-06,0.019876863807439804
617,2,block_output,Horizontal,1,0.12614153307818232,0.006571410206680843,0.553077220916748,0.041300250306015925,3.66680949105567e-05,0.05312775447964668,0.030710087083871403,4.628689827344935e-06,0.03487996384501457,0.027305171721511416,2.8809049737742135e-06,0.03126566857099533,0.025497522530338122,2.5040839743785e-06,0.029585637152194977,0.02435631582897807,2.344450632100427e-06,0.028489138931035995,0.023567440786531994,2.2557418333629535e-06,0.02772122249007225,0.0229929740289374,2.1978860775594944e-06,0.027167554944753647,0.022560953739143554,2.154604804964825e-06,0.02675006538629532,0.0222280075448373,2.12145782985711e-06,0.02642316371202469,0.021965758756749214,2.0959835702709775e-06,0.02616119384765625,0.021755214721437485,2.0764210329589313e-06,0.02594776824116707,0.02158335117357118,2.0613930063438874e-06,0.02577163837850094,0.021441123581358364,2.049728086198332e-06,0.025625012814998627,0.021322103512902108,2.040461554425544e-06,0.02550233155488968,0.021221535457741646,2.0328356043705242e-06,0.02539927326142788,0.02113578368037466,2.0262623784011634e-06,0.02531220205128193,0.021062027840387253,2.0203085500360826e-06,0.02523798868060112,0.020998067503410673,2.0146859659992166e-06,0.02517395094037056,0.02094218454190663,2.0092309488661354e-06,0.025117823854088783
617,2,block_output,Gaussian,1,0.23121778205746696,0.05492773196275666,1.2512927055358887,0.052362657669517726,9.166828369094135e-05,0.0729752629995346,0.034152835104910156,1.1232771861649152e-05,0.04156772047281265,0.02799145555094121,4.948103866575514e-06,0.032637231051921844,0.02478751726448536,3.6221582734982264e-06,0.028821244835853577,0.022709927447731534,3.0787425131923898e-06,0.026543205603957176,0.02123858933410947,2.783764514329247e-06,0.02513260953128338,0.020149226610859234,2.601967019122739e-06,0.024186449125409126,0.01931631775011146,2.481001146432595e-06,0.023459795862436295,0.018661991146112247,2.395711568927859e-06,0.022882234305143356,0.018135766602224775,2.3319789800515515e-06,0.02240847237408161,0.017704032272810026,2.281542817765022e-06,0.0220097117125988,0.01734395499622065,2.240286166374558e-06,0.021669233217835426,0.0170396196375054,2.2065861064689144e-06,0.0213770754635334,0.016779538790976243,2.1793838176753825e-06,0.021125253289937973,0.01655517468258502,2.157350671114069e-06,0.020906388759613037,0.016360062824946547,2.139169951518114e-06,0.020714228972792625,0.016189202784545838,2.1238721675903507e-06,0.02054392732679844,0.01603860180411074,2.1108940984787777e-06,0.020391948521137238,0.015904977030697324,2.0999707745856795e-06,0.020255859941244125
617,3,block_output,Vertical,1,0.3949962105779421,0.2581731124509952,2.3086721897125244,0.05644634094030138,0.00017240332973381445,0.08293987810611725,0.03166574112597912,1.7740329082841533e-05,0.04094438627362251,0.02322927306568812,6.341715048563499e-06,0.03010200522840023,0.018891046148917033,3.6150403951977125e-06,0.025420989841222763,0.016196218821855766,2.5547937996546838e-06,0.022234201431274414,0.014316742766707663,2.0208087070876604e-06,0.01993533968925476,0.012905199878982134,1.7093455842811036e-06,0.01819828525185585,0.011795672425438487,1.5103657104995234e-06,0.01683741807937622,0.01089720640863691,1.3749251267667353e-06,0.015739936381578445,0.010153841212510116,1.2781351005576606e-06,0.014834849163889885,0.009528450786121308,1.206191382730182e-06,0.014076264575123787,0.008995266402110694,1.1510672094214449e-06,0.013433621264994144,0.008535832284934937,1.1079859877406637e-06,0.012885305099189281,0.008136544517049241,1.0740390010456461e-06,0.012414844706654549,0.007787067657484422,1.0472954321712748e-06,0.012008918449282646,0.007479345374223258,1.0263307771753769e-06,0.011656621471047401,0.007206969266195619,1.0100112372594886e-06,0.011349044740200043,0.006964758038520813,9.97422833872679e-07,0.011078936979174614,0.006748465303745534,9.878126595116875e-07,0.010840347036719322
617,3,block_output,Horizontal,1,0.5403530231070897,0.6305617399855005,3.4747228622436523,0.0808537711226751,0.00021646458394480444,0.11550184339284897,0.046255118908390166,3.6853700496905417e-05,0.06039481610059738,0.03244388863326065,8.935568049103307e-06,0.03941013664007187,0.02619892769744472,4.0695126986986115e-06,0.03179585188627243,0.022613937596953106,2.705398468589986e-06,0.02760799415409565,0.020176741398043103,2.106386193393112e-06,0.02475670538842678,0.018371461432368036,1.7609043299485656e-06,0.02261289954185486,0.016968371804862742,1.5310109724635068e-06,0.02091812714934349,0.015842239283734842,1.3659805738535634e-06,0.01953866332769394,0.014916717045245663,1.2424246574632473e-06,0.01839306205511093,0.014141988644879016,1.1477463162681862e-06,0.01742759719491005,0.013483968785121328,1.0742733394635657e-06,0.016604695469141006,0.012918477744928427,1.0168420181496033e-06,0.015896808356046677,0.012427851986435671,9.716965340264027e-07,0.015282917767763138,0.01199884715652655,9.360051723814191e-07,0.014746664091944695,0.011621277528031477,9.076353141851413e-07,0.014275340363383293,0.011287116253423312,8.849913949830251e-07,0.01385905034840107,0.010989896080914944,8.668765939856626e-07,0.013489983044564724,0.010724333277533925,8.523691444046101e-07,0.013161754235625267
617,3,block_output,Gaussian,1,0.11014985990902734,0.01118684874169049,0.6824908256530762,0.03107741791459303,2.526528956110109e-05,0.04314722865819931,0.021319529899055997,4.326845192505513e-06,0.02653513476252556,0.017151490681701236,2.1603980705824835e-06,0.02077045664191246,0.014712335113140325,1.529583538151881e-06,0.017636049538850784,0.013083808227545686,1.2425143699219158e-06,0.015687737613916397,0.01192118480269398,1.088551320905721e-06,0.014321647584438324,0.011056954395912942,9.97836827007025e-07,0.013532422482967377,0.010395304861641119,9.377619114122997e-07,0.012910544872283936,0.009876837488263845,8.937677192755098e-07,0.012404055334627628,0.009463204292669183,8.604042247535438e-07,0.011987600475549698,0.009128232619592122,8.345363359539099e-07,0.011643948964774609,0.008853217993404657,8.136359745228401e-07,0.011359008029103279,0.008624575263451017,7.960242066257419e-07,0.011121708899736404,0.008432283945795562,7.808365606630883e-07,0.010923407040536404,0.008268898914730738,7.677776395584999e-07,0.010756983421742916,0.008128955509395354,7.567495379821257e-07,0.01061609759926796,0.008008503879878729,7.475127420923557e-07,0.010495249181985855,0.007904572419763084,7.396414641604249e-07,0.01039026863873005,0.007814738167715924,7.327087808272535e-07,0.010298281908035278
617,4,block_output,Vertical,1,0.10735227108474761,0.004713300784547807,0.36340418457984924,0.029033131720054717,2.9170360835082124e-05,0.04133683070540428,0.017911079650123913,5.348159708133963e-06,0.02313322015106678,0.012990526781077422,2.3281544452242463e-06,0.017082899808883667,0.010188133064066135,1.4500938181980106e-06,0.014282471500337124,0.008433179419842503,1.1020271315849583e-06,0.012426747940480709,0.007270798870613651,9.359939525072239e-07,0.011139772832393646,0.0064676085871363444,8.458423815451528e-07,0.010218937881290913,0.005893276656963049,7.91772772426248e-07,0.009544096887111664,0.00547112048500114,7.564941500240483e-07,0.0090387724339962,0.005153684296630441,7.314337258395008e-07,0.00865213107317686,0.00491037172087956,7.120576021462544e-07,0.0083499476313591,0.004720744625147846,6.963394807474417e-07,0.008109867572784424,0.004570798756229499,6.837103038385753e-07,0.007917368784546852,0.0044508284024362054,6.738074479361455e-07,0.007761949673295021,0.004354004785122853,6.65968089767928e-07,0.007635366637259722,0.004275367026113802,6.594893400035532e-07,0.007531225681304932,0.004211176027883849,6.538735135966303e-07,0.007444621995091438,0.004158516795123144,6.488998536836217e-07,0.007371816318482161,0.0041150557512920054,6.445834882917536e-07,0.007310063578188419
617,4,block_output,Horizontal,1,1.0914166361566573,2.4392825482440306,6.1757097244262695,0.10742024864469256,0.0004560318476259247,0.15024101734161377,0.0625658207942569,7.177518010171553e-05,0.08128662407398224,0.044793590903282166,1.87690958591866e-05,0.056486573070287704,0.036451843700238636,8.80329660530919e-06,0.04507861286401749,0.03139620262479025,5.683617121323539e-06,0.03833675757050514,0.027732212007755323,4.1357899126206084e-06,0.03352414816617966,0.024864137024869993,3.189286110920595e-06,0.02978556975722313,0.022539838261547544,2.560196761454443e-06,0.02688870206475258,0.02061714663628548,2.12317444407054e-06,0.024599745869636536,0.019002989230174867,1.8095683266478835e-06,0.022698011249303818,0.017631862268206618,1.5780314847025734e-06,0.021093906834721565,0.016455741687899546,1.4024949784290975e-06,0.01972481608390808,0.01543843514093804,1.2661250006619767e-06,0.018606895580887794,0.01455208325078563,1.1578744138210515e-06,0.017707882449030876,0.013774855269326104,1.0703658286564625e-06,0.016909681260585785,0.01308938359753007,9.985742137847652e-07,0.016198832541704178,0.012481666820508146,9.389768353572875e-07,0.0155640859156847,0.011940291875766383,8.890272401188248e-07,0.014995766803622246,0.011455866951672803,8.468171691524506e-07,0.014485394582152367
617,4,block_output,Gaussian,1,0.7157760290872484,1.3057064762540525,4.753223896026611,0.07084151327846543,0.00016257570775873745,0.09919875860214233,0.0457286581042267,3.085683104688354e-05,0.05817144364118576,0.034558747052436785,9.749424864515566e-06,0.042189642786979675,0.028391830593584074,4.811439554632675e-06,0.033758580684661865,0.02435627860564088,3.119932256173099e-06,0.028477482497692108,0.021432505181384464,2.334149903610528e-06,0.02478211745619774,0.01918564476664104,1.8890236905373143e-06,0.022161535918712616,0.017394481714637505,1.6052301269970767e-06,0.02017851173877716,0.01593055267123476,1.409898559033227e-06,0.01856572926044464,0.014712003325777394,1.2672846637263118e-06,0.017225340008735657,0.013683142332685373,1.1578763651527714e-06,0.016092397272586823,0.012804289865824912,1.0704607418730876e-06,0.01512142363935709,0.01204625644262821,9.983680969550844e-07,0.014392048120498657,0.011387059051129553,9.374929920348547e-07,0.01377939060330391,0.010809816523558564,8.852119452245634e-07,0.013232879340648651,0.01030133513822442,8.397638679951296e-07,0.012742502614855766,0.009851125335054738,7.998912924342303e-07,0.0123000368475914,0.009450715966522694,7.646306629205754e-07,0.011898658238351345,0.009093183284950635,7.332110577798115e-07,0.011532768607139587
617,final,proj_out,Vertical,1,0.15854768242154801,0.004277873203328834,0.31889697909355164,0.08194815343807614,3.066013557347372e-05,0.0945068895816803,0.07091399607440782,2.2234330204442654e-05,0.08266645669937134,0.06331083911751943,2.123121662591194e-05,0.07493682205677032,0.05722857881633062,2.0532435054047444e-05,0.06900390982627869,0.052261993111599056,1.9796660845956237e-05,0.06416619569063187,0.04816944625169512,1.9018425794332704e-05,0.06013268232345581,0.04477402686126648,1.8225031060530198e-05,0.056729190051555634,0.04194127650014938,1.7443023947041062e-05,0.053833551704883575,0.039566155818719716,1.6690425706712057e-05,0.05135301128029823,0.03756482609444194,1.597728801555342e-05,0.04921429231762886,0.03586953378740757,1.5308351782745915e-05,0.047358445823192596,0.03442528166822971,1.4685204445182879e-05,0.04573773965239525,0.03318742000394397,1.4107662543920692e-05,0.04431353881955147,0.032119762743749315,1.357450919003546e-05,0.04305460304021835,0.03119303324511127,1.3083877507701597e-05,0.04193563759326935,0.03038356414744778,1.2633509623753368e-05,0.04093615338206291,0.02967221215958633,1.2220865601547906e-05,0.04003942757844925,0.029043462748328846,1.1843294653830574e-05,0.03923174738883972,0.028484701430277218,1.1498092995230485e-05,0.03850174695253372
617,final,proj_out,Horizontal,1,0.18264600291611657,0.0056374208475236,0.3592923879623413,0.09423091510931651,1.439813173137549e-05,0.10242755711078644,0.08556803694320103,5.5983979883060656e-06,0.09058301150798798,0.0792303956926815,4.458763255726009e-06,0.08409763127565384,0.07381406804871937,3.87102953811168e-06,0.07867170870304108,0.06915561133433902,3.585929537139397e-06,0.07398093491792679,0.06514798897126364,3.4978888187622067e-06,0.06993267685174942,0.061698533298950343,3.5274527350485204e-06,0.06644292920827866,0.05872651958276355,3.6207082723997024e-06,0.06343530863523483,0.05616203051001307,3.7438084588361782e-06,0.06084204465150833,0.05394479058801182,3.876437822137034e-06,0.05860345810651779,0.05202311833226492,4.006954886248019e-06,0.056667450815439224,0.050352932914854986,4.129121173820462e-06,0.05498899519443512,0.04889680474760041,4.240010667764134e-06,0.05352955311536789,0.047623038055404784,4.338671825308848e-06,0.05225640535354614,0.046504837475598804,4.42526762223094e-06,0.0511418879032135,0.045519564005117565,4.500555983800013e-06,0.05016268789768219,0.04464809088006852,4.565564904842198e-06,0.049299150705337524,0.04387425105013545,4.62141278374316e-06,0.04853471368551254,0.04318436761460607,4.669191604126058e-06,0.04785539209842682
617,final,proj_out,Gaussian,1,0.11117313577542229,0.002427367442911349,0.24049322307109833,0.05512262537838921,1.4957933754835232e-05,0.06248149648308754,0.047573593932957875,8.816656949815396e-06,0.05317073315382004,0.042744246326268664,7.428115877956928e-06,0.04802302271127701,0.039104558350074856,6.599051732375617e-06,0.0439148023724556,0.03627285278505749,6.053475620820834e-06,0.04127351567149162,0.034038761128035805,5.684108070924655e-06,0.03913708031177521,0.0322567332417719,5.428597916949658e-06,0.03738553822040558,0.03082012107211446,5.247335820361145e-06,0.03594040125608444,0.029649646834485115,5.114601720901001e-06,0.03474069759249687,0.02868599166709279,5.013798150279571e-06,0.033738233149051666,0.02788447467462411,4.934258882281019e-06,0.03289461135864258,0.027211197903231968,4.869123551996097e-06,0.032179154455661774,0.026640254708509597,4.813944879905828e-06,0.031567368656396866,0.02615170089143609,4.7658098862764655e-06,0.03103967383503914,0.02573007389548279,4.722795850808496e-06,0.030580464750528336,0.025363294378159536,4.683616919353986e-06,0.030177315697073936,0.02504185711344083,4.6474126094166895e-06,0.029820330440998077,0.024758221433749273,4.613601817370315e-06,0.029501639306545258,0.024506355325380962,4.581787581522681e-06,0.02921496517956257
562,initial,patch_embed,Vertical,1,0.2393396602027,0.10058329445188381,1.5724754333496094,0.08607986604883558,6.891266246717719e-06,0.09166103601455688,0.08607578644203762,7.996274363584068e-06,0.09193000197410583,0.08643589984802973,9.658771984290495e-06,0.09259159862995148,0.08659783892688297,1.0020497470627406e-05,0.092860147356987,0.08655684110191134,9.433346045616423e-06,0.09256678074598312,0.08653731585022002,9.143200976542636e-06,0.09235452115535736,0.08655903630313419,9.016308740583253e-06,0.0924658328294754,0.0866075660737734,9.032097225393991e-06,0.09340471029281616,0.08666150047192497,9.123793857957333e-06,0.09414918720722198,0.08670495864417818,9.237277379139231e-06,0.09468938410282135,0.08673543755024199,9.352492747361475e-06,0.09504779428243637,0.08675754519682082,9.469362637584097e-06,0.0952729731798172,0.08677573904158577,9.587906232861427e-06,0.0954088568687439,0.08679247955008158,9.70451256321977e-06,0.09548680484294891,0.08680886621513063,9.81508279820452e-06,0.09552904963493347,0.08682533909404089,9.91706708520015e-06,0.09555159509181976,0.08684201089162676,1.0009684617743937e-05,0.09556570649147034,0.08685882933556087,1.009340662070334e-05,0.09557846933603287,0.08687563429749201,1.0169180183358384e-05,0.0955936461687088
562,initial,patch_embed,Horizontal,1,0.280206000875859,0.15273894581567926,1.896834135055542,0.09019770556026036,8.112560704957243e-07,0.09226212650537491,0.08926532370230508,2.1098166798085395e-07,0.09027949720621109,0.08920264350516456,2.968480787491092e-07,0.09138842672109604,0.08927688688512832,4.6118011165373774e-07,0.09226799756288528,0.08929972906434347,5.544048717692643e-07,0.09204141795635223,0.08931038918949309,5.780156967820023e-07,0.09178553521633148,0.08933656414349873,5.672633583534618e-07,0.09170418977737427,0.08939587821563084,5.701297806240799e-07,0.0915217399597168,0.08945601823784056,5.870704674031306e-07,0.0912737101316452,0.08948750841239142,5.975167914770011e-07,0.0914740264415741,0.08949459663459233,5.947812365600941e-07,0.09151127189397812,0.08949894883802959,5.928419666972343e-07,0.0914364606142044,0.08950842538523296,5.981144892219141e-07,0.0914817601442337,0.08952355171952929,6.088247920297884e-07,0.0916082113981247,0.08954173515713404,6.187628226126295e-07,0.09169839322566986,0.08955784508633235,6.214417505631859e-07,0.09173327684402466,0.08956854518443819,6.155521066079834e-07,0.09174124896526337,0.08957508608462318,6.061732236705464e-07,0.0917435735464096,0.08958128792425943,6.002096423064485e-07,0.09175174683332443
562,initial,patch_embed,Gaussian,1,0.4585461353971845,0.5320391980139786,3.5424604415893555,0.06440581730197346,2.6872530304760395e-06,0.0678686574101448,0.06406981432958254,2.8666712022601932e-06,0.06843791902065277,0.06418585795022193,3.557131150393796e-06,0.06993870437145233,0.0642702163211883,3.74255257937329e-06,0.07043392211198807,0.06435485639505917,3.8417067073211854e-06,0.0709078311920166,0.06451089000181547,4.220734416247736e-06,0.07154151797294617,0.06462228516974146,4.404697739713909e-06,0.07149465382099152,0.06463571099771394,4.2517196151359894e-06,0.07090841233730316,0.06459654767125372,3.997445375962684e-06,0.07040664553642273,0.06456977838561648,3.8357075913206e-06,0.07025883346796036,0.06458021434290069,3.7985933811708495e-06,0.0703388899564743,0.06462588994985535,3.8602544192352635e-06,0.07046039402484894,0.06469522280588982,3.978782140109146e-06,0.07046006619930267,0.06477506766243586,4.1008822734620255e-06,0.07025798410177231,0.06485839602020052,4.19117748713742e-06,0.06999372690916061,0.0649490708869601,4.260486033569331e-06,0.07021080702543259,0.06505551135965756,4.348147102272677e-06,0.07036762684583664,0.0651801543103324,4.482147733355532e-06,0.07050696015357971,0.06531736715918496,4.664595533866266e-06,0.07063043117523193
562,0,block_output,Vertical,1,0.17607966597591126,0.01662110248000508,0.934779942035675,0.07990207440323299,6.090524271355314e-05,0.10106615722179413,0.06914367674598618,2.5008869219353343e-05,0.0824255421757698,0.06515136857827504,2.0372534158653796e-05,0.07688157260417938,0.06330411153889838,1.9174778262337154e-05,0.07423295825719833,0.062322786403080775,1.8726922232070302e-05,0.07278591394424438,0.06171831133819762,1.8560480326173118e-05,0.07189387083053589,0.06129761353608162,1.853198455203631e-05,0.07126769423484802,0.06097872472471661,1.8547467656934252e-05,0.07077193260192871,0.06072217568991676,1.8558544455276498e-05,0.07035167515277863,0.06050757141340347,1.855864626386432e-05,0.07001002132892609,0.06032402405426616,1.8561955867392e-05,0.06984756141901016,0.060165475403505655,1.8575375610650792e-05,0.0697219967842102,0.06002695959002253,1.8591626044477274e-05,0.06962864100933075,0.059904439108712335,1.8604083889108164e-05,0.06955771148204803,0.059795212532792776,1.861096639922296e-05,0.06950508058071136,0.05969723852144347,1.8612207884848872e-05,0.06946907937526703,0.05960870546007913,1.8607952407703684e-05,0.06944628059864044,0.059528132397977135,1.8599330412224707e-05,0.06943120807409286,0.0594547095279845,1.8589018311891707e-05,0.06941989809274673
562,0,block_output,Horizontal,1,0.25983312477668125,0.08141302909345255,1.5479073524475098,0.09846279604567422,5.037018247345664e-05,0.11431945860385895,0.08508228463312936,7.0913725263883376e-06,0.09122556447982788,0.07908786478496733,2.4481588523663264e-06,0.08272925764322281,0.07592477034481745,1.2353106370494464e-06,0.07868662476539612,0.07428448375255342,9.258668355350455e-07,0.07669416069984436,0.07342568122678333,8.686325579687117e-07,0.07568778097629547,0.07294493996434742,8.740824425599438e-07,0.07514207810163498,0.07264197050105958,8.927726827102125e-07,0.07480479031801224,0.07242513199647267,9.127979421666653e-07,0.07457096874713898,0.07225530180666181,9.325808850444846e-07,0.07439740747213364,0.07211523219233468,9.528048593204308e-07,0.07426460087299347,0.07199625860130976,9.739851094641965e-07,0.0741623044013977,0.07189328554603788,9.958813932358898e-07,0.07408341020345688,0.07180297623078029,1.017803771526391e-06,0.07402215898036957,0.07172299602202006,1.0392318461122082e-06,0.0739738941192627,0.07165158019652443,1.0599913302085396e-06,0.07393525540828705,0.07158731361703267,1.0800319549361536e-06,0.07390400767326355,0.07152905208723885,1.0992747383156166e-06,0.07387872040271759,0.07147586570372658,1.1176164366094409e-06,0.07385783642530441
562,0,block_output,Gaussian,1,0.23096395118368995,0.07409936632989808,1.4918595552444458,0.06762987333867285,5.8769944815602314e-05,0.08779419958591461,0.05563952223885627,7.745359881951697e-06,0.062140822410583496,0.052147695587741,5.051919686591961e-06,0.056882068514823914,0.05062324216678029,4.922603119824916e-06,0.05538559705018997,0.049739828126298055,5.057156370608715e-06,0.054576579481363297,0.04913233202837762,5.218290383377541e-06,0.054062098264694214,0.04867384381710537,5.366615634175431e-06,0.053692013025283813,0.04831034956233842,5.496003710358384e-06,0.053401120007038116,0.04801369866444951,5.608311097676575e-06,0.05316021665930748,0.04776646941900253,5.707144300363403e-06,0.05295456573367119,0.04755655469165908,5.795666611306418e-06,0.05277849733829498,0.04737514665439015,5.876098985038191e-06,0.05264788120985031,0.0472160814300416,5.949778891375873e-06,0.05253347381949425,0.0470754440341677,6.017614135586625e-06,0.05243115499615669,0.04695076684630106,6.080447537160733e-06,0.052339568734169006,0.0468400911324554,6.13896649282457e-06,0.05225954204797745,0.04674154573253223,6.193239950199874e-06,0.05219230800867081,0.04665332671905321,6.2429617798693545e-06,0.052139006555080414,0.0465737067399517,6.288152007599937e-06,0.05210039019584656
562,1,block_output,Vertical,1,0.2632622855996329,0.09582905771916662,1.5748798847198486,0.07453151354714045,0.00011956586224795936,0.09857160598039627,0.052512121046819384,2.8984975249440794e-05,0.06775075197219849,0.04298632112996919,1.7030797805669934e-05,0.05423232167959213,0.038024378496976124,1.3376274295804639e-05,0.046958960592746735,0.03517308612428014,1.1775943253752856e-05,0.043044768273830414,0.03340281498810602,1.0944149893466079e-05,0.04081948846578598,0.032225410261797524,1.0463929123373773e-05,0.03932502865791321,0.03139478009608057,1.0162482353242011e-05,0.03827473521232605,0.030779076947106257,9.957754657920415e-06,0.0375017486512661,0.03030375950038433,9.80923325727566e-06,0.03690781444311142,0.029924895673517197,9.697695786627584e-06,0.036434777081012726,0.029615530300708043,9.614399188006523e-06,0.03604879602789879,0.029358185916429476,9.554024641939134e-06,0.03583385422825813,0.02914085499350987,9.51139855791917e-06,0.035675086081027985,0.028954970458197216,9.481980667053693e-06,0.035534635186195374,0.02879419627170714,9.462871331465147e-06,0.03541015833616257,0.028653614016042814,9.452398667077056e-06,0.03530057519674301,0.028529203541222074,9.449137959373628e-06,0.03520508110523224,0.028417516795415727,9.451119915529405e-06,0.03512221574783325
562,1,block_output,Horizontal,1,0.501924865066059,0.43819407032848756,3.138021230697632,0.10435030254579726,0.0001707075305531031,0.14271755516529083,0.07949482791480564,2.9915276808053588e-05,0.09360206872224808,0.06802152901414842,1.0725074129022465e-05,0.07700629532337189,0.061377848956793074,5.987180086379514e-06,0.06794340163469315,0.05719142478136789,4.227500043763772e-06,0.06214742735028267,0.05444494563908804,3.479257021974863e-06,0.058653365820646286,0.052558692674788215,3.1461473259449536e-06,0.05649719387292862,0.0511893013876582,2.9886760807231395e-06,0.05490002781152725,0.05013992335824739,2.9099157997933134e-06,0.05375975742936134,0.04929921267524598,2.8707192605512184e-06,0.05290200188755989,0.04860363675961419,2.8560305468117247e-06,0.05219430848956108,0.04801533022333705,2.8588747549701055e-06,0.0516098290681839,0.04750983653560517,2.874037849034157e-06,0.05119391530752182,0.0470703850308108,2.897428463790053e-06,0.050837673246860504,0.04668514856270382,2.9262386550027607e-06,0.05053218454122543,0.04634547872202737,2.9586022395172577e-06,0.05026978626847267,0.046044721785518855,2.9931688676488254e-06,0.05004370957612991,0.04577752397883506,3.0287533091484002e-06,0.0498475544154644,0.04553944676641434,3.064208807162721e-06,0.049675337970256805
562,1,block_output,Gaussian,1,0.12378601889525141,0.009769928245551403,0.6523281335830688,0.047528629146871115,2.9389672566349963e-05,0.059838615357875824,0.038506771423040875,8.540680786335142e-06,0.044365860521793365,0.03479683555899158,5.792901696657782e-06,0.0395817756652832,0.03285739819208781,4.938385313124187e-06,0.037116728723049164,0.03168731945611182,4.603763330353661e-06,0.035904087126255035,0.030906303238774104,4.451233998229654e-06,0.035177357494831085,0.03034962397364397,4.372634890881953e-06,0.034770675003528595,0.029932738858319465,4.335899965228469e-06,0.03446362912654877,0.02960726890772108,4.322743807400628e-06,0.03422333300113678,0.029344507360032628,4.323855920427617e-06,0.03403308242559433,0.029126788179079693,4.3344195996069525e-06,0.03388065844774246,0.028943582038794245,4.3497168924539e-06,0.03375323489308357,0.02878811503095286,4.3656577202829695e-06,0.03363978490233421,0.028654980783661205,4.379153201104372e-06,0.033532559871673584,0.028539629682661997,4.388213773739625e-06,0.03342732787132263,0.028438200967179403,4.392505386278363e-06,0.03332407400012016,0.028347464307906137,4.393311995453469e-06,0.033226363360881805,0.028265066681400178,4.392691648561558e-06,0.0331384502351284,0.028189776080941396,4.392246596677837e-06,0.03306196630001068
562,2,block_output,Vertical,1,0.2823686453085097,0.13848186486253483,1.779651165008545,0.05348908652861913,0.00011959697691298747,0.07898572832345963,0.031918803318625406,1.708896921664194e-05,0.04419461265206337,0.024465367818872135,7.189737533756328e-06,0.0320897214114666,0.02099581834461008,5.310982976282248e-06,0.02685646526515484,0.01894147453149633,4.686274641792761e-06,0.024514202028512955,0.017549365078882564,4.387823726229855e-06,0.02325904555618763,0.016526034826205835,4.205610730204532e-06,0.022289671003818512,0.01573136369032519,4.077011571062209e-06,0.02151663601398468,0.01509148973439421,3.979163773195874e-06,0.020886782556772232,0.014563821315292328,3.902344258682697e-06,0.020365221425890923,0.014121180695910302,3.841387935362171e-06,0.01992686465382576,0.01374488016442647,3.7926192649127444e-06,0.019553229212760925,0.013421481652628808,3.7531747600430693e-06,0.019230565056204796,0.013140996474595297,3.720862661961693e-06,0.018948528915643692,0.012895798088894003,3.694060615136901e-06,0.01869926229119301,0.01267994162700479,3.6715893650491177e-06,0.01847681775689125,0.012488725905617079,3.6525834463911656e-06,0.018276754766702652,0.012318399246959459,3.63634867343771e-06,0.018095767125487328,0.012165945008515365,3.622234931070642e-06,0.017931310459971428
562,2,block_output,Horizontal,1,0.17131111439731386,0.016874816740213003,0.773876428604126,0.05668500781295791,9.473785160669662e-05,0.07490508258342743,0.037162344695793256,1.2281717142993601e-05,0.0445857048034668,0.0305323548733242,4.350798817447249e-06,0.03557046875357628,0.027563985851075914,3.058851408056547e-06,0.0312994159758091,0.025866822768298405,2.7027202544030297e-06,0.029966255649924278,0.024733301754745227,2.5370917583898065e-06,0.029032832011580467,0.02391236334566086,2.4326602837348193e-06,0.02831411547958851,0.02328966126318962,2.358187853555146e-06,0.027728062123060226,0.02280271721501199,2.303040098047654e-06,0.02724418044090271,0.022412593254730814,2.2608533449803347e-06,0.026841478422284126,0.0220936985597724,2.227596639817254e-06,0.026501551270484924,0.021828654414368053,2.2007888123268453e-06,0.02620997652411461,0.02160531820522414,2.179003332194732e-06,0.025956839323043823,0.021415090513607814,2.16142715994204e-06,0.025736454874277115,0.021251745226364287,2.14737702296398e-06,0.025545118376612663,0.02111051482931962,2.1361221869354352e-06,0.02537897229194641,0.020987601655106696,2.1270028640426053e-06,0.025234000757336617,0.02087996734513177,2.1195296029507337e-06,0.025106819346547127,0.020785156607864393,2.113431852876501e-06,0.02499496564269066
562,2,block_output,Gaussian,1,0.0998796812362141,0.004178546537143948,0.3716253638267517,0.03180996018151442,2.0669520589484496e-05,0.044802598655223846,0.023939851109707165,4.05872668990873e-06,0.030125591903924942,0.02093622460961342,2.7359722063775344e-06,0.025451820343732834,0.019249963914118116,2.3732748541375152e-06,0.02362063154578209,0.0181573766564566,2.234017546434344e-06,0.02258390374481678,0.017398330131693493,2.161843110194568e-06,0.02185913547873497,0.01684228895557305,2.120688665521617e-06,0.021320872008800507,0.016419773714409933,2.093704567707647e-06,0.02090424671769142,0.016090301087214834,2.0735242596763708e-06,0.020571891218423843,0.01582790081877084,2.0585018334695837e-06,0.020302273333072662,0.0156152087692467,2.0483340050500024e-06,0.02008134126663208,0.015440232238717495,2.042745097484491e-06,0.01989927515387535,0.015294445013361318,2.0412344395715737e-06,0.019748907536268234,0.015171734350068229,2.042809160924144e-06,0.019624050706624985,0.01506768059103735,2.0460538207604454e-06,0.019518708810210228,0.014979000025916667,2.0496502734827084e-06,0.019427672028541565,0.014903153928499373,2.052864951820745e-06,0.019347358494997025,0.014838100972747991,2.0555521137048933e-06,0.019275762140750885,0.014782147541169136,2.057868100801062e-06,0.019211839884519577
562,3,block_output,Vertical,1,0.9346198555496004,1.8442866763088854,5.541851043701172,0.09247156155724374,0.0003712259553659216,0.1359751969575882,0.049944680065862716,4.9783886609620696e-05,0.06887173652648926,0.034214422668492984,1.0194098639671534e-05,0.04311193898320198,0.027189550921320915,4.743978584841752e-06,0.032632581889629364,0.023107310993567345,3.2946090472260935e-06,0.028552820906043053,0.020302848742594793,2.645082904722336e-06,0.025635046884417534,0.018191850345049585,2.2709931579672727e-06,0.023384597152471542,0.016520169016624255,2.0253843257407755e-06,0.021572375670075417,0.01515657262551406,1.8490686590943651e-06,0.020075056701898575,0.014022414705583028,1.713995394442293e-06,0.018816977739334106,0.013065040081975952,1.6061937072351117e-06,0.01774686761200428,0.012246823795731105,1.5182295745887187e-06,0.016827542334794998,0.011539932990831041,1.4456088524497591e-06,0.01603085547685623,0.010923344198436965,1.3852520566289487e-06,0.015334999188780785,0.010380943231875933,1.3348478556147775e-06,0.014722825959324837,0.009900231313492571,1.2925802973787462e-06,0.014180740341544151,0.009471402089628909,1.2569887781583775e-06,0.01369788683950901,0.009086675321062406,1.2268818746710114e-06,0.013265527784824371,0.008739804398150199,1.201285841956484e-06,0.012876567430794239
562,3,block_output,Horizontal,1,0.25995395912064445,0.09739429551363232,1.51545250415802,0.05693895269244436,0.00015255632289498588,0.08139815926551819,0.03191473264069784,1.4010117765906129e-05,0.03972412645816803,0.023988532405050975,3.841494948504401e-06,0.0282549187541008,0.02016279704514004,2.288212578878832e-06,0.023768143728375435,0.017704773812539994,1.720905719179482e-06,0.020903367549180984,0.015959137385444983,1.4328522745797455e-06,0.01888694241642952,0.014656707570548095,1.268874452112782e-06,0.017398476600646973,0.013650644821898332,1.169339352159192e-06,0.016264598816633224,0.012851876162347339,1.105164510735408e-06,0.015378477051854134,0.012203281567919822,1.0614389298650104e-06,0.014669487252831459,0.011666939549502871,1.0304374339265008e-06,0.014090205542743206,0.011216828200433935,1.00785952758274e-06,0.013608265668153763,0.010834477383584257,9.910381166028313e-07,0.01320093497633934,0.010506370991823218,9.78147758257385e-07,0.012851869687438011,0.010222374801597899,9.678864311232358e-07,0.012549213133752346,0.009974753691090478,9.593670661531154e-07,0.012284385040402412,0.009757524526249322,9.520755767973819e-07,0.01205110177397728,0.00956599386261096,9.457784246126136e-07,0.011844531632959843,0.009396416807754172,9.403925214300268e-07,0.011660756543278694
562,3,block_output,Gaussian,1,0.28319611341234235,0.1767214040949956,2.145470142364502,0.04829530308525714,8.310529472713465e-05,0.07112664729356766,0.03122072084437287,1.1401262061027534e-05,0.039779625833034515,0.024671116932517008,4.292762752907605e-06,0.02974001131951809,0.020896625187661912,2.5310374200493123e-06,0.024669870734214783,0.01833897867491321,1.825871957899472e-06,0.021386200562119484,0.016474807176679845,1.4624690191610793e-06,0.019039075821638107,0.015054165873499144,1.2446936249203954e-06,0.017500728368759155,0.013937090493975178,1.1009495223054064e-06,0.01629873365163803,0.013037599697117768,9.997022633313641e-07,0.015317488461732864,0.012299711121216653,9.252789196116951e-07,0.014586877077817917,0.011685454508378393,8.691761097027188e-07,0.014009138569235802,0.011168097648473959,8.262795956850432e-07,0.01351797953248024,0.010728134625842647,7.931483299103438e-07,0.013097329996526241,0.01035090485617282,7.67331318512531e-07,0.01273428276181221,0.010025158007111814,7.470749752983564e-07,0.012418747879564762,0.009742111780695499,7.311162379911771e-07,0.012142793275415897,0.009494810557318113,7.185294241539626e-07,0.011899984441697598,0.009277670599874995,7.086134120669942e-07,0.011684931814670563,0.009086158303987412,7.008166941832873e-07,0.011493043974041939
562,4,block_output,Vertical,1,0.5995943429214614,0.8289212222324533,4.112199783325195,0.06580277526425937,0.00015273732578970783,0.09217873215675354,0.04164203043494906,2.5756248354508144e-05,0.05528050661087036,0.031531973017586604,1.0991626464001927e-05,0.04048871248960495,0.025648660336931545,6.547252010733314e-06,0.03256206214427948,0.02171115872878877,4.519153990749792e-06,0.027424436062574387,0.01885694501891969,3.3761962869583113e-06,0.023726938292384148,0.016682180768204113,2.660521624848679e-06,0.020921170711517334,0.014967464708856173,2.1849503473520754e-06,0.018731210380792618,0.013579748748313813,1.8552445371299983e-06,0.017264101654291153,0.012432867528072425,1.6184592977326923e-06,0.01606125198304653,0.01146883884119609,1.4430598133704145e-06,0.01504167728126049,0.010647522389060922,1.3095256070347116e-06,0.014168931171298027,0.00994035450830346,1.205383425014265e-06,0.013415588065981865,0.009326411728998498,1.1224423365521461e-06,0.012760762125253677,0.00878990843655571,1.0552116394593e-06,0.01218830980360508,0.008318602203554104,9.9996473683462e-07,0.01168559305369854,0.007902760945615313,9.541358704396256e-07,0.011242495849728584,0.007534492797853928,9.159319063060839e-07,0.010850725695490837,0.0072072868250192155,8.840392078313673e-07,0.010503293946385384
562,4,block_output,Horizontal,1,0.13683297674334238,0.008422992611032914,0.6445379257202148,0.03715828232585438,5.701036537708343e-05,0.05445890128612518,0.023356829695994893,6.709091076709342e-06,0.03017244301736355,0.01765770750445506,2.6724438542861558e-06,0.02257450297474861,0.014369195001938987,1.5976541773034435e-06,0.0183740071952343,0.012252027094955481,1.1804578064579437e-06,0.015688961371779442,0.010805781590678389,9.815781585942148e-07,0.01387224905192852,0.0097767769965151,8.714633571790295e-07,0.012600647285580635,0.00901985117456033,8.020611659396151e-07,0.011747468262910843,0.00844784669341549,7.54252800418643e-07,0.011171478778123856,0.008006032837170458,7.193394245315247e-07,0.010720028541982174,0.007658368767431331,6.926410207041338e-07,0.01035706140100956,0.007380407636186906,6.714313943832953e-07,0.01005873829126358,0.007155365184954707,6.541366987876413e-07,0.009811457246541977,0.006971446013758107,6.398139650808883e-07,0.00960632599890232,0.006819929691061141,6.277678073831542e-07,0.009435577318072319,0.006694096451004346,6.174070763856175e-07,0.009292139671742916,0.006588683012754671,6.082608775376514e-07,0.009169870056211948,0.006499566566494722,6.000508515124827e-07,0.009063970297574997,0.00642357606233822,5.927324679520657e-07,0.008971410803496838
562,4,block_output,Gaussian,1,0.13927436472168045,0.015732505958447503,0.7275609970092773,0.03840860207047728,4.049373582019717e-05,0.05266594514250755,0.02530622077248399,7.576909502197589e-06,0.03291004151105881,0.019147688434237524,3.105596725052294e-06,0.023982029408216476,0.015504993601805635,1.7122191382516934e-06,0.01859825849533081,0.01314887809493239,1.1296998469095512e-06,0.015800869092345238,0.011529902232781289,8.495271270913635e-07,0.013863488100469112,0.010362314829041087,6.971377203001087e-07,0.01244810689240694,0.009487237308233504,6.067707405680328e-07,0.011375228874385357,0.008811347881361606,5.498868586005138e-07,0.01053993683308363,0.008277337724668167,5.125277667428669e-07,0.009875759482383728,0.007848280585474439,4.872726040810228e-07,0.009417220950126648,0.007499050851615649,4.6980457142020934e-07,0.009118536487221718,0.007211725027965648,4.5735931882341547e-07,0.00887001771479845,0.006973038294485637,4.4807501572009584e-07,0.008659443818032742,0.006772881639855248,4.407440237488824e-07,0.008478556759655476,0.006603448518684932,4.3473109279690725e-07,0.00832257978618145,0.0064588006630185105,4.2982178785210407e-07,0.008189095184206963,0.006334566681217107,4.259195456406601e-07,0.00807623378932476,0.006227531455575474,4.22820944968191e-07,0.007981434464454651
562,final,proj_out,Vertical,1,0.18489494127413583,0.005547562168294274,0.3557250201702118,0.08565833277645565,4.577797162191928e-05,0.10352671891450882,0.07225094380832854,2.2315430404000813e-05,0.08536279201507568,0.06434122378390933,2.0656164819340993e-05,0.07633589208126068,0.058120365535456034,1.9814306599362815e-05,0.06976684927940369,0.05306056697690298,1.9047977097398077e-05,0.06456912308931351,0.048903927502651066,1.827296493738097e-05,0.06032279133796692,0.045465535232945095,1.7493442017797767e-05,0.056795910000801086,0.04260482266545296,1.6730935826071472e-05,0.053835101425647736,0.040212297309485695,1.6003133072490434e-05,0.051328130066394806,0.03820119603049187,1.5320054616140355e-05,0.049188777804374695,0.036502029717205065,1.468575735778463e-05,0.047349512577056885,0.03505880193459609,1.4100678195077172e-05,0.045756995677948,0.0338262113786879,1.3563312937307234e-05,0.044368863105773926,0.03276751515647722,1.307120606209901e-05,0.043151307851076126,0.031852850158299716,1.2621475778262984e-05,0.04207717627286911,0.031057913063300982,1.2211087443809657e-05,0.041124507784843445,0.030362890678502265,1.1837009302355265e-05,0.040275439620018005,0.029751610838704638,1.1496283424797998e-05,0.03951532393693924,0.02921084947292767,1.1186065606719961e-05,0.038832031190395355
562,final,proj_out,Horizontal,1,0.1765842285184633,0.004197282511121653,0.330113023519516,0.09378014351167376,1.6811107385995613e-05,0.10301321744918823,0.084432461905101,5.221373862660383e-06,0.0900760143995285,0.07802864093156088,4.045062634294213e-06,0.08263622969388962,0.07268690909185106,3.537110314924689e-06,0.07659071683883667,0.06817201879762468,3.3284446128964842e-06,0.071573406457901,0.06433509225173602,3.2792935798460692e-06,0.06780771911144257,0.061062960929813836,3.314003778118197e-06,0.06461214274168015,0.05826491158869532,3.3907100498236014e-06,0.061885617673397064,0.05586597831949355,3.4862142480582155e-06,0.05955067649483681,0.05380333563874638,3.587658679889457e-06,0.057544998824596405,0.052024114167406446,3.687962325216378e-06,0.05581706762313843,0.05048383506281035,3.7833270961851316e-06,0.05432376265525818,0.049145147854846624,3.871837090510109e-06,0.05302886292338371,0.04797675105787459,3.9526759424849014e-06,0.051901914179325104,0.04695245836462293,4.0256676827617805e-06,0.05091732740402222,0.046050383458061825,4.090993676876839e-06,0.050053611397743225,0.045252244209959394,4.14904746819909e-06,0.04929271712899208,0.044542763382196426,4.200343211958031e-06,0.048619478940963745,0.04390916707260268,4.245439816547733e-06,0.04802118241786957
562,final,proj_out,Gaussian,1,0.10053175616832007,0.0017732113488695446,0.21827971935272217,0.0539111267361376,1.2040628763207534e-05,0.06211310625076294,0.04669185562266244,7.1758956983125175e-06,0.05164794623851776,0.042005579859491375,6.132493604426913e-06,0.04638642072677612,0.03854709295999436,5.646189395713141e-06,0.042721591889858246,0.03589807172852849,5.3739474514628245e-06,0.040372755378484726,0.03382997942112741,5.208686769404254e-06,0.03848417103290558,0.032192594563913726,5.102506115182555e-06,0.03695672005414963,0.030879903939508256,5.0293769741634886e-06,0.035712920129299164,0.029814942961647398,4.974431319093105e-06,0.03469128906726837,0.028940976907809574,4.929226781022059e-06,0.033843569457530975,0.028215716489487223,4.889105644017635e-06,0.03313226252794266,0.0276073416074117,4.851616310635622e-06,0.03252845257520676,0.027091707147303083,4.815545943085974e-06,0.03200990706682205,0.02665034243984828,4.78036945808636e-06,0.03155951201915741,0.026269012411671972,4.7459140092736e-06,0.031164098531007767,0.025936661524668572,4.712184698487129e-06,0.030813489109277725,0.02564464122175224,4.679257453420547e-06,0.030499786138534546,0.02538613280251859,4.647232015018261e-06,0.03021683543920517,0.025155719842702623,4.616200160927678e-06,0.02995980530977249
499,initial,patch_embed,Vertical,1,0.32459878365671824,0.30148804910025484,3.4776954650878906,0.08596590279586731,9.372410355580123e-06,0.09269891679286957,0.08521511429359042,8.484498249450421e-06,0.09106803685426712,0.08503562625911501,8.249289674427647e-06,0.09047189354896545,0.08505149694189193,8.449131516666178e-06,0.09074704349040985,0.0852033615348831,9.018656116424896e-06,0.09153428673744202,0.08538622231710524,9.648448690617331e-06,0.09197962284088135,0.08554856680215352,1.0116708871638168e-05,0.09233760833740234,0.08569076207895128,1.0401271220258235e-05,0.09241637587547302,0.08582305009402925,1.0627465290218718e-05,0.09232185781002045,0.08594220202593576,1.0908227444799654e-05,0.09226474165916443,0.08603554810323412,1.1204770996303344e-05,0.0922212153673172,0.08608901725401955,1.1368784481982392e-05,0.09221382439136505,0.08610123076609202,1.1352835681996389e-05,0.09214193373918533,0.08608573556892456,1.1246558371366292e-05,0.09204860031604767,0.08605929286707015,1.113995943101689e-05,0.09204468131065369,0.08603301277709385,1.1060723606683295e-05,0.09204027056694031,0.08601286463321202,1.1008386645211984e-05,0.09200839698314667,0.08600282160535691,1.0985374826561406e-05,0.09194707870483398,0.08600575003832106,1.0998744964088461e-05,0.09251117706298828
499,initial,patch_embed,Horizontal,1,0.2875955910200164,0.15018218887327345,1.9759148359298706,0.09063879317707485,8.604602649200819e-07,0.09275433421134949,0.08995605106391603,8.535298849166018e-07,0.09313264489173889,0.0895570099117264,7.855626948242875e-07,0.0928753912448883,0.08936831544316004,7.606530292655294e-07,0.09245473146438599,0.08936095249558253,7.90357803116999e-07,0.09214355051517487,0.08945184981539137,8.181000611385744e-07,0.09147785604000092,0.0895864942244121,8.966200097187143e-07,0.09184494614601135,0.08966738127526783,9.258698550924106e-07,0.09215589612722397,0.0896819309582786,8.878417676578892e-07,0.0921776071190834,0.0896697389701056,8.434385772067603e-07,0.09216244518756866,0.08965181263666304,8.194787878923469e-07,0.09223401546478271,0.08963266369842347,8.174040359635634e-07,0.09234210103750229,0.0896146356586426,8.312405776401788e-07,0.09240715205669403,0.08960228744480345,8.522794556742986e-07,0.09242615103721619,0.0895987098652219,8.709033833678519e-07,0.09239918738603592,0.08960190119724425,8.804037718055832e-07,0.09233416616916656,0.08960794077979194,8.799081134022052e-07,0.09224936366081238,0.08961513744933265,8.735761563296252e-07,0.09216521680355072,0.08962412131211114,8.673641529294424e-07,0.0920945331454277
499,initial,patch_embed,Gaussian,1,0.3197051292610547,0.2346625815656181,2.240309715270996,0.0641679914579505,4.129678212278397e-06,0.0690688043832779,0.06393752779279437,4.226901492983343e-06,0.07123293727636337,0.06419782405571332,5.198378155193373e-06,0.0722409039735794,0.0642806322328628,5.2066140010571295e-06,0.07201048731803894,0.06438212043472699,5.4763030505496094e-06,0.0720309168100357,0.0645229709408586,5.684986410523213e-06,0.07122194021940231,0.06463894194790296,5.683533016534881e-06,0.07043541967868805,0.06480960624795111,5.814039735670219e-06,0.07036996632814407,0.06503284852656108,6.164776174556216e-06,0.07045574486255646,0.06525630302845485,6.599274853574997e-06,0.07100650668144226,0.0654491607750219,6.994649632436858e-06,0.0716644674539566,0.06560036132023447,7.291756922020626e-06,0.07215858995914459,0.06571267184520525,7.486285629054457e-06,0.07251513749361038,0.06579392840937963,7.5969958465865735e-06,0.07276904582977295,0.06585141147176425,7.644164706117565e-06,0.07294893264770508,0.06589025158494238,7.642661426344507e-06,0.07307420670986176,0.06591375213530329,7.602109561233001e-06,0.07315684854984283,0.0659239829650947,7.528372268656283e-06,0.07320396602153778,0.0659222515329482,7.425093294161323e-06,0.07321947813034058
499,0,block_output,Vertical,1,0.21759534591720217,0.06501885591348511,1.2819492816925049,0.08266965843855388,6.631683050005986e-05,0.10603523254394531,0.07104781157677136,3.1310325624013935e-05,0.0867183580994606,0.06642792030932411,2.397329648590022e-05,0.07950855046510696,0.06404004139559609,2.1124742377251364e-05,0.0759001150727272,0.06266704840319497,1.981412021894153e-05,0.07371118664741516,0.061820191819043385,1.9217950800430144e-05,0.07241129875183105,0.06124597912033399,1.897621047858598e-05,0.0716935247182846,0.06081712523859645,1.8917469172512678e-05,0.07115572690963745,0.060472668459018074,1.8951236453796435e-05,0.07072453945875168,0.06018302678352311,1.902495241422737e-05,0.07036378979682922,0.05993279737849084,1.911018986816654e-05,0.07005453109741211,0.05971324266422363,1.9194526188850077e-05,0.06978760659694672,0.059518928210886696,1.9272213428912762e-05,0.06955763697624207,0.05934595653698558,1.9340128778345414e-05,0.06936007738113403,0.059191158307450156,1.9398662742800383e-05,0.06919151544570923,0.059051815420389175,1.9450925878869384e-05,0.06904935836791992,0.05892554995796037,1.949973594883954e-05,0.06892987340688705,0.05881037362038143,1.9545330973349178e-05,0.06882722675800323,0.05870486896425959,1.9586394702125583e-05,0.06873646378517151
499,0,block_output,Horizontal,1,0.10480056265516886,0.0007264688027667479,0.1873050034046173,0.07632490271140659,4.775496821868494e-06,0.08147495239973068,0.07290559605000511,1.1657312152226042e-06,0.07572542130947113,0.07206204391661145,1.1110064743691372e-06,0.07467491924762726,0.07169401137128709,1.1683365199494095e-06,0.07419684529304504,0.07146088566098895,1.2123646849514175e-06,0.07394805550575256,0.07128738706547116,1.2592371877812338e-06,0.07381343841552734,0.07115772437481653,1.2992787541775462e-06,0.07371252775192261,0.07105733797190682,1.3343725847423934e-06,0.07363710552453995,0.07097461725038196,1.366121023928078e-06,0.07357972860336304,0.07090478118449922,1.3912411393123707e-06,0.0735238790512085,0.0708451797328298,1.4122038943143654e-06,0.0734698697924614,0.07079274692232647,1.4308139630443075e-06,0.07342229038476944,0.07074514492636635,1.4473550876136073e-06,0.07338176667690277,0.07070099515101266,1.4617802790789994e-06,0.07334692776203156,0.07065962325958978,1.4742062548420529e-06,0.07331614196300507,0.07062068664365345,1.4849675586872557e-06,0.07328826189041138,0.07058394038014942,1.494490332600588e-06,0.07326263189315796,0.07054917715371602,1.5032404034344377e-06,0.07323893159627914,0.07051624889884676,1.5116842866359426e-06,0.07321709394454956
499,0,block_output,Gaussian,1,0.29484946316196803,0.18037352582536062,2.033864974975586,0.06999562757592352,5.7640920415450606e-05,0.08528928458690643,0.057292551334415166,1.3792111494482139e-05,0.06638985872268677,0.05280217504690564,8.464773601733675e-06,0.06026924401521683,0.05077587588438912,7.395080403586573e-06,0.05822779983282089,0.0496328269087133,7.0115601685427705e-06,0.057128652930259705,0.048895545303821564,6.827296623063228e-06,0.05639147013425827,0.04837943217347539,6.738390695420805e-06,0.05585748329758644,0.047993651339932095,6.7028879559797955e-06,0.055443912744522095,0.047688488626763934,6.6956124417719626e-06,0.05510158836841583,0.0474360767338011,6.701851823801189e-06,0.05480382964015007,0.04722072438351692,6.713798439373965e-06,0.05453798919916153,0.04703327664543712,6.727528061851268e-06,0.05429825931787491,0.046867892146110535,6.741467464260125e-06,0.05408136174082756,0.04672051002345388,6.755350373987861e-06,0.05388452857732773,0.046588107529613704,6.769380278994795e-06,0.05370475351810455,0.04646832241661965,6.7838002295074245e-06,0.05353882536292076,0.04635926135002621,6.798755478349213e-06,0.05338379740715027,0.0462594282414232,6.814294212692803e-06,0.053237736225128174,0.04616770550372109,6.8304773928546565e-06,0.05310041457414627
499,1,block_output,Vertical,1,1.1108137470862223,2.66120111364926,6.661976337432861,0.11747997029433174,0.0002429299559546245,0.1514924168586731,0.08328027502884941,6.748463302041977e-05,0.10215801000595093,0.06600466139969371,3.363125383109567e-05,0.08077102899551392,0.055587038397789,2.3052569722961965e-05,0.06806610524654388,0.048769087781981815,1.8248891482911914e-05,0.059815920889377594,0.04407884121414215,1.5543864989660814e-05,0.054113589227199554,0.04074989247416693,1.3861485545839342e-05,0.05000405013561249,0.0383276967775254,1.2753404059948782e-05,0.04696175456047058,0.03652147209597013,1.1989421218011913e-05,0.04466141760349274,0.035140693483371586,1.1442178027883639e-05,0.042885784059762955,0.03405948799280893,1.1037843274323664e-05,0.041564010083675385,0.03319368387262026,1.0731630266804732e-05,0.040528804063797,0.03248590124504907,1.0495111189061041e-05,0.03966802358627319,0.03189623536216834,1.0309518805474783e-05,0.03894145041704178,0.031396482198957416,1.016198526283168e-05,0.03832042217254639,0.030966459226513667,1.0043369657147205e-05,0.03778405487537384,0.03059154438475768,9.946992458815843e-06,0.03731679543852806,0.030261000293114827,9.867886380706921e-06,0.036906734108924866,0.029966812373863325,9.802313926681181e-06,0.036544546484947205
499,1,block_output,Horizontal,1,0.09832805170426293,0.0008972075278678223,0.19014352560043335,0.05963524602471836,2.1567565710551634e-05,0.06926784664392471,0.051251050143960926,5.92677444995193e-06,0.056661419570446014,0.04795108031895426,3.926632942452242e-06,0.05240295082330704,0.04632031698785131,3.5454255928573922e-06,0.050630465149879456,0.04534035252909812,3.455644990454946e-06,0.049519095569849014,0.04467308893799782,3.454277271633961e-06,0.04875071346759796,0.044185550558188603,3.476174441905256e-06,0.04818379133939743,0.043815403644527705,3.501044692247305e-06,0.047807950526475906,0.04352749493860063,3.523344238807387e-06,0.04761155694723129,0.04329894790573725,3.5414647713774693e-06,0.04746221750974655,0.043114024495321604,3.555280196319971e-06,0.04734576493501663,0.04296170979265183,3.565375240159489e-06,0.04725271090865135,0.04283420913039692,3.5725734877062874e-06,0.047176655381917953,0.042725936524451724,3.577672296540492e-06,0.047113239765167236,0.042632828215284954,3.5813428148005757e-06,0.04705946147441864,0.042551884871153606,3.5840874217702275e-06,0.047013215720653534,0.04248085091747935,3.5862675890357324e-06,0.046972960233688354,0.04241800639364454,3.5881218403246106e-06,0.046937569975852966,0.042362013624774084,3.5897983945069846e-06,0.046906180679798126
499,1,block_output,Gaussian,1,0.0903449221144593,0.0020957381471921857,0.2988448143005371,0.04361811404426893,2.045749360334753e-05,0.053797610104084015,0.03635169157669658,7.74041485897588e-06,0.042204633355140686,0.03331970875816686,5.623623694453209e-06,0.038128577172756195,0.03165602246447215,4.94142253143329e-06,0.03587603569030762,0.030600291602904835,4.646307355737199e-06,0.03479374572634697,0.029887074634196268,4.5112254775226525e-06,0.034255415201187134,0.029374988187873173,4.441632387152724e-06,0.03383669629693031,0.0289890891207116,4.402664733206158e-06,0.033497072756290436,0.028688411597931195,4.378959747720399e-06,0.033217668533325195,0.02844952629317367,4.363234995758749e-06,0.0329858772456646,0.028256795561266323,4.3513753656462445e-06,0.0327925980091095,0.02809925338933392,4.342170427566359e-06,0.03263026475906372,0.02796894270512793,4.33632730163135e-06,0.03249222785234451,0.027859991120677146,4.334333314353671e-06,0.03237284719944,0.027768065443351156,4.3357563918071935e-06,0.03226755931973457,0.02768975111936766,4.339880556949352e-06,0.032172977924346924,0.02762217494466948,4.345669349626162e-06,0.03208722174167633,0.02756287781373849,4.351580067800019e-06,0.03200993314385414,0.027509826368519237,4.3559795544501765e-06,0.031941547989845276
499,2,block_output,Vertical,1,0.59577629372241,0.8153599910488324,3.9593451023101807,0.07526848890951701,0.00018968028249982045,0.10818314552307129,0.04590558053718673,4.032972817465484e-05,0.06432461738586426,0.03328914298779435,1.4856935929254636e-05,0.04464723542332649,0.027095035635053166,8.806318322672861e-06,0.03579925745725632,0.02356948647352438,6.802847949212545e-06,0.03152790665626526,0.021310747142822023,5.918388865782644e-06,0.028600482270121574,0.019727930397031797,5.4274201410434604e-06,0.02643604576587677,0.018537543669697783,5.1035810552442955e-06,0.0251007042825222,0.017593953448037308,4.864244586408483e-06,0.024192918092012405,0.016818464024081117,4.6756333986844695e-06,0.023415207862854004,0.016165509967813418,4.521882728431004e-06,0.02274157851934433,0.01560635817429376,4.394231346120435e-06,0.022154156118631363,0.0151214012876153,4.287023154555766e-06,0.0216391459107399,0.014696486323835358,4.196059941530178e-06,0.021185215562582016,0.014321049290990073,4.118000529008006e-06,0.020782895386219025,0.01398703024264366,4.050201496092127e-06,0.02042427286505699,0.013688157046479838,3.990701646334201e-06,0.020102759823203087,0.013419424627153646,3.9380951407569995e-06,0.01981290802359581,0.01317675087955736,3.891350778425618e-06,0.019550269469618797
499,2,block_output,Horizontal,1,0.25864317883101723,0.07452737174248897,1.5449676513671875,0.07254858380035749,0.00014440619424847638,0.09936830401420593,0.04611564936145904,2.4564935150539437e-05,0.05667360872030258,0.03542016201194317,6.505168209381494e-06,0.04089297354221344,0.03068774693187267,3.45621287793198e-06,0.03503494709730148,0.028198046728022515,2.794669480935479e-06,0.032194171100854874,0.02663789429361858,2.5868674733857005e-06,0.030490268021821976,0.02553724796171226,2.4970789012570633e-06,0.029507320374250412,0.02470212858465929,2.4489516475744376e-06,0.02874373272061348,0.02403915575927212,2.4176649914589672e-06,0.028125809505581856,0.02349719266215014,2.3938625781703778e-06,0.027613062411546707,0.02304493012054572,2.3734215361413967e-06,0.02717972733080387,0.022661794627469683,2.3547062631563776e-06,0.026807576417922974,0.022333662897821457,2.33769284983247e-06,0.026483573019504547,0.022050334022395195,2.322936110321558e-06,0.026198986917734146,0.021803986222024948,2.310676338278115e-06,0.02594795450568199,0.021588418928403703,2.3007522444714857e-06,0.025726083666086197,0.021398688356081646,2.292864664634614e-06,0.025529762730002403,0.021230833338839666,2.286719724762839e-06,0.025355909019708633,0.02108164258774311,2.282031978933426e-06,0.025201797485351562
499,2,block_output,Gaussian,1,0.09393672266649822,0.0025019886891528447,0.2814939320087433,0.03268935061281636,2.109736676420829e-05,0.043597012758255005,0.024288871103808993,4.497503884368052e-06,0.029624592512845993,0.02109197231512221,3.12135916154471e-06,0.025518249720335007,0.019351051351617254,2.724502843319767e-06,0.023694831877946854,0.018234110274721705,2.529885047359556e-06,0.02279752492904663,0.01745901783070867,2.414418378587669e-06,0.022127030417323112,0.01689513080886432,2.34251614213407e-06,0.021605245769023895,0.016465553097308627,2.2931134577240147e-06,0.02118956670165062,0.016128260553592726,2.2559680936537107e-06,0.0208523478358984,0.015857697952361333,2.226502113861053e-06,0.020575981587171555,0.015637268001834553,2.2030003402230863e-06,0.02034718170762062,0.015455503016710281,2.1851039270008576e-06,0.020155558362603188,0.015304131462933525,2.172582844393937e-06,0.019993439316749573,0.015177070429282529,2.1645586785463018e-06,0.019855085760354996,0.015069727505010271,2.159368032622149e-06,0.019735803827643394,0.014978484841921026,2.1554522062506205e-06,0.019631924107670784,0.014900472931682117,2.152068312962996e-06,0.019540976732969284,0.014833430508299479,2.1490616906161187e-06,0.019461337476968765,0.01477550117978974,2.146389751667541e-06,0.01939181610941887
499,3,block_output,Vertical,1,0.37025849521160126,0.2460276594500127,2.7554931640625,0.05842015862701431,0.0001732179400117505,0.08789318054914474,0.03340455650218895,2.2737774879558128e-05,0.04488268494606018,0.024026806924551253,6.973752396922055e-06,0.03148886561393738,0.019350259697863033,3.63640175700493e-06,0.02485288307070732,0.016470259691159877,2.4922801383829927e-06,0.020857306197285652,0.014446200566395881,1.9531562358882876e-06,0.018453117460012436,0.01292028096282766,1.6457117726400047e-06,0.016936447471380234,0.011723732102721457,1.450697776508012e-06,0.015716206282377243,0.01076042116989219,1.3197983398667505e-06,0.014722080901265144,0.009969457303957334,1.2299973354862164e-06,0.013904801569879055,0.009310119984937566,1.168353276759672e-06,0.013226205483078957,0.008754038732380622,1.126146829235643e-06,0.012656434439122677,0.008280604737736875,1.0970460151277175e-06,0.012172881513834,0.007874293060648062,1.07666984756191e-06,0.011758718639612198,0.007523119996582705,1.0621648902580567e-06,0.011401224881410599,0.007217694864800525,1.0516986675842098e-06,0.011090549640357494,0.00695056455682904,1.0440729677307753e-06,0.010818909853696823,0.006715739205006569,1.0384781637465977e-06,0.010580082423985004,0.006508353173673626,1.0343596452580537e-06,0.010369034484028816
499,3,block_output,Horizontal,1,0.10736116228832139,0.004348082136211739,0.4470059871673584,0.03146583699281254,3.608367013039185e-05,0.04427608847618103,0.020498401766258573,5.121453474964844e-06,0.026368051767349243,0.016302669450404154,2.7953069284852087e-06,0.021016323938965797,0.013930086874299578,2.073283644205079e-06,0.018038315698504448,0.012441186367401056,1.7443368364437438e-06,0.016141846776008606,0.011439845098980836,1.5602278828856054e-06,0.014842325821518898,0.010729417544863527,1.4416743416176152e-06,0.013894113712012768,0.010204292316403654,1.3594037379514312e-06,0.013177184388041496,0.009803863582275217,1.298630316135737e-06,0.012634789571166039,0.009490730181809456,1.2505167642943373e-06,0.012301280163228512,0.009240938757087976,1.2105444751069798e-06,0.012017116881906986,0.009038772751828508,1.177096348155164e-06,0.01177014596760273,0.00887355688841097,1.149799328511891e-06,0.011557130143046379,0.008737557722876469,1.1280108837500718e-06,0.011376465670764446,0.008624837312492587,1.1105796089720952e-06,0.011225206777453423,0.008530749000668053,1.0963733874185257e-06,0.011099657975137234,0.008451633894490817,1.0846022098898007e-06,0.01099588442593813,0.008384593784631718,1.074866969202416e-06,0.010909555479884148,0.008327351624353064,1.0670643456647782e-06,0.010835988447070122
499,3,block_output,Gaussian,1,0.25358272308395025,0.08598035807505848,1.6541271209716797,0.058456532243225306,0.00014560046326303835,0.09082428365945816,0.03539199733899699,1.8734749371417523e-05,0.04700307548046112,0.026512621650620113,5.385215865144082e-06,0.03276621550321579,0.021780073051414793,2.61791384073582e-06,0.02608324959874153,0.018797414052107976,1.727442708623876e-06,0.022136107087135315,0.016739352798414608,1.3615729522831904e-06,0.0198309738188982,0.015233254947123073,1.1840890999776566e-06,0.01832096464931965,0.014081868150877573,1.0853230974202542e-06,0.017163164913654327,0.013171534837474899,1.0239833830176217e-06,0.016244271770119667,0.012433445953305752,9.826361721203092e-07,0.015496918931603432,0.011823740580843555,9.529843497386609e-07,0.014877906069159508,0.011312669290909691,9.304795391624746e-07,0.014357635751366615,0.010878952959227183,9.122492962091077e-07,0.013914350420236588,0.010506790412205553,8.96268887797554e-07,0.013531021773815155,0.010184239448299484,8.811623674185703e-07,0.013194147497415543,0.009902298273075195,8.662836861005333e-07,0.01289377547800541,0.009654256175198252,8.517080977314878e-07,0.012623586691915989,0.009435071122078668,8.378924599321253e-07,0.012379998341202736,0.009240778340470223,8.252277466655085e-07,0.012160642072558403
499,4,block_output,Vertical,1,0.08499147459155038,0.0024975399641494313,0.2561667561531067,0.02494812271897755,2.1322250874608712e-05,0.034453440457582474,0.015601502923620126,4.161013513909453e-06,0.020345646888017654,0.011481379661413412,2.119811426917658e-06,0.015528780408203602,0.009152273588355572,1.5206303703168688e-06,0.013235249556601048,0.007706121386339267,1.258163741583253e-06,0.011641276068985462,0.00675159070404276,1.1114901651837412e-06,0.010489087551832199,0.006092782464942762,1.0170344425565616e-06,0.009645081125199795,0.005622658183768628,9.523949825991959e-07,0.009028444066643715,0.005278111346775577,9.06996626202561e-07,0.008577506989240646,0.005020339917835025,8.741780085070973e-07,0.008246728219091892,0.004824457390766058,8.491886540837226e-07,0.008002407848834991,0.004673548918660907,8.291446928696637e-07,0.007819036953151226,0.004555717347160218,8.129428406811977e-07,0.007678045425564051,0.004462598120823266,8.000018689727221e-07,0.007567212916910648,0.004388211963934794,7.895310671998303e-07,0.007479021791368723,0.00432820892744949,7.806875888987977e-07,0.007408912293612957,0.004279473552569037,7.728294666651519e-07,0.007353865075856447,0.004239843888503928,7.657237477264778e-07,0.007311197463423014,0.0042077831347428615,7.595923009288851e-07,0.007278179284185171
499,4,block_output,Horizontal,1,0.2088082946009106,0.06392328793468757,1.2934620380401611,0.05190864583802602,8.550715137083859e-05,0.07258652150630951,0.033460071842585294,1.1306005599978368e-05,0.04048249125480652,0.025886752568776646,4.780432261623497e-06,0.031561244279146194,0.021262508299615648,2.835014362149609e-06,0.026178259402513504,0.01809830558560197,1.95909091363868e-06,0.022537697106599808,0.015820458487031005,1.508187873675391e-06,0.019941072911024094,0.014118600932378617,1.2547548385515289e-06,0.018006496131420135,0.012808920963416024,1.1012945744978918e-06,0.016511637717485428,0.01177693640310613,1.0017812781378569e-06,0.015322970226407051,0.01094812039463293,9.329745762684218e-07,0.014357071369886398,0.010272009312988275,8.824937829110946e-07,0.013559163548052311,0.009713276038094172,8.434746312285736e-07,0.01289154402911663,0.009246497828927305,8.120110155155181e-07,0.01232725940644741,0.008852962626232988,7.858361672765167e-07,0.011846520937979221,0.00851863378747588,7.635939134013365e-07,0.01143447495996952,0.008232785558830651,7.444042666798973e-07,0.011079622432589531,0.007987050095661766,7.276353199123124e-07,0.010772760957479477,0.0077747678650277,7.12804021121096e-07,0.010506398975849152,0.0075905524889036775,6.995409859812638e-07,0.010274456813931465
499,4,block_output,Gaussian,1,1.0046189183753633,2.1015039813329017,5.659929275512695,0.10310479809367468,0.00040033720724778085,0.15959462523460388,0.06444457409873841,7.449845118870821e-05,0.08685633540153503,0.04796697140213043,2.4708387568484722e-05,0.06094563379883766,0.03886691214782851,1.1610029102916116e-05,0.04838016629219055,0.03301093591347573,6.908333382048316e-06,0.0403277724981308,0.028877644223116693,4.797978715471033e-06,0.03476301580667496,0.02576878397829003,3.6541337929232355e-06,0.03093026950955391,0.023321302932879283,2.940407070837192e-06,0.02797282487154007,0.02133070375947725,2.4525779189716634e-06,0.025595538318157196,0.019673335055510204,2.0993659225898534e-06,0.02362717129290104,0.018269138647213815,1.8332758099170935e-06,0.021961193531751633,0.017063160574743674,1.6266967637264144e-06,0.0205270666629076,0.0160159891146043,1.4624069931207302e-06,0.019276145845651627,0.015098436986879698,1.3291319896773576e-06,0.018173884600400925,0.01428833943865602,1.2192423593996114e-06,0.01719512976706028,0.013568510197930865,1.1274182969230237e-06,0.01632096990942955,0.01292538685753705,1.049870308684618e-06,0.015536800026893616,0.012348085981867617,9.838271867919904e-07,0.014830914326012135,0.011827752496751527,9.272077445428698e-07,0.014193626120686531
499,final,proj_out,Vertical,1,0.1681378810178666,0.0038997306124957743,0.3167399764060974,0.0840959640012847,3.709477397550205e-05,0.09581878036260605,0.07170006136099498,2.126850756994131e-05,0.0819823294878006,0.0638604507678085,2.0309799128022867e-05,0.0745725929737091,0.057674183495460996,1.9607818938762436e-05,0.06881004571914673,0.05268223222995561,1.8872799760923287e-05,0.06411948800086975,0.04861282131501606,1.809240403271593e-05,0.060216549783945084,0.04527033788580743,1.7301298746177765e-05,0.05693364143371582,0.04250700724503351,1.653187471997917e-05,0.0541524663567543,0.040208095891608134,1.580299807879274e-05,0.05178094655275345,0.03828326612710953,1.5122936332614306e-05,0.04974518343806267,0.036660944776875634,1.4493906685104088e-05,0.047985658049583435,0.035284273089870574,1.3915165063330486e-05,0.046454526484012604,0.03410798870027065,1.3384577926608678e-05,0.045113421976566315,0.033095989642398696,1.2899433455980938e-05,0.043931540101766586,0.0322194088486925,1.2456737429593737e-05,0.042884066700935364,0.03145509840004028,1.205342702586925e-05,0.04195089638233185,0.03078443149016017,1.1686413845244274e-05,0.04111562669277191,0.03019236728903793,1.135270566535677e-05,0.04036478325724602,0.02966670830926252,1.1049401875319911e-05,0.03968719393014908
499,final,proj_out,Horizontal,1,0.1798931330678955,0.003892878282743727,0.332600474357605,0.09502063774400288,2.4818798056817996e-05,0.10763905197381973,0.08494703459834295,6.1568038819906085e-06,0.0911007821559906,0.07848742687039906,4.854142561049044e-06,0.08348280191421509,0.0730942724243043,4.144423547494784e-06,0.07734635472297668,0.06855102924127428,3.756026119892295e-06,0.07225525379180908,0.06470829455388917,3.5713014688897093e-06,0.06822721660137177,0.06144653733760592,3.510874823239293e-06,0.06504012644290924,0.05866884463836276,3.523117656158555e-06,0.06232176721096039,0.05629578250504676,3.575046352884171e-06,0.059995248913764954,0.05426173550742013,3.645959571589135e-06,0.05799610912799835,0.05251223180029127,3.723244018113534e-06,0.05627070367336273,0.051001909942854015,3.7995452131412345e-06,0.05477457121014595,0.04969293387636306,3.870879082082567e-06,0.05347093194723129,0.04855370285019042,3.935346493973742e-06,0.05232929438352585,0.0475578217042817,3.992293361471982e-06,0.051324378699064255,0.04668322666769936,4.041787998846426e-06,0.050435204058885574,0.04591148784236303,4.084272924513793e-06,0.04964432865381241,0.04522720067983582,4.120376159022989e-06,0.048937246203422546,0.04461749034031989,4.150782266043465e-06,0.04834599792957306
499,final,proj_out,Gaussian,1,0.10336903908423015,0.0015484359442363787,0.20107059180736542,0.056374676348198025,1.7482451540779264e-05,0.06496457755565643,0.048101609838860374,9.027179853546908e-06,0.053768422454595566,0.04306430192220779,7.272316778962754e-06,0.048237040638923645,0.03942859196473682,6.39295929247401e-06,0.043948687613010406,0.036682566066109944,5.880498837393967e-06,0.04066140949726105,0.034558072952287536,5.560074653335108e-06,0.0386790856719017,0.03288394727167629,5.345274876794868e-06,0.03713475167751312,0.031544103745430235,5.1913385942815374e-06,0.03589465841650963,0.030457290539902353,5.074583352445264e-06,0.034886181354522705,0.029565124284653438,4.981902486980641e-06,0.034056197851896286,0.02882469371552505,4.9056181132261595e-06,0.03336523100733757,0.028203889668460876,4.840983849567731e-06,0.03278355300426483,0.027678353209344166,4.784935657526309e-06,0.0322885699570179,0.027229400322077765,4.7354184206124556e-06,0.03186296671628952,0.02684257138106558,4.691029225053763e-06,0.0314934141933918,0.02650658121066434,4.6507818010558525e-06,0.031169576570391655,0.02621255392238261,4.613969697452302e-06,0.03088340535759926,0.025953453536781055,4.580082720638074e-06,0.03062860295176506,0.025723659004720432,4.54873525404236e-06,0.030400171875953674
428,initial,patch_embed,Vertical,1,0.37242743538485634,0.29083949177780793,2.631389856338501,0.08536591026045028,1.073176688174055e-05,0.09147746115922928,0.08461779533397584,1.0477311185498302e-05,0.09113823622465134,0.08479283111436027,1.1391692268629218e-05,0.09226161241531372,0.0850155863260466,1.2578677088984314e-05,0.09250634908676147,0.0852279147458455,1.3488084431720296e-05,0.09234151244163513,0.08529948868921824,1.3192768042034722e-05,0.09188103675842285,0.08527884750612198,1.2427162903401929e-05,0.09170418977737427,0.085275356376928,1.2130946650266316e-05,0.0916057750582695,0.085316639689226,1.2244885718512216e-05,0.09175650775432587,0.08538947112503506,1.2581478011666194e-05,0.09249140322208405,0.08547194030076738,1.299842985307646e-05,0.09324870258569717,0.08554237454183518,1.3363296652340548e-05,0.09389113634824753,0.08559052456939031,1.3589650677947891e-05,0.09436078369617462,0.08562092530348944,1.367646211954209e-05,0.09470534324645996,0.0856443994811603,1.3678574219235737e-05,0.09500797837972641,0.08566918484275303,1.3651090916053511e-05,0.09532301127910614,0.08569859476789596,1.3626463926684506e-05,0.09566502273082733,0.08573268909776022,1.3618700408258746e-05,0.09602630883455276,0.08577015877716125,1.3631457305964903e-05,0.09639261662960052
428,initial,patch_embed,Horizontal,1,0.3118750523953211,0.18600611953481722,2.207939624786377,0.09023232426908281,6.900668210340444e-07,0.09266461431980133,0.0895658362479437,4.682033577303819e-07,0.09100819379091263,0.08935045167094186,4.7088084552623276e-07,0.09141691774129868,0.08936952220069037,6.251544200288235e-07,0.09202978760004044,0.08945376532418388,8.229894361006706e-07,0.09309647232294083,0.0895363332496749,1.0524885309621218e-06,0.09375128149986267,0.08959788829088211,1.2214328345522538e-06,0.09379824995994568,0.08964076827442835,1.2379512883880065e-06,0.09332133829593658,0.08968498486848105,1.242133759177016e-06,0.09280797839164734,0.0897229980854761,1.2617611105855618e-06,0.09252853691577911,0.08974822598790365,1.2680776945523135e-06,0.09257146716117859,0.08977366901106304,1.2758195915622384e-06,0.0927424430847168,0.08980492833587858,1.2963863016726347e-06,0.09281951189041138,0.08983575292522945,1.3219779794854886e-06,0.09297075122594833,0.08985923774658687,1.3424904195900776e-06,0.09308087825775146,0.08987209815827626,1.3525172439156366e-06,0.09312689304351807,0.08987419378189813,1.3499998886128976e-06,0.09311003983020782,0.089866789323943,1.333431610559523e-06,0.09303268790245056,0.08985173229187254,1.3018448400549966e-06,0.09289325773715973
428,initial,patch_embed,Gaussian,1,0.17349610773343888,0.059208756415511446,1.6274569034576416,0.06375491802418043,4.177503198117867e-06,0.07011227309703827,0.063598256972101,4.024848476723854e-06,0.06968013942241669,0.06385647789353416,5.35577473132492e-06,0.07258693128824234,0.06402844166944897,5.96308643226333e-06,0.07333242148160934,0.06414705786913161,6.03091138301226e-06,0.07345376908779144,0.06425862581956954,6.12019736085434e-06,0.07255391031503677,0.06440591711610083,6.247269954257242e-06,0.0712689757347107,0.06467457695139779,6.660538708646861e-06,0.07115735113620758,0.06503016442533523,7.412510451729769e-06,0.07144875824451447,0.06535990571691877,8.204650363982752e-06,0.07201248407363892,0.06559844362357306,8.789809687744108e-06,0.07268191128969193,0.06574022468356859,9.106463939965215e-06,0.07337749004364014,0.06580794939682597,9.202452544247142e-06,0.0738084465265274,0.06582460268622353,9.139805894055672e-06,0.07404587417840958,0.06580546705259217,8.963018097491501e-06,0.07413845509290695,0.06575947166198776,8.70040814285045e-06,0.07411602139472961,0.06569197543320202,8.371924865055063e-06,0.07399776577949524,0.06560676355683615,7.994762897930985e-06,0.07379814982414246,0.06550735743745925,7.587149589330729e-06,0.07353152334690094
428,0,block_output,Vertical,1,0.4367655376120219,0.47900335584979076,3.214564323425293,0.09356251489075404,7.505924973817632e-05,0.11880555003881454,0.07863628615935643,3.340620295040377e-05,0.09225697070360184,0.07154286150184888,2.768375145898342e-05,0.08208340406417847,0.06747384404852277,2.573666974777406e-05,0.07786731421947479,0.06491972612483161,2.4395369302978405e-05,0.0751582607626915,0.06326906873829781,2.3330618909884444e-05,0.073349229991436,0.06217899611071935,2.2508521424950203e-05,0.07212051004171371,0.06143209078009167,2.190169387386791e-05,0.07126311957836151,0.06089175309217165,2.1470807026777426e-05,0.07063275575637817,0.0604759290341347,2.117431257300778e-05,0.07013719528913498,0.060137437390429635,2.0977677653180422e-05,0.06972372531890869,0.05984985172038987,2.085646578367945e-05,0.06937840580940247,0.059598262880056624,2.0792242982894683e-05,0.06914448738098145,0.059373977461031506,2.07683281859653e-05,0.0689341127872467,0.05917164452728771,2.0769919817546685e-05,0.06874297559261322,0.0589876225779927,2.0785138252133657e-05,0.06856802105903625,0.05881908169341466,2.0804912176506434e-05,0.06840541958808899,0.05866361569081034,2.0822797508800638e-05,0.06825082004070282,0.058519210075102156,2.083577517200199e-05,0.06810116022825241
428,0,block_output,Horizontal,1,0.6797406841365118,1.0978354835490154,4.8266801834106445,0.1092170426060283,5.604398779128882e-05,0.1342119574546814,0.09468381378858809,1.4922215227814163e-05,0.10458651185035706,0.08666661026931945,5.295511281317253e-06,0.09185241907835007,0.08170977152056164,2.332025554381509e-06,0.08446280658245087,0.07842819534596943,1.3566711072770585e-06,0.08055563271045685,0.07623156491253111,1.0332937707828126e-06,0.07819607853889465,0.07477815602979963,9.451667673673824e-07,0.07686369121074677,0.07382328595433917,9.444915740239418e-07,0.07598979026079178,0.07318972748896432,9.745916173749422e-07,0.07541459798812866,0.07275615668012983,1.0137453721715913e-06,0.07502730190753937,0.07244464341137144,1.0538049848363113e-06,0.07475586980581284,0.07220770371338678,1.0917774619568247e-06,0.0745558962225914,0.07201745053605428,1.126772250295137e-06,0.07440122216939926,0.07185783722097912,1.158816316222351e-06,0.07427674531936646,0.07171963261706489,1.1883482193969194e-06,0.07417356222867966,0.07159737119125942,1.2158443431310801e-06,0.07408607006072998,0.0714876354923324,1.2417182813445917e-06,0.07401073724031448,0.07138813109624953,1.2662617612547921e-06,0.07394522428512573,0.07129721745612129,1.2896888972303961e-06,0.07388795167207718
428,0,block_output,Gaussian,1,0.11809063915695463,0.005499829142261256,0.59782874584198,0.057603388078629025,2.8289020898648002e-05,0.06910167634487152,0.05073614992083065,8.19018819929653e-06,0.05801672115921974,0.04877279042488053,6.903924439160359e-06,0.05513200908899307,0.047793626134830805,6.718397538938869e-06,0.05375684052705765,0.047201200018799495,6.723759002025247e-06,0.05319635570049286,0.046793135090006724,6.755281476174105e-06,0.052844732999801636,0.04648361136279409,6.771618012186013e-06,0.052562884986400604,0.04623864254071599,6.7929506520994156e-06,0.052366748452186584,0.04604150585475422,6.8482695081212495e-06,0.05226721614599228,0.04587743295327065,6.934006874931861e-06,0.05223327875137329,0.04573599130861343,7.028341605297957e-06,0.05221739411354065,0.04560896003293612,7.097430912457609e-06,0.05216188728809357,0.04549073037647065,7.120056007923585e-06,0.05204479396343231,0.04538071208766529,7.113754975519379e-06,0.05190650746226311,0.04528211678067843,7.1103191818500276e-06,0.05179551988840103,0.04519618207973147,7.121960301805136e-06,0.05171787738800049,0.045120735490132895,7.144948097407907e-06,0.051654405891895294,0.04505281422346357,7.171933988485668e-06,0.051588140428066254,0.044990351807976524,7.196809697480695e-06,0.0515144020318985
428,1,block_output,Vertical,1,0.08838385917128079,0.0009353055354841297,0.1711919903755188,0.042989729297539546,3.193375295742936e-05,0.05733258277177811,0.03387143388981857,1.2921802882046573e-05,0.04339101165533066,0.030591805835091877,1.0654515520668925e-05,0.03810078278183937,0.02905562307153429,1.0033515677662383e-05,0.03578215837478638,0.02815693129031431,9.803776500828549e-06,0.03463681787252426,0.027556762513187196,9.692953343431331e-06,0.03388327360153198,0.02714037531543346,9.588275749188818e-06,0.0335710272192955,0.02683787408565718,9.512195167074938e-06,0.033387474715709686,0.026607951592831386,9.47056830922908e-06,0.033261120319366455,0.026427898260336074,9.446082889559251e-06,0.03316960483789444,0.02628405232514654,9.4243478290979e-06,0.03309845179319382,0.026167025316565756,9.400662092770834e-06,0.03303980827331543,0.026070143643116193,9.374685460727813e-06,0.03298930451273918,0.02598862698863423,9.34724878478432e-06,0.03294435888528824,0.025919025763869286,9.319300116559827e-06,0.032903388142585754,0.025858821495184824,9.291615286386805e-06,0.03286536782979965,0.02580615393226109,9.26475701487028e-06,0.03282959759235382,0.02575963797668616,9.239092059086277e-06,0.03279560059309006,0.025718224781846242,9.214827637617521e-06,0.03276301175355911
428,1,block_output,Horizontal,1,0.573821932195671,0.7238951503014106,3.8645782470703125,0.10873227034296308,0.00010740954532105372,0.13736075162887573,0.08614785448899345,2.920025290544633e-05,0.101778045296669,0.07367189311318928,1.3205097317405035e-05,0.08296723663806915,0.06581985323675095,7.680655992090144e-06,0.07240389287471771,0.060636955357733224,5.521232384680551e-06,0.06641724705696106,0.05708604743556371,4.55390577569604e-06,0.06229417026042938,0.054564912995648765,4.07269572162788e-06,0.05937450751662254,0.05270347614136953,3.813942787813714e-06,0.057241253554821014,0.05127340525625244,3.668847573028531e-06,0.05588550865650177,0.050134708188355914,3.587748871369445e-06,0.05480849742889404,0.04920074260897107,3.545447357042559e-06,0.05391252040863037,0.048416473858413245,3.5275501400789505e-06,0.05314695090055466,0.04774573841501796,3.525222237068893e-06,0.0524790957570076,0.047163995603720345,3.5331229424027393e-06,0.051888082176446915,0.046654042684369616,3.548014986341331e-06,0.05135945975780487,0.046203351801350004,3.567891408132165e-06,0.05088134855031967,0.04580238177662804,3.591624100059304e-06,0.05044300854206085,0.045443583693769246,3.6185850340787555e-06,0.05003541707992554,0.04512095841623488,3.647964057242876e-06,0.049653470516204834
428,1,block_output,Gaussian,1,0.08342846524384287,0.0015320241368080945,0.20544490218162537,0.0410198617785696,1.4374638665620649e-05,0.04924272373318672,0.034698780419098005,5.392161035839775e-06,0.03961669281125069,0.03198385155863232,4.3818743130089335e-06,0.03630825877189636,0.030522005307295964,4.217975005199685e-06,0.034759145230054855,0.029634901662431067,4.2065916653688916e-06,0.033973321318626404,0.029048022858443715,4.225517762612097e-06,0.033441703766584396,0.028633038823803265,4.257059604999963e-06,0.033043272793293,0.028322827484872606,4.2897298976839225e-06,0.03272677958011627,0.028083758280863836,4.314736148131875e-06,0.03247155249118805,0.027895230799913406,4.330531061517653e-06,0.03226381912827492,0.027742339800747615,4.337662962365893e-06,0.03209550306200981,0.027614329690261494,4.338259872783605e-06,0.03196009248495102,0.02750401719221993,4.336065560448687e-06,0.03184998035430908,0.0274071575748542,4.334489927826151e-06,0.03175754100084305,0.02732141614551582,4.3350622524962504e-06,0.03167693316936493,0.027245413245899335,4.337601754832546e-06,0.0316045805811882,0.027178163980207747,4.341105579629312e-06,0.03153860196471214,0.027118814872607352,4.344490186984901e-06,0.03147810325026512,0.027066546063574535,4.346997361510512e-06,0.031422652304172516
428,2,block_output,Vertical,1,0.13585341816383695,0.010335987544468078,0.5990422964096069,0.036534653858296455,5.500680517025912e-05,0.05409262329339981,0.023374131747654507,7.648825082926533e-06,0.03016568347811699,0.019142855830963642,4.901778359127233e-06,0.02463982254266739,0.016920104223702635,4.367564096380374e-06,0.02204759791493416,0.015493624784525425,4.164173380916827e-06,0.020812079310417175,0.014499732766241308,4.060482485616336e-06,0.019921928644180298,0.013770982519619994,3.998346792044916e-06,0.019241677597165108,0.013212847464259655,3.955200227265553e-06,0.018697518855333328,0.0127699730976943,3.924014588673501e-06,0.018259501084685326,0.012409774423946463,3.901996923757949e-06,0.017911652103066444,0.012112591903479327,3.885471442866735e-06,0.01763325184583664,0.01186477682656712,3.871119384921683e-06,0.017405539751052856,0.011655780102407176,3.856949635866542e-06,0.017215851694345474,0.011477560943199528,3.841945318053309e-06,0.017055731266736984,0.011324062529537413,3.825792713410877e-06,0.016919104382395744,0.011190721735594765,3.8088735593396822e-06,0.01680128462612629,0.011074107140302658,3.7920835756851e-06,0.01669849455356598,0.01097163934970186,3.776391387680714e-06,0.016607705503702164,0.010881328955292702,3.7624676303912776e-06,0.016526570543646812
428,2,block_output,Horizontal,1,0.44195936608409125,0.3500230617687972,2.666414499282837,0.10571627058680096,0.00028595760117812506,0.15771764516830444,0.06900184566066378,7.861979584298025e-05,0.09543868899345398,0.04967169209368645,2.2918587123557007e-05,0.062082163989543915,0.03975574530306317,9.07376752443715e-06,0.04670251905918121,0.0344631282819642,5.347977689802378e-06,0.03991657495498657,0.03136674849878228,4.140296944875738e-06,0.03601795434951782,0.029342096328498827,3.630921086251034e-06,0.0334947407245636,0.02788703992134995,3.3555388157360214e-06,0.0317104235291481,0.026770194401107138,3.1771909555100237e-06,0.03049037978053093,0.025876163224142695,3.0484578345726136e-06,0.02952052839100361,0.025141585086073195,2.9506202753323776e-06,0.0287247896194458,0.02452771853478182,2.8744305638046067e-06,0.028055340051651,0.024008246197823494,2.813616694430296e-06,0.02756314165890217,0.023564012129864996,2.763476280498029e-06,0.027193060144782066,0.023180625889272916,2.720693830419601e-06,0.0268697589635849,0.022847042049443912,2.6830139189708906e-06,0.026585157960653305,0.022554627013584926,2.6489175463844353e-06,0.026332879438996315,0.02229653476249604,2.6174350795737793e-06,0.026107925921678543,0.022067305055402574,2.5880855648152654e-06,0.025906333699822426
428,2,block_output,Gaussian,1,0.07910201834544303,0.001921956732975851,0.24408286809921265,0.029793063829105997,1.7381895483421845e-05,0.040682025253772736,0.022958180201905116,4.186350777334791e-06,0.02758118510246277,0.02020607672868267,2.8945101076714925e-06,0.02441437356173992,0.018666930112337308,2.5442151846508065e-06,0.023134851828217506,0.017677713318594863,2.3924648204879073e-06,0.02228810451924801,0.01699158623223267,2.30595219995126e-06,0.02168937399983406,0.016494164465083963,2.247120320393083e-06,0.021241120994091034,0.01611942032145129,2.2034862354105e-06,0.020895767956972122,0.015828912974231772,2.1700077100568293e-06,0.020622868090867996,0.015599408379149816,2.144612747197315e-06,0.02040257304906845,0.015415983658934396,2.126216575191938e-06,0.020223058760166168,0.015267916748093234,2.113692192343732e-06,0.020076269283890724,0.015147072130015917,2.106125177363603e-06,0.019954750314354897,0.015047310496724788,2.1026712068616207e-06,0.019851529970765114,0.014963989367797262,2.10218040222916e-06,0.0197609830647707,0.01489362015669781,2.1032329039085767e-06,0.0196796003729105,0.014833604251699788,2.1045718000061274e-06,0.019605930894613266,0.014781999756537732,2.105452377839055e-06,0.01953967846930027,0.01473732227607379,2.105652085226813e-06,0.01948077231645584
428,3,block_output,Vertical,1,1.1110575780982064,2.4405608517267483,6.612870693206787,0.09366478552184408,0.00037421896126569324,0.13322074711322784,0.05326943856383127,5.19500914270814e-05,0.06818249821662903,0.03786167857192811,1.637099085917599e-05,0.047549039125442505,0.03032232333152067,8.678144246338633e-06,0.037857457995414734,0.025775632658411585,5.817094509207631e-06,0.03166083246469498,0.02265461812180186,4.421246822005545e-06,0.028268227353692055,0.02032578650802847,3.622819403957118e-06,0.025799240916967392,0.018489158963636745,3.1130311049370254e-06,0.023816414177417755,0.016987314373846093,2.7619162992970173e-06,0.022180035710334778,0.01572880753508163,2.5070718821491493e-06,0.02080429717898369,0.01465546450622025,2.314895325213334e-06,0.019631877541542053,0.013727742276849255,2.165596219325881e-06,0.01862194761633873,0.012917450096990381,2.0467171086693225e-06,0.017744015902280807,0.012203729282768945,1.950039230777612e-06,0.016974620521068573,0.011570675505532159,1.8699730463895843e-06,0.016295334324240685,0.011005861522068106,1.802614063133925e-06,0.015691526234149933,0.010499388230816713,1.7451763660117512e-06,0.015151482075452805,0.010043243182793496,1.695630502595677e-06,0.014665798284113407,0.009630861936048382,1.6524487983706246e-06,0.014226905070245266
428,3,block_output,Horizontal,1,1.1591338039863677,2.775084149150989,6.560753345489502,0.11253478933894445,0.00031015456381160747,0.16360190510749817,0.07095560277738268,7.148934148562487e-05,0.09512154757976532,0.049981995234413754,2.4162618073276316e-05,0.06541553139686584,0.03884873048417152,1.0767520252921064e-05,0.04885728657245636,0.03254402485040445,6.388112606216338e-06,0.039907775819301605,0.028525394934510426,4.503187097272495e-06,0.03472970426082611,0.02566641028083506,3.497503783553765e-06,0.031055843457579613,0.023478532742176737,2.8942815151372858e-06,0.028286229819059372,0.02172862531410323,2.5068726220060843e-06,0.026114143431186676,0.02028892304570902,2.2452337580629235e-06,0.02436329424381256,0.0190807907649922,2.0606531784130605e-06,0.022922063246369362,0.018051769495719953,1.9251346670784154e-06,0.02171507105231285,0.017164848877915313,1.8219887533771563e-06,0.02068929560482502,0.016392845601316482,1.7409849510497768e-06,0.01980649307370186,0.01571518550848677,1.6756827758927759e-06,0.01903855986893177,0.01511594227382115,1.6219244780557595e-06,0.01836448721587658,0.014582556849789052,1.576947749770819e-06,0.017768308520317078,0.014104981093652665,1.5388634576878334e-06,0.017237640917301178,0.013675082607993059,1.506341346079396e-06,0.016762670129537582
428,3,block_output,Gaussian,1,0.16628496774605342,0.03870580390818472,1.1080007553100586,0.042141364000382875,5.5382506545511204e-05,0.05774717777967453,0.027940853957145934,9.603011943467156e-06,0.033666156232357025,0.02209141862297815,4.027030588445816e-06,0.02547411248087883,0.018758878732721012,2.519916191788761e-06,0.022305335849523544,0.016548710416943307,1.8857357448001491e-06,0.020116083323955536,0.014966014979614152,1.5531134100023655e-06,0.018486717715859413,0.013778310062156783,1.356697997422691e-06,0.017215155065059662,0.01285753007386885,1.2299804051227984e-06,0.016192778944969177,0.012125567740036381,1.141069781670093e-06,0.015354819595813751,0.011532015388920194,1.0741883287424399e-06,0.014659070409834385,0.011042814287874434,1.0213434901201286e-06,0.01407740917056799,0.010634151923041495,9.78283525622724e-07,0.013589926064014435,0.01028904216807513,9.424644172572343e-07,0.013180306181311607,0.009995150764191907,9.121744361955953e-07,0.012833886779844761,0.009743245577232705,8.862587088753571e-07,0.012538254261016846,0.009526126197583619,8.639068242045956e-07,0.012283830903470516,0.009337970927830726,8.444049972583442e-07,0.012063493952155113,0.009173971423435779,8.270563551376583e-07,0.011871925555169582,0.009030090918439248,8.112555704632738e-07,0.011705176904797554
428,4,block_output,Vertical,1,0.09503409372908729,0.004537517849344466,0.44274115562438965,0.02958039410175785,2.8216825925708026e-05,0.041189417243003845,0.018751828162561334,5.877043377964406e-06,0.02413780614733696,0.013895502062662253,2.7110306450549903e-06,0.017806915566325188,0.011155991815030575,1.8024606537563091e-06,0.014548622071743011,0.009425520667776702,1.4341345132169187e-06,0.012598785571753979,0.008244907202583456,1.2491441804809885e-06,0.011467729695141315,0.007396471605355304,1.1387467016856159e-06,0.010625096037983894,0.006764585854456065,1.0632346671754486e-06,0.009978724643588066,0.006282625535118674,1.0083226342565928e-06,0.009474726393818855,0.0059082723473982204,9.676016516433162e-07,0.0090760113671422,0.005612627765725529,9.368125322188121e-07,0.008756156079471111,0.005375574195077495,9.131375427495e-07,0.008496423251926899,0.005182878306460759,8.94820740485357e-07,0.008283219300210476,0.005024386403549995,8.807724246090503e-07,0.008106683380901814,0.0048928541013054435,8.701957266075867e-07,0.007959915325045586,0.004782993316886917,8.623833377922817e-07,0.007837873883545399,0.0046907515516356815,8.566307219801732e-07,0.0077363355085253716,0.004612919486438234,8.521269020202183e-07,0.007651426829397678,0.0045469115259096264,8.479439257287164e-07,0.007579488679766655
428,4,block_output,Horizontal,1,0.15681602190884333,0.011950014913371798,0.6470640897750854,0.0442853607237339,8.080005676600188e-05,0.06304857134819031,0.026870904283391103,8.913264190833074e-06,0.03336130455136299,0.020203393854437365,3.772579593880788e-06,0.024772994220256805,0.01638798366877295,2.3337794887704325e-06,0.020185071974992752,0.01391313269379593,1.7164244908560559e-06,0.017241142690181732,0.012204217561890208,1.3958961847323317e-06,0.015226989984512329,0.010972277453494451,1.2071199974090422e-06,0.01378495991230011,0.01005496173387482,1.0856605860020126e-06,0.012719857506453991,0.009355271730335459,1.0031797878514575e-06,0.011984256096184254,0.008811135761558063,9.445758066974763e-07,0.011419718153774738,0.00838098842798481,9.012636350943522e-07,0.010966511443257332,0.00803598827342429,8.684916586631592e-07,0.010596951469779015,0.0077554951421916485,8.436370390808016e-07,0.010289983823895454,0.00752469211343735,8.249980038561293e-07,0.010031301528215408,0.007333175892690344,8.109574979514758e-07,0.009812598116695881,0.0071735878563707785,7.999042506020287e-07,0.009628345258533955,0.00704029356203382,7.906524960869997e-07,0.009473271667957306,0.006928640395580303,7.825391159197553e-07,0.009342245757579803,0.006834731444657322,7.75216626356974e-07,0.009230832569301128
428,4,block_output,Gaussian,1,0.10460515207951031,0.005364430430726425,0.4315200448036194,0.033883912370554985,2.996319668610051e-05,0.045767586678266525,0.02240141694034849,5.5632246780053375e-06,0.027966633439064026,0.017219616514113214,2.3544365401665727e-06,0.021100986748933792,0.014211914901222502,1.3733447488564432e-06,0.016959739848971367,0.012259880199082314,9.769453752897796e-07,0.014700780622661114,0.010899025385105421,7.775091975259007e-07,0.013346800580620766,0.009907883325857776,6.671827944433901e-07,0.01233707182109356,0.009166772137322123,6.044432405853402e-07,0.011564048007130623,0.008599150415864728,5.670047165427727e-07,0.010961669497191906,0.008154303375040256,5.436744880042146e-07,0.0104851508513093,0.0077984134725753275,5.292038470161096e-07,0.010103665292263031,0.0075084373709701354,5.2063166006432e-07,0.009794121608138084,0.007268921797355962,5.154251451497765e-07,0.009538078680634499,0.00706967870364823,5.114737851348789e-07,0.009322556667029858,0.006903511686398397,5.077376758990443e-07,0.009140033274888992,0.0067646932522101065,5.03991570684661e-07,0.008985800668597221,0.006648439019622784,5.002157428306904e-07,0.008856050670146942,0.006550748477734271,4.963966353599673e-07,0.008747318759560585,0.006468237739884191,4.926194847439585e-07,0.008656417950987816
428,final,proj_out,Vertical,1,0.20828232311067127,0.006740049658360056,0.3945064842700958,0.09139991078584914,6.989737644076136e-05,0.11048170924186707,0.07544994590774415,1.935772265263875e-05,0.0858859270811081,0.06713559336605526,1.7873443740406863e-05,0.07777571678161621,0.060675613759529026,1.7462165643279095e-05,0.07165849208831787,0.055457266845873425,1.707392585172104e-05,0.0666995495557785,0.051186510435645545,1.6603865847168703e-05,0.06258540600538254,0.04766080918766204,1.606675549234016e-05,0.05912746489048004,0.04473082815843915,1.5497228731569503e-05,0.05619668960571289,0.042282161968094964,1.4923675717071697e-05,0.053696587681770325,0.04022484133759188,1.4364680926030569e-05,0.05155130475759506,0.03848699604471525,1.3831169366544024e-05,0.04969969391822815,0.03701074486450544,1.3328971305997354e-05,0.04809201508760452,0.0357492778391119,1.2860745856169885e-05,0.046687688678503036,0.034664680737824666,1.2427188146417215e-05,0.04545361548662186,0.03372621595386475,1.202780028391781e-05,0.044362787157297134,0.03290894710355335,1.166134311447398e-05,0.04339312016963959,0.03219263441860676,1.1326130579413128e-05,0.04252655804157257,0.03156083290066038,1.1020201879242176e-05,0.04174824804067612,0.031000167249687134,1.074148311533681e-05,0.041045963764190674
428,final,proj_out,Horizontal,1,0.18179329461048518,0.004197466123486435,0.3465271592140198,0.09386137790150112,2.4047251137911955e-05,0.10556520521640778,0.08365307819275629,4.815086095364186e-06,0.0890122801065445,0.07751028405295478,3.811439105450264e-06,0.0824132114648819,0.0724901014140674,3.373421688973374e-06,0.07700064778327942,0.06828462391618699,3.1611340512276423e-06,0.0724111795425415,0.0647352986510784,3.0806430523626225e-06,0.06850853562355042,0.061725807509252,3.07822784174373e-06,0.06518524140119553,0.05916353457030796,3.1204217970363945e-06,0.062349896878004074,0.05697308865094942,3.1859679246450873e-06,0.06013399735093117,0.05509258333652738,3.26135094472134e-06,0.05827018618583679,0.05347103371270119,3.338170098568307e-06,0.05671348050236702,0.05206635801328553,3.411442364522682e-06,0.05542004853487015,0.0508437744445271,3.4784661772908494e-06,0.054281219840049744,0.04977450034921131,3.538010992058534e-06,0.053273919969797134,0.048834691799822305,3.5897572232795936e-06,0.05237893760204315,0.04800456833271753,3.6339380797516217e-06,0.05158022791147232,0.04726769940720664,3.6710877823091656e-06,0.05086435750126839,0.04661041829321119,3.701883849704367e-06,0.05022004246711731,0.04602133127905074,3.727055691145993e-06,0.04963774234056473
428,final,proj_out,Gaussian,1,0.1059427076270656,0.001622673499762295,0.2074102908372879,0.056473632417027915,1.462799856458679e-05,0.06296772509813309,0.048591696908549656,8.152881597683474e-06,0.054361049085855484,0.04353655076452664,6.731874424244711e-06,0.04873764514923096,0.039799112353533034,5.857920065563841e-06,0.04427741467952728,0.03697384391275663,5.319450772392249e-06,0.04133524000644684,0.0348036674753068,4.9898828229628385e-06,0.039184823632240295,0.03310953725188497,4.785385086310028e-06,0.037485718727111816,0.03176626048627354,4.655152502966697e-06,0.03612441569566727,0.030685903622754036,4.569438333210997e-06,0.0350329615175724,0.02980586960320435,4.51078651423432e-06,0.034205466508865356,0.029080762808758116,4.468810971524276e-06,0.0335223563015461,0.02847702449394597,4.437230914575825e-06,0.03295235335826874,0.02796941374739011,4.412200863105184e-06,0.032471753656864166,0.027538671379997617,4.391357901807859e-06,0.03206241875886917,0.027169931709529863,4.373256367029707e-06,0.03171037882566452,0.026851611123198553,4.3570143116478395e-06,0.03140479326248169,0.026574615004753308,4.342100228163741e-06,0.03113723360002041,0.026331751474312375,4.3281981925683495e-06,0.030901063233613968,0.026117298072056164,4.315121309608001e-06,0.030691057443618774
345,initial,patch_embed,Vertical,1,0.43707290989538977,0.46220046221038763,3.8341639041900635,0.08431931029236506,1.0774219789638806e-05,0.09118165820837021,0.0838912847259688,1.1678880061386707e-05,0.09149670600891113,0.08402773087459897,1.2447360343447392e-05,0.09276486188173294,0.0842383231908556,1.3663937438303366e-05,0.09368064999580383,0.08441835819255739,1.4503563568880577e-05,0.09348740428686142,0.08466458947412552,1.5402751714167807e-05,0.09350398182868958,0.08496634059009098,1.677590892543617e-05,0.09377029538154602,0.08523577132395335,1.806541368992229e-05,0.0935453474521637,0.08540925785662636,1.868332941647697e-05,0.093797966837883,0.08548040569774688,1.8743202106140905e-05,0.09457417577505112,0.08548877861291643,1.865199483397591e-05,0.09500762075185776,0.08547124727850869,1.8572625401463064e-05,0.09516185522079468,0.08544256715547471,1.8451799722169394e-05,0.09507062286138535,0.08540573597900451,1.821324428459176e-05,0.09476344287395477,0.0853633141470334,1.7845006755292197e-05,0.09429894387722015,0.08531982569940506,1.7391568359931554e-05,0.0937601700425148,0.08527933486870357,1.6912400485169536e-05,0.09322895854711533,0.08524332230999357,1.6450425719636972e-05,0.09303843975067139,0.08521118133314072,1.6025834129726614e-05,0.09365825355052948
345,initial,patch_embed,Horizontal,1,0.6154715360866653,0.7292136041105115,4.143645286560059,0.09036058152005785,1.1370820696334108e-06,0.09279179573059082,0.08924422460416007,3.364939555792889e-07,0.09059184044599533,0.0889895489764592,2.802722268242759e-07,0.09055355191230774,0.08892581966661271,2.7575136749109917e-07,0.09053102880716324,0.0889529421452492,2.866474587325459e-07,0.09050282835960388,0.08902246765201054,3.237057947902212e-07,0.09051119536161423,0.08908813458586497,3.69565636938572e-07,0.0904758870601654,0.08913006302383211,4.001950653964718e-07,0.09052402526140213,0.08915366918321639,4.1839304186352187e-07,0.09080568701028824,0.08917747402474993,4.503553752028479e-07,0.09107572585344315,0.08921010945997541,5.042929934048867e-07,0.09127557277679443,0.08924824862726151,5.794939680252476e-07,0.09153754264116287,0.08928565444454314,6.813324547615556e-07,0.09202085435390472,0.08931643515825272,8.033760575658774e-07,0.09246271848678589,0.08933740038247336,9.139966460412992e-07,0.09274902939796448,0.0893498385945956,9.839836075642603e-07,0.09281377494335175,0.08936017325946263,1.0118321389159682e-06,0.09269066154956818,0.0893784249349246,1.0191852367252257e-06,0.09264926612377167,0.08940931042981526,1.030185414847021e-06,0.09253304451704025
345,initial,patch_embed,Gaussian,1,0.3789368404282464,0.3082928412228364,2.7678017616271973,0.06307382757465045,5.007008101347628e-06,0.06925222277641296,0.06282026302956399,4.586357922893879e-06,0.0686260387301445,0.06297105201889598,4.646380581107261e-06,0.07004697620868683,0.06329573022704275,5.321960282611365e-06,0.07191653549671173,0.06365211556355159,5.965888243245023e-06,0.07260707020759583,0.06389445823336405,6.3422197734899676e-06,0.07292446494102478,0.06401794882757324,6.659907484973288e-06,0.07295051217079163,0.06412282012521274,7.068323091277486e-06,0.07247352600097656,0.06423883004084466,7.42563187500357e-06,0.0715939849615097,0.06439080538730772,7.778226226721901e-06,0.07149553298950195,0.06461577939372214,8.326978454098097e-06,0.07153153419494629,0.06489841498079754,9.110933184234663e-06,0.07229476422071457,0.06519140711142904,1.0002568918610645e-05,0.07309050112962723,0.0654525477734823,1.0842613313973068e-05,0.07372179627418518,0.06566045965467181,1.152722612942077e-05,0.07421406358480453,0.06581370538425824,1.2028236151673736e-05,0.07488474994897842,0.06592104211449623,1.2364292953098006e-05,0.0753827765583992,0.06599317692101948,1.256854910904283e-05,0.07574871182441711,0.06603907125573309,1.2671680258515627e-05,0.07601507008075714
345,0,block_output,Vertical,1,0.6348300849397978,1.073754288860794,4.3318562507629395,0.09441079873414267,6.0280690006015526e-05,0.1094689816236496,0.08048090019396373,3.528352968640946e-05,0.0955362319946289,0.07363343333441114,3.188221298212822e-05,0.08785926550626755,0.06942080191913105,3.0058083113793292e-05,0.08298693597316742,0.06651563699992877,2.8350349919512922e-05,0.07958078384399414,0.06443512847735769,2.6830487805675972e-05,0.07711547613143921,0.06293881246967921,2.5588997883053434e-05,0.07530802488327026,0.06186076401481553,2.4624036884928312e-05,0.07397016137838364,0.06107443192648509,2.3893870085337465e-05,0.07296289503574371,0.06048614265663283,2.33504417669993e-05,0.072181336581707,0.06003036385490781,2.295121512659575e-05,0.07155025750398636,0.0596634525628317,2.2661601908107546e-05,0.07101981341838837,0.05935733984150584,2.2454344325231104e-05,0.07055903971195221,0.05909430200145358,2.2308554767802542e-05,0.07014939934015274,0.05886312852066661,2.2208556162579127e-05,0.06977972388267517,0.05865655313172038,2.2142590223624792e-05,0.0694429948925972,0.058469685888479624,2.2101576547482347e-05,0.06913439929485321,0.05829910839360858,2.2078307875855636e-05,0.06885029375553131,0.05814230548483985,2.206693231504858e-05,0.06858783960342407
345,0,block_output,Horizontal,1,0.39866097011263407,0.318352488790998,3.144955635070801,0.10189605847237602,4.533523282059668e-05,0.11683127284049988,0.087695431614679,1.0631211978188251e-05,0.09473562240600586,0.08101145118948012,3.684092274879017e-06,0.08528755605220795,0.07745857844277033,2.0580600146941776e-06,0.08052853494882584,0.0753270916285969,1.5747693123388557e-06,0.07793691009283066,0.0739757480129363,1.4096630458509324e-06,0.07634631544351578,0.07309985007085497,1.3591977944739197e-06,0.07542211562395096,0.0725167410241233,1.3562485975013692e-06,0.07490694522857666,0.07211103491366856,1.3741998024150303e-06,0.0745716392993927,0.071812257052414,1.4014274233564754e-06,0.07434017956256866,0.07157925930288103,1.4324975233506736e-06,0.0741690844297409,0.07138868019221321,1.4647230965448184e-06,0.07403495162725449,0.07122722894899429,1.496758367071746e-06,0.07392562925815582,0.07108705431695968,1.5279569187135162e-06,0.07383459806442261,0.07096323122580846,1.5580415710872299e-06,0.07375795394182205,0.07085246202491578,1.5869404683463154e-06,0.07369294762611389,0.07075241988613493,1.6147092275177289e-06,0.07363749295473099,0.07066140785103753,1.6414731143440696e-06,0.07358992099761963,0.07057814323712909,1.6673566528762175e-06,0.07354887574911118
345,0,block_output,Gaussian,1,0.3906977617787936,0.41469073047664257,3.0818724632263184,0.06600405435476984,2.652295928612764e-05,0.07937566936016083,0.05744585122853991,1.1523377186743185e-05,0.0641329288482666,0.053422813436814716,8.200589392758428e-06,0.059733130037784576,0.05133236294227933,7.277892095686086e-06,0.05754055455327034,0.05010539795907717,6.959269019739921e-06,0.05631764233112335,0.049284191772578256,6.816614246760858e-06,0.055530332028865814,0.04867368883320263,6.735498924360093e-06,0.05496034771203995,0.04818574782638323,6.678868189148637e-06,0.0545123815536499,0.04777727536265812,6.633797995800388e-06,0.05414041131734848,0.047425475858506705,6.596774109511622e-06,0.05382074415683746,0.04711729767067092,6.567705696842071e-06,0.053541190922260284,0.04684473231198296,6.5472629172388625e-06,0.053295403718948364,0.046602545690441886,6.535619409669491e-06,0.05307888612151146,0.04638692198528184,6.53195616057796e-06,0.05288689583539963,0.046194629536734685,6.534731290483818e-06,0.05271444097161293,0.04602270969559276,6.542310939999477e-06,0.05255695432424545,0.04586843265190957,6.553279531377866e-06,0.05241035670042038,0.04572928436691799,6.566405212889715e-06,0.05227094143629074,0.04560296166510809,6.580775151567507e-06,0.05213592201471329
345,1,block_output,Vertical,1,0.9777815942726438,2.2804078089185364,6.237441539764404,0.1137610458665424,0.00018288223206407864,0.15563656389713287,0.0849199787018791,6.646029367633738e-05,0.11225752532482147,0.06808419578841754,3.7455931751156495e-05,0.08956928551197052,0.0573352092788333,2.5370667201121123e-05,0.07481822371482849,0.05009798108348771,1.9370660747090467e-05,0.06478787958621979,0.04499993709817765,1.6003795240682403e-05,0.057744622230529785,0.04128596133419445,1.3970686124477553e-05,0.052678924053907394,0.03851521961272709,1.269266899568923e-05,0.04895107075572014,0.03641036894941141,1.1861957131270593e-05,0.04614159092307091,0.034786788864977776,1.1302903890416389e-05,0.04398148134350777,0.03351716230076457,1.0914829082545865e-05,0.04229499027132988,0.032510720607307225,1.063786486072548e-05,0.040959712117910385,0.03170112097665431,1.0434772004985176e-05,0.039886921644210815,0.031039341485926082,1.0281784354563953e-05,0.03901152312755585,0.03048915359827261,1.0163568748484646e-05,0.03828568756580353,0.030023929677785388,1.0070158626588402e-05,0.03767424449324608,0.029624236777188288,9.99501062486708e-06,0.037151359021663666,0.029275941145088937,9.93354344151483e-06,0.03669805824756622,0.028968730084006748,9.882256580044088e-06,0.03630048409104347
345,1,block_output,Horizontal,1,0.12988135242272938,0.0034922303903289448,0.40117689967155457,0.06893325910445243,3.944728824696144e-05,0.08300282806158066,0.056971167110734515,9.205583543352509e-06,0.0650847852230072,0.051804765881527035,4.872396129249201e-06,0.057352498173713684,0.049084201395984677,3.9273171155198165e-06,0.053757235407829285,0.047422525783379875,3.678619825205615e-06,0.05174025148153305,0.046296885444058314,3.6263156083321e-06,0.05064123868942261,0.04547406987301887,3.631604144609895e-06,0.04985359311103821,0.04483903920839703,3.656155589887508e-06,0.04925888031721115,0.04433252869380845,3.6886922798492365e-06,0.048796623945236206,0.043921021123727165,3.7217550235266843e-06,0.048435650765895844,0.043583683373909145,3.75148436474975e-06,0.048155032098293304,0.04330553628859066,3.776642484505689e-06,0.047936633229255676,0.04307464776294572,3.797271618030994e-06,0.0477646067738533,0.042881370418601565,3.8138387905585883e-06,0.047626372426748276,0.04271806794263068,3.826891188597518e-06,0.04751266911625862,0.04257879920658611,3.836969890265739e-06,0.04741695895791054,0.04245895082278857,3.844566511122844e-06,0.04733465239405632,0.04235493663757566,3.85011517997204e-06,0.047262538224458694,0.042263944707219565,3.853996876215574e-06,0.0471983328461647
345,1,block_output,Gaussian,1,0.4257994243313396,0.45807010002686327,2.9736168384552,0.07021674182679918,5.566065849246093e-05,0.08550888299942017,0.05452848740276836,1.8921374421698206e-05,0.06391622871160507,0.046568938782290806,1.0008666376658865e-05,0.054149821400642395,0.04198150324916083,6.989291726589975e-06,0.04831988364458084,0.039041336862340806,5.706798728002495e-06,0.04458807781338692,0.037001280321015254,5.075125164287455e-06,0.04202607646584511,0.03550083302552738,4.732770488804229e-06,0.04015833139419556,0.03434556574812011,4.534395887297761e-06,0.03873010724782944,0.03342422228010874,4.412596460010907e-06,0.037681061774492264,0.03266995122271871,4.333606709676196e-06,0.03704468160867691,0.03204069567459916,4.280132753760156e-06,0.03650762513279915,0.031508671681559276,4.2427925895614934e-06,0.03604818135499954,0.03105439656665401,4.216108300707273e-06,0.03565184399485588,0.030663355120590756,4.196851451451052e-06,0.03530708700418472,0.030324271894873134,4.183127376029438e-06,0.035004809498786926,0.030028137954927626,4.173974720883529e-06,0.03473842889070511,0.02976760652566713,4.1691432898852e-06,0.03450348973274231,0.029536612036209258,4.1687440376543134e-06,0.03429684042930603,0.029330202570510288,4.172726284081915e-06,0.034115586429834366
345,2,block_output,Vertical,1,0.11990595821823392,0.007182390942489801,0.5032866597175598,0.03439880514310466,4.552992532186992e-05,0.05090656131505966,0.02210503089286032,8.706257050553729e-06,0.03142566233873367,0.01817193381961376,5.8428959494196625e-06,0.025332972407341003,0.016183821942716364,5.057689258048588e-06,0.022535603493452072,0.014953548546939616,4.689585266161302e-06,0.021323727443814278,0.014109014252585077,4.489086082803677e-06,0.020404132083058357,0.013484530416982514,4.362396543302379e-06,0.019687578082084656,0.012996417706802724,4.280101257096591e-06,0.019143491983413696,0.012603488469880724,4.22487304698785e-06,0.01872961036860943,0.012283829883450554,4.1838986893960985e-06,0.018402941524982452,0.012021348708205752,4.149851149319433e-06,0.018138352781534195,0.011803223603656368,4.119882148959638e-06,0.017920590937137604,0.011620043658666195,4.093023324892448e-06,0.017738450318574905,0.01146498607796809,4.069004398540592e-06,0.017583398148417473,0.011333002797549679,4.0480104776187294e-06,0.017449524253606796,0.011220228193061692,4.030551090537821e-06,0.01733308658003807,0.011123564242134018,4.017191292220587e-06,0.017231540754437447,0.011040375730584539,4.008245365031008e-06,0.017142733559012413,0.010968289944151092,4.003496369164111e-06,0.01706448197364807
345,2,block_output,Horizontal,1,0.11384537845613464,0.002558433640673431,0.37170782685279846,0.04680949006052244,5.602976586890768e-05,0.06188291311264038,0.032455454979624064,8.217408161768389e-06,0.0392843559384346,0.02745603211224079,3.7796189137271974e-06,0.03203670680522919,0.02519609539636544,3.047877495900684e-06,0.028982188552618027,0.023918403608221856,2.85876214277262e-06,0.027451973408460617,0.02307964858436395,2.7975441671283396e-06,0.026590360328555107,0.022482040766922253,2.762197671359751e-06,0.026066627353429794,0.022040851916822177,2.7415930211196647e-06,0.025669235736131668,0.021705211805445806,2.7300393057293503e-06,0.02535993978381157,0.02144234902447178,2.7198085920812953e-06,0.025114797055721283,0.021230510982965665,2.7073846662680433e-06,0.024917058646678925,0.02105612142218484,2.6943998178745417e-06,0.024752885103225708,0.020910756632922186,2.6831583733063838e-06,0.024613410234451294,0.020788251437128535,2.6740870950802693e-06,0.02449348382651806,0.02068381942808628,2.666473523460015e-06,0.024389807134866714,0.020593831226939245,2.659135723801166e-06,0.02430007979273796,0.020515655211749532,2.650926471201093e-06,0.024222537875175476,0.020447462590204343,2.641305456748408e-06,0.02415570616722107,0.020387968196282313,2.630531337952114e-06,0.024098306894302368
345,2,block_output,Gaussian,1,0.8763344983259836,1.7443057607254642,5.708287239074707,0.08287147278823549,0.0001471181414619393,0.11377774178981781,0.057372407662490056,3.345224933430917e-05,0.07144497334957123,0.044511808407685115,1.3358093491570937e-05,0.053063053637742996,0.037182629285823734,7.1342717039011e-06,0.04379066824913025,0.03267161778750874,4.9239492803599064e-06,0.03822336718440056,0.029656856956463012,3.9897082447711514e-06,0.034586917608976364,0.027496105414770898,3.5256053940880525e-06,0.032021552324295044,0.02586434849552692,3.265171142218687e-06,0.03018743172287941,0.024584194231364462,3.102921854548631e-06,0.029075341299176216,0.023550625979190783,2.990204036023577e-06,0.02815842255949974,0.022697294219618754,2.9034974294147024e-06,0.027385670691728592,0.021980050980808245,2.8314980271859996e-06,0.026723412796854973,0.02136816303171809,2.769012772616927e-06,0.02614857442677021,0.020839448574753033,2.7139552186524684e-06,0.025644909590482712,0.020377474349169505,2.6656305685923694e-06,0.02520056441426277,0.01996987596863792,2.6236977623642844e-06,0.0248064324259758,0.019607270225172953,2.5875908649424414e-06,0.0244549959897995,0.019282450943830468,2.5564132444177075e-06,0.02413986623287201,0.01898976434613504,2.5291559163608848e-06,0.023855697363615036
345,3,block_output,Vertical,1,0.25448195210524965,0.14113286403461875,1.9809377193450928,0.04243386581185318,5.786845912672123e-05,0.05850765109062195,0.026690172327179757,9.349576630462856e-06,0.03339141234755516,0.02047471223132951,4.165218021171169e-06,0.025018012151122093,0.017068393070191618,2.8926579599225823e-06,0.02191440388560295,0.014824107008439207,2.3631768261243526e-06,0.019782237708568573,0.013199979572423868,2.0699595365583585e-06,0.01815374195575714,0.011963857056957388,1.8843871495470903e-06,0.016865355893969536,0.010992352939432576,1.7604574040085766e-06,0.015820709988474846,0.010210470089481937,1.6745765431578138e-06,0.014957544393837452,0.00956930381260694,1.6116317592373813e-06,0.01423405297100544,0.009035338315048389,1.5629244714053176e-06,0.01362130418419838,0.008584598700205484,1.524369189537667e-06,0.01309817936271429,0.00819947925351915,1.4938882496275075e-06,0.012648491188883781,0.007866837683000736,1.469993448386783e-06,0.01225949265062809,0.007576721705614574,1.4513842936652219e-06,0.011921045370399952,0.007321470077075656,1.4368272841312715e-06,0.011625101789832115,0.007095125319051837,1.4251457902985338e-06,0.011365186423063278,0.006893050561230334,1.4152596404673847e-06,0.011135866865515709,0.0067116884839913205,1.4063333721157828e-06,0.010932357050478458
345,3,block_output,Horizontal,1,0.6123545272719293,0.8545350439708079,4.094304084777832,0.09821858517234287,0.0002504823218568799,0.1340656578540802,0.05920702343185743,6.637697047901664e-05,0.0757535994052887,0.04039996436664036,1.708129903870415e-05,0.050473302602767944,0.03155907412015256,6.75862799112788e-06,0.03915473818778992,0.026803253100268425,4.233979164374109e-06,0.033191978931427,0.023737051154649448,3.306982057777639e-06,0.02944967709481716,0.02150485836087711,2.828478473531796e-06,0.02675536647439003,0.01977409478572626,2.5268790395890337e-06,0.024656333029270172,0.018385541758366993,2.313074284663085e-06,0.022950805723667145,0.017246847883576437,2.150181892532314e-06,0.021531064063310623,0.016297598265939288,2.020485765191339e-06,0.02033078297972679,0.015495583193287962,1.9143959253397553e-06,0.019304994493722916,0.014810168406083471,1.8261452884231981e-06,0.018421167507767677,0.014218573916762595,1.7519480532085328e-06,0.01765470951795578,0.013703561668831205,1.689162448840459e-06,0.016986403614282608,0.013251883362139028,1.635845977586911e-06,0.01640089973807335,0.01285320365180572,1.5905026438201689e-06,0.01588572934269905,0.012499337764604697,1.5519330632822762e-06,0.015478634275496006,0.01218371455454164,1.5191400702577624e-06,0.015158634632825851
345,3,block_output,Gaussian,1,0.10481937205980695,0.005441007353844891,0.41603416204452515,0.03353673606992714,3.145798145248628e-05,0.046038832515478134,0.022849974119000964,5.24665476683506e-06,0.02755097486078739,0.01836651454250964,2.4607757568820666e-06,0.021267767995595932,0.015784095869296126,1.686621508023234e-06,0.01867309957742691,0.014097609705040379,1.3847121358929717e-06,0.017126768827438354,0.012908319957436078,1.2193076027159366e-06,0.01599341444671154,0.012032857637793298,1.1130614401389698e-06,0.01513696275651455,0.011369912855563656,1.0440072582743992e-06,0.014478067867457867,0.010854770281603412,9.958743726967965e-07,0.013958625495433807,0.01044532053527378,9.60199838290696e-07,0.013540472835302353,0.010113589480401032,9.330273492123891e-07,0.01319747045636177,0.009841021475574327,9.116700014132502e-07,0.01291088666766882,0.009614953904279641,8.939651956415152e-07,0.012668079696595669,0.009425936540263512,8.78732007559226e-07,0.012460335157811642,0.009266545146053273,8.65520332737499e-07,0.012280394323170185,0.00913077640155005,8.541789465421173e-07,0.012121676467359066,0.00901358477061703,8.446983541743896e-07,0.011978881433606148,0.008910783374356844,8.371612589668851e-07,0.011849366128444672,0.008819276784797983,8.315788394506484e-07,0.011733404360711575
345,4,block_output,Vertical,1,0.22282241071973527,0.08204048896986989,1.466855764389038,0.050001126906228446,6.487375138879904e-05,0.06820487231016159,0.032228836907990395,1.2111140838236177e-05,0.03983338922262192,0.024139502810107336,5.495385664320139e-06,0.02910284698009491,0.019462274860531564,3.51105632042971e-06,0.023805290460586548,0.016398276749347882,2.6308129487791274e-06,0.020392373204231262,0.014218546627532868,2.139411981316247e-06,0.01796446181833744,0.01258424177233662,1.8320105548085018e-06,0.01625923439860344,0.011315589120227194,1.6280767052554715e-06,0.015018390491604805,0.010305622903009256,1.4855125387720942e-06,0.014006199315190315,0.009485563898961696,1.3807410915763941e-06,0.01316378079354763,0.008809055031705943,1.3006918762583474e-06,0.012452306225895882,0.008243714414891742,1.2377706487925303e-06,0.011844905093312263,0.007766209609274354,1.1872594167198874e-06,0.011322100646793842,0.007359262452357345,1.1460548970516873e-06,0.010869252495467663,0.007009770292493086,1.1120256020794754e-06,0.010475000366568565,0.00670760093138568,1.0836520941458264e-06,0.01013031043112278,0.006444791287538551,1.0598177569287077e-06,0.009827854111790657,0.0062150052112955895,1.0396822900519554e-06,0.009561587125062943,0.006013146904666746,1.0225980199242225e-06,0.009326482191681862
345,4,block_output,Horizontal,1,0.4083052445498724,0.3174980286101254,2.7957470417022705,0.07905881213290351,0.00022432940097617284,0.10896335542201996,0.04670915640299282,3.8059413435827636e-05,0.057838279753923416,0.033168284725102165,1.0277732126951681e-05,0.03945096582174301,0.026298299136142882,4.579625698004379e-06,0.030482342466711998,0.02213486044534615,2.817605865421678e-06,0.025572145357728004,0.019300818029377196,2.084104546817541e-06,0.022481102496385574,0.01721877275064351,1.7061389142274114e-06,0.020184094086289406,0.015612136040415083,1.4795999475205277e-06,0.018437687307596207,0.01433257736443054,1.3299674440054446e-06,0.017043378204107285,0.013291719886991713,1.2250218541552548e-06,0.015907280147075653,0.012432029515150048,1.1485975086870557e-06,0.01496836356818676,0.011713492935375562,1.091529516380754e-06,0.014184460043907166,0.011106965501630118,1.0480254904802157e-06,0.013524719513952732,0.010590560571660124,1.0141305274034315e-06,0.012965478003025055,0.01014749455960497,9.870826661529863e-07,0.012488084845244884,0.009764705725487263,9.649533346785981e-07,0.012077723629772663,0.009431894521214186,9.463927787746808e-07,0.011722533032298088,0.009140840753735531,9.304422941191268e-07,0.011412909254431725,0.008884902718284774,9.164193683955739e-07,0.011141018010675907
345,4,block_output,Gaussian,1,0.08410067507435405,0.0021099756612242555,0.24422255158424377,0.02868958411826974,2.4411860878222066e-05,0.03901366889476776,0.018795519830688598,4.302030494235095e-06,0.023062093183398247,0.01451200239419464,1.7742880379113984e-06,0.017432356253266335,0.012153639369422481,1.1266319601611049e-06,0.014432959258556366,0.010666866491120013,8.854070431674272e-07,0.01301142480224371,0.009655173269233533,7.721389514435034e-07,0.012039456516504288,0.008933372573838347,7.092187032002658e-07,0.011337121948599815,0.008399256867253117,6.695812334119493e-07,0.010810468345880508,0.007993220166850185,6.419355328691163e-07,0.010404849424958229,0.007678510547275581,6.218220987437075e-07,0.010087316855788231,0.007430711339804388,6.071383688542095e-07,0.009834526106715202,0.0072328622216388345,5.961046769734823e-07,0.009628639556467533,0.007072967358879627,5.872174285642635e-07,0.009456987492740154,0.006942191989057594,5.794059278738385e-07,0.009311256930232048,0.006833867916452979,5.721614678375634e-07,0.009187083691358566,0.006743093050779804,5.65523443521142e-07,0.00908263772726059,0.006666499796131301,5.597433158155965e-07,0.00899617001414299,0.006601783254789928,5.549424095636863e-07,0.008924979716539383,0.006547172280353686,5.51099762358659e-07,0.0088662039488554
345,final,proj_out,Vertical,1,0.19025946668689214,0.005252353330273649,0.3505695164203644,0.08908264126096453,5.759088546700625e-05,0.10549577325582504,0.07441902302560352,2.0187199565921285e-05,0.08595099300146103,0.06620346494610348,1.7776153117122646e-05,0.07762298732995987,0.05985419730108882,1.6944217677551232e-05,0.07135432958602905,0.05476382043626574,1.636858220320662e-05,0.06634290516376495,0.05062362977436611,1.5815051618729216e-05,0.06223972886800766,0.04722355867898653,1.525051598811125e-05,0.05883147194981575,0.044410311631740085,1.4686206970729426e-05,0.05597126483917236,0.042067147850517246,1.4136703796728914e-05,0.05355042591691017,0.04010299947999772,1.361221383602594e-05,0.051485322415828705,0.038445964130380796,1.3118629515995073e-05,0.04971032217144966,0.03703888130211641,1.2658788435905952e-05,0.04817338287830353,0.03583609247727999,1.223355359324891e-05,0.04683300480246544,0.03480098192535695,1.1842518711989227e-05,0.04565594345331192,0.0339041022909066,1.1484482849960712e-05,0.044615428894758224,0.03312170842573756,1.1157777503412232e-05,0.04368985444307327,0.03243461813008974,1.0860414187035136e-05,0.04286167025566101,0.03182730862190799,1.059027372837511e-05,0.042116597294807434,0.03128719711232753,1.034516102498628e-05,0.04144292324781418
345,final,proj_out,Horizontal,1,0.19451610495646796,0.004755553078469548,0.34943562746047974,0.09917340806079289,3.921575571356719e-05,0.11714714765548706,0.08757603475971827,6.7214455727294015e-06,0.09262599050998688,0.08106008349429994,4.885190923611841e-06,0.08576694130897522,0.07575171594581907,4.03071764546152e-06,0.08019524812698364,0.07133182788652087,3.564887058891928e-06,0.07548004388809204,0.06761557407795436,3.3131599550561168e-06,0.07148481905460358,0.06446546138752074,3.181329800352998e-06,0.0681329220533371,0.06177713142500983,3.11848594474503e-06,0.06542254984378815,0.059469772118424614,3.0966444558470013e-06,0.06310361623764038,0.057479548667158396,3.099697041444576e-06,0.06110817939043045,0.05575515666887874,3.117840500467611e-06,0.05938190594315529,0.054254783110486135,3.1447669728042912e-06,0.05788091570138931,0.05294398307090714,3.176252360221456e-06,0.05656939744949341,0.05179415867915229,3.2094119485522776e-06,0.05541786551475525,0.05078142254598557,3.242279615710001e-06,0.054401859641075134,0.049885743548945774,3.2735503035163684e-06,0.05350495129823685,0.04909027781751421,3.302403694927184e-06,0.052749812602996826,0.0483808270286,3.3283785701590124e-06,0.05206965655088425,0.047745411180787616,3.3512661431449588e-06,0.05145466327667236
345,final,proj_out,Gaussian,1,0.10350416642096308,0.0015893175392017055,0.20070579648017883,0.05499026161574182,1.4944823854241168e-05,0.06365878880023956,0.0474475570141323,7.864447263335795e-06,0.05349624156951904,0.04282626746192811,6.578463928883127e-06,0.04818576201796532,0.039471216795463414,5.883402288913692e-06,0.04410561919212341,0.036929784313080805,5.4720252765204315e-06,0.04169391095638275,0.03495640644714946,5.213596438640358e-06,0.03980498015880585,0.033394531805127387,5.0397293251710225e-06,0.03829680755734444,0.03213847310297073,4.914501680056259e-06,0.03707089275121689,0.031114547794300413,4.818773739121971e-06,0.036058343946933746,0.030270036723878648,4.742072493278224e-06,0.03521035611629486,0.029566330953486382,4.678464208948847e-06,0.034491751343011856,0.028974556999783668,4.6244480387996755e-06,0.03387664258480072,0.0284727243558755,4.577873818835824e-06,0.033345598727464676,0.02804382884549716,4.537320482981975e-06,0.03288375586271286,0.02767455985858327,4.501818801306513e-06,0.03247954696416855,0.027354393065685316,4.4706352067236025e-06,0.03212381899356842,0.027074938196511494,4.443196096240544e-06,0.03180922195315361,0.02682945788616226,4.4190223774006175e-06,0.03152978792786598,0.02661251093423556,4.397708126825649e-06,0.031280603259801865
249,initial,patch_embed,Vertical,1,0.30633187849843313,0.22567938282919892,2.80950665473938,0.08401607911265085,1.4126646967793762e-05,0.09266870468854904,0.08400227697122664,1.59988338225505e-05,0.09310232847929001,0.08418923971198854,1.719584385958496e-05,0.09311862289905548,0.08443391204826416,1.804882643295485e-05,0.09239596128463745,0.08458611534701453,1.8429999369550563e-05,0.09286632388830185,0.08473709367570423,1.900668693894417e-05,0.09351113438606262,0.08481819501944951,1.8935729391333774e-05,0.0937025398015976,0.08480716153742775,1.818014911394479e-05,0.09348435699939728,0.08473995824654897,1.71442334426398e-05,0.09311322867870331,0.08466963907555929,1.6210261725818253e-05,0.09276765584945679,0.08462672846184836,1.5512327355980563e-05,0.09253737330436707,0.08461505434815846,1.5027340941824345e-05,0.09259180724620819,0.08462877003919511,1.470899047834254e-05,0.09298796951770782,0.0846611780543176,1.451933377343772e-05,0.09345042705535889,0.08470592754227775,1.4426464408280023e-05,0.09394239634275436,0.08475746569179353,1.440413230308848e-05,0.09443484246730804,0.08481150392502074,1.4431791855069637e-05,0.09490758180618286,0.08486510068178177,1.4493872266594835e-05,0.09534871578216553,0.08491648189605229,1.4578892127617835e-05,0.09575280547142029
249,initial,patch_embed,Horizontal,1,0.4921934746560596,0.4424242485295443,3.4802448749542236,0.09019014239311218,1.0912593173998063e-06,0.09291593730449677,0.08947479180873387,5.579352896148748e-07,0.0911959633231163,0.08927304593343584,5.711803415648597e-07,0.0910210907459259,0.08921633424266937,6.794459204606447e-07,0.09163111448287964,0.0891919554699035,6.949172560218304e-07,0.09173938632011414,0.08917288671410273,6.436582011684636e-07,0.0918213427066803,0.08918881262578661,6.760583842114854e-07,0.0921342670917511,0.08923051565412492,7.883961101622012e-07,0.0926177054643631,0.08927283684412639,9.017226872453856e-07,0.09293127804994583,0.08930895501185977,9.697533028324492e-07,0.09295079112052917,0.08934560217081554,1.006558887356556e-06,0.09284812957048416,0.08938957668013042,1.0484002003509745e-06,0.09280592203140259,0.08944726238648097,1.104492114550617e-06,0.09277669340372086,0.08952640351795015,1.1676000695285373e-06,0.09265145659446716,0.08962445989960716,1.230137604702851e-06,0.09277908504009247,0.08972857857034319,1.2952648432749733e-06,0.09272214770317078,0.08981643546195257,1.3552100089128161e-06,0.09257147461175919,0.08986708521842957,1.3832279483580236e-06,0.09272956848144531,0.08988030609630403,1.3752611692994476e-06,0.09272181242704391
249,initial,patch_embed,Gaussian,1,0.2740755934445631,0.13149629515361852,1.856551170349121,0.06325980382306236,5.534128408834622e-06,0.07148583233356476,0.0641844172089819,7.959806031483523e-06,0.07195502519607544,0.06468327680513972,9.980255127815395e-06,0.07217597961425781,0.0650779368976752,1.2006900623254578e-05,0.07314515858888626,0.06525828860818393,1.2823358606664558e-05,0.07342521846294403,0.06532901472279004,1.2959084680944068e-05,0.07376447319984436,0.06534018473965782,1.2726396233687965e-05,0.07380501180887222,0.06530875694893655,1.2254903108942217e-05,0.07367947697639465,0.06524035027102819,1.1604076352928342e-05,0.07362417876720428,0.06513942080357718,1.082600197728445e-05,0.07341565936803818,0.06501268051446431,9.987074268714221e-06,0.07308956980705261,0.06487033675823893,9.16815075787727e-06,0.07269571721553802,0.06472522144516309,8.447787465196277e-06,0.072290800511837,0.06458986704311674,7.878394480817301e-06,0.07207556813955307,0.06447328225014702,7.473036944199059e-06,0.07195019721984863,0.06437944094576532,7.21107138090667e-06,0.07184992730617523,0.06430811003323585,7.055027088654682e-06,0.071773961186409,0.0642566926895626,6.965334779813328e-06,0.07171469926834106,0.06422170133344711,6.908346933055314e-06,0.07166305929422379
249,0,block_output,Vertical,1,0.16628402424237085,0.020373649686146616,0.8778135776519775,0.0817141171012606,4.840273701039192e-05,0.09654664993286133,0.07044764288834163,2.9774084074838793e-05,0.08135426044464111,0.06526316134702592,2.655685324632571e-05,0.07607558369636536,0.062484053214864124,2.492772489466536e-05,0.07319457083940506,0.06095110914773411,2.406760621994235e-05,0.07150430232286453,0.06002144332206438,2.3489042506909747e-05,0.07043103128671646,0.05938685289214528,2.3135385784308292e-05,0.0697031021118164,0.058913053678614755,2.2956310252805148e-05,0.06917530298233032,0.05853490572836664,2.2882712441380273e-05,0.06874647736549377,0.058217738060251115,2.2852873123161032e-05,0.06836690753698349,0.05794322739044825,2.2834349474105974e-05,0.06802113354206085,0.05770119794067882,2.2811404170849975e-05,0.06770400702953339,0.05748600441785086,2.278215143787305e-05,0.06745681166648865,0.057293863819232065,2.2752021027518937e-05,0.06729380786418915,0.057121240371276465,2.2724501139400314e-05,0.06715598702430725,0.05696519192249056,2.269928178281535e-05,0.06703974306583405,0.05682362018833085,2.2674724450321706e-05,0.06694290786981583,0.0566949164938359,2.2648894941671243e-05,0.06686385720968246,0.05657760586057391,2.2619863425079282e-05,0.0667998194694519
249,0,block_output,Horizontal,1,0.21208832259216007,0.054868546650609175,1.2009838819503784,0.09247700574379118,1.8804429003615904e-05,0.10360238701105118,0.08277738614687843,5.114726484004651e-06,0.0884380042552948,0.07766177907349571,2.3088067025521416e-06,0.0813480019569397,0.07484618952823063,1.7248985092633662e-06,0.07768695056438446,0.07328642668232085,1.6606641885613147e-06,0.07583142817020416,0.07241040077947435,1.696771299113276e-06,0.07514796406030655,0.071886060493333,1.739046236384685e-06,0.07470497488975525,0.07153615958633877,1.7708679051369811e-06,0.07437820732593536,0.07127611481008075,1.79437979231668e-06,0.0741090327501297,0.07106726652099973,1.8147783880949292e-06,0.07386971265077591,0.07089189108875063,1.8353301847216194e-06,0.07374528050422668,0.07074072554944054,1.8564849890444637e-06,0.07367714494466782,0.07060775184442127,1.8781132353902754e-06,0.07362264394760132,0.07048876465313018,1.900374575021282e-06,0.07357485592365265,0.0703807593811126,1.9233505930815713e-06,0.07352899014949799,0.0702816466726954,1.9467834175004254e-06,0.07348185777664185,0.07019015756391343,1.9700963347020366e-06,0.07343268394470215,0.07010563581235825,1.992697187546197e-06,0.07338283210992813,0.07002759417371145,2.014184161591776e-06,0.07333378493785858
249,0,block_output,Gaussian,1,0.17740083083746924,0.05298751757663356,1.1649448871612549,0.05967459230432435,1.9356384939425725e-05,0.06953825801610947,0.05242197144599188,7.560696559918517e-06,0.05950368940830231,0.049749446766717095,6.209278554191016e-06,0.05670414865016937,0.04851861469565876,6.10182028207585e-06,0.0553765594959259,0.04777604045848998,6.151093579857873e-06,0.054523225873708725,0.047247486159441965,6.214215945010472e-06,0.05390075594186783,0.046840282659682014,6.26994807376832e-06,0.05341976881027222,0.04651225801734697,6.313238679029155e-06,0.05302464962005615,0.04623902157422096,6.346436831062703e-06,0.052681781351566315,0.04600489683567532,6.3741612168188266e-06,0.0523742213845253,0.04579945003229474,6.399950480035458e-06,0.05210093781352043,0.04561657902030718,6.424785173410818e-06,0.05187026411294937,0.045453652266472105,6.4478986573650435e-06,0.051686130464076996,0.04530939110924327,6.469212807957396e-06,0.05154126137495041,0.045181942423657764,6.489032297782272e-06,0.05142434313893318,0.04506881736100666,6.50781350059084e-06,0.05132931470870972,0.044967613522968596,6.527304439000554e-06,0.0512562096118927,0.0448762538532416,6.550984044699569e-06,0.051208917051553726,0.04479301525723366,6.5831725789696115e-06,0.05119229480624199
249,1,block_output,Vertical,1,0.2859865840938356,0.14146931932213735,2.2517333030700684,0.07977503762831764,0.00010653654610900319,0.10481986403465271,0.059623480848376716,4.166380636844872e-05,0.0722816064953804,0.048758525401353836,2.3258727920543053e-05,0.058949459344148636,0.04230091484293105,1.643412989443917e-05,0.051346976310014725,0.038228617508023505,1.358762948049614e-05,0.04648621007800102,0.03551936944917081,1.227327756233737e-05,0.043420251458883286,0.03362709653401186,1.1589790508237195e-05,0.041281405836343765,0.03225419764953946,1.1189398898346513e-05,0.03971308097243309,0.03122793711603634,1.0928045996770023e-05,0.038528699427843094,0.03044006299404871,1.0741492012275615e-05,0.03760993853211403,0.029819474718163885,1.0600528987009409e-05,0.0368792824447155,0.029318589362360183,1.0491692889567503e-05,0.03628407418727875,0.028905364196924938,1.0407749393120475e-05,0.0357886478304863,0.02855816377060754,1.034398724288349e-05,0.03536846488714218,0.028262149631267504,1.0297420914166936e-05,0.03500504419207573,0.028006707125949482,1.0265958625746459e-05,0.03471842408180237,0.027783780964830564,1.0247057864905433e-05,0.03458075225353241,0.02758686693887862,1.02366216007891e-05,0.034465108066797256,0.02741046187778314,1.0228670136873703e-05,0.034361131489276886
249,1,block_output,Horizontal,1,0.11398460846098643,0.0010885500651247966,0.1938609778881073,0.06775778100367576,3.1044642937027256e-05,0.07990260422229767,0.05703173903009248,8.19124363575375e-06,0.06270364671945572,0.05218003365019011,4.767607564425232e-06,0.05702677369117737,0.04955740012819805,3.9832026401282345e-06,0.053938865661621094,0.047974078723835564,3.753766388206783e-06,0.05195223167538643,0.046923028334738714,3.6845079412888915e-06,0.051224373281002045,0.04615207365344441,3.6778399493216706e-06,0.05060666799545288,0.04555496591187659,3.7062997743344385e-06,0.0501091331243515,0.045072442009335474,3.7510416787783406e-06,0.049731314182281494,0.04467670897406245,3.7945073508192774e-06,0.049465443938970566,0.04435183433076692,3.827192776105159e-06,0.04928181320428848,0.044084116166073176,3.8498117601357526e-06,0.04914844036102295,0.043860990908883866,3.866514413370316e-06,0.049042537808418274,0.043672283845288415,3.880651515175214e-06,0.04895103722810745,0.04351045640688094,3.8939205639156946e-06,0.04886738955974579,0.0433700926128834,3.906818262711124e-06,0.04878869280219078,0.043247222131679926,3.9193378434895216e-06,0.04871360957622528,0.043138852904713344,3.931295958345429e-06,0.048641663044691086,0.04304264432617596,3.9425432478110355e-06,0.04857257753610611
249,1,block_output,Gaussian,1,1.4448388825569833,4.705983923038262,8.604482650756836,0.10312067717313766,0.00019331997281388016,0.13939055800437927,0.07522920383110879,3.792917406477599e-05,0.08856533467769623,0.06186422250337071,1.7618870624753368e-05,0.07072590291500092,0.053779176835502894,1.0713628419127015e-05,0.06061924248933792,0.048606686707999974,7.814790331734138e-06,0.05398476496338844,0.045115345113334204,6.460203593215372e-06,0.05087549239397049,0.04261819734459832,5.7553843648759265e-06,0.04851875826716423,0.04073718669159072,5.346364231584664e-06,0.04665359854698181,0.03926131838843936,5.086663804647191e-06,0.045132461935281754,0.03806654860575994,4.91244452908307e-06,0.04386480152606964,0.037074743755280026,4.7930875527475155e-06,0.04279005527496338,0.036233817892415185,4.711567047239562e-06,0.04186537116765976,0.03550783485647232,4.656871124069942e-06,0.04105968773365021,0.03487155506653445,4.621148592377304e-06,0.04035015404224396,0.03430702933479869,4.598525661190724e-06,0.03971964865922928,0.03380129994854095,4.584466796904991e-06,0.03915511071681976,0.03334482082180561,4.575413694466882e-06,0.03864624723792076,0.03293037973344326,4.568629684068984e-06,0.03818485140800476,0.03255239072891455,4.5621965312990835e-06,0.037764355540275574
249,2,block_output,Vertical,1,0.47252713404004537,0.5012508226284942,3.475571870803833,0.07344157715875005,0.00013299406514180685,0.09715704619884491,0.04589852223557139,3.122058314160754e-05,0.061426639556884766,0.03319573080137608,1.3733336725810516e-05,0.04510432854294777,0.02697812576615621,9.68444500295407e-06,0.03659879043698311,0.023571131070927967,8.12431476222988e-06,0.031795110553503036,0.02145360918745162,7.241665626497708e-06,0.028802912682294846,0.01999022876695981,6.666380399836947e-06,0.026789797469973564,0.01889687736651727,6.2686369841562716e-06,0.0253538116812706,0.018034524520829556,5.981060386481421e-06,0.024278322234749794,0.01732869665064509,5.764069757005766e-06,0.0234391987323761,0.01673586672497174,5.593722850930538e-06,0.022761881351470947,0.01622855243465257,5.455520587898293e-06,0.02219996228814125,0.01578826763268028,5.340628848574202e-06,0.021723654121160507,0.015401930193461123,5.24348397094899e-06,0.021313214674592018,0.015059906191059522,5.160391422847065e-06,0.020955072715878487,0.01475486552549733,5.088759759383903e-06,0.020639579743146896,0.014481070081865976,5.0266823686806054e-06,0.020359588786959648,0.014233905881170242,4.972655797563596e-06,0.02010953053832054,0.014009581110070623,4.925408397060736e-06,0.019884752109646797
249,2,block_output,Horizontal,1,0.24059950938773533,0.06930575881469661,1.3616235256195068,0.08106115602311634,0.00011555560256709033,0.10266489535570145,0.055973935813184765,3.396076752145929e-05,0.0676366537809372,0.04314763708010552,1.246303667940263e-05,0.05026470124721527,0.036236701710593136,6.447363337854845e-06,0.04151356592774391,0.032262230558054786,4.504977064834749e-06,0.03649218752980232,0.02982927814480804,3.7833606151632885e-06,0.03349415212869644,0.02824696262795774,3.4966689396557102e-06,0.03159807249903679,0.027139974078015675,3.362824490452826e-06,0.030286027118563652,0.026311189734510014,3.2905940032076296e-06,0.029310885816812515,0.02565717522705358,3.2467050392686453e-06,0.028673741966485977,0.025121551332256152,3.215578993440308e-06,0.028160251677036285,0.02467206215101575,3.190232726063301e-06,0.027716027572751045,0.024288711537207876,3.1687854833629668e-06,0.027332086116075516,0.023957853131587544,3.150768986291556e-06,0.027093231678009033,0.02366954114820276,3.135545511749963e-06,0.0268850214779377,0.023416223950565807,3.122219213904534e-06,0.026701681315898895,0.02319196191808534,3.1097359147063015e-06,0.02653752639889717,0.022992025558201092,3.0971526540333614e-06,0.026387188583612442,0.022812726596991222,3.084002287833372e-06,0.026246652007102966
249,2,block_output,Gaussian,1,0.08425081249267335,0.0016054186007596562,0.225286066532135,0.033512786001203554,2.0064936422711887e-05,0.04415271431207657,0.02514072980672594,4.554734150675617e-06,0.030140802264213562,0.021886729916173315,3.0024197631866044e-06,0.02637728862464428,0.020117070082397687,2.7014161866956505e-06,0.024983979761600494,0.019028693940194828,2.616683925623206e-06,0.024104010313749313,0.018301152225051607,2.572171716122367e-06,0.02354007214307785,0.01776735627994178,2.5305921954243437e-06,0.02308771200478077,0.017357838783590568,2.4877401838180666e-06,0.02268237993121147,0.01704155718759885,2.453553044857261e-06,0.022345252335071564,0.016793445743147343,2.427678117829501e-06,0.022069301456212997,0.016593407351701034,2.4064375322301754e-06,0.02183602750301361,0.01642776063332955,2.3882031560651003e-06,0.021637700498104095,0.016287699859175418,2.372579628965564e-06,0.02147255837917328,0.016168057386364256,2.3593526824688182e-06,0.021337037906050682,0.016065539466956304,2.3480914825876967e-06,0.021225187927484512,0.015977461748416463,2.3383680383381718e-06,0.021131351590156555,0.015901419437593885,2.3298692957686e-06,0.021051079034805298,0.015835303310600537,2.3223880431941996e-06,0.020981067791581154,0.01577735006336182,2.3157761828214857e-06,0.02091907151043415
249,3,block_output,Vertical,1,0.41266919542399666,0.3672729974463359,2.922372817993164,0.06342037808563974,0.0001370910400407632,0.0878639966249466,0.037859176122953024,2.1497811068932496e-05,0.04890190437436104,0.02761947614924302,7.147216016810834e-06,0.034542448818683624,0.02225616934990126,4.093687187808723e-06,0.027820473536849022,0.018878922428167057,3.0549175042466104e-06,0.02389179915189743,0.01653453219859373,2.590053895850582e-06,0.021247586235404015,0.014807391335212049,2.338603735195104e-06,0.019322535023093224,0.013481684930859104,2.184099911438947e-06,0.017850134521722794,0.012431923595685807,2.0793186183265623e-06,0.016680870205163956,0.011579616261380059,2.0008963029988917e-06,0.015811320394277573,0.010873525684315061,1.9362432649828843e-06,0.01516236737370491,0.010279184517761072,1.8794121594591373e-06,0.014609761536121368,0.009772623475227091,1.8286315535056265e-06,0.014132161624729633,0.009336461556986683,1.7837873690809577e-06,0.013714039698243141,0.008957591587825426,1.7447978029297869e-06,0.013344149105250835,0.008625878405476373,1.7112165684120053e-06,0.013014161959290504,0.008333371479123358,1.6823993665397777e-06,0.01271761953830719,0.00807375263511425,1.657673235612479e-06,0.012449351139366627,0.00784194331231808,1.6364181993862e-06,0.012205205857753754
249,3,block_output,Horizontal,1,0.15043860058935862,0.01518598258956875,0.7483068704605103,0.04601885357664691,8.507194367224733e-05,0.06420950591564178,0.027905301708314154,9.591576094977148e-06,0.03514811396598816,0.02191457720029922,3.961896085071018e-06,0.02723410353064537,0.018813821383648448,2.886568839290686e-06,0.02368144318461418,0.016791515894943758,2.451985301310646e-06,0.02127200737595558,0.015363166167859047,2.2155307644469336e-06,0.019518716260790825,0.014312174422518602,2.0687389874519737e-06,0.018205787986516953,0.013517018038010786,1.9724988781498085e-06,0.01720445416867733,0.012901337876442879,1.9058131438396711e-06,0.016426803544163704,0.012414969370833464,1.856248543639295e-06,0.015812469646334648,0.012023674442418038,1.8163122387138421e-06,0.015318932011723518,0.01170352500464235,1.782003576387237e-06,0.014914215542376041,0.01143787270559678,1.751800207784489e-06,0.014574773609638214,0.011215058244055226,1.7250842510220035e-06,0.014285990037024021,0.011026495964162879,1.7012564985882515e-06,0.014054393395781517,0.010865493574076228,1.6795497212243359e-06,0.013884864747524261,0.01072669666378744,1.659115045105505e-06,0.013734537176787853,0.010605780954753596,1.6393399642391905e-06,0.013596153818070889,0.01049923760786889,1.6202177211724794e-06,0.0134653951972723
249,3,block_output,Gaussian,1,0.3377747048461248,0.2234953688044346,2.329990863800049,0.06349271287520726,0.00011626110034576634,0.08695627003908157,0.03988963401033765,1.7344989850424868e-05,0.048823922872543335,0.030655280110381898,6.168675848107251e-06,0.03580036759376526,0.025797379365752614,3.6768922538963545e-06,0.02947217784821987,0.022696598240780453,2.7332158678952905e-06,0.025772763416171074,0.02050368097566423,2.2508332408301855e-06,0.02363612875342369,0.01885494903203041,1.96080028662975e-06,0.022046396508812904,0.017561277019835654,1.770273713872766e-06,0.02080473117530346,0.01651335343541134,1.6381732022127745e-06,0.01980270817875862,0.015644121427266372,1.5420032346637076e-06,0.018967896699905396,0.014910480746674159,1.4682548447718927e-06,0.018254494294524193,0.01428318926916709,1.4090803555874737e-06,0.017634879797697067,0.013741249425543679,1.3599853574947336e-06,0.017090968787670135,0.013268979103674017,1.318223215833495e-06,0.01660946197807789,0.012854380518316276,1.2819903731298538e-06,0.016180194914340973,0.012488093552371812,1.2500530766595949e-06,0.015795473009347916,0.012162674218416214,1.2215520586253007e-06,0.01544954627752304,0.011872105137814604,1.1958912447281037e-06,0.015138080343604088,0.011611473539637195,1.1726544248520479e-06,0.014857545495033264
249,4,block_output,Vertical,1,0.20546501330913058,0.050830589773116434,1.364258885383606,0.049344620534351895,7.879691454542596e-05,0.06917521357536316,0.030717564244118947,1.2589494873527339e-05,0.03994771093130112,0.022727668965383183,5.176822740797735e-06,0.028625698760151863,0.01818053312008343,3.172489612703533e-06,0.022793103009462357,0.015253470323625066,2.392560122745852e-06,0.01923556625843048,0.013218062634151134,2.002320429138311e-06,0.01682988926768303,0.01172559962622703,1.7720804563583472e-06,0.015098756179213524,0.010587012735269373,1.6218739793485975e-06,0.013799008913338184,0.009691103324589749,1.5172146594435242e-06,0.012792229652404785,0.00896859225920505,1.4408697427501334e-06,0.011994012631475925,0.008374425545630474,1.383195961958e-06,0.011349471285939217,0.007878307711392168,1.3383977237636136e-06,0.010828051716089249,0.007459237565478635,1.3027954418563435e-06,0.010410386137664318,0.007102151127857348,1.2738979033184453e-06,0.010054057464003563,0.006795810180760566,1.2499594508939736e-06,0.009748514741659164,0.006531525255432205,1.2297651928747693e-06,0.009484989568591118,0.006302408009235348,1.2124660932841323e-06,0.00925633404403925,0.006102904078683683,1.1974505178547896e-06,0.00905684195458889,0.005928471344449218,1.1842689539073042e-06,0.008882001973688602
249,4,block_output,Horizontal,1,0.40825429357706555,0.3465716055033532,2.801621437072754,0.08052895011173354,0.0001936374013855495,0.10486302524805069,0.04796541973002373,3.4095887888125685e-05,0.05751606822013855,0.03435413090009538,8.429460745412185e-06,0.040112219750881195,0.027753075407374473,3.910711389645399e-06,0.03206394612789154,0.02373695613018104,2.617899140440673e-06,0.027396125718951225,0.020921983504815708,2.064499175161039e-06,0.02423018217086792,0.01880333838718278,1.7632996581233235e-06,0.021937891840934753,0.017142434959255513,1.5739265282957047e-06,0.02019195817410946,0.01580436286767797,1.444696408492728e-06,0.018767550587654114,0.014704636224205531,1.352474827150892e-06,0.01758691854774952,0.013786949084273406,1.2846569538695102e-06,0.016598163172602654,0.013012056918962607,1.2333917024762738e-06,0.015762897208333015,0.01235150069826179,1.1936553785292273e-06,0.015051344409584999,0.01178391668058577,1.1622615475787734e-06,0.014440357685089111,0.01129283903846665,1.1371368694805615e-06,0.01391197182238102,0.010865346587721317,1.1168642351025954e-06,0.01345211360603571,0.010491143586853194,1.1004218172583136e-06,0.013049565255641937,0.010161923569819284,1.0870578219029485e-06,0.012695292942225933,0.009870921985970603,1.0762056867221731e-06,0.0123820248991251
249,4,block_output,Gaussian,1,0.9882951025215406,2.2091749740032376,5.890261650085449,0.09417910696495146,0.00028717814569517405,0.14693713188171387,0.06122517366967504,4.637046580585685e-05,0.07976754754781723,0.04648641218978261,1.7088588142249817e-05,0.05524545907974243,0.03798659358705793,9.363959049740619e-06,0.04519157111644745,0.03238376558181785,6.2015512589672244e-06,0.03903967887163162,0.028400807094479365,4.559622098118727e-06,0.03457095846533775,0.02542021453735374,3.572180424092598e-06,0.03105229325592518,0.02310014119933522,2.923313989996119e-06,0.02820967137813568,0.021236605291801786,2.4724716128416657e-06,0.025878947228193283,0.019701475454937844,2.145840753908175e-06,0.023944735527038574,0.01841071771369094,1.90088186678219e-06,0.022319115698337555,0.017307170164135712,1.711864632756345e-06,0.02093493565917015,0.016350771803113204,1.5625328615443823e-06,0.01974131166934967,0.01551269685169534,1.4421270128353471e-06,0.01872672326862812,0.014771666436914414,1.343197449558261e-06,0.017878204584121704,0.014111572048730321,1.2603673524149483e-06,0.01710776798427105,0.013519930387181895,1.1896655859782767e-06,0.016405079513788223,0.01298686626943804,1.1281778128504603e-06,0.01576193794608116,0.01250444192971502,1.0738802616634755e-06,0.015172092244029045
249,final,proj_out,Vertical,1,0.18304602801799774,0.005622362365661715,0.363437682390213,0.08608168434529077,4.513815813171809e-05,0.09989793598651886,0.0727586488993395,1.9215874613375096e-05,0.08467546105384827,0.06494502563561712,1.7774393567465472e-05,0.07700371742248535,0.05890203220030618,1.7145656363088595e-05,0.07095281779766083,0.054065898652114565,1.6593032960026708e-05,0.06605398654937744,0.050123930273074956,1.601423538484605e-05,0.06202145665884018,0.04687157769997915,1.541571458098752e-05,0.0586569607257843,0.044164767814061,1.4819191559150347e-05,0.055820636451244354,0.04189623200467655,1.4241426617606193e-05,0.053409360349178314,0.039983426176366355,1.3692617431669494e-05,0.0513443686068058,0.03836155765586429,1.3178149041329672e-05,0.049564115703105927,0.03697905890525333,1.2700287829432577e-05,0.04801986366510391,0.03579443855772889,1.2259332612144144e-05,0.046672552824020386,0.034774039177194474,1.1854407212875763e-05,0.04549058526754379,0.033890399874912366,1.1483930545554716e-05,0.044448208063840866,0.033121024066257096,1.1145923183555669e-05,0.043524276465177536,0.03244744362457404,1.0838207593151027e-05,0.04270132631063461,0.0318544672890788,1.0558520891002718e-05,0.04196489602327347,0.031329588255002386,1.03046018639355e-05,0.04130293428897858
249,final,proj_out,Horizontal,1,0.18524731612867779,0.005138584688284809,0.3668115735054016,0.093560448714665,1.9922499763503957e-05,0.10357644408941269,0.0843413547864036,5.081748097848459e-06,0.08867406845092773,0.07853953244667204,4.06777972748989e-06,0.08264864981174469,0.0737846600157874,3.603667947607826e-06,0.07782575488090515,0.069808396200339,3.3483460637367693e-06,0.0737498477101326,0.0664518956863691,3.2022316264762783e-06,0.07030156254768372,0.06359798070930299,3.11959908577969e-06,0.06737299263477325,0.06115638588865598,3.076114148893165e-06,0.0648726224899292,0.05905629960553987,3.0575125261216927e-06,0.06272651255130768,0.05724139499758917,3.05493279006312e-06,0.060875557363033295,0.05566625267503753,3.0626681187424465e-06,0.05927225947380066,0.05429377460053989,3.076923886476965e-06,0.057877976447343826,0.05309331322473193,3.0950847136612525e-06,0.05678069591522217,0.05203932192590502,3.1152762631950933e-06,0.05580635368824005,0.05111036544281339,3.1361440244741347e-06,0.05493585392832756,0.05028837310179832,3.156694300323906e-06,0.05415576323866844,0.04955807150829406,3.1762255004196578e-06,0.05345439165830612,0.04890652828746372,3.1942441192831994e-06,0.05282159894704819,0.0483227844630915,3.2104339139421415e-06,0.05224855989217758
249,final,proj_out,Gaussian,1,0.10064371166721223,0.0014285956550127326,0.19680161774158478,0.058343870358334646,1.4580373673192748e-05,0.06714348495006561,0.05056704178689018,8.40745393879229e-06,0.056751810014247894,0.04542577095211498,6.6549446076738665e-06,0.05039675906300545,0.04162205460052642,5.724438134518316e-06,0.04596809670329094,0.03870923923594611,5.17909388656163e-06,0.042610108852386475,0.03643247183589708,4.844302767868794e-06,0.04048909991979599,0.03462509320132316,4.631621924496264e-06,0.03879733011126518,0.033172175022108216,4.4930599060412355e-06,0.03742874413728714,0.031991587005673894,4.400934129539773e-06,0.03630853071808815,0.031023011173284244,4.338477154947462e-06,0.0353822223842144,0.030221256619644542,4.295204313767633e-06,0.034609150141477585,0.02955196106008121,4.264450681644904e-06,0.03395839035511017,0.028988699887007002,4.241944202846043e-06,0.033406101167201996,0.028510969930461476,4.224947486959103e-06,0.03293372318148613,0.028102734140933505,4.2116984473323595e-06,0.03252670168876648,0.027751363222561186,4.2010541048419235e-06,0.0321735218167305,0.02744684498461466,4.1922688413625754e-06,0.03186500817537308,0.027181194178641788,4.184853055294268e-06,0.031593821942806244,0.02694800170877623,4.178473469662248e-06,0.03135401010513306
136,initial,patch_embed,Vertical,1,0.3174077219196728,0.17312615389113312,2.164400100708008,0.08405998905026724,1.4611655229792237e-05,0.09332083910703659,0.08377951288980151,1.7088402068769117e-05,0.09368131309747696,0.08401138323640066,1.8559709863430816e-05,0.09332211315631866,0.0842452503385998,1.831938863260388e-05,0.09284263104200363,0.0842962631630519,1.7764615966021588e-05,0.09277902543544769,0.08439775958420738,1.8189301772265625e-05,0.09251366555690765,0.08454050206475788,1.876186689254325e-05,0.09345759451389313,0.08464728532329438,1.9004356548439207e-05,0.09407918155193329,0.08469355295574854,1.8787467987155855e-05,0.09422924369573593,0.08469624770066095,1.8266856313710662e-05,0.09403885900974274,0.0846821100465835,1.7664672092980403e-05,0.0937471091747284,0.08467032854992246,1.7123402194473318e-05,0.09351988881826401,0.08467073726748663,1.6699941792771713e-05,0.0934164896607399,0.08468613418794814,1.6399094027664866e-05,0.09342902898788452,0.08471455105713435,1.620280466586297e-05,0.0939147025346756,0.08475184523397022,1.608790401714501e-05,0.09442263841629028,0.0847936063295319,1.6032743542996797e-05,0.09488796442747116,0.08483631554104033,1.6019484735246673e-05,0.09530061483383179,0.08487762155986968,1.6034295957465382e-05,0.09565825015306473
136,initial,patch_embed,Horizontal,1,0.3077712513151623,0.14814839954278508,1.9768667221069336,0.09022834211114854,1.0531539154465942e-06,0.09259340167045593,0.08929948627002655,5.984837627337414e-07,0.09131734818220139,0.08916184838329043,6.261298928406691e-07,0.09126636385917664,0.08914136898422999,5.645224395220408e-07,0.09154815971851349,0.08919611076513927,6.703057388881447e-07,0.09211531281471252,0.08926302076332153,8.913830149245918e-07,0.09250437468290329,0.08932031691074371,1.0457725426632216e-06,0.09251867234706879,0.0894047421595407,1.1355656431391122e-06,0.09233880043029785,0.08952851155920634,1.2585534427949303e-06,0.09233635663986206,0.08966247737407684,1.3994701790771417e-06,0.09240956604480743,0.08979918334692244,1.51496521312212e-06,0.09271250665187836,0.08993691288762623,1.621161283420828e-06,0.09318078309297562,0.09005489318616806,1.734994529194079e-06,0.09362637996673584,0.09012648013849107,1.813248697863499e-06,0.09378905594348907,0.0901301380187746,1.801146529242851e-06,0.09364181756973267,0.09007554371205587,1.7089730486300133e-06,0.09335213899612427,0.08999495906016183,1.5829936960705031e-06,0.09306126832962036,0.0899166613817215,1.4638967328639387e-06,0.09281289577484131,0.08985711232064263,1.3747328958602887e-06,0.09260015934705734
136,initial,patch_embed,Gaussian,1,0.28964581133590805,0.17697179925749196,2.182042121887207,0.06257947427885872,5.183276907328259e-06,0.06888951361179352,0.06240574808584319,4.99185013258861e-06,0.06852906197309494,0.06246859651236307,4.483363105938562e-06,0.06809145212173462,0.06269028983891957,4.826194281508455e-06,0.06975429505109787,0.0629702363577154,5.478897949175061e-06,0.0712435394525528,0.06334825516456649,6.491010681015473e-06,0.07280196249485016,0.06373873187435998,7.661958581919728e-06,0.07366029173135757,0.0640433140335575,8.507723754067522e-06,0.0730607807636261,0.0642461155851682,9.002167182646492e-06,0.07193581759929657,0.06443872308683773,9.521887370430871e-06,0.07188712805509567,0.06466244953492331,1.0291177057847007e-05,0.07286331057548523,0.06489816036016222,1.123650170503872e-05,0.073689766228199,0.06511972797295404,1.2197121284596285e-05,0.07429523766040802,0.06530439043565402,1.3023683195972711e-05,0.07496441900730133,0.06544142583059886,1.3631654909541996e-05,0.07579642534255981,0.06553218022934974,1.4008289477586982e-05,0.07637389749288559,0.06558396578544662,1.4181711177375039e-05,0.0767425000667572,0.06560470512698567,1.418980340198112e-05,0.0769461989402771,0.06560062356884518,1.40653735225003e-05,0.07701854407787323
136,0,block_output,Vertical,1,0.09839539028822429,0.0010242410594810578,0.2292516678571701,0.06691681706006565,2.769673843473989e-05,0.08233567327260971,0.061778735901628225,2.2978019778886356e-05,0.07476885616779327,0.059858931139821096,2.2215726425117114e-05,0.0718369409441948,0.05886163592102036,2.217855755864677e-05,0.07048173993825912,0.058201149697341616,2.22953227569304e-05,0.06960050016641617,0.057713507009404044,2.248012011254653e-05,0.06893953680992126,0.05733559824644573,2.2669215201069265e-05,0.06839370727539062,0.05703513945142428,2.2823018250457438e-05,0.06791023164987564,0.05678965849062753,2.2898841343089805e-05,0.06748118996620178,0.056583538178413634,2.2910394295043805e-05,0.06710120290517807,0.0564048680521193,2.2885330850673347e-05,0.06675882637500763,0.05624684224289561,2.285263393078089e-05,0.06655409932136536,0.0561058365163349,2.28271070500442e-05,0.06644509732723236,0.055979396970499126,2.2812159581408605e-05,0.0663476437330246,0.05586547487311893,2.280664463335438e-05,0.06625977158546448,0.055762286460588846,2.2808425843863152e-05,0.06617982685565948,0.05566831086836164,2.2815551760268813e-05,0.06610646843910217,0.0555822645861005,2.2826530504143227e-05,0.06603868305683136,0.055503072010146245,2.284021873584344e-05,0.06597568094730377
136,0,block_output,Horizontal,1,0.1015133558521195,0.0004025865163579804,0.1670328676700592,0.07620475807833293,6.155021469863336e-06,0.08148175477981567,0.07231731476291778,1.714291784382165e-06,0.0756944864988327,0.07133315598207807,1.571381024508262e-06,0.07431068271398544,0.07087722692697768,1.603945166088717e-06,0.0737617015838623,0.07058945995947671,1.6610281098530895e-06,0.0734245777130127,0.07036790582868788,1.7242078001436694e-06,0.07319746911525726,0.07018665437187467,1.7868627971273616e-06,0.0730368047952652,0.07003436237573624,1.847258390104874e-06,0.07291616499423981,0.06990365873253535,1.9047385417168068e-06,0.07282087206840515,0.06978935322591237,1.958693070333741e-06,0.07274219393730164,0.06968781304737878,2.0084279525096172e-06,0.07267427444458008,0.06959660812502816,2.0533132548761543e-06,0.07261291146278381,0.0695142915088033,2.093053152197483e-06,0.07255540788173676,0.06944016154323306,2.1279394835313245e-06,0.07250075042247772,0.06937385929955377,2.1587754491993638e-06,0.07244952023029327,0.06931487955744305,2.1865276749420814e-06,0.07240314781665802,0.06926228247937702,2.211944881698845e-06,0.07236256450414658,0.06921474351769402,2.235613097709502e-06,0.07232752442359924,0.06917085853360948,2.258085549646612e-06,0.07229682803153992
136,0,block_output,Gaussian,1,0.12139404884406499,0.011511907065065042,0.6564865708351135,0.05733541931424822,2.1606510875702137e-05,0.06704144179821014,0.05168536187164367,9.546031193116405e-06,0.05832431837916374,0.04955338556615133,7.766589770248461e-06,0.05559477582573891,0.04841674202018314,7.249686415524441e-06,0.05433850735425949,0.04768837048184304,7.013144446839506e-06,0.05361395329236984,0.04715952017004528,6.862493645436433e-06,0.05314572900533676,0.04674664127921301,6.7568779906045465e-06,0.05283410847187042,0.0464128651434467,6.689398051138735e-06,0.05261673033237457,0.04613750084998116,6.6496624362110626e-06,0.05244801938533783,0.045905969327404386,6.630748407747943e-06,0.05231615900993347,0.045708185860088894,6.632189210849801e-06,0.05222658812999725,0.04553726960032705,6.655353789008353e-06,0.05218745768070221,0.04538875244676121,6.698244415863882e-06,0.05219307169318199,0.04525943727247299,6.754767291475337e-06,0.05222475156188011,0.04514648706193954,6.818904402636793e-06,0.0522657185792923,0.04504677854360096,6.883790854576933e-06,0.05229704827070236,0.044956695288419724,6.938652139465869e-06,0.05229245871305466,0.0448724835638016,6.971969668757623e-06,0.0522296205163002,0.04479143679851577,6.980589764661491e-06,0.05210992321372032
136,1,block_output,Vertical,1,0.4388872301058164,0.4742946306620561,3.2168192863464355,0.08665786423380413,8.592907673043666e-05,0.10665913671255112,0.06759652453992102,4.010368638700934e-05,0.08324854075908661,0.05652584117792901,2.6786675453646446e-05,0.06952250748872757,0.04961225035644713,2.1407773931835214e-05,0.060651399195194244,0.045029606965799183,1.845668612146007e-05,0.05472944676876068,0.04179730881301184,1.6510984164166018e-05,0.05066336318850517,0.03938782493036891,1.512322372814054e-05,0.047834545373916626,0.037518600977602456,1.4107932842132313e-05,0.04559744521975517,0.03603146222257425,1.3361152284712543e-05,0.04379114881157875,0.03482944772593559,1.2814384268863997e-05,0.04232014715671539,0.03384651666477559,1.241177073934713e-05,0.04111562669277191,0.03303382631450418,1.210525873292827e-05,0.04012183099985123,0.03235395270444098,1.1861350391756058e-05,0.039351820945739746,0.031778283092001126,1.1659771834689538e-05,0.03870657458901405,0.031285065329737134,1.1488176186970276e-05,0.03814105689525604,0.030857840937281413,1.1339364092794272e-05,0.0376405231654644,0.030484215164231877,1.1209766488562284e-05,0.037233926355838776,0.030154836615399708,1.1097851251097896e-05,0.03686998039484024,0.029862549096818954,1.1002341781069088e-05,0.03653832525014877
136,1,block_output,Horizontal,1,0.21544933437354982,0.05897965076270171,1.316211462020874,0.09054502383584068,4.107930071886709e-05,0.10473226010799408,0.07560905352944419,1.436024914400234e-05,0.0841648057103157,0.0670208027438512,7.250048262414425e-06,0.07313798367977142,0.06165497016812128,4.939196896751195e-06,0.06668388843536377,0.05805696162676054,4.066319399119232e-06,0.06279652565717697,0.05551533430578217,3.6973826336414317e-06,0.059974439442157745,0.053651807741040274,3.54617729017784e-06,0.05786297470331192,0.052248446063862905,3.487445082109948e-06,0.05626368522644043,0.05116383394315129,3.462819053224079e-06,0.05503060668706894,0.05030370491837698,3.4642726205828207e-06,0.05403292924165726,0.04960449477509847,3.4887912247353426e-06,0.053334444761276245,0.04902094791805933,3.5280266806708414e-06,0.05276675149798393,0.048522027771151256,3.575877088441117e-06,0.05226677283644676,0.04808678560786777,3.6277086280910204e-06,0.05182453244924545,0.04770153163680955,3.6803079970039745e-06,0.051580965518951416,0.04735743047462569,3.7324499072041044e-06,0.05136974900960922,0.047048081717793906,3.7833842133655064e-06,0.05118173360824585,0.04676842795951026,3.831885878091967e-06,0.051009323447942734,0.0465144244806161,3.877034202322631e-06,0.05084715038537979
136,1,block_output,Gaussian,1,0.4887096452571097,0.6779304570435553,3.8014302253723145,0.06874569736066319,4.1487942939605884e-05,0.08014307916164398,0.05559274110765684,1.4240717160953594e-05,0.06306952238082886,0.048929862678050995,9.290181531401885e-06,0.05536274239420891,0.04464927782851552,7.280166134501364e-06,0.05031009018421173,0.04161263458312504,6.179298426772971e-06,0.04673055186867714,0.0393828030616518,5.535427530736476e-06,0.044124335050582886,0.037713890865681665,5.143620148848665e-06,0.042175211012363434,0.036440629393808426,4.894542199214522e-06,0.040819812566041946,0.035447193487059506,4.727597132458863e-06,0.039895497262477875,0.03465247272499024,4.608796909522722e-06,0.039134133607149124,0.03400054236962682,4.520907067223487e-06,0.03849364072084427,0.0334535896009396,4.456131073302934e-06,0.03794906288385391,0.032986363987364466,4.409704287096738e-06,0.03748409450054169,0.03258173185445014,4.376734194770472e-06,0.03708447888493538,0.03222748232147996,4.35238324030101e-06,0.03673728555440903,0.03191444502463416,4.3327701636701485e-06,0.03643222153186798,0.031635495730572276,4.315187598608246e-06,0.036162033677101135,0.03138488956860134,4.298085500536836e-06,0.0359218530356884,0.03115777780730573,4.281184013035088e-06,0.03570802882313728
136,2,block_output,Vertical,1,0.4530457736007751,0.4969070015053108,3.1537904739379883,0.0813995993563107,0.00013330512534978845,0.1052672415971756,0.05366137499610583,4.396455230849033e-05,0.06555376946926117,0.03865604377573445,1.9933265069339457e-05,0.04783080518245697,0.030321273036182872,1.1930161508133735e-05,0.038017552345991135,0.025574504176066035,8.896375893793843e-06,0.03242233395576477,0.0227291298704961,7.533197986372581e-06,0.029073288664221764,0.020894517915116415,6.809177404814653e-06,0.027339164167642593,0.019616265855138263,6.37520728371039e-06,0.02624688297510147,0.01866440066979045,6.091252329596338e-06,0.025404643267393112,0.017919370224551548,5.890941307309405e-06,0.024729086086153984,0.017315402286984617,5.73992308617775e-06,0.024170752614736557,0.01681351840555195,5.6203964574113e-06,0.023698152974247932,0.01638870733597922,5.522914704214324e-06,0.023290500044822693,0.016023793775174353,5.441690100177024e-06,0.02293374389410019,0.015706415273367413,5.372543713856677e-06,0.022618137300014496,0.015427337279395452,5.312291053289596e-06,0.022336788475513458,0.015179419934394815,5.258509195788795e-06,0.022084563970565796,0.014956983353292186,5.2094326904028e-06,0.02185709774494171,0.014755468194683393,5.163922024485855e-06,0.021650094538927078
136,2,block_output,Horizontal,1,0.4318906233187706,0.3770106127071371,3.0168652534484863,0.0947464918569913,0.00010281474571303498,0.11315085738897324,0.06964939945037403,3.185175816001417e-05,0.08113034069538116,0.055225597369292424,1.4625994874665768e-05,0.06423196196556091,0.04628251918724605,8.31135977280522e-06,0.053655095398426056,0.04054619360064703,5.791547291503688e-06,0.046809788793325424,0.036731258271232484,4.680286741035032e-06,0.04221111908555031,0.034102687286952184,4.127009436586756e-06,0.03900442272424698,0.03223166023454969,3.8179020244691614e-06,0.03668956458568573,0.030856308660336902,3.624649802582653e-06,0.03495955467224121,0.029811080456489607,3.4924384601059032e-06,0.03362672030925751,0.028990342355673274,3.39583692153994e-06,0.032569028437137604,0.028326546388959126,3.321903888968893e-06,0.03170529752969742,0.02777594942895193,3.263524677189924e-06,0.030981935560703278,0.02730967870189084,3.2164140909990465e-06,0.030534939840435982,0.026908297505643632,3.1776979200904167e-06,0.030161643400788307,0.0265584419230147,3.1453020671174803e-06,0.029836850240826607,0.026250603919227917,3.117677797808741e-06,0.029551204293966293,0.02597766878112914,3.0936933890677243e-06,0.029297219589352608,0.02573407825732988,3.072560873189827e-06,0.02906939387321472
136,2,block_output,Gaussian,1,0.6922724781528352,1.2213406193429914,4.918892860412598,0.08599722882111867,0.00011705521286985486,0.11173707246780396,0.0616257411265184,3.961522716608051e-05,0.07616804540157318,0.04827920501194303,1.7909949483084845e-05,0.057840414345264435,0.040687981638170424,1.0357636173445887e-05,0.04716869816184044,0.035985266760228174,7.2185469702258625e-06,0.041070714592933655,0.032808897750718255,5.680553965541604e-06,0.037971846759319305,0.03052102177152558,4.843494159719741e-06,0.03574307635426521,0.028795197724349915,4.354495115724485e-06,0.03406696021556854,0.027446005227310315,4.052127699842728e-06,0.03276281803846359,0.02635984858941464,3.855913640284977e-06,0.03172014653682709,0.025463496793120627,3.7231508861517922e-06,0.030867084860801697,0.024707945507197154,3.629698319340736e-06,0.030154336243867874,0.024059555774170256,3.5607964865771124e-06,0.02954627200961113,0.023494907314815218,3.506776125503475e-06,0.02901650220155716,0.022997562699611226,3.461294343471663e-06,0.028546158224344254,0.022555767011547847,3.420574082248147e-06,0.028122909367084503,0.022160738706588745,3.3826607749150197e-06,0.02773909457027912,0.021805547532581147,3.3466694839543406e-06,0.02738960087299347,0.02148454266762923,3.3121858559485446e-06,0.027070526033639908
136,3,block_output,Vertical,1,1.1926497584061018,3.4691124915109075,7.428913116455078,0.0893402679098977,0.00022200576792111236,0.12220076471567154,0.05693580712827425,5.78982728109038e-05,0.07285557687282562,0.040855819921171856,2.08044828516969e-05,0.04983973503112793,0.03229901029003991,1.0604478993989582e-05,0.03897101432085037,0.02718816895688337,7.1308020795844265e-06,0.03286183252930641,0.023750236050950155,5.568218989517447e-06,0.028983641415834427,0.021243455213686778,4.705639187169873e-06,0.02625630609691143,0.01932226736394186,4.1655574540404e-06,0.02420346438884735,0.017799341518964087,3.7990046470847245e-06,0.022587724030017853,0.01656121943914701,3.5355259927003443e-06,0.021276254206895828,0.015534129112012802,3.3375524904968723e-06,0.02018766477704048,0.014667680206161642,3.1833388935073215e-06,0.019268039613962173,0.013926194034635074,3.0595104696313918e-06,0.018479548394680023,0.01328371837735176,2.9574739372434223e-06,0.017794663086533546,0.012720981435406776,2.8715371160070044e-06,0.01719295233488083,0.012223428736130396,2.7978350771865906e-06,0.016659051179885864,0.011779901423742847,2.7337099354490824e-06,0.01618131622672081,0.011381719394453935,2.677296391237974e-06,0.015806587412953377,0.011022035816004352,2.627266266076739e-06,0.015468591824173927
136,3,block_output,Horizontal,1,0.6043923770387968,0.9337013372580534,4.024007320404053,0.0882296823556461,0.00012418767012429492,0.1079992800951004,0.058394461456272334,4.368667940302816e-05,0.07262684404850006,0.042016078200605184,1.5089886154905556e-05,0.050157010555267334,0.0334966727015045,7.144638140073393e-06,0.038795970380306244,0.028817687834066057,4.898279111728662e-06,0.03365045040845871,0.025887062861805872,4.033272167216789e-06,0.030421407893300056,0.023806521521201208,3.5620221920265223e-06,0.028117159381508827,0.022207294930777853,3.2466758308375512e-06,0.026337195187807083,0.020922764455751766,3.013611622197158e-06,0.024900175631046295,0.019863598166950165,2.8322820914017116e-06,0.023709163069725037,0.018974091473316388,2.6865467938864016e-06,0.02270430140197277,0.018216192633623167,2.566548207489844e-06,0.021845130249857903,0.017562660181687936,2.4659574658170945e-06,0.021102871745824814,0.016993485893758518,2.380729939480869e-06,0.020456179976463318,0.01649369386630872,2.3081762672465516e-06,0.01988857239484787,0.016051828033394284,2.246232455657135e-06,0.01938694715499878,0.015658906660974026,2.193112804726382e-06,0.018940895795822144,0.015307722391471976,2.1472672617230137e-06,0.018542151898145676,0.014992393065421354,2.107402436617405e-06,0.01818404346704483
136,3,block_output,Gaussian,1,0.09510318319948893,0.003684105013971785,0.38359707593917847,0.03399334445832267,3.36409060598643e-05,0.048464804887771606,0.023378653747458306,4.843708211097118e-06,0.02855580300092697,0.019288566140901475,2.5247515038992033e-06,0.023020686581730843,0.01700506177509115,1.964444584508792e-06,0.020909415557980537,0.015512368538313441,1.7332886870758329e-06,0.01944766938686371,0.014450945787959628,1.6048807095802634e-06,0.01837160438299179,0.013657095753366039,1.5240092002732156e-06,0.017549501731991768,0.013044571430082358,1.4682630656960035e-06,0.016906265169382095,0.012560540662398414,1.4240702483193828e-06,0.016391601413488388,0.012170033751144296,1.3857233267244233e-06,0.015969587489962578,0.011849439776842557,1.351440101316061e-06,0.01561589352786541,0.011582596804059687,1.3212712129983121e-06,0.01531514897942543,0.011358609556087427,1.295064390828181e-06,0.015056882984936237,0.011169758980118093,1.2720013122358768e-06,0.014832980930805206,0.011009845306121167,1.2514437967072677e-06,0.01463710330426693,0.010873587402914251,1.2332075424494985e-06,0.014465187676250935,0.010756271566072154,1.2173055315236752e-06,0.014316027984023094,0.010653619314469988,1.2035694503896793e-06,0.014190049842000008,0.010562004018870612,1.1914184943948936e-06,0.01408626139163971
136,4,block_output,Vertical,1,0.7568950657806699,1.4814606741688459,5.0138750076293945,0.0771215171331451,0.00015633440179972554,0.10915198922157288,0.049477953582055985,2.756057700464918e-05,0.06359945982694626,0.03753948329933106,1.0386084667578662e-05,0.04747084155678749,0.031029672583653814,6.399497166494054e-06,0.039002008736133575,0.026755380843366896,4.922696027627463e-06,0.033679090440273285,0.023642543851146624,4.15849553223865e-06,0.029896169900894165,0.02124270394680992,3.676066527427075e-06,0.02700883150100708,0.019324297558457132,3.3348461696877843e-06,0.024708978831768036,0.01775067559783421,3.0772102539465332e-06,0.02282818965613842,0.016434041857128105,2.874608201382386e-06,0.021261747926473618,0.015314801034354975,2.7106807901429556e-06,0.01993761956691742,0.01435095521192702,2.575002012100436e-06,0.018803613260388374,0.01351205116167428,2.4604328738234608e-06,0.017821095883846283,0.012775449363130426,2.361954034644013e-06,0.016961339861154556,0.012123939167294238,2.276150553005179e-06,0.016203168779611588,0.011544179319152756,2.2009270107907077e-06,0.015531148761510849,0.011025657596450949,2.1351565862700923e-06,0.014939907938241959,0.010559977460948248,2.0781431272267383e-06,0.014419451355934143,0.010140338661296973,2.029102614572992e-06,0.013956695795059204
136,4,block_output,Horizontal,1,0.5875886080283967,0.7986193346818506,4.229621410369873,0.09146374440382397,0.00020814488312212217,0.12093564867973328,0.057625414655795175,4.6722285777440806e-05,0.07122525572776794,0.04177830930030535,1.4996867374397926e-05,0.051849424839019775,0.03370776252141074,7.64034536974308e-06,0.04189787060022354,0.02889137277527461,5.205976113228262e-06,0.0359015092253685,0.025569671410180274,4.070149876240899e-06,0.031763359904289246,0.02307527308307943,3.4392693212019147e-06,0.028673609718680382,0.021114458137797932,3.0533207376950555e-06,0.026263132691383362,0.019529620628981365,2.798161794894093e-06,0.024328909814357758,0.01822320408823471,2.6170591988114117e-06,0.022745782509446144,0.017129521683922837,2.4801315573430604e-06,0.021430280059576035,0.016202088415859236,2.371008539283937e-06,0.02032328024506569,0.015406965958102354,2.2804291451283687e-06,0.019381031394004822,0.01471885024673409,2.202967357406656e-06,0.018570320680737495,0.01411854126860225,2.1353303583258196e-06,0.017865827307105064,0.01359119149486697,2.075408923640125e-06,0.01724844053387642,0.013125091199837034,2.0217824421560268e-06,0.016703756526112556,0.01271085733813899,1.9734485052141084e-06,0.016220740973949432,0.012340877826015154,1.9296758332527557e-06,0.01579074189066887
136,4,block_output,Gaussian,1,0.8817185336162173,1.9801494992094366,6.0686516761779785,0.09371380862735566,0.0002415740137414779,0.13134773075580597,0.06051590754872277,4.9741332002616165e-05,0.07961084693670273,0.04514364306888883,1.6487544182318307e-05,0.05606981739401817,0.036906618713623,8.095722008285068e-06,0.04402428865432739,0.03181576654906311,5.213974044283616e-06,0.0373544842004776,0.028277507258786097,3.874106748556046e-06,0.032945141196250916,0.025609471613452547,3.1069496973027326e-06,0.02969183772802353,0.02348929670240198,2.6083630775125473e-06,0.027160318568348885,0.02174778924220138,2.258652280155812e-06,0.025117844343185425,0.020285732038910428,2.0013227760427996e-06,0.023427728563547134,0.019038971188285993,1.8056982327689559e-06,0.022002872079610825,0.017962963542058355,1.6533772488728892e-06,0.02078399434685707,0.017025254770285554,1.532535646270584e-06,0.019728731364011765,0.01620138120201845,1.4351786289060487e-06,0.01880572736263275,0.015472435762011816,1.3556671369959939e-06,0.017991136759519577,0.01482351492380812,1.2899046059308735e-06,0.017280839383602142,0.014242686360837921,1.234829226741676e-06,0.016746489331126213,0.01372027357241937,1.1881320753166579e-06,0.016265982761979103,0.013248337432742119,1.1480681289597102e-06,0.015831787139177322
136,final,proj_out,Vertical,1,0.1759808568490876,0.006127687762548721,0.3821389079093933,0.0817989625391506,2.828972852451326e-05,0.09484835714101791,0.07153824669501138,1.74518161043522e-05,0.08391911536455154,0.06456123251054022,1.648909868339841e-05,0.07677768170833588,0.059034968593290875,1.6030362593943806e-05,0.0709841400384903,0.05455038365390566,1.5675633900098955e-05,0.06631310284137726,0.05084357020400819,1.5311934533377455e-05,0.062471359968185425,0.04773925215242401,1.492145100856988e-05,0.059252336621284485,0.04511420919545113,1.4511811337095432e-05,0.056514423340559006,0.042877618223428726,1.4095099053583801e-05,0.05415844917297363,0.04096026765921759,1.3681928046758218e-05,0.05211270973086357,0.03930808432281963,1.3280129936237613e-05,0.050323642790317535,0.0378779335509217,1.2894857278556985e-05,0.04874991625547409,0.036634841845149084,1.2529182610917937e-05,0.04735875874757767,0.03555008848862989,1.2184680197983075e-05,0.04612363874912262,0.03459985637002521,1.186187738782972e-05,0.04502271115779877,0.03376427348998804,1.156064059428852e-05,0.04403775930404663,0.03302668416429134,1.1280403704180666e-05,0.043153487145900726,0.03237309017115169,1.1020330381233074e-05,0.0423569455742836,0.031791699281524095,1.0779431016311119e-05,0.04163713753223419
136,final,proj_out,Horizontal,1,0.1730354033292286,0.005343996099160264,0.35955700278282166,0.09184499983749693,1.0261282897285185e-05,0.10041878372430801,0.08445280719371069,3.3136086482965407e-06,0.0885966569185257,0.07941917779426726,3.2226719287589905e-06,0.08352640271186829,0.07518616070350011,3.3528993303840896e-06,0.07926586270332336,0.0715680161402339,3.482953194613795e-06,0.0755947083234787,0.06844559962314273,3.5681523503700498e-06,0.07240556180477142,0.06573096538583438,3.6081551794479574e-06,0.06961756199598312,0.0633570837477843,3.61505172864608e-06,0.06716844439506531,0.06127157334297422,3.6014323563464848e-06,0.06500862538814545,0.05943264770838949,3.5771007157455145e-06,0.06330861151218414,0.05780635590827654,3.5488147531740867e-06,0.06181160360574722,0.05636462244012999,3.520794528583156e-06,0.06047059968113899,0.055083852083910076,3.4954066380688284e-06,0.05926748737692833,0.05394393844263894,3.473726455839545e-06,0.05818662792444229,0.05292755601898072,3.4559982901923578e-06,0.05721432715654373,0.05201964464689058,3.441976500417521e-06,0.05633844435214996,0.05120705162721967,3.4311566696137238e-06,0.05554813891649246,0.05047824381599351,3.422935994866787e-06,0.05483371391892433,0.04982309670202316,3.4167158528164544e-06,0.05418650433421135
136,final,proj_out,Gaussian,1,0.10526035637373016,0.0022345324928379744,0.22605794668197632,0.057211467020568396,1.2142878653748218e-05,0.06576764583587646,0.05030496312039239,7.1300560482286705e-06,0.05617105960845947,0.04567291534372738,5.729059810899728e-06,0.05064217001199722,0.04217712250020769,4.976517932185295e-06,0.046559616923332214,0.03945653217415961,4.547131943686013e-06,0.043417856097221375,0.03729602440245568,4.290915228114827e-06,0.04095250368118286,0.03555386995394078,4.133667606062623e-06,0.039089396595954895,0.03413216675084735,4.037115299415779e-06,0.037737175822257996,0.03296045882124749,3.979769749929617e-06,0.036604128777980804,0.031986423930715,3.948403173847532e-06,0.03564821928739548,0.031170341082745127,3.9342840993687556e-06,0.03485488146543503,0.03048157242555467,3.931430230933517e-06,0.03427203744649887,0.02989619550487352,3.935678636132181e-06,0.03377556800842285,0.02939534562802504,3.944141518611141e-06,0.03334866464138031,0.028964017887437153,3.9548446560238914e-06,0.03297825902700424,0.028590195235751924,3.9664572641506686e-06,0.03265412896871567,0.02826419463824658,3.978118052966749e-06,0.03236820921301842,0.027978176132790626,3.989291586225486e-06,0.032114092260599136,0.027725764003301425,3.999672278749564e-06,0.031886667013168335
