timestep,position,component,gradient_type,kernel_size,epoch_0_mean_loss,epoch_0_var_loss,epoch_0_max_loss,epoch_1_mean_loss,epoch_1_var_loss,epoch_1_max_loss,epoch_2_mean_loss,epoch_2_var_loss,epoch_2_max_loss,epoch_3_mean_loss,epoch_3_var_loss,epoch_3_max_loss,epoch_4_mean_loss,epoch_4_var_loss,epoch_4_max_loss,epoch_5_mean_loss,epoch_5_var_loss,epoch_5_max_loss,epoch_6_mean_loss,epoch_6_var_loss,epoch_6_max_loss,epoch_7_mean_loss,epoch_7_var_loss,epoch_7_max_loss,epoch_8_mean_loss,epoch_8_var_loss,epoch_8_max_loss,epoch_9_mean_loss,epoch_9_var_loss,epoch_9_max_loss,epoch_10_mean_loss,epoch_10_var_loss,epoch_10_max_loss,epoch_11_mean_loss,epoch_11_var_loss,epoch_11_max_loss,epoch_12_mean_loss,epoch_12_var_loss,epoch_12_max_loss,epoch_13_mean_loss,epoch_13_var_loss,epoch_13_max_loss,epoch_14_mean_loss,epoch_14_var_loss,epoch_14_max_loss,epoch_15_mean_loss,epoch_15_var_loss,epoch_15_max_loss,epoch_16_mean_loss,epoch_16_var_loss,epoch_16_max_loss,epoch_17_mean_loss,epoch_17_var_loss,epoch_17_max_loss,epoch_18_mean_loss,epoch_18_var_loss,epoch_18_max_loss,epoch_19_mean_loss,epoch_19_var_loss,epoch_19_max_loss
999,3,self_attn_after_gate,Vertical,1,0.23674825318748988,0.020502920373644082,0.8671938180923462,0.0935866233138811,0.00023557607401256852,0.14761993288993835,0.06802404955739066,4.7562620795381575e-05,0.09206391125917435,0.05708038990223219,2.0637417921935695e-05,0.07144379615783691,0.05098133339058785,1.2332626412047648e-05,0.06086304038763046,0.0471515790337608,8.316089073524592e-06,0.054400838911533356,0.04457756457111192,6.034712729816741e-06,0.05011396110057831,0.042756689209786675,4.678611166001119e-06,0.0483231246471405,0.041408492695717586,3.841371194000788e-06,0.04688616096973419,0.04037015666327779,3.2966259512413715e-06,0.04557424783706665,0.0395435978850675,2.918046561352209e-06,0.04434690997004509,0.0388669397031504,2.638627813070987e-06,0.04319234937429428,0.038300353028471505,2.425595939951261e-06,0.04227983206510544,0.03781793331579557,2.2613282590778804e-06,0.04175660014152527,0.03740216762063995,2.1341587634621423e-06,0.041296474635601044,0.0370405459451297,2.035655645388039e-06,0.040907494723796844,0.03672351735451865,1.9592969463489104e-06,0.04057898372411728,0.03644341035258202,1.899358430640576e-06,0.04029911011457443,0.03619409074622487,1.850558620490129e-06,0.04006047546863556,0.03597083918395497,1.8086852306259255e-06,0.03985288739204407
999,3,self_attn_after_gate,Horizontal,1,1.0479216173527732,2.103805882532513,6.55716609954834,0.20952832959001028,0.001720296903905441,0.3048120439052582,0.14329959558589117,0.0005460794067464168,0.2009151130914688,0.1107851258582539,0.0002374478915775025,0.15145465731620789,0.09244897169253183,0.0001267340740926071,0.12582039833068848,0.08100183804829915,7.468369859767574e-05,0.10919442772865295,0.07329522954329612,4.694054760423958e-05,0.09657664597034454,0.06781225426802559,3.1271356423869313e-05,0.08694861829280853,0.06374410173249623,2.2061129459125323e-05,0.0795266181230545,0.06061904487155732,1.6426069483746707e-05,0.07373037189245224,0.05814486736106494,1.2836390012390082e-05,0.06913837045431137,0.05613350726309277,1.046045901828791e-05,0.06544490158557892,0.05446071189547342,8.826587106006794e-06,0.062427520751953125,0.05304297266734971,7.654494686790788e-06,0.059925466775894165,0.0518233956443885,6.7738892474350794e-06,0.05785732716321945,0.05076231464507088,6.0823482628506355e-06,0.05667848885059357,0.04983096303684371,5.519342272992009e-06,0.05562152713537216,0.049007467097706266,5.048866017714969e-06,0.05463127791881561,0.04827457364825975,4.6486459464664e-06,0.05370567366480827,0.047618350989761804,4.3039957306772725e-06,0.05284297466278076
999,3,self_attn_after_gate,Gaussian,1,0.13697022790946659,0.008862459847188645,0.71357262134552,0.060856951725861384,6.320214043973492e-05,0.07898153364658356,0.04850496872076913,1.9480458516515405e-05,0.05958572030067444,0.042387096477406364,1.004117327980295e-05,0.04912520945072174,0.03861774876713753,5.63764263915587e-06,0.04473205655813217,0.03617442032647512,3.5675635728602885e-06,0.041383106261491776,0.034513565756025766,2.562070937214134e-06,0.03884967789053917,0.033323174253815695,2.0138481473004586e-06,0.037036746740341187,0.03242904491840847,1.6739290963536628e-06,0.03598771244287491,0.03173379996229732,1.4448915574572406e-06,0.035023368895053864,0.031180109414789412,1.2876893605277633e-06,0.03417222201824188,0.03073038692985262,1.17975712282602e-06,0.033439330756664276,0.03035843904529299,1.1058028178886837e-06,0.03281585872173309,0.030045274556392713,1.0545453994403865e-06,0.03228747472167015,0.029776935450850972,1.0163855701268064e-06,0.03190065175294876,0.02954369644442248,9.838060250862133e-07,0.031643085181713104,0.029339292367535925,9.529492231512083e-07,0.03140712529420853,0.029159538743514863,9.23053312803275e-07,0.03118574433028698,0.029001182536520655,8.945031845730947e-07,0.03098086267709732,0.02886141079758841,8.677344092786014e-07,0.03079501911997795
999,3,cross_attn,Vertical,1,1.2845355698040553,0.5961878478336408,4.161940097808838,0.41373578849292936,0.00883131926402596,0.626426637172699,0.25048634149725474,0.0020048916763043814,0.3798357844352722,0.18169467837091477,0.0006903934582132842,0.245305597782135,0.1438916926346128,0.00030065622640413915,0.18123409152030945,0.12018989795257175,0.00015274695434200388,0.15011876821517944,0.10421377148420091,8.860918935011688e-05,0.1274130940437317,0.09287141724711373,5.7585093649393435e-05,0.11058470606803894,0.08447753910034422,4.091208829389179e-05,0.09790516644716263,0.07805799905742918,3.1038516113077186e-05,0.0895710214972496,0.0730210758509144,2.468209040137634e-05,0.08435952663421631,0.0689889487056505,2.0309069875458126e-05,0.08015237748622894,0.06570821344142869,1.7149798741954533e-05,0.07665397971868515,0.0630015516801486,1.4787147940966134e-05,0.07368429005146027,0.06074099958179489,1.2975206402128931e-05,0.0711260586977005,0.05883226431314907,1.155696338703652e-05,0.06889807432889938,0.0572046943836742,1.0425960429820939e-05,0.06694134324789047,0.05580451363135898,9.507427783491424e-06,0.0652114748954773,0.05459017105518826,8.74792205286859e-06,0.06367416679859161,0.05352912387914128,8.108880452987665e-06,0.0623023584485054
999,3,cross_attn,Horizontal,1,0.8680808108950419,0.15474645358746258,2.3422110080718994,0.3657011690120848,0.005153615718521763,0.5871683955192566,0.2472952263695853,0.001395345242219648,0.3729492127895355,0.19336500456408848,0.0004916938944663896,0.2624489367008209,0.16402767764197457,0.00022480928919125858,0.2076074481010437,0.14584959428461772,0.00012466332181331082,0.1766195297241211,0.13360293043984306,7.745706370728924e-05,0.1565467119216919,0.12493555649878486,5.1491942007310114e-05,0.14234018325805664,0.11858363461399836,3.576708135396812e-05,0.13175499439239502,0.11378367623639485,2.568528694114009e-05,0.12417004257440567,0.1100548179376693,1.9001460428440373e-05,0.11979127675294876,0.10708996393377819,1.4462555359841205e-05,0.11611004173755646,0.1046875309613016,1.1315763661728093e-05,0.11295481026172638,0.10271003452085313,9.093478288162493e-06,0.11023727059364319,0.10106035475693052,7.498979449137557e-06,0.10789700597524643,0.09966767804017143,6.339345921527819e-06,0.10588128119707108,0.09847883726396257,5.484868547923502e-06,0.10414183139801025,0.09745299224815672,4.844839904506335e-06,0.10263563692569733,0.09655854921965372,4.354545606871412e-06,0.10132597386837006,0.09577139869095787,3.968666692081882e-06,0.10018238425254822
999,3,cross_attn,Gaussian,1,0.7572980920473734,0.13006850512286888,2.1650009155273438,0.27770464595348116,0.004154265600322836,0.42982620000839233,0.16454360279298963,0.0006416769041776348,0.22392761707305908,0.11913422554258317,0.00023015488384911352,0.1640002429485321,0.09585614017550907,0.00011547520177476011,0.12674765288829803,0.08169728588490259,6.851352324177677e-05,0.10237643122673035,0.07200766780546733,4.4395677112793445e-05,0.08570119738578796,0.06492239083089525,3.0420113839685007e-05,0.07717153429985046,0.05955761901679493,2.179576779800916e-05,0.07082970440387726,0.05539562718735801,1.621617601183079e-05,0.06560085713863373,0.05209621757505432,1.2449966422967276e-05,0.061253853142261505,0.049428958504919025,9.81713866750509e-06,0.057612136006355286,0.047236057737516976,7.929374076622244e-06,0.05454122647643089,0.04540792799421719,6.552807128105527e-06,0.05193973332643509,0.04386698951323827,5.5363158776555905e-06,0.04972938448190689,0.04255701110713066,4.776531280744617e-06,0.04784780368208885,0.04143620152322073,4.201085376813247e-06,0.046244505792856216,0.04047270917466709,3.75937369247197e-06,0.04487854987382889,0.03964166668435884,3.416326506871494e-06,0.04371653497219086,0.038923130385459415,3.1477379656344352e-06,0.042808935046195984
999,3,mix_ffn_after_gate,Vertical,1,0.446632444858551,0.06402929598652073,1.2740148305892944,0.1523749799955459,0.0009052503650778069,0.23112525045871735,0.09356970564713554,0.00014339991277411137,0.12515577673912048,0.0678849725259675,3.8605738454869215e-05,0.08270189166069031,0.054080882834063634,1.4788938962804381e-05,0.06339102983474731,0.045644197317342906,7.238380802040185e-06,0.05216594040393829,0.040047261863946915,4.239529602212851e-06,0.04481789469718933,0.03613070162042739,2.83653453358893e-06,0.04003741592168808,0.03327640905858032,2.083096040464802e-06,0.03675980120897293,0.031126536576757357,1.638418362658497e-06,0.03420229256153107,0.029467967856261466,1.3650777581284435e-06,0.03220647573471069,0.02817071078433877,1.192399652488064e-06,0.03066059947013855,0.027147872107369558,1.0772246268117456e-06,0.029461536556482315,0.026335803821446405,9.94772336501989e-07,0.028522007167339325,0.025685932102894025,9.334827427620374e-07,0.027777738869190216,0.02516062060991923,8.886413689880468e-07,0.02718425542116165,0.02473073446797946,8.572872917735314e-07,0.02670913003385067,0.0243739601638582,8.358959514605141e-07,0.026324426755309105,0.02407400265690826,8.205355696093842e-07,0.026003574952483177,0.02381969571468376,8.080369421233406e-07,0.025724656879901886
999,3,mix_ffn_after_gate,Horizontal,1,0.9808937850452605,0.5178608749167829,4.2223711013793945,0.2724551288854508,0.002598991396709274,0.3902972638607025,0.16757801222422766,0.00035468289014973007,0.2271532416343689,0.12284659097592036,0.00011822983198282712,0.15557226538658142,0.09731812810613996,5.344662832531513e-05,0.11695840209722519,0.08100288917147924,2.8424262380662547e-05,0.09374229609966278,0.06983413133356306,1.670204834409712e-05,0.07943231612443924,0.06178468708244581,1.0543472504420561e-05,0.0692606270313263,0.05575231604632877,7.05749487783105e-06,0.06179739534854889,0.051097151187677235,4.987452912846638e-06,0.05615900084376335,0.04742620353187833,3.7161219850552574e-06,0.051777005195617676,0.044480460976797434,2.9049630689279767e-06,0.04828710854053497,0.04208014402834196,2.3642021870690346e-06,0.04548148065805435,0.040098202074804,1.988898393730697e-06,0.04331827536225319,0.03844364513717,1.720366345502743e-06,0.04150364547967911,0.03704982114926217,1.5241788627590545e-06,0.03996540606021881,0.03586652005712191,1.3784142302306549e-06,0.03864811360836029,0.03485508564682234,1.2681584366945134e-06,0.037509381771087646,0.03398552797143421,1.183207810005213e-06,0.03651827573776245,0.03323443423187922,1.1165673731354905e-06,0.03565208241343498
999,3,mix_ffn_after_gate,Gaussian,1,0.4157520835361784,0.05064813947149307,1.1364411115646362,0.1388733878968254,0.0006958246431833267,0.2189824879169464,0.08368536983690565,0.00012059947943508266,0.12129301577806473,0.05919197858089492,3.728448994344666e-05,0.07934874296188354,0.045610995756255254,1.4486778416413741e-05,0.05689404159784317,0.037320826616552144,6.577040830209747e-06,0.04463175684213638,0.031968577158829524,3.4544006777266837e-06,0.03708796948194504,0.028355125810891862,2.064946372571279e-06,0.03203331306576729,0.025822556621971585,1.3750212456927976e-06,0.028763355687260628,0.023992600776846448,1.0048631776795523e-06,0.02655741386115551,0.02263601289855109,7.96231979016033e-07,0.024986445903778076,0.021606439162814427,6.750911800409054e-07,0.02384350076317787,0.020808904387411616,6.02920998948837e-07,0.023000437766313553,0.0201814156912622,5.575824800944233e-07,0.022364459931850433,0.01968223045742701,5.267768710666808e-07,0.021868856623768806,0.01928176594868539,5.037282023481138e-07,0.021473094820976257,0.018958450694169317,4.846892737974775e-07,0.021154483780264854,0.01869575877393049,4.680953695255857e-07,0.020898228511214256,0.018480013937704147,4.534807387653769e-07,0.020687390118837357,0.018299930891583837,4.4069717542617615e-07,0.020501576364040375
999,4,self_attn_after_gate,Vertical,1,0.7074128677920689,0.18057193833556354,2.0033535957336426,0.21719937168416523,0.0024263104570316223,0.42574650049209595,0.13644389086772526,0.0006656862055570454,0.26704561710357666,0.09941796993925459,0.00029006134791112774,0.18588340282440186,0.07908043785700722,0.00015172155268044018,0.1373775154352188,0.06634306564690574,8.705906719632975e-05,0.10648961365222931,0.057651403877470225,5.4150227086303675e-05,0.08647637069225311,0.051384471711658296,3.637999349984968e-05,0.07321877032518387,0.04668170042217724,2.6084644028010588e-05,0.06407546997070312,0.04303949775676879,1.9611438895773036e-05,0.05742447450757027,0.040148610219595926,1.5223545687171154e-05,0.052300479263067245,0.037812368737326726,1.2094555374846956e-05,0.048163965344429016,0.0358987787945403,9.796689205638743e-06,0.04473074898123741,0.03431354995284762,8.073783483557973e-06,0.04184316471219063,0.0329865657443565,6.758832514378463e-06,0.039738722145557404,0.031864692590066364,5.740332613253045e-06,0.03812366724014282,0.030907233319585285,4.942829886306544e-06,0.0366915687918663,0.030082802125622355,4.313907279074306e-06,0.03542342036962509,0.02936709550992837,3.815577540187145e-06,0.03430230915546417,0.028741215784398335,3.4192203649823333e-06,0.033311329782009125
999,4,self_attn_after_gate,Horizontal,1,0.4844907910104782,0.05481616103600666,1.409140706062317,0.2042240554851199,0.0012156484360323538,0.3073309659957886,0.14197235696372532,0.0005049955826244944,0.22326312959194183,0.11028875386904156,0.00027730558070561954,0.16957013309001923,0.09112633409954253,0.00016802507809104156,0.13659554719924927,0.07837668073082728,0.00010811115121244492,0.11444666981697083,0.0693419138708758,7.266054441794948e-05,0.09853386878967285,0.06263071623823,5.055219072056391e-05,0.08642823994159698,0.05746735738856452,3.623338106375365e-05,0.07676124572753906,0.05339457496764168,2.6706795414630477e-05,0.06878662109375,0.05012735647578088,2.027061851579765e-05,0.062141381204128265,0.04747480018034814,1.5887554762773916e-05,0.05664582550525665,0.045298989152624494,1.2875202959027766e-05,0.053664468228816986,0.04349574925644057,1.0771804046717652e-05,0.05212271586060524,0.04198565546955381,9.268590138987043e-06,0.0507347509264946,0.040708241422498036,8.16172444421492e-06,0.049455754458904266,0.0396172386549768,7.3159464438806785e-06,0.048255689442157745,0.03867675139317437,6.640361310958019e-06,0.04711039736866951,0.03785850503851497,6.074490767736452e-06,0.04600080847740173,0.03714009776474938,5.580530691919293e-06,0.04491541534662247
999,4,self_attn_after_gate,Gaussian,1,0.8767223433842735,0.41166510355430325,4.401960372924805,0.29528766350140645,0.006222475620281808,0.5404113531112671,0.18107884400893773,0.0017345586422879168,0.337302029132843,0.12931063771247864,0.0007532625497695338,0.2283545732498169,0.09975293349652063,0.00035994096732685864,0.16290642321109772,0.08084906158702714,0.00018499712300951263,0.12315784394741058,0.06790793361881423,0.0001041715360163549,0.09810253232717514,0.0586012698236912,6.429289705930516e-05,0.08127206563949585,0.051657086031304464,4.286940591360868e-05,0.06933163851499557,0.046325988831028106,3.022221717051955e-05,0.060517583042383194,0.04213730352265494,2.208731992098407e-05,0.053796976804733276,0.038781543631875325,1.653778806810456e-05,0.04851970449090004,0.03604912382387926,1.2628143186329448e-05,0.044267892837524414,0.033794482194242026,9.825191668207976e-06,0.04079804942011833,0.03191369801523194,7.790222318391916e-06,0.038197100162506104,0.030330402273980397,6.294645272757592e-06,0.03598242998123169,0.02898698616477232,5.181010410765068e-06,0.034093018621206284,0.02783904011760439,4.3401022297183344e-06,0.032475609332323074,0.026851728528974547,3.695538029363277e-06,0.031083881855010986,0.025997326398889225,3.1933147870365943e-06,0.029878124594688416
999,4,cross_attn,Vertical,1,0.729978809281001,0.07669715956679578,1.5187950134277344,0.2921715241575998,0.0030510298651109965,0.4846334457397461,0.19141417647164966,0.0008521282888167514,0.28230154514312744,0.14394243097021467,0.00035461600201537526,0.1950806975364685,0.11705851767744337,0.00018783389318460076,0.15010923147201538,0.09994690179351777,0.0001120469171910015,0.12460994720458984,0.08824471951950164,7.193999952482894e-05,0.10902564972639084,0.07985756014074598,4.9565049664411e-05,0.0972900241613388,0.07363854697535908,3.6814930434560124e-05,0.08836550265550613,0.06890067966684463,2.9362536135295174e-05,0.08149248361587524,0.06520765345721018,2.4824645830100985e-05,0.07610251754522324,0.06227108528689733,2.1905443672468682e-05,0.07218093425035477,0.05989474572596096,1.990962676139831e-05,0.06930182874202728,0.05794211879136071,1.8466526548968194e-05,0.06693332642316818,0.0563164557374659,1.7378194294156087e-05,0.06498141586780548,0.05494799045106721,1.653768307607861e-05,0.0633746087551117,0.053785496228744116,1.588556893566484e-05,0.06208595633506775,0.05279060819792369,1.5387044569966404e-05,0.06121333688497543,0.051933958357761774,1.5019254070788442e-05,0.060431040823459625,0.05119253346134746,1.4764562430486168e-05,0.05973025783896446
999,4,cross_attn,Horizontal,1,0.9787972749225677,0.4043848600946959,4.378271579742432,0.3699546352265373,0.004283617909841952,0.5201464891433716,0.25377320628317573,0.001025421084806415,0.3256961405277252,0.20144793462185634,0.0004131096853896877,0.25797039270401,0.1716194245077315,0.00021114440608986141,0.21591202914714813,0.15250523837785873,0.00012030478722511727,0.18655431270599365,0.13938261568546295,7.329314315511548e-05,0.165228933095932,0.1299440801616699,4.7282870030247755e-05,0.1495693325996399,0.12290397723988881,3.219720870612857e-05,0.13796131312847137,0.11749087356858784,2.299978367431497e-05,0.12921637296676636,0.11322361621118728,1.7077372966202026e-05,0.12321463972330093,0.10979256317729041,1.3064489882766523e-05,0.11917626857757568,0.10699097528344109,1.0235525657649972e-05,0.11571452766656876,0.10467516619061666,8.185564762959548e-06,0.11272885650396347,0.10274156183004379,6.6713383253187995e-06,0.1101478785276413,0.10111309528823882,5.5360479991157845e-06,0.10791632533073425,0.09973081343230747,4.673990165044073e-06,0.10598805546760559,0.09854849605333238,4.0121156139053985e-06,0.10432229936122894,0.09752914297675329,3.4988628174351367e-06,0.10288156569004059,0.09664271322507707,3.09667384783788e-06,0.10163071751594543
999,4,cross_attn,Gaussian,1,0.7145453246812972,0.09518285180351861,1.6675678491592407,0.2667272658575149,0.002510457309490238,0.40202897787094116,0.16387363085671078,0.0005154622271365277,0.22127604484558105,0.1195055398912657,0.0001918439517674709,0.14822033047676086,0.0949226441600966,0.00010345211120542228,0.11328227818012238,0.07923958214029433,6.586264064085738e-05,0.09509636461734772,0.06843029222791157,4.540556822284397e-05,0.08276019990444183,0.0606094343321664,3.244444618653879e-05,0.07347407937049866,0.0547581028252367,2.360973404582996e-05,0.06628462672233582,0.05026859139639234,1.7465883395422954e-05,0.06058052182197571,0.04675144672630325,1.319959228072978e-05,0.055962979793548584,0.043945807431425364,1.0246895913485221e-05,0.05216757953166962,0.04167212398042754,8.19452375955377e-06,0.049007948487997055,0.03980459905569515,6.7463987966196205e-06,0.04634401202201843,0.038253663078187006,5.700488927864205e-06,0.044068291783332825,0.03695404789750538,4.925655849142891e-06,0.042099326848983765,0.03585679509810039,4.339106521039752e-06,0.04037589952349663,0.03492442196205495,3.88825880301625e-06,0.03894267603754997,0.03412817900497762,3.539146156256304e-06,0.03790656104683876,0.03344625550957899,3.2697145095885484e-06,0.03702270984649658
999,4,mix_ffn_after_gate,Vertical,1,0.8304768275646937,0.4908577828487538,3.9584670066833496,0.24654417567782932,0.0021954864367687644,0.3346688151359558,0.15128895569415318,0.0004426864963769689,0.1878771036863327,0.10753027373363101,0.00015637223743919772,0.13137581944465637,0.08274456492019078,7.130452912448428e-05,0.09975269436836243,0.06703161093450728,3.766472389548548e-05,0.07991770654916763,0.05632354419619318,2.1972018652806197e-05,0.06651836633682251,0.048652769435965824,1.3772641646564074e-05,0.0569852776825428,0.042960715376668505,9.126831308348587e-06,0.04995754361152649,0.03862659118714787,6.340542034564429e-06,0.04463686794042587,0.03525954659377772,4.599334623609753e-06,0.04052106291055679,0.03259988513494295,3.4761430460513435e-06,0.037279993295669556,0.03046816611100757,2.7321200000989756e-06,0.034688979387283325,0.028736950208743412,2.2269215775066706e-06,0.03259030357003212,0.02731407643665397,1.874950306592214e-06,0.030870158225297928,0.02613207053333994,1.6228893074644655e-06,0.029444463551044464,0.02514093109066524,1.4374312757429877e-06,0.028250303119421005,0.024303028271311804,1.2977296723959362e-06,0.027240600436925888,0.02358957084398421,1.1904231390565007e-06,0.026379957795143127,0.022978206298180988,1.1065721486323991e-06,0.02564106322824955
999,4,mix_ffn_after_gate,Horizontal,1,1.3768947715797122,1.8988696872244515,6.654008865356445,0.3130768310456049,0.0033618293285528895,0.4519660770893097,0.19769646582149325,0.0006295487480091519,0.25479716062545776,0.1447623787181718,0.00023216919332199356,0.18378093838691711,0.11381094441527412,0.0001109384149482322,0.1417693793773651,0.09354373126749009,6.0547668270449064e-05,0.11360961198806763,0.07936916795987932,3.605790305933489e-05,0.09388002008199692,0.06901092726796393,2.2916377058253566e-05,0.0795707255601883,0.061191823924817736,1.533853222738317e-05,0.06888878345489502,0.05513730420479699,1.072105342217975e-05,0.06075417250394821,0.05035100788587615,7.780041418673479e-06,0.05552805960178375,0.04650128993486601,5.838536581041563e-06,0.05133197456598282,0.04335919945012955,4.520881087059871e-06,0.047910720109939575,0.04076232530531429,3.6081161197002052e-06,0.04508505016565323,0.038592707602277634,2.9659299894661676e-06,0.04272545874118805,0.03676288007270722,2.5078711308983117e-06,0.04073584824800491,0.035206857891309826,2.1760938955252593e-06,0.03904341161251068,0.03387410563254167,1.931078489014714e-06,0.03759225457906723,0.032725335320546514,1.7458861400455145e-06,0.036338821053504944,0.03172950866439986,1.6024194091034724e-06,0.035248395055532455
999,4,mix_ffn_after_gate,Gaussian,1,0.5635339333897545,0.13924797094201177,1.9563555717468262,0.18640113278986917,0.0013273811700508862,0.2787236273288727,0.11141044989464775,0.00021865917831928697,0.14833500981330872,0.07685626534715531,6.837834219992934e-05,0.09724462777376175,0.057494369645913444,2.8855946516849057e-05,0.07017925381660461,0.045444550022246344,1.4617137204371985e-05,0.053922396153211594,0.03737797298365169,8.332273810687949e-06,0.044141724705696106,0.031700815798507795,5.141839314410485e-06,0.03731747716665268,0.027557342653236692,3.362157157795717e-06,0.032326340675354004,0.02444692160047236,2.3061504911848274e-06,0.028559770435094833,0.022058869460745464,1.6532148292793377e-06,0.025653570890426636,0.0201913710860979,1.236072748199672e-06,0.023370275273919106,0.018708230986718147,9.609579430234285e-07,0.021546371281147003,0.01751470042481309,7.73568927496026e-07,0.020067080855369568,0.016543138151367504,6.419781145047853e-07,0.018852058798074722,0.015744100975257063,5.472218096626608e-07,0.017845511436462402,0.015080711833896145,4.779325406649154e-07,0.017008263617753983,0.014525093419092989,4.270748651353444e-07,0.016353052109479904,0.014056119535650526,3.8981426329567085e-07,0.015828466042876244,0.01365782685637001,3.6238838519210196e-07,0.015382181853055954
999,5,self_attn_after_gate,Vertical,1,0.34916395753149004,0.030897267703487916,1.2463983297348022,0.12465907609651959,0.0006543473750563065,0.20136189460754395,0.07992313565715911,0.00016431441028623466,0.1253422498703003,0.059691946243955976,7.540643248082984e-05,0.09176003932952881,0.04787908778304145,3.830453303703064e-05,0.07043665647506714,0.04031915974522394,2.0892645368762255e-05,0.05591236427426338,0.035216654872610456,1.246018445186065e-05,0.04565359652042389,0.03161988262501028,8.274158929885747e-06,0.03984133154153824,0.028985337871644232,6.106064522391548e-06,0.03653751313686371,0.02698827428477151,4.8975221062716134e-06,0.033958520740270615,0.025427904985253772,4.154174962431579e-06,0.0318719819188118,0.024176620035654024,3.6484625134198617e-06,0.03014332428574562,0.023151166027500517,3.2749898616502354e-06,0.028689060360193253,0.022295726463198662,2.983067116223677e-06,0.0274532288312912,0.021571811406858384,2.746448092045606e-06,0.026395555585622787,0.020952088787915216,2.5501490275370308e-06,0.025485331192612648,0.02041654779560982,2.3847416893458924e-06,0.02469809353351593,0.019950094026705577,2.2438440647614735e-06,0.024013850837945938,0.019541031695784083,2.122899632415411e-06,0.023416034877300262,0.01918009627196524,2.018509551120718e-06,0.02289087325334549
999,5,self_attn_after_gate,Horizontal,1,1.2303442292743259,2.090303516773152,6.177183151245117,0.255373978425586,0.003073843110968373,0.4452054500579834,0.15943157826624219,0.0006746824462967067,0.2312176376581192,0.11803077244096333,0.0002942952829548202,0.1712382584810257,0.09557135391329961,0.00016003139752620912,0.13515187799930573,0.081483370136647,9.816308583201702e-05,0.11114896833896637,0.07178647414086357,6.559464685885799e-05,0.09433038532733917,0.06468428310657305,4.6530050066954634e-05,0.08193732053041458,0.059242849193868186,3.443924433225479e-05,0.07241961359977722,0.05492935826381048,2.6322029582349933e-05,0.06535296142101288,0.0514193404288519,2.0649561000291077e-05,0.060663945972919464,0.048504325782968885,1.657216704484876e-05,0.057134658098220825,0.0460439378780032,1.3580890121086799e-05,0.05404055118560791,0.04393972840810579,1.13507817780104e-05,0.051315899938344955,0.04212028131125465,9.664123154689455e-06,0.04895899444818497,0.04053235071755591,8.37048052743774e-06,0.04690280184149742,0.03913536247989488,7.364179064466738e-06,0.04529956728219986,0.0378978279611421,6.570390147532812e-06,0.043870192021131516,0.03679493643225185,5.9359241267945345e-06,0.042561065405607224,0.03580684977627936,5.42279223279154e-06,0.04135771840810776
999,5,self_attn_after_gate,Gaussian,1,0.3395896760953797,0.05242843260024921,1.2420122623443604,0.09949543386224717,0.0008674075334697212,0.19598722457885742,0.06274838514980816,0.00018691617886944014,0.0976257175207138,0.04681015174303736,7.019989962578608e-05,0.06777828931808472,0.03766680041712428,3.307954492005341e-05,0.0508425235748291,0.03177598988016447,1.761936822413716e-05,0.04053756594657898,0.027748836766159725,1.0290172689413645e-05,0.034643545746803284,0.024875834259012387,6.529304998687128e-06,0.03022470325231552,0.022752181079889102,4.484924921939576e-06,0.027781877666711807,0.021133855487855655,3.3182331133728237e-06,0.025927070528268814,0.019866728209077367,2.616421311380097e-06,0.024433495476841927,0.018849464103816046,2.165427330124123e-06,0.02316954731941223,0.018013575498665137,1.8521116742583933e-06,0.022062158212065697,0.01731204925962384,1.6171918808484046e-06,0.02107272669672966,0.016712428765401008,1.4304306461381431e-06,0.020181242376565933,0.016192317644636783,1.276789644021831e-06,0.019376438111066818,0.015736224366322396,1.14860806036061e-06,0.0188763290643692,0.015333252633729625,1.0414601906121585e-06,0.018485115841031075,0.01497543209956752,9.522053725936368e-07,0.018129710108041763,0.014656614083501081,8.782427745067716e-07,0.01780240423977375
999,5,cross_attn,Vertical,1,0.7593358802416968,0.10777687021886617,1.9949370622634888,0.2991129318400035,0.0040903365772756595,0.45104098320007324,0.19396494731070504,0.0012771239710822559,0.27547234296798706,0.14452827024081397,0.0005593689069088644,0.1995144784450531,0.11620615931257369,0.00029616972263352733,0.15596967935562134,0.09809686373623591,0.00017724533720788564,0.1288747936487198,0.08570435524932922,0.00011685157202637441,0.11353500932455063,0.07681350930342598,8.370555309092343e-05,0.10190898180007935,0.07020700598756473,6.426901480412437e-05,0.09286655485630035,0.06516402445378758,5.209289980534599e-05,0.08565076440572739,0.06122974460087125,4.39384450781937e-05,0.07976266741752625,0.058102270558712976,3.8118370538701186e-05,0.0748697966337204,0.055573066903485194,3.3727040951512964e-05,0.07074020802974701,0.0534940061588136,3.0267912614854486e-05,0.06720156222581863,0.051758188754320145,2.7466297422682844e-05,0.06412147730588913,0.05028803463256548,2.5167492214738597e-05,0.062120065093040466,0.04902721657639458,2.3276628558126702e-05,0.060456983745098114,0.047934752903760425,2.1724523761589947e-05,0.05904386192560196,0.04698050376914796,2.045216370972691e-05,0.05783364921808243,0.04614189444553284,1.9406388359221735e-05,0.05678730458021164
999,5,cross_attn,Horizontal,1,0.9388325394146027,0.1754856710914109,2.6358752250671387,0.38084651931883795,0.005537466291299204,0.5978803038597107,0.25144819915294647,0.0011526858768514158,0.3588736355304718,0.195978767578564,0.00042202004500329265,0.26245391368865967,0.16627556558639284,0.0001923313681636251,0.2090548425912857,0.14800952635114156,9.980918723660755e-05,0.17626085877418518,0.13567270634193268,5.739490919309375e-05,0.15463092923164368,0.12680977452842015,3.598817677053745e-05,0.1424468457698822,0.12017663781132017,2.4268013002940882e-05,0.13426059484481812,0.11506819866952442,1.7352534348345322e-05,0.12739039957523346,0.11104987821881733,1.2992678027363843e-05,0.12167653441429138,0.10783727266012676,1.0089620509728343e-05,0.11694172769784927,0.10523497265955759,8.070488906257639e-06,0.11301504820585251,0.10310303171475728,6.6183100553320585e-06,0.10974268615245819,0.10133777487845648,5.549315249136453e-06,0.10699222981929779,0.09986051751507653,4.752202800901477e-06,0.1046554297208786,0.09861099412516942,4.154930502568133e-06,0.10316801816225052,0.09754314616559044,3.7060410492352773e-06,0.10200135409832001,0.09662197790448628,3.3657642798181666e-06,0.10097435861825943,0.09582085209706473,3.102925428692867e-06,0.1000499576330185
999,5,cross_attn,Gaussian,1,0.7120355339277358,0.1500589609826852,1.9270601272583008,0.25873782071802354,0.003698197097330742,0.44167202711105347,0.16359218872255749,0.0010597092465106563,0.29947248101234436,0.12157555208319709,0.0004856729556173273,0.2171272337436676,0.09778961444657946,0.00025508017105235325,0.16305607557296753,0.08251173788356403,0.00014868471444650256,0.12683454155921936,0.07191312691522023,9.539537407613479e-05,0.10238828510046005,0.06418944244819974,6.611824537702109e-05,0.08554086089134216,0.05836746410008461,4.842161844605326e-05,0.07362748682498932,0.0538633738954862,3.680512673020436e-05,0.06711181998252869,0.050299024830261864,2.86954709648761e-05,0.06174134463071823,0.04741738848979511,2.2800988628400396e-05,0.05832337960600853,0.045039548937763484,1.8414147959584228e-05,0.055351875722408295,0.043040645146180716,1.5107195117831229e-05,0.052718982100486755,0.04133435770396202,1.2595619767589797e-05,0.0503666028380394,0.03986120188520068,1.0676340023208788e-05,0.04826556146144867,0.03857935391484745,9.199427442949421e-06,0.04639650136232376,0.0374581352585838,8.053537142470392e-06,0.0447395034134388,0.03647399063976038,7.1563805100131015e-06,0.04327236860990524,0.03560825812792967,6.447505691764123e-06,0.04198138788342476
999,5,mix_ffn_after_gate,Vertical,1,0.682071871700741,0.20263008934049703,2.768231153488159,0.21507948045692746,0.0018077246614556692,0.3082612454891205,0.12377795754444032,0.00030015429030190677,0.166008859872818,0.08436139211768195,9.268916870207897e-05,0.10844314098358154,0.06303230525245743,3.751583965756536e-05,0.07859537750482559,0.05007494465699271,1.797948807846014e-05,0.06045515835285187,0.04157429401363645,9.970903355804299e-06,0.04861994832754135,0.03567904751333925,6.273160074600982e-06,0.040969692170619965,0.0314135467781434,4.350434364879554e-06,0.03589796647429466,0.028221205970834173,3.239210641493084e-06,0.03211180120706558,0.025765986699197028,2.5405273140590393e-06,0.029212884604930878,0.023835186240455462,2.0716975914249245e-06,0.026945415884256363,0.022288665116306335,1.7409083129356294e-06,0.02513769268989563,0.02103107591115293,1.4982785351624049e-06,0.023671571165323257,0.019995828706120686,1.3148786247387337e-06,0.022465761750936508,0.01913515700116044,1.1729726819013993e-06,0.02146444469690323,0.018413786761580953,1.061187224783124e-06,0.020628195255994797,0.017804971319578942,9.719556368140077e-07,0.01992763578891754,0.01728802326593607,9.001574570720771e-07,0.01934937760233879,0.016846693490469265,8.423803225122988e-07,0.0188475139439106
999,5,mix_ffn_after_gate,Horizontal,1,0.5614566613757421,0.08794831586162895,1.837435245513916,0.18829597012391167,0.001474611980898512,0.28147733211517334,0.10774935356208257,0.00019907146305984873,0.1420874297618866,0.07450805509847308,5.5552579548171504e-05,0.09470000118017197,0.05693733621211279,2.2809036626548475e-05,0.06961779296398163,0.046388508781554205,1.173848261497626e-05,0.054699916392564774,0.03955000792703931,7.003749848527599e-06,0.04571349918842316,0.034860003562200634,4.622531064978648e-06,0.03964053839445114,0.03150088263172952,3.2903406835812115e-06,0.035618267953395844,0.02901383521892722,2.49584580833377e-06,0.03276418149471283,0.027124042401001566,2.0020379528501916e-06,0.03068619966506958,0.02565757921409039,1.6858803457781924e-06,0.02904871292412281,0.024499584403302934,1.4794480213978048e-06,0.02774187922477722,0.023571442073536297,1.3430371764728183e-06,0.026685945689678192,0.02281776156335596,1.2514763565258071e-06,0.025819750502705574,0.022198777852786913,1.1876004682187468e-06,0.02509702555835247,0.021685656219247788,1.1400245169344483e-06,0.024486415088176727,0.021257168894249296,1.1021169429744608e-06,0.023968225345015526,0.020897271821186655,1.0704158787158326e-06,0.023529132828116417,0.020593523151344724,1.0431644588440699e-06,0.02315864898264408
999,5,mix_ffn_after_gate,Gaussian,1,0.4192189761097469,0.043174130029663235,1.140254020690918,0.1410777284985497,0.0009782376682345275,0.2361469566822052,0.07899797181524927,0.00017089477039341372,0.11781076341867447,0.051426284665626196,4.736754922395853e-05,0.07101228833198547,0.036775438795014034,1.7376904195344348e-05,0.048814140260219574,0.028195040063962104,7.818857462579652e-06,0.0371139794588089,0.022788934202657804,4.112545094931626e-06,0.029733717441558838,0.01918116191195117,2.4403455985681217e-06,0.024760250002145767,0.01665813945943401,1.5888803120822885e-06,0.021241452544927597,0.014826899497873254,1.1140151122902564e-06,0.01866106688976288,0.013458386196621827,8.29994665812346e-07,0.016718171536922455,0.012411965959010616,6.502882054635945e-07,0.01522494200617075,0.011597539919118086,5.314610722926851e-07,0.01405787281692028,0.010954974160071403,4.5020582370774716e-07,0.013132802210748196,0.01044252108309477,3.9300025868862383e-07,0.012390777468681335,0.010030195220477052,3.5139782577379804e-07,0.011789606884121895,0.009695893138765342,3.2000230944236054e-07,0.011298300698399544,0.00942309790601333,2.955772028727961e-07,0.010893350467085838,0.00919942646509125,2.763698941963325e-07,0.010556690394878387,0.009015499377652766,2.614233873354636e-07,0.010274591855704784
982,3,self_attn_after_gate,Vertical,1,0.6670778187967482,1.002600830667939,4.890435218811035,0.12978423505075395,0.0005523818081027415,0.19378703832626343,0.08946401933355937,0.00011308069782155647,0.1129392459988594,0.07179357750075203,4.129922788559102e-05,0.08723769336938858,0.062057945285997694,2.1220071821893248e-05,0.07216031849384308,0.055823030275484874,1.328857040857578e-05,0.06377486884593964,0.05148214545278322,9.470147319845814e-06,0.05904773622751236,0.04830395116929024,7.368328879163513e-06,0.05555631220340729,0.04589209859333341,6.057681425109087e-06,0.05281854793429375,0.04400781642586466,5.1445285132488244e-06,0.05057498812675476,0.04249907072101321,4.458485232308747e-06,0.04868777096271515,0.04126572177287132,3.923296129402428e-06,0.047080546617507935,0.04023994889760774,3.5008845483628686e-06,0.045705173164606094,0.03937452345613449,3.167550730617413e-06,0.04452511668205261,0.03863557434034726,2.9049195748866944e-06,0.04350887984037399,0.03799807327607321,2.6974397481282573e-06,0.04262867569923401,0.03744303115776607,2.5321558523243446e-06,0.04186078533530235,0.036955728003429986,2.3986755315815867e-06,0.041185665875673294,0.03652457402102531,2.288847589230849e-06,0.04058730602264404,0.03614031316505538,2.196409348777604e-06,0.04005254805088043
982,3,self_attn_after_gate,Horizontal,1,0.1823153198947982,0.00797249541111345,0.4977661967277527,0.08515731044231899,8.959326281938105e-05,0.1073811948299408,0.06733425334095955,2.5951406846271648e-05,0.07969282567501068,0.05883892856183506,1.3516851991193405e-05,0.06996658444404602,0.05389573413228232,8.975609656505292e-06,0.06291377544403076,0.050674202304983894,6.515966489682322e-06,0.05771844834089279,0.04841701018195304,5.023976403023703e-06,0.053887251764535904,0.04675363406302437,4.080011596819979e-06,0.05133624002337456,0.045479808948815814,3.4667721704862965e-06,0.04972172901034355,0.04447505291965273,3.060424428733445e-06,0.04861830547451973,0.0436641156436905,2.7856151275008912e-06,0.04776335880160332,0.04299756027166805,2.5948961426704343e-06,0.04701993614435196,0.042441455440388784,2.458110863064378e-06,0.04636278748512268,0.04197162649934254,2.3562426993341096e-06,0.045786287635564804,0.041570307598227545,2.2774527666347912e-06,0.04531484097242355,0.04122411572034397,2.214478202717505e-06,0.044898148626089096,0.04092278739526158,2.1628240203179e-06,0.04452645033597946,0.040658328741315815,2.1196338715385293e-06,0.04419331252574921,0.04042443881432215,2.0829508562630264e-06,0.0438944548368454,0.040216096514274206,2.051332693430462e-06,0.043626777827739716
982,3,self_attn_after_gate,Gaussian,1,0.09819949524743217,0.0022819897918360792,0.33778923749923706,0.05025911159695141,4.303131771906949e-05,0.0661693587899208,0.039525131325400066,1.1346744627307676e-05,0.04741089046001434,0.03468233210936425,5.165458285321738e-06,0.03954234719276428,0.0320426667079566,3.115038879885455e-06,0.03586265444755554,0.030411734349197812,2.23239239182012e-06,0.0340009480714798,0.029310338938283543,1.7756475848203095e-06,0.03274694085121155,0.028517544210430176,1.498730751403518e-06,0.03165898472070694,0.027920580365591578,1.3129870970963928e-06,0.030763238668441772,0.027457011272273367,1.184461633482717e-06,0.030248351395130157,0.027088514750912077,1.093629891599095e-06,0.029835615307092667,0.026789669863997945,1.0260132694640878e-06,0.02949843369424343,0.026543221658184415,9.729752117921973e-07,0.02921498380601406,0.026336986748945145,9.301416716729954e-07,0.02897268533706665,0.026161955994746043,8.953312290033749e-07,0.02876545488834381,0.026011316874434077,8.672755502088972e-07,0.028589997440576553,0.025879986347660186,8.449842865043834e-07,0.028443172574043274,0.02576426537855277,8.275048804184461e-07,0.028321031481027603,0.025661480834796316,8.139024123998946e-07,0.028219016268849373,0.025569655148992464,8.033143779849352e-07,0.02813252992928028
982,3,cross_attn,Vertical,1,1.0294101460585519,0.3115693095203421,3.178518772125244,0.3593495190143585,0.008665156153198503,0.6492412090301514,0.21899884064046163,0.0018156827719524357,0.3446381986141205,0.16085763417539142,0.0006454277603098168,0.23767578601837158,0.1295007231926161,0.00033061918820064353,0.18705080449581146,0.110024522457804,0.0002051090176085451,0.15649183094501495,0.09683731907889956,0.00014056888414250746,0.1354607194662094,0.08737891758718187,0.00010217363572906924,0.12192371487617493,0.08029858555112566,7.737195946107816e-05,0.11130990833044052,0.07480483756415428,6.041969740350903e-05,0.10210661590099335,0.0704068656242083,4.8241727594732396e-05,0.09406804293394089,0.06679586309289175,3.914639572907739e-05,0.08708233386278152,0.06377653842644086,3.2202478793184923e-05,0.08108559250831604,0.06122191061103155,2.6852799075466284e-05,0.07600250840187073,0.05904445152670618,2.2714617145700554e-05,0.07172958552837372,0.057179399366889684,1.9499599919477767e-05,0.06836693733930588,0.0555758945762165,1.6984427980853247e-05,0.06631220877170563,0.054192391948567495,1.4996507847312531e-05,0.06467541307210922,0.052994196791024434,1.3404485826129886e-05,0.06313245743513107,0.051951965287564295,1.2110815362778923e-05,0.06168457865715027
982,3,cross_attn,Horizontal,1,0.8298962603485773,0.14023030934121808,2.065068483352661,0.34841139732845244,0.002973321500557605,0.5033498406410217,0.24163574760868436,0.0007120657808527325,0.30288034677505493,0.19313987947645642,0.00030517120196406,0.24262619018554688,0.16518603217980218,0.000160189380977818,0.2040168046951294,0.14708744060425533,9.423332947851365e-05,0.1778382658958435,0.13461671887882173,5.985633961649414e-05,0.15922261774539948,0.12564757099700352,4.0167930555384854e-05,0.1454935371875763,0.11898667164265163,2.820445200023295e-05,0.13520938158035278,0.11390749731707195,2.061645981427349e-05,0.12740859389305115,0.10994314899047215,1.5616342418817765e-05,0.12134790420532227,0.1067859059761441,1.2202590349833925e-05,0.11650292575359344,0.10422962064307834,9.795156692390366e-06,0.11253990232944489,0.10213353626784824,8.045940733214794e-06,0.10925177484750748,0.10039842424411623,6.73898410421878e-06,0.10685564577579498,0.09895080517208765,5.738179373460756e-06,0.10513047873973846,0.097733455281409,4.957978830735171e-06,0.10363498330116272,0.09670079806967387,4.343906349748704e-06,0.10232099890708923,0.09581688720555533,3.859135843692289e-06,0.10115723311901093,0.09505387088136068,3.4763368836134477e-06,0.10012155771255493
982,3,cross_attn,Gaussian,1,0.7080201132903023,0.09768592881143434,1.4588289260864258,0.274407016616019,0.0035976011220306813,0.4437042474746704,0.17404881805654557,0.0009575180048785384,0.2645828425884247,0.12676404712219086,0.00038670005036819293,0.18432417511940002,0.09994357658757104,0.0001874182047785724,0.1368485689163208,0.0831734152540328,0.0001014878888307002,0.1065569743514061,0.07199079330478396,5.928221566340765e-05,0.08739125728607178,0.06412508876787291,3.666657535544795e-05,0.07719068229198456,0.058337436308936466,2.4002981114734385e-05,0.0695996880531311,0.05392749489299835,1.6711985705431604e-05,0.06353709101676941,0.05047548059669752,1.2359934865459952e-05,0.05864030495285988,0.04771704019771682,9.634521358461583e-06,0.05462361127138138,0.04547778925015813,7.827606074094598e-06,0.05127676576375961,0.04363630357242766,6.556344718044136e-06,0.04874066263437271,0.042104037449000375,5.615695869670292e-06,0.04676369950175285,0.04081520337670568,4.895584259800154e-06,0.04501582682132721,0.039720904022928265,4.333749940743425e-06,0.043744683265686035,0.03878475506863897,3.891420766511993e-06,0.04282192140817642,0.03797942488676026,3.541781893884812e-06,0.04201340675354004,0.03728409915689438,3.264816457581264e-06,0.0413045659661293
982,3,mix_ffn_after_gate,Vertical,1,0.6175938967674498,0.1399780754072694,2.2080845832824707,0.20916052706657895,0.0013941527302189793,0.3004383146762848,0.1256088956244408,0.00024222228946389852,0.16400985419750214,0.08865941493284135,7.659248010117933e-05,0.11340084671974182,0.06856024856605226,3.2719325678857895e-05,0.08610126376152039,0.056156787843931286,1.6685274217712624e-05,0.06865205615758896,0.047881428566243917,9.651717795643371e-06,0.05675983801484108,0.0420591626020651,6.20006141056735e-06,0.04835238307714462,0.0378046894357318,4.3628180237157935e-06,0.04330851137638092,0.03460250543578276,3.3135921154918443e-06,0.03963132202625275,0.03213190479529283,2.6799111279167478e-06,0.036715880036354065,0.030186864236990612,2.2805594627224093e-06,0.03437542915344238,0.028630852758411377,2.017408176566828e-06,0.03247689828276634,0.027369598784143963,1.8356018781827106e-06,0.03092479333281517,0.026335617438668295,1.704729884271645e-06,0.029646020382642746,0.02547974677549468,1.6074591470024276e-06,0.02858860045671463,0.024765829925262738,1.5336097405757715e-06,0.02774053066968918,0.02416664296908984,1.4765947981382637e-06,0.027025390416383743,0.023660947376536946,1.4314771271467539e-06,0.026418250054121017,0.02323155374162727,1.3944062420138997e-06,0.025898970663547516
982,3,mix_ffn_after_gate,Horizontal,1,0.5745998602064829,0.10783121713161764,2.0920374393463135,0.2084096208924339,0.001172262724292499,0.28499841690063477,0.12963338574719807,0.00021218405319986818,0.16503949463367462,0.09417143097472569,6.281381308169011e-05,0.11313319951295853,0.07460771997769673,2.5095100269889945e-05,0.08447561413049698,0.062410575352490893,1.2378273314040099e-05,0.06945379078388214,0.05419746987403385,7.176524077761102e-06,0.05990530177950859,0.048375848089418715,4.72367627782012e-06,0.05324745550751686,0.044096772455506854,3.4296444986452447e-06,0.04838959127664566,0.040865286770794124,2.681967851868773e-06,0.04471737518906593,0.03837320143504748,2.2188291202211696e-06,0.04186125844717026,0.03641858986682362,1.9176067000456464e-06,0.039588626474142075,0.034863635720241634,1.7153412688132381e-06,0.037750497460365295,0.03361101504710932,1.5766680143704576e-06,0.036249272525310516,0.03259034717958125,1.4799614334081523e-06,0.03501569479703903,0.031749880650923365,1.4112702226072285e-06,0.034190304577350616,0.03105091025668477,1.3614651814950395e-06,0.03350035846233368,0.030464005257402147,1.3245686443592387e-06,0.032921068370342255,0.029966608961186712,1.2966656631652797e-06,0.03243227303028107,0.029541635590176734,1.2752164815023761e-06,0.0320172943174839
982,3,mix_ffn_after_gate,Gaussian,1,0.46813725739244433,0.07206572561448864,1.2940040826797485,0.15035918662472378,0.0008473866723606077,0.21914806962013245,0.0892485079784242,0.00014067510062686233,0.1272244155406952,0.061920150582279475,4.184222778194276e-05,0.08462759107351303,0.04718796506760612,1.5689682373713614e-05,0.0605253241956234,0.038357328327875286,6.924561493662849e-06,0.04660860821604729,0.032622767789732846,3.561571521395793e-06,0.038262296468019485,0.028651333842722195,2.1246244332336015e-06,0.03298149257898331,0.025758051387374362,1.4397386698231656e-06,0.029405828565359116,0.02358838948347266,1.0748503791491498e-06,0.026796096935868263,0.021939751352109606,8.681264172542798e-07,0.02481735125184059,0.02067337998203815,7.480647993569813e-07,0.023302048444747925,0.019689352562030155,6.774454497755745e-07,0.02213326282799244,0.018915856138817848,6.358516579307147e-07,0.021223410964012146,0.01830090165493034,6.118559140435419e-07,0.020508233457803726,0.01780668572182693,5.988459875376011e-07,0.019941003993153572,0.01740597351084626,5.927472505234041e-07,0.019487394019961357,0.01707900052387563,5.907989456308914e-07,0.019121676683425903,0.0168107444982207,5.910870070525894e-07,0.01882391795516014,0.016589394711431057,5.923922715382069e-07,0.018578123301267624
982,4,self_attn_after_gate,Vertical,1,0.8162906964619955,0.2349962590480457,3.362809181213379,0.30956358048650956,0.0064433461126707225,0.5242354869842529,0.18382719265563147,0.0015782052699542506,0.2917053699493408,0.12706412374973297,0.0006037075439069918,0.20176008343696594,0.09716426782191746,0.00029050453367831624,0.15275171399116516,0.0790888855736407,0.0001536907490964334,0.12052275985479355,0.0670488875891481,8.637619305275565e-05,0.09780348837375641,0.05853891059283226,5.152329607723597e-05,0.08138958364725113,0.05227116749636711,3.2735915881865206e-05,0.06933221220970154,0.047503762006286594,2.2196221293482334e-05,0.06032318249344826,0.043779570727594315,1.6054203792966974e-05,0.053952641785144806,0.040803789028099606,1.2353543680088571e-05,0.05041405186057091,0.03837881263877664,1.0060775994641332e-05,0.047491736710071564,0.03636711149934738,8.601856992619872e-06,0.045022886246442795,0.03466982057406789,7.638166890130954e-06,0.04289328679442406,0.03321490286006814,6.9601298042087815e-06,0.0410250760614872,0.0319505799561739,6.439772768886308e-06,0.03936673700809479,0.030840615165375528,6.00691838004096e-06,0.037883445620536804,0.029859886401229434,5.63041445994426e-06,0.03655051812529564,0.028990480191414317,5.3004127768287615e-06,0.03534957766532898
982,4,self_attn_after_gate,Horizontal,1,0.6803762188979557,0.15259046995127287,2.659824848175049,0.2858970333186407,0.004813115167164583,0.46990057826042175,0.1881666857571829,0.0013203873748211207,0.3112238943576813,0.1393559274692384,0.0004683511050380903,0.2212640941143036,0.1109393479095565,0.0002187799855076468,0.16606734693050385,0.0925056833832983,0.0001224705405582772,0.1301201730966568,0.07966800175961994,7.68168599382181e-05,0.10629396140575409,0.07032075831814417,5.2255135768052854e-05,0.09057703614234924,0.06331853870125044,3.7650384691471915e-05,0.07950696349143982,0.05795802099127618,2.8228409176026976e-05,0.07098066806793213,0.05377712289965342,2.1814165594826668e-05,0.06594677269458771,0.05046352300615538,1.7305839574810933e-05,0.0617511086165905,0.047801213132010564,1.408046211449437e-05,0.058261170983314514,0.045636235721527585,1.175927373749966e-05,0.0553591251373291,0.043855116835662296,1.0094790376346304e-05,0.05293580889701843,0.04237264666765455,8.908673514427896e-06,0.05089707300066948,0.041124684588303644,8.064847838448266e-06,0.049168772995471954,0.04006284280192284,7.461305837582762e-06,0.047694385051727295,0.03915036422392679,7.025329189911006e-06,0.04644761234521866,0.03835900222498273,6.707316831551698e-06,0.045697230845689774
982,4,self_attn_after_gate,Gaussian,1,0.5012481363992842,0.05056749403454322,1.1108856201171875,0.1909422721891176,0.0017587556850420455,0.34265923500061035,0.11671734944222466,0.0004344009410768058,0.17503216862678528,0.08235208347203239,0.00015863814324123182,0.11398863047361374,0.06329983786221534,7.53597971190183e-05,0.08255292475223541,0.051706032206614815,4.160694408558928e-05,0.06461267173290253,0.04411916458417499,2.533918078817659e-05,0.05630775913596153,0.038862120626228194,1.700159874884101e-05,0.05063610151410103,0.0350468357995389,1.2568678909901859e-05,0.046643152832984924,0.03216217922431136,9.99670918143864e-06,0.043602146208286285,0.02990113249019025,8.261241835743733e-06,0.04102125018835068,0.028075616451955977,6.911456296641316e-06,0.038644932210445404,0.026567071144069945,5.781198738066733e-06,0.03638407215476036,0.025298205573880482,4.822419769735361e-06,0.034237802028656006,0.024216460093619333,4.021932239241431e-06,0.03223463147878647,0.023284494255979855,3.3691612953087695e-06,0.03040100634098053,0.022474928212071223,2.8485716766854655e-06,0.028751030564308167,0.02176734497622838,2.4405634555617053e-06,0.027286797761917114,0.021146191668415828,2.123890277170272e-06,0.02600068971514702,0.0205992768326449,1.8784129433000368e-06,0.024878647178411484
982,4,cross_attn,Vertical,1,0.7785319823121267,0.12868232714078037,1.7459946870803833,0.28568560831130496,0.003991137249635192,0.4674382209777832,0.18051074043152823,0.000883581724148249,0.26123517751693726,0.13553286852344634,0.00033753542143630515,0.18518796563148499,0.11100040872891744,0.00016799425963327723,0.14439542591571808,0.09568515963970668,9.673613439288105e-05,0.11880362033843994,0.08527462125297576,6.231003267476043e-05,0.10170791298151016,0.0777619881998925,4.426187276284029e-05,0.08997441828250885,0.07210642117119971,3.424663692917506e-05,0.08258453011512756,0.06772147000782074,2.8471267922061377e-05,0.07679727673530579,0.06424871027942687,2.502150659918142e-05,0.07345547527074814,0.06145273160839838,2.28606495723172e-05,0.07117593288421631,0.059170345228815834,2.1422514043743206e-05,0.06926494836807251,0.05728465076240282,2.0408674043303142e-05,0.06760555505752563,0.05571027236088874,1.966343984744036e-05,0.0661357045173645,0.05438385590437859,1.9099467118131682e-05,0.06481802463531494,0.0532578851968523,1.8662671651515084e-05,0.06362663954496384,0.05229649828776481,1.831865565251475e-05,0.06254293024539948,0.051472271718676126,1.8046353263555137e-05,0.061554551124572754,0.050763554871082306,1.7833012184904046e-05,0.06065469980239868
982,4,cross_attn,Horizontal,1,0.8230380482143826,0.14141030685822095,2.2151546478271484,0.3457766478023832,0.0038796217999838554,0.5656687617301941,0.23372216877483187,0.0007632339937191277,0.32301002740859985,0.18570662088810452,0.0002979823697368562,0.23248887062072754,0.15954093209334783,0.00015108494180899159,0.19090837240219116,0.14317831893761954,8.696491078894584e-05,0.16540156304836273,0.13206339095320022,5.489979421389009e-05,0.14798283576965332,0.12408704499876688,3.721281958295952e-05,0.13606272637844086,0.11812538062296217,2.650427744384723e-05,0.12784989178180695,0.113526893986596,1.9528028270471976e-05,0.12145921587944031,0.10989119585544344,1.4758325244243962e-05,0.11636042594909668,0.10695890431839322,1.1393723061382994e-05,0.11239880323410034,0.10455394973830572,8.966466809000885e-06,0.10974837839603424,0.10255284903068392,7.1823082368239e-06,0.10739625245332718,0.10086727568081447,5.847391808457051e-06,0.10529601573944092,0.0994329404026743,4.830973853274957e-06,0.10341310501098633,0.09820203648673163,4.044084110551984e-06,0.1017213985323906,0.09713815933182127,3.425690613842464e-06,0.10025619715452194,0.09621310316854054,2.933315648529053e-06,0.09914359450340271,0.09540514612481707,2.537153512807265e-06,0.09813739359378815
982,4,cross_attn,Gaussian,1,0.9982735647095574,0.333693904482274,2.721485137939453,0.32505288081509726,0.00751611946731674,0.581874668598175,0.19640546209282345,0.0014341384369982886,0.30605965852737427,0.14169368739165958,0.0005088533591530352,0.2095775306224823,0.11210065382340598,0.00026177159885315966,0.17100048065185547,0.09338973888329097,0.00016068815915557943,0.14275655150413513,0.08039157104397578,0.00010711559667815111,0.12067939341068268,0.07079074318919863,7.474065030070068e-05,0.10312923043966293,0.06340807646749512,5.404903511203557e-05,0.08932105451822281,0.057602272856803166,4.0457071705887805e-05,0.07860524207353592,0.0529789442107791,3.1263437337177305e-05,0.07031946629285812,0.049259454958022586,2.482730250413744e-05,0.06387941539287567,0.04623582367859189,2.0179971635439296e-05,0.058831002563238144,0.043751986726881964,1.6744083011327668e-05,0.054835110902786255,0.04169099706979025,1.4158199248466874e-05,0.051638320088386536,0.03996502200052852,1.2182214948248138e-05,0.04905026778578758,0.03850777571400007,1.0649749511501506e-05,0.04692859202623367,0.03726886857360128,9.444207703166472e-06,0.04516866058111191,0.036209535977197074,8.4844552385508e-06,0.043694376945495605,0.03529948667283096,7.714074511051754e-06,0.04244936257600784
982,4,mix_ffn_after_gate,Vertical,1,0.4356382517587571,0.04920249957022897,1.1841188669204712,0.1530004423998651,0.0008876966095164029,0.2242971807718277,0.09077466196484035,0.00015664833288308282,0.11972197890281677,0.06418171158385655,4.83319646408337e-05,0.07950486242771149,0.04974887815732804,2.0766714386767292e-05,0.05948086455464363,0.04087195498129678,1.0943636877371194e-05,0.047908008098602295,0.03501047356615937,6.659728990850013e-06,0.04110582172870636,0.03095181475556086,4.5386151754296385e-06,0.0366106815636158,0.028043052092904135,3.3998911699442633e-06,0.033375710248947144,0.025900907962331698,2.7522743355789128e-06,0.030964858829975128,0.024287187302159886,2.3623366673225183e-06,0.029098564758896828,0.023047993048315958,2.1110914092212557e-06,0.027599375694990158,0.02208084137075477,1.9372418199347784e-06,0.026364415884017944,0.021315631441890248,1.8082115839898112e-06,0.025337839499115944,0.020703104162026965,1.7063124328258405e-06,0.024486763402819633,0.020207725790521457,1.6224085734503295e-06,0.023785337805747986,0.019803298341612968,1.55183122522094e-06,0.023207973688840866,0.019470349397687686,1.4918002449687635e-06,0.022729508578777313,0.019194462706172276,1.4403324166989939e-06,0.0223276074975729,0.018964941657724835,1.3959026208140995e-06,0.021984243765473366
982,4,mix_ffn_after_gate,Horizontal,1,0.37760690895337906,0.03002539703711273,0.8635947704315186,0.14057922635286574,0.0007878722918774018,0.21899127960205078,0.0853386384154123,0.00013751897030517924,0.12174969166517258,0.061550660265816584,4.100076824698139e-05,0.08176924288272858,0.04902481405981003,1.6327420266521082e-05,0.06132572144269943,0.041574242983072524,7.91172031828473e-06,0.0492737740278244,0.03678977406687207,4.476953387009917e-06,0.04159805551171303,0.0335537265572283,2.8991628638466765e-06,0.03668836131691933,0.03127465471034012,2.1086893995049185e-06,0.034037984907627106,0.02961761365452456,1.6846999894014587e-06,0.032057762145996094,0.02838154740276791,1.4446515008576668e-06,0.030612021684646606,0.02743826179750382,1.3018846534956224e-06,0.02966086007654667,0.02670252840552065,1.2122925132841409e-06,0.0289746280759573,0.026116977549261518,1.1535485185032908e-06,0.028448693454265594,0.025643566032014196,1.1154840927889295e-06,0.0280349962413311,0.025257151751291184,1.0930582190432719e-06,0.027706917375326157,0.02494028184030737,1.0819355805249619e-06,0.02744205668568611,0.024679752805876354,1.0777413498407141e-06,0.027221139520406723,0.0244647887136255,1.0767302361569923e-06,0.027029022574424744,0.02428621973191935,1.0761090572721143e-06,0.02685520425438881
982,4,mix_ffn_after_gate,Gaussian,1,0.46674484440258573,0.07630862739112071,1.4263066053390503,0.15789249669464808,0.0009625728124234531,0.23619985580444336,0.09317300173025282,0.00019717470977203058,0.13129329681396484,0.06291365245031932,6.450744265659085e-05,0.08722709119319916,0.04612329761896815,2.622656603014415e-05,0.06280291825532913,0.03589088694443778,1.2364122859424532e-05,0.047795943915843964,0.029225320215263063,6.5009630104813065e-06,0.03785742074251175,0.024656883633089443,3.7093556393272386e-06,0.030936207622289658,0.02140425606852486,2.2623614768630962e-06,0.025972822681069374,0.0190219906055265,1.4674963785624933e-06,0.022342313081026077,0.01723678247441375,1.0114476964211615e-06,0.01963701844215393,0.015871946566871235,7.400995222617182e-07,0.017585385590791702,0.014809386494259039,5.731833326317783e-07,0.016331002116203308,0.013968070318538046,4.670757180531791e-07,0.015352005138993263,0.01329141722193786,3.9761351874632743e-07,0.014544203877449036,0.012739772257942057,3.5150891682537647e-07,0.013936611823737621,0.012285479743565832,3.2137827106841984e-07,0.013447070494294167,0.011909044318137661,3.025230849010673e-07,0.013039911165833473,0.0115961040266686,2.91364721705616e-07,0.012700766324996948,0.011335438501740258,2.8515647352556807e-07,0.012417478486895561
982,5,self_attn_after_gate,Vertical,1,0.8696088490505067,0.46692824596653554,3.0746209621429443,0.174524881891788,0.001926342001115449,0.29164189100265503,0.1056804432282372,0.00032181492534980884,0.15352368354797363,0.07751831229007433,0.0001231268055501599,0.10482199490070343,0.06173281377506635,6.714885204976308e-05,0.07823001593351364,0.05160023561782307,4.2908978875817693e-05,0.06824563443660736,0.04459504209577091,2.9709100415368078e-05,0.061227016150951385,0.03949715569615364,2.1772276972160963e-05,0.05570971220731735,0.0356381159453165,1.673416068818634e-05,0.05105941742658615,0.03262565308620059,1.3382720186841597e-05,0.047001052647829056,0.030215796644962024,1.104843717623901e-05,0.04341966658830643,0.028249235143737186,9.35192429552114e-06,0.040261104702949524,0.026617835320177533,8.072791614461746e-06,0.03748880326747894,0.02524590575032764,7.0787932618614654e-06,0.03506769984960556,0.024079045428643153,6.287511850184616e-06,0.03296024724841118,0.023077186049213484,5.645588739876989e-06,0.03112751618027687,0.022210142235197718,5.1171622251530745e-06,0.029644811525940895,0.021454696913087178,4.6771656371942844e-06,0.02881545200943947,0.020792663570434328,4.307394919567744e-06,0.02804182469844818,0.020209521971761235,3.9940761883773515e-06,0.027319159358739853
982,5,self_attn_after_gate,Horizontal,1,0.9888632325899034,1.4129807638024816,5.613338470458984,0.24258041263572752,0.0019491480424591433,0.35134875774383545,0.16036953043843072,0.0006682213977860668,0.2215263843536377,0.11856425659997123,0.00028864971499228,0.1640487015247345,0.09378369270809113,0.00014135958427671078,0.12544912099838257,0.07818250346278387,7.791136275923989e-05,0.09924063831567764,0.06783050748090895,4.7956434543328e-05,0.0851917713880539,0.060595063581353144,3.2667271047986794e-05,0.07580477744340897,0.055289957021910044,2.4206935654680682e-05,0.06863342225551605,0.051235056053551414,1.9108638532418035e-05,0.06302741914987564,0.04802564892267424,1.577942932901736e-05,0.05861356854438782,0.04541132557723257,1.3457847174088653e-05,0.055555857717990875,0.04323115489549107,1.1758728664403424e-05,0.05289499834179878,0.04137801804712841,1.0471313641859768e-05,0.05055701732635498,0.03977832481974647,9.469640822942249e-06,0.04848438873887062,0.03838004089064068,8.67227064256292e-06,0.04663112759590149,0.03714535243454434,8.023546536796467e-06,0.04540140926837921,0.0360460692336635,7.484228645484758e-06,0.04430314525961876,0.03506066017444172,7.026260077593373e-06,0.04327721521258354,0.03417232174367186,6.629615325778465e-06,0.04231293499469757
982,5,self_attn_after_gate,Gaussian,1,0.45906768597307657,0.23141519924033802,2.589545726776123,0.1245675856868426,0.0007826050666730461,0.21657340228557587,0.0779604743279162,0.0002269830271950815,0.13038775324821472,0.056122102671199374,8.896963457777457e-05,0.0837770402431488,0.04395974492506376,4.338165619065249e-05,0.06035080552101135,0.036307307728935805,2.4640987941186424e-05,0.048298563808202744,0.03106529259729007,1.539954238521031e-05,0.042453594505786896,0.027282241406658338,1.0268985751705195e-05,0.037709563970565796,0.02446234581016359,7.213613885778893e-06,0.033775392919778824,0.022308575669451366,5.2966187233784345e-06,0.030485238879919052,0.020627576177791943,4.040836527408791e-06,0.02772815339267254,0.019289026805569254,3.1891485055888507e-06,0.025416675955057144,0.01820350568445902,2.594986230254304e-06,0.023475222289562225,0.01730866805605945,2.1701527802515457e-06,0.02183789573609829,0.016560268662278613,1.859230929484096e-06,0.02044883742928505,0.015926314902210994,1.6263586299391975e-06,0.019262149930000305,0.015383256407129385,1.4479056649056082e-06,0.01824099011719227,0.01491348266542431,1.308124819342279e-06,0.017710212618112564,0.014503641349692193,1.1964296277875866e-06,0.017244085669517517,0.014143477770544234,1.105656510638032e-06,0.01681247353553772
982,5,cross_attn,Vertical,1,0.6422040736864484,0.0679831024232132,1.443129062652588,0.260669492303379,0.0025770075496856534,0.3975493311882019,0.1716032445667282,0.0006599070986816705,0.2415233999490738,0.13063375663662713,0.0002968167229568914,0.17307105660438538,0.10693190294125723,0.0001703665733521806,0.13447925448417664,0.09172048608935068,0.00011203269138774244,0.11736880242824554,0.0812666133519203,8.186136469526508e-05,0.10420237481594086,0.07367448721613203,6.480030634497726e-05,0.09372374415397644,0.06792679310791076,5.415025296791082e-05,0.08530089259147644,0.06344036160716934,4.681968363788768e-05,0.07978132367134094,0.05986367195608124,4.1398632522630334e-05,0.07622841745615005,0.056974919069380986,3.7246812820904275e-05,0.0731060728430748,0.05462331927957989,3.4036608355978295e-05,0.0704222097992897,0.05269736536438503,3.155487825659713e-05,0.06816894561052322,0.051110713018311396,2.964255849451897e-05,0.06632161140441895,0.04979561801467623,2.8178690065579023e-05,0.06484416127204895,0.04869855615118193,2.707062101050587e-05,0.06369246542453766,0.04777673951217106,2.6243717878532e-05,0.06281571835279465,0.046995602548122406,2.5633722429197807e-05,0.06215895712375641,0.046327127055043264,2.5183359159230124e-05,0.0616670660674572
982,5,cross_attn,Horizontal,1,1.1023190466184465,0.46524545034369647,4.5161333084106445,0.4395707320599329,0.00564980824630993,0.6182777881622314,0.2964153843266623,0.0013470802306061911,0.4025365114212036,0.2310065073626382,0.0005949399790628406,0.31127846240997314,0.19381453617224617,0.0003267968740036902,0.2449987828731537,0.1698539907497073,0.00020302669363924728,0.2135010063648224,0.15314949717786577,0.00013735520681404384,0.1913413107395172,0.1409092883742045,9.934059976705915e-05,0.17471672594547272,0.13164818322374708,7.560085986373053e-05,0.16202259063720703,0.12447837669224966,5.946838017883668e-05,0.15210118889808655,0.1188290814558665,4.755994185384132e-05,0.14408819377422333,0.11431501793955999,3.8306698206848e-05,0.13740810751914978,0.1106637655979111,3.101048961079495e-05,0.13172663748264313,0.10767495821392725,2.5261473021791405e-05,0.12685000896453857,0.10519896175653215,2.0733712439090025e-05,0.12264630943536758,0.10312409083994609,1.7159206950398966e-05,0.11901126801967621,0.10136692970991135,1.4326613045842617e-05,0.11585736274719238,0.09986476079812126,1.2072490603226368e-05,0.11311009526252747,0.09856983629010972,1.0269587959934592e-05,0.11070512235164642,0.09744515648436924,8.817446076741047e-06,0.10858628153800964
982,5,cross_attn,Gaussian,1,0.829033467977766,0.15849540610911114,2.276888608932495,0.30040862872487023,0.004921816794836121,0.5310898423194885,0.18314421661789454,0.0009331359605109773,0.263563871383667,0.1326634945377471,0.00034485495202683694,0.18250958621501923,0.10498843259281582,0.00017633233847565816,0.13608044385910034,0.0875454940020092,0.00010791373397834399,0.11289654672145844,0.07555837326106571,7.346151314822158e-05,0.09596862643957138,0.06687068436590451,5.338597055696967e-05,0.08324378728866577,0.06034234319887464,4.0501007250680156e-05,0.07351282984018326,0.05530283156604994,3.171125899936639e-05,0.06657422333955765,0.05133044696043408,2.5485162739765305e-05,0.06277349591255188,0.04814544893682949,2.0962370802820503e-05,0.05971427261829376,0.045554658191071615,1.7612315348585952e-05,0.057085685431957245,0.04342082065958825,1.5089775699181641e-05,0.054787881672382355,0.04164421706209107,1.3162703752558655e-05,0.05275779590010643,0.0401509664952755,1.1671654683269372e-05,0.05095390975475311,0.03888526742183973,1.0505472432643372e-05,0.049345508217811584,0.03780421898478553,9.58557360035911e-06,0.047906674444675446,0.036874277931120664,8.855372446729774e-06,0.04661395028233528,0.03606894535441247,8.273085141403588e-06,0.04544663056731224
982,5,mix_ffn_after_gate,Vertical,1,0.745179948352632,0.1692259194973646,2.3308422565460205,0.2549468224483823,0.0022222841590568434,0.3603302538394928,0.14822928406416425,0.0003963894266725949,0.1980271339416504,0.09941811374728642,0.00012351107552018681,0.1277140974998474,0.07222201775700327,5.1298207273202985e-05,0.09013354778289795,0.055610582882922796,2.5342198477434092e-05,0.06800942122936249,0.044889784107605614,1.4218387759238443e-05,0.05415054038167,0.03766130129732783,8.82855430654183e-06,0.04587720334529877,0.03259262090755834,5.9426964011341555e-06,0.04009491205215454,0.028911803538600605,4.2672902468408185e-06,0.035787105560302734,0.026156131325969622,3.2291482180397126e-06,0.03249368816614151,0.024038821695342896,2.551134444886051e-06,0.029922427609562874,0.02237619690242268,2.0893691102494807e-06,0.02787768840789795,0.02104699762449378,1.7647357429816234e-06,0.02622520923614502,0.019968913661109075,1.531264358774794e-06,0.024872444570064545,0.019084424430888796,1.3605095313281557e-06,0.02375444397330284,0.018352037147870138,1.2338074652917082e-06,0.022823408246040344,0.017740933963703732,1.1384639841260463e-06,0.022042684257030487,0.01722768765120279,1.0656856065157708e-06,0.02138363942503929,0.016794175190466738,1.009312030201636e-06,0.020823940634727478
982,5,mix_ffn_after_gate,Horizontal,1,0.6138529848484766,0.1537198078502172,2.097388744354248,0.20151855122475398,0.0016112500240138842,0.28582125902175903,0.11989051895955252,0.0003069205596280868,0.15801192820072174,0.0827987210618125,9.857268627975209e-05,0.1036565974354744,0.06224028358147258,3.96176325682192e-05,0.07647145539522171,0.04965991083355177,1.810150431161674e-05,0.0594387948513031,0.04149779074248813,9.293437299549657e-06,0.0482032373547554,0.035970054271202236,5.3640076810963975e-06,0.041392941027879715,0.0320914491183228,3.468220201961877e-06,0.03661295771598816,0.029285918241218914,2.4846162953947286e-06,0.033142007887363434,0.027202322073872128,1.937061840356365e-06,0.03055115044116974,0.02561940279390131,1.611015600446752e-06,0.028575170785188675,0.024393703078939802,1.4053666577429728e-06,0.027043556794524193,0.02342963514346925,1.2699686436216826e-06,0.02584034390747547,0.022661640353146054,1.1780789955765365e-06,0.024883445352315903,0.02204338334027737,1.114334606994681e-06,0.024114225059747696,0.021541177339497068,1.0693363304752856e-06,0.02349035255610943,0.02112996093337498,1.0369911029875522e-06,0.023013653233647346,0.020790764027171664,1.0131680470226964e-06,0.02269601821899414,0.02050903525262598,9.95031891684928e-07,0.022437551990151405
982,5,mix_ffn_after_gate,Gaussian,1,1.0452318115839883,0.7086852032903217,3.945052146911621,0.28722097334407626,0.003983149780477305,0.4508587718009949,0.1663026912581353,0.0006604543439916779,0.2280852198600769,0.11204094238697536,0.00020816253740696966,0.15176771581172943,0.08157076864015489,8.308232056587204e-05,0.10755014419555664,0.06250972531381108,3.886824691984113e-05,0.07983608543872833,0.04973325931600162,2.0462035236815803e-05,0.06146126240491867,0.04074270171778543,1.1747692397077476e-05,0.0487707145512104,0.03418432584121114,7.21389168874946e-06,0.040299590677022934,0.029263763466761225,4.68758455152476e-06,0.03425382822751999,0.02548675381001972,3.2030789417568833e-06,0.02959798276424408,0.02253215266243806,2.2908435466696223e-06,0.0259677916765213,0.020184043647041395,1.707409185889392e-06,0.023105531930923462,0.01829293556511402,1.320420490789435e-06,0.020824603736400604,0.01675255037844181,1.0551269102596646e-06,0.01898791640996933,0.015485500029864766,8.678222087814421e-07,0.01749367266893387,0.014434235953977184,7.320794120533916e-07,0.016365014016628265,0.013555199573082584,6.313971420818811e-07,0.015422848053276539,0.012814944861308923,5.551584259200626e-07,0.014628438279032707,0.012187480305631956,4.963361385754073e-07,0.013953976333141327
963,3,self_attn_after_gate,Vertical,1,0.7523408342921545,1.0715771159109222,4.871042251586914,0.13119123261126261,0.0007566918161563892,0.22050918638706207,0.0901386629021357,0.00020618698599559587,0.14034411311149597,0.07078759437279096,7.472767285563494e-05,0.09965294599533081,0.059834345820404235,3.417968398714868e-05,0.07699744403362274,0.05295506379907093,1.8694058106020586e-05,0.0644988864660263,0.048320977638165154,1.1950750055426931e-05,0.05795971676707268,0.04501325625275809,8.693107835613094e-06,0.052997998893260956,0.04253271080198742,6.93796023451914e-06,0.04912656545639038,0.04059584704892976,5.884687522125491e-06,0.04604963958263397,0.039034644940069745,5.191593999156557e-06,0.04401642084121704,0.03774469103368502,4.701689689878281e-06,0.042509812861680984,0.03665788743704084,4.336454959032026e-06,0.04116680473089218,0.03572783110633729,4.053306120514765e-06,0.03995403274893761,0.034921715716047894,3.827443797582279e-06,0.038850389420986176,0.03421562040845553,3.6434246748154184e-06,0.03816889971494675,0.033591627631159054,3.4909431413724616e-06,0.03759767860174179,0.03303600117445938,3.3626735319653823e-06,0.03708166629076004,0.032537993428016464,3.2531785220761265e-06,0.03661191463470459,0.03208905955155691,3.1583308194806247e-06,0.03618164360523224
963,3,self_attn_after_gate,Horizontal,1,0.4833423984902246,0.28662281017948615,2.642660617828369,0.14225053763578807,0.000590959749425306,0.20863544940948486,0.1022841443145086,0.00013558905571948196,0.12633362412452698,0.08343938052181214,5.583401672804781e-05,0.09841722249984741,0.07231075352146513,3.0419753723003852e-05,0.08230306953191757,0.06501572845237595,1.964856845291233e-05,0.07333841919898987,0.05994554425752352,1.4226309071681233e-05,0.06739827990531921,0.05625247162958932,1.1035020490375994e-05,0.06289289891719818,0.05344692375215273,8.907095640880005e-06,0.0592188760638237,0.05123826151802426,7.377734015641122e-06,0.05635935813188553,0.04944981143824638,6.241680782313025e-06,0.05469124764204025,0.04797032020158238,5.3890021059552e-06,0.05321217700839043,0.04672632218589858,4.746417365126741e-06,0.0519053116440773,0.04566672243296154,4.2594920795845165e-06,0.05075567960739136,0.0447542734207615,3.8874559135935805e-06,0.04974782466888428,0.043960782980162,3.6004503161672978e-06,0.04886625334620476,0.04326431973586007,3.3770498109952477e-06,0.04809600114822388,0.04264755671223005,3.2020394511537526e-06,0.04742297902703285,0.04209673741743678,3.064539172665096e-06,0.04683394730091095,0.041600992223100056,2.9565469967041938e-06,0.04631645977497101
963,3,self_attn_after_gate,Gaussian,1,0.19475743943263615,0.01772760593736346,0.6966273188591003,0.06207934234823499,0.00012884726272011391,0.09553752839565277,0.044944755555618374,3.139742717288723e-05,0.06444613635540009,0.03771533731312033,1.3916763656533771e-05,0.051348451524972916,0.033737687423588736,7.76125647379924e-06,0.04432068020105362,0.031229439915882215,4.955836555283109e-06,0.03971625119447708,0.029501548776077847,3.444620851224481e-06,0.03637770190834999,0.02824560475964395,2.5730480497919316e-06,0.03385814279317856,0.027297593594070465,2.049655051861625e-06,0.03192427009344101,0.026559932778278988,1.7248648237559438e-06,0.030422458425164223,0.025971665741905334,1.517986665746115e-06,0.029243044555187225,0.02549295346178706,1.3831766092185738e-06,0.028307411819696426,0.025096917613631205,1.293120634808391e-06,0.027558403089642525,0.024764891447765485,1.2310993259209456e-06,0.02695346623659134,0.024483490410068677,1.1868127415701135e-06,0.026497140526771545,0.024242830122747118,1.1539588932348468e-06,0.026148440316319466,0.024035441851805128,1.1287163293700506e-06,0.025845952332019806,0.023855567688033694,1.1087684537556973e-06,0.025660153478384018,0.023698692520459492,1.0926789064141575e-06,0.02553800866007805,0.023561200600058313,1.07950007558153e-06,0.02543652057647705
963,3,cross_attn,Vertical,1,0.9176513174223522,0.23486000899457327,2.4517836570739746,0.2996132212971884,0.0030946465018065615,0.4221150875091553,0.18552010943965305,0.0006335635981704622,0.2470395863056183,0.13597521812669813,0.00027611421633781766,0.17707103490829468,0.10871000599766535,0.0001517506181459417,0.13866707682609558,0.09167871766147159,9.203606683532444e-05,0.1168072372674942,0.0801461771840141,5.950445143332467e-05,0.10067730396986008,0.0719282269359581,4.0651915540743994e-05,0.08857946842908859,0.06586627295565983,2.937730459096528e-05,0.07965223491191864,0.061259327545052485,2.244593149789431e-05,0.07288575172424316,0.05766459589912778,1.803127813662376e-05,0.06761866807937622,0.05479851962318496,1.5093474735000642e-05,0.06339147686958313,0.052474127461512886,1.3044526997889305e-05,0.059898000210523605,0.05056248924561909,1.1557180476523218e-05,0.05787913501262665,0.04897076009757935,1.0448639133218256e-05,0.05617319047451019,0.04763058194565394,9.609185635248061e-06,0.05470023304224014,0.04649127008659499,8.966022589853921e-06,0.05341412499547005,0.045514720122492504,8.469108868306783e-06,0.05228245630860329,0.044671621705804555,8.084421489325214e-06,0.05128061771392822,0.043938934389087886,7.78886820023153e-06,0.05052735283970833
963,3,cross_attn,Horizontal,1,0.7404509092134143,0.08940925140827886,1.5913177728652954,0.3208497582920014,0.003828738574288303,0.49201369285583496,0.22421220323396107,0.0008630027750947904,0.33611246943473816,0.18032333373077333,0.0003342498199890363,0.24277141690254211,0.1552959947832047,0.00016710725601182982,0.19122184813022614,0.13922171755915597,9.243717315577433e-05,0.16436618566513062,0.12821545132568904,5.447810692645815e-05,0.14926515519618988,0.12037374351232771,3.3814209000288246e-05,0.13746827840805054,0.11462493654754427,2.1941296760146678e-05,0.12812530994415283,0.11031449704416214,1.493998063087269e-05,0.12073006480932236,0.10700799903226277,1.0795884596944803e-05,0.11494703590869904,0.10440119828969713,8.29914085127471e-06,0.11048503965139389,0.10228646972349711,6.689395539232896e-06,0.10763685405254364,0.10053129399579669,5.55128343643879e-06,0.10573673248291016,0.09905227616665856,4.689620671982158e-06,0.10404558479785919,0.09779391887169035,4.012967962611697e-06,0.10250744968652725,0.09671617417581498,3.4722836391953417e-06,0.10129950195550919,0.09578812157823927,3.0369706111675043e-06,0.10043339431285858,0.09498487637629585,2.6863952454992457e-06,0.09963936358690262,0.09428620764187404,2.406002561928772e-06,0.09890040755271912
963,3,cross_attn,Gaussian,1,0.7517172661092546,0.14819547743739384,1.7986608743667603,0.26319992991666946,0.003406963727743319,0.41669386625289917,0.1636557187589388,0.0007429103040569494,0.24146965146064758,0.11981872729365788,0.0002789233649649393,0.1690550297498703,0.0952348458388495,0.00013034188092339414,0.1262553483247757,0.07970515756853043,7.26858769362938e-05,0.09994187951087952,0.06919282674789429,4.633228974113002e-05,0.08501765131950378,0.06175106018781662,3.223233218921549e-05,0.0745760053396225,0.05629137968496671,2.3696627041881476e-05,0.06651882827281952,0.05215762514207098,1.80893300135494e-05,0.06028245389461517,0.048942685422916264,1.4217536910322562e-05,0.056077152490615845,0.04638624108499951,1.1456814851530877e-05,0.0529073104262352,0.04431591253905069,9.441900542450315e-06,0.05031491816043854,0.04261383621229066,7.942312341647798e-06,0.04815099015831947,0.04119737889795076,6.8072509147388665e-06,0.04631873965263367,0.04000720860702651,5.937369266361455e-06,0.044755324721336365,0.03899958570088659,5.266694010394685e-06,0.0434187576174736,0.03814132795447395,4.750116142747424e-06,0.04227960482239723,0.03740637022114936,4.3553101337733265e-06,0.04135642573237419,0.036773410404012316,4.057411534655048e-06,0.04061877354979515
963,3,mix_ffn_after_gate,Vertical,1,0.7070193309632559,0.24720438481408494,2.696962833404541,0.20762820731079767,0.0016744889923928623,0.3087896704673767,0.12303501627747974,0.00029169101860622573,0.17345751821994781,0.0851343237454929,9.066075767119797e-05,0.11669057607650757,0.0644849082898526,3.761106819792383e-05,0.08569368720054626,0.05193598751747419,1.9039042358031726e-05,0.06682026386260986,0.04368922664296059,1.1068107003247791e-05,0.05436880141496658,0.037960011630304276,7.117273200626617e-06,0.04571085423231125,0.033811802931484725,4.960106360566454e-06,0.03949140012264252,0.03070875410995786,3.7039791310773847e-06,0.034932613372802734,0.028326178146969704,2.93534121264209e-06,0.03192567080259323,0.02645875099632475,2.442589791220306e-06,0.0299815870821476,0.024970992601343563,2.112689033094209e-06,0.028486665338277817,0.023769801246031882,1.883983312784899e-06,0.027263697236776352,0.02278901207896452,1.7216530610272262e-06,0.02625555917620659,0.02198034885620314,1.6048050960140492e-06,0.025421220809221268,0.02130785081831236,1.5197862498747811e-06,0.024728924036026,0.020744373223611286,1.4567196806297518e-06,0.024150850251317024,0.020269354420994954,1.4081795086502768e-06,0.023662596940994263,0.019867112387030844,1.3691587805961034e-06,0.023245390504598618
963,3,mix_ffn_after_gate,Horizontal,1,0.6321550626603384,0.1658351640358274,2.4528939723968506,0.20894432801102836,0.001546952731162097,0.31230881810188293,0.124172890824931,0.00024446312150328247,0.16958555579185486,0.08795526789294349,6.692559761356599e-05,0.11246984452009201,0.06866127057444482,2.5170874183986e-05,0.08316252380609512,0.05701031252032235,1.1610726479169106e-05,0.06611498445272446,0.04940472702894892,6.365810190892003e-06,0.05547763779759407,0.044158487152012565,4.07579101645374e-06,0.048777997493743896,0.04038123425746721,2.962926036430596e-06,0.04427526891231537,0.037565970645537454,2.3677612032406073e-06,0.04137324541807175,0.03540812420939642,2.0224236681592958e-06,0.039099305868148804,0.033716065010854175,1.8079363678763365e-06,0.037283480167388916,0.032364081207012375,1.6664594275975391e-06,0.03581246733665466,0.03126658880639644,1.567400507861318e-06,0.034606918692588806,0.03036342327675176,1.4937893005483157e-06,0.03360923379659653,0.02961104369116208,1.4362873212582137e-06,0.03277629613876343,0.02897724077578575,1.3901269154163516e-06,0.03207503631711006,0.028438079983942093,1.353148621972863e-06,0.031479980796575546,0.02797601247827212,1.3242445603455982e-06,0.03097200021147728,0.02757818449939054,1.3022074375077264e-06,0.030536673963069916
963,3,mix_ffn_after_gate,Gaussian,1,0.48863391530892203,0.0869129283139515,1.378616213798523,0.14432748903830847,0.001013348406922132,0.21946322917938232,0.08000149873514024,0.00015601917561463072,0.11357489228248596,0.05335013391006561,4.072203278498771e-05,0.0713353231549263,0.03969648888423329,1.448221857407887e-05,0.05016849935054779,0.03178424027467531,6.445220258375994e-06,0.03879619017243385,0.026800898953326165,3.432356361196132e-06,0.032431039959192276,0.023468905468545263,2.1177281679520653e-06,0.028173983097076416,0.021143538936499565,1.4796202413537517e-06,0.02517002820968628,0.019469008352311832,1.1438134460002518e-06,0.02297382801771164,0.018232984882262018,9.536114389569098e-07,0.021332701668143272,0.01730137179413485,8.374334233217052e-07,0.020088916644454002,0.01658585323168645,7.606896295767335e-07,0.01913714036345482,0.01602635545922177,7.06312995254031e-07,0.01840289682149887,0.015581480227410793,6.65933464446477e-07,0.017831481993198395,0.01522306969300622,6.354913757763768e-07,0.01738259196281433,0.014932072085757104,6.128232622817871e-07,0.017025111243128777,0.014695105068976916,5.964109544179643e-07,0.016734091565012932,0.014501965042972376,5.848561955528103e-07,0.016491619870066643,0.014344187497737863,5.768027810098169e-07,0.016286835074424744
963,4,self_attn_after_gate,Vertical,1,0.7037690035880558,0.3123424270528846,3.592111587524414,0.24187126093440586,0.003091667071400554,0.38335639238357544,0.14640403113194875,0.0007907315818553908,0.22104424238204956,0.10290450011453932,0.00029451176763369143,0.1538175642490387,0.0795181765561066,0.00013937074569259013,0.1136653795838356,0.06523297425536882,7.603572093389529e-05,0.08774004131555557,0.055665834437287044,4.640286720468385e-05,0.07076288759708405,0.048836339738160844,3.108051909403375e-05,0.05965188145637512,0.04373833288749059,2.2398310941612154e-05,0.053776178508996964,0.0398075334018185,1.7096127013701728e-05,0.05008716881275177,0.03670099596419032,1.3671391776853677e-05,0.046831101179122925,0.03419667819426173,1.1361058389523875e-05,0.04393039643764496,0.03214375695420636,9.743065477586545e-06,0.0413384884595871,0.030436166931712437,8.570267271686075e-06,0.039024468511343,0.028997450623483884,7.692925329252846e-06,0.0369645357131958,0.02777144005374303,7.018106289053583e-06,0.035137396305799484,0.026716231117172848,6.486766263230141e-06,0.03352244943380356,0.02580009051968181,6.060419652701725e-06,0.03209935128688812,0.024998609390523698,5.713222067696294e-06,0.030848197638988495,0.024292651297790662,5.427106166710638e-06,0.029749423265457153
963,4,self_attn_after_gate,Horizontal,1,0.6563318953627632,0.11015028158614219,1.570358395576477,0.22103781477799492,0.002552865276430864,0.3435590863227844,0.13810337464960795,0.0005479292659075941,0.19618792831897736,0.1033875879550737,0.0002047434921013223,0.13440287113189697,0.08418380622825926,0.00010146469575965207,0.10515125095844269,0.07217612484144786,5.997254484029727e-05,0.08849772810935974,0.06402410478109405,3.9933449531630424e-05,0.07806619256734848,0.058137537941100104,2.8934741706820102e-05,0.07060359418392181,0.05368800461292267,2.2263118869360444e-05,0.06470786035060883,0.05020941480521172,1.7897968909638206e-05,0.05995206534862518,0.04741949936936772,1.4872685835902114e-05,0.056065723299980164,0.045136035907836186,1.2677949458280444e-05,0.05286277085542679,0.04323552525232709,1.1026272971947855e-05,0.05020885542035103,0.04163161227627406,9.750238129434565e-06,0.04815736413002014,0.04026259718433259,8.751052930636163e-06,0.04669312387704849,0.03908337380677935,7.967179562978593e-06,0.045367032289505005,0.03806000551770604,7.355069897433799e-06,0.04416884481906891,0.03716622097861199,6.879721654135175e-06,0.04309104010462761,0.03638121917370766,6.511548479653809e-06,0.042125485837459564,0.035688259890155186,6.225697421852029e-06,0.041262391954660416
963,4,self_attn_after_gate,Gaussian,1,0.9541946015660725,0.5137108441350511,3.8746280670166016,0.30894790353283047,0.007815465196321427,0.6896693110466003,0.18273452302766224,0.002036833644256572,0.33136940002441406,0.1250501083476203,0.0007352064492487951,0.19766119122505188,0.09339109902817105,0.00030753978958153374,0.14730295538902283,0.07400906641804983,0.00014827982688996367,0.11490532010793686,0.06113998473636688,8.198516415961796e-05,0.09247800707817078,0.05206053372886446,5.083883744150567e-05,0.07614901661872864,0.04536839817014952,3.431488218619808e-05,0.06388580799102783,0.0402786305972508,2.4498088052469736e-05,0.05449508875608444,0.036315927281975746,1.8112948397554845e-05,0.048269785940647125,0.03317297261858743,1.3702180969286635e-05,0.044363826513290405,0.03064075183300745,1.0549048659231362e-05,0.04091986268758774,0.028571679508165707,8.25394844279772e-06,0.03788163512945175,0.02685871788315357,6.566304076804841e-06,0.035202592611312866,0.025422841103540525,5.3160588744160765e-06,0.032841719686985016,0.02420506076443763,4.3830766951112886e-06,0.03076206147670746,0.023161018001181737,3.6811413508015063e-06,0.028930554166436195,0.02225709396104018,3.1479648546150467e-06,0.027317779138684273,0.021467570718082172,2.738453252692381e-06,0.025897826999425888
963,4,cross_attn,Vertical,1,0.8167596681723519,0.15338018189020294,2.2556755542755127,0.3213353329707706,0.006369848197152955,0.5857276916503906,0.20353304299097214,0.0016618218996164943,0.3488501310348511,0.14995221746346307,0.0005865574702826327,0.22263666987419128,0.12007793677704674,0.00025397456644443245,0.16229702532291412,0.10150185712273159,0.0001326783453646823,0.13339057564735413,0.08913921955085936,8.164641791121029e-05,0.11354457587003708,0.08046729105805593,5.725578764785024e-05,0.10208667069673538,0.07412825507067498,4.427747011962329e-05,0.09387527406215668,0.06934086304335367,3.6749899009367265e-05,0.08758583664894104,0.06562762453206002,3.2050112325265815e-05,0.08272115886211395,0.06268045270726794,2.886368940107073e-05,0.07882315665483475,0.060291353494875015,2.6503828616703484e-05,0.07555468380451202,0.05831786540765611,2.462155180480939e-05,0.07270120084285736,0.056662349651257195,2.3042556230472195e-05,0.07013332843780518,0.0552575249402296,2.1689553660349143e-05,0.06778381019830704,0.05405642689457015,2.0543124291765678e-05,0.06563321501016617,0.05302499116413177,1.960623321403096e-05,0.06368584930896759,0.05213687208200258,1.8874762632737224e-05,0.06194091960787773,0.05137076778780846,1.832932997210724e-05,0.06075898930430412
963,4,cross_attn,Horizontal,1,0.7228821057175833,0.09711870745575832,1.6395477056503296,0.31224005066213156,0.0028354160212475327,0.45699501037597656,0.22057348371498167,0.0006453403248067996,0.28274470567703247,0.17829154857567378,0.0002605412824241668,0.21896129846572876,0.15399420734435793,0.00013358569808352225,0.18767136335372925,0.1384687139874413,7.798452282590674e-05,0.16603054106235504,0.12790384723080528,4.912118520956921e-05,0.15063431859016418,0.12037317336551727,3.2517501971817195e-05,0.13905736804008484,0.1148132367266549,2.2318614813203788e-05,0.13002683222293854,0.11059860341132634,1.5891358666652975e-05,0.1229834109544754,0.1073312068742419,1.178968023315074e-05,0.11751306056976318,0.1047464254356566,9.123908970201725e-06,0.11323939263820648,0.1026635371030323,7.342102779043138e-06,0.11031452566385269,0.10095670819282532,6.10617195779852e-06,0.1081652045249939,0.09953814922344117,5.212788009363196e-06,0.10637106001377106,0.098346803278204,4.5421786547678e-06,0.10483886301517487,0.09733907689177801,4.024085535737346e-06,0.10350002348423004,0.09648184064361784,3.6148069953785273e-06,0.10229970514774323,0.09574782706442334,3.28312504397347e-06,0.1011892706155777,0.09511330073315,3.0047354318093655e-06,0.100130096077919
963,4,cross_attn,Gaussian,1,0.725223458002484,0.11024722256124944,1.8627896308898926,0.2613606575935606,0.0029630639129710704,0.4240902066230774,0.15979293036082434,0.0006331695618452399,0.24118822813034058,0.11568870584643076,0.00025959121756961737,0.1674603521823883,0.09177610349087488,0.00014670046912609248,0.12570202350616455,0.07699542409843868,9.527995347057355e-05,0.10349218547344208,0.06702500847833497,6.677436946224631e-05,0.08954676240682602,0.05986857928690456,4.917874212364781e-05,0.07927513122558594,0.054501866833085104,3.746461140777956e-05,0.07139530777931213,0.05035697172085444,2.9275426037404774e-05,0.06514348089694977,0.04708960232517076,2.3423282645027902e-05,0.060193173587322235,0.04447244628081246,1.9206237997649616e-05,0.056244492530822754,0.04234689456366357,1.6144172913403925e-05,0.05297347903251648,0.040598212430874504,1.3889210907712105e-05,0.050275083631277084,0.03914161913451694,1.2195081967312873e-05,0.04808661341667175,0.03791422219503494,1.089859596000299e-05,0.04675669223070145,0.03686928861434498,9.896206904859907e-06,0.045600589364767075,0.03597123716913518,9.119040804760336e-06,0.04458913207054138,0.03519187577896648,8.515965754528405e-06,0.04369791969656944,0.03450812189470208,8.044997025496981e-06,0.04290854185819626
963,4,mix_ffn_after_gate,Vertical,1,0.4150157459671535,0.0397103602352721,1.0069446563720703,0.1413533522023095,0.0008032067681356105,0.1978609263896942,0.08168247886120326,0.00011970991822605864,0.10685533285140991,0.05680856587631362,3.823678157701507e-05,0.07181239873170853,0.043664903217364874,1.7531274335506408e-05,0.05352364480495453,0.03580775466703233,9.83528879211247e-06,0.042755741626024246,0.030745486388840372,6.344651713658057e-06,0.03589371591806412,0.02731038499919195,4.548976560186234e-06,0.031263940036296844,0.024890461611369298,3.5437513212812948e-06,0.028203440830111504,0.023138219875002666,2.9492732204257943e-06,0.02628832310438156,0.021842256897971743,2.5824473635669645e-06,0.02500685304403305,0.0208666321067583,2.346386877426866e-06,0.024046622216701508,0.020120610616036823,2.1872625580802396e-06,0.023307040333747864,0.01954218162785447,2.074817277380253e-06,0.022722454741597176,0.01908837090290728,1.992932388933599e-06,0.022254733368754387,0.018729000721895504,1.9331944357695114e-06,0.021881120279431343,0.018442410177418163,1.8901015896174015e-06,0.021583113819360733,0.01821260962871805,1.8590128357562613e-06,0.021342715248465538,0.018027473403702653,1.835800422219198e-06,0.02114250510931015,0.017877601382751313,1.8168669535035234e-06,0.020966582000255585
963,4,mix_ffn_after_gate,Horizontal,1,0.3917999870720364,0.03323036689158458,1.030195713043213,0.139766958852609,0.0007908399725948546,0.19334781169891357,0.08261609195716797,0.00011607257650836932,0.10415337234735489,0.059055750213918234,3.0341499092738657e-05,0.07239435613155365,0.046976290524951995,1.1724710660775798e-05,0.05619905889034271,0.039915492728589075,6.001255270323529e-06,0.04665670916438103,0.03542813587756384,3.754031425363123e-06,0.04054241627454758,0.03241711408491173,2.7218275103162334e-06,0.036645300686359406,0.030320930812093947,2.2006264999002184e-06,0.03419621288776398,0.028818080024350257,1.91165639156447e-06,0.032437752932310104,0.027711447476158068,1.7335397609005953e-06,0.031132090836763382,0.026876032588973878,1.612113071926698e-06,0.03013036772608757,0.026230789868841097,1.5229621150564723e-06,0.029338780790567398,0.025723056749455513,1.455893832428106e-06,0.02870018593966961,0.02531845299970536,1.4062212171593686e-06,0.0281810499727726,0.024993366487915555,1.3701494549152323e-06,0.02780192717909813,0.024730372316544017,1.3440450049968584e-06,0.027531949803233147,0.02451601976321803,1.324933295495761e-06,0.027315516024827957,0.02433973213746434,1.310539683809929e-06,0.027137912809848785,0.02419328328872484,1.2990005828980436e-06,0.02698887139558792
963,4,mix_ffn_after_gate,Gaussian,1,0.4357794603658101,0.04687774604205616,1.1917788982391357,0.1449103160273461,0.0010732658907917053,0.22392186522483826,0.07915996700998336,0.00016657433916429152,0.10952378809452057,0.051857633427495047,4.726463240698928e-05,0.06742577999830246,0.037677485436674145,1.7945029488569025e-05,0.04706548899412155,0.029375520401767323,8.290803694692857e-06,0.03555113077163696,0.024124056780858646,4.450062635538413e-06,0.02912125363945961,0.020611764064856937,2.69066372230765e-06,0.024815348908305168,0.018158395168563678,1.7942149311601887e-06,0.021804552525281906,0.01638425514101982,1.2997412626023008e-06,0.019626932218670845,0.015064661198901751,1.0096405958185492e-06,0.01800527051091194,0.014059971234509869,8.304825327016867e-07,0.016766348853707314,0.013279745902215678,7.146559793312059e-07,0.015798740088939667,0.01266347381862856,6.367427884618914e-07,0.015029819682240486,0.012169777046120355,5.826823246996958e-07,0.014411460608243942,0.01176982990924328,5.442322864823871e-07,0.013910132460296154,0.011442999887679304,5.162783906731414e-07,0.013501018285751343,0.01117404866667967,4.95597570394382e-07,0.013165315613150597,0.01095143219249116,4.8014322832985e-07,0.012888595461845398,0.010766230848810029,4.6854639796002937e-07,0.012659478932619095
963,5,self_attn_after_gate,Vertical,1,0.40851143120773253,0.10038027087083855,1.6004992723464966,0.1184507224058348,0.0008582912939103766,0.18954360485076904,0.07382248040466081,0.00020088157741753764,0.10881900042295456,0.0540206270913283,8.166467416268623e-05,0.07563864439725876,0.04314374356042771,4.410991027898028e-05,0.057994306087493896,0.03639511971010102,2.803069755430378e-05,0.04903048276901245,0.0318185594524183,1.958366606032312e-05,0.04395540803670883,0.0285130703141765,1.4586617335818436e-05,0.039631932973861694,0.02602076568892078,1.1426273720358574e-05,0.03599187731742859,0.02408473373996833,9.349211585814876e-06,0.0334339402616024,0.02254769451443165,7.951164145731028e-06,0.03167710453271866,0.021306351832454166,6.993620557326077e-06,0.030248217284679413,0.020289239591904103,6.327119383349096e-06,0.029067540541291237,0.019445028008213117,5.854579151819811e-06,0.02807862125337124,0.018735854975169615,5.511687144542055e-06,0.027239851653575897,0.018133237617947752,5.255469049136238e-06,0.02651999704539776,0.01761545060527703,5.057204667985818e-06,0.025895599275827408,0.01716579810257942,4.8978677105992454e-06,0.02534922957420349,0.0167714250791404,4.765027950742843e-06,0.0248679481446743,0.01642244930068652,4.650715025192909e-06,0.02444198913872242
963,5,self_attn_after_gate,Horizontal,1,0.24950499477840604,0.010112470157259476,0.6446909308433533,0.11549609142636495,0.00048364620222559495,0.19945695996284485,0.07960360822460008,0.00012249931464721226,0.11995777487754822,0.0626212295203928,4.9994657152944626e-05,0.08510955423116684,0.052960931013027825,2.7942020618679972e-05,0.06763172149658203,0.04676625806660879,1.891235204742742e-05,0.059146132320165634,0.04246631838263027,1.4407396797168029e-05,0.05323527753353119,0.03930541790193982,1.180936210853843e-05,0.049119625240564346,0.03688494689644329,1.0136629532863689e-05,0.04594125971198082,0.03497839751579459,8.963711455568633e-06,0.04376717656850815,0.03344610259528198,8.085048618107663e-06,0.04219909757375717,0.032195214714322774,7.393909506622891e-06,0.040768370032310486,0.031160434294078086,6.8315190078861216e-06,0.03946463018655777,0.03029399619452537,6.363037976565239e-06,0.038279153406620026,0.029560022854379246,5.9659124562537925e-06,0.03720329329371452,0.02893113016727425,5.624433187728531e-06,0.03622817248106003,0.02838625055220392,5.327252163991313e-06,0.03534463793039322,0.027909144197428036,5.066147507866329e-06,0.03454345464706421,0.027487280083790658,4.835147143753245e-06,0.03381554037332535,0.027110968938186056,4.629850301099463e-06,0.0331522673368454
963,5,self_attn_after_gate,Gaussian,1,0.21911460906267166,0.012325165711869987,0.5822644829750061,0.08400426326053483,0.0004207962406916098,0.13909485936164856,0.053009590754906334,0.00010076715228128751,0.07640554755926132,0.039208223451934164,3.871661268319775e-05,0.05379578098654747,0.03155694316540446,1.905500848460615e-05,0.04249163717031479,0.0268123047278514,1.0881623139280633e-05,0.035519473254680634,0.023619217532021657,6.881149126054992e-06,0.03091823309659958,0.021325477413714877,4.691217298363711e-06,0.027636511251330376,0.019593108504537552,3.3975601550649664e-06,0.02514217235147953,0.018236285578163845,2.59166514057228e-06,0.023161981254816055,0.017145616416301992,2.067365547238964e-06,0.021543364971876144,0.0162518782807248,1.7121696099031085e-06,0.020191147923469543,0.015508396595361688,1.4620221470198419e-06,0.019040843471884727,0.014882224257148448,1.2795250360691426e-06,0.018047340214252472,0.014349408447742462,1.1424554934502464e-06,0.017179157584905624,0.013892171741832816,1.0373402741285552e-06,0.016414497047662735,0.013497079870412274,9.557694587621863e-07,0.015738092362880707,0.01315379027454626,8.922682775250444e-07,0.015342353843152523,0.012854197934742958,8.430839748678267e-07,0.01510656625032425,0.012591836279228566,8.054949832745468e-07,0.014895204454660416
963,5,cross_attn,Vertical,1,0.6616895922592708,0.08159919311406526,1.486821174621582,0.26870238402533153,0.00260449077764547,0.39816123247146606,0.17435825947258207,0.0008221538150085496,0.24232053756713867,0.1307259408964051,0.0003747953083565246,0.181386798620224,0.10648141068125529,0.0002065424988753705,0.15421882271766663,0.09127867931411379,0.00013401761661279986,0.13496674597263336,0.08087919380456682,9.9151047803633e-05,0.1204087883234024,0.07331411753382001,7.976134882507149e-05,0.10893243551254272,0.06760942303235569,6.733484385688678e-05,0.09960156679153442,0.06320881642519481,5.855807658170387e-05,0.09184908866882324,0.05975589836164126,5.195739419261723e-05,0.08530359715223312,0.05700873589468381,4.682042765050903e-05,0.0797215923666954,0.0547979110408397,4.280497502508382e-05,0.07495670020580292,0.05300101779756092,3.9719214481084115e-05,0.07092083990573883,0.05152599300657,3.738881004609949e-05,0.06753955781459808,0.050301928132299396,3.5627027887689e-05,0.06472990661859512,0.049274488928772155,3.426217031678179e-05,0.06240345537662506,0.048402515491322864,3.316066946870648e-05,0.06102089583873749,0.04765484369699917,3.2230087697995026e-05,0.060087524354457855,0.04700764924997375,3.14112189723416e-05,0.059262193739414215
963,5,cross_attn,Horizontal,1,0.904127324857409,0.22642538066207252,2.651416301727295,0.3555423617362976,0.0027791989791512922,0.5169479846954346,0.2425592281515636,0.0005629002327406072,0.31391847133636475,0.1931998214078328,0.00023940137680590154,0.2347320020198822,0.1655094554973027,0.0001268332541430836,0.19406026601791382,0.14788446492618984,7.412119853785235e-05,0.1717102974653244,0.13582438455214577,4.672545845865013e-05,0.15538129210472107,0.12716043787816214,3.1831304905778333e-05,0.14284220337867737,0.12070661345644602,2.340228670635243e-05,0.13303259015083313,0.11576587860546415,1.831400260065794e-05,0.12561942636966705,0.1118922002968334,1.4938022497130254e-05,0.12126731127500534,0.10878595828063904,1.2468179819084195e-05,0.1173771545290947,0.106244947938692,1.0528673618805055e-05,0.11388911306858063,0.10413186358554023,8.950695226079789e-06,0.11079168319702148,0.10235187269392468,7.655708713275353e-06,0.10848800092935562,0.10083750327901235,6.599360114304126e-06,0.10651576519012451,0.09953882060353718,5.746730824539211e-06,0.10481919348239899,0.09841765688052254,5.064805906567419e-06,0.10334867238998413,0.09744436175577224,4.522784649454871e-06,0.1020621806383133,0.09659572335935775,4.093636160100965e-06,0.10092529654502869
963,5,cross_attn,Gaussian,1,0.6984198836107103,0.09971100554704383,1.7677714824676514,0.26951829639692154,0.0035701124732280543,0.4642682373523712,0.1671295448664635,0.0008834444801196458,0.2608027458190918,0.12098033359599492,0.0003451214007719615,0.17410606145858765,0.09595461544536409,0.0001782717761463133,0.12896277010440826,0.0804880510956522,0.00010918271238354353,0.10308755934238434,0.07008102778641004,7.39808711692104e-05,0.08779899775981903,0.06267653175053142,5.359786646393564e-05,0.07779932022094727,0.057174900339709386,4.0641349281414094e-05,0.07141843438148499,0.052946452701848654,3.185936910231865e-05,0.06616713851690292,0.0496157453291946,2.568782946514578e-05,0.06180206313729286,0.04694096164570914,2.1232060394247918e-05,0.058086469769477844,0.044755409929960493,1.7907212342081516e-05,0.05480920523405075,0.0429408544349292,1.5338210592177927e-05,0.05183849111199379,0.04141445972380184,1.3321471747450816e-05,0.04928138107061386,0.04011934256506345,1.1757583015710248e-05,0.04754434525966644,0.0390148800576017,1.0573908423515114e-05,0.04630477353930473,0.03806920846303304,9.694886340784403e-06,0.045322664082050323,0.0372558149198691,9.049094894341011e-06,0.04452083259820938,0.03655255639127323,8.577746041049771e-06,0.04385444521903992
963,5,mix_ffn_after_gate,Vertical,1,0.864495559344216,0.33656916430379036,3.0578811168670654,0.26813972209181103,0.00317348846841456,0.388525128364563,0.15080128704744672,0.000586823781413677,0.21205195784568787,0.09908476519206214,0.00016673247745230686,0.13517211377620697,0.07177854388479203,6.384157039942497e-05,0.09492281079292297,0.0554631193360639,2.9892777088668256e-05,0.07120607793331146,0.04489021831088596,1.6124509015160097e-05,0.05614796280860901,0.037659002142766164,9.744002106326659e-06,0.04603304713964462,0.03251682233715814,6.4896476857317075e-06,0.03890801966190338,0.028748823122845754,4.699190807862232e-06,0.033693790435791016,0.025920591302334317,3.6478685193469566e-06,0.030434314161539078,0.02375517939291303,2.9920165563053798e-06,0.02808982878923416,0.022069250603043843,2.5588398990922016e-06,0.02626148983836174,0.020737728695311243,2.257520179576089e-06,0.024811334908008575,0.019673107251051872,2.0382623204715104e-06,0.023644492030143738,0.018812767126493983,1.8725206577915323e-06,0.02269432507455349,0.01811096262896345,1.7432081332751043e-06,0.021912921220064163,0.017533656564496812,1.6396906259986524e-06,0.021264784038066864,0.017055158946840537,1.555119012340546e-06,0.020722728222608566,0.016655888896258103,1.4849271214343858e-06,0.02026551216840744
963,5,mix_ffn_after_gate,Horizontal,1,0.4893308828274409,0.05404657136906703,1.2809404134750366,0.17060664934771402,0.0012056759228432083,0.2487758845090866,0.0969015842392331,0.00017297833820716045,0.12987098097801208,0.0660877153868713,4.4367740996295584e-05,0.08466658741235733,0.049991282501391,1.589365545273952e-05,0.0622183233499527,0.04053450594582255,7.300304009050785e-06,0.049455903470516205,0.034560956356544346,4.173023867669611e-06,0.041476182639598846,0.03059238709864162,2.870006852980178e-06,0.03615676239132881,0.02785236311573831,2.258352088688433e-06,0.03247302770614624,0.025900864411914158,1.9357675106328067e-06,0.029848845675587654,0.0244750463891597,1.7466326779966177e-06,0.02793452888727188,0.023411034000298335,1.6259081761636588e-06,0.02651149407029152,0.022603025275563435,1.5440045139764396e-06,0.025439783930778503,0.021980755681556368,1.4862422683355393e-06,0.02462523616850376,0.02149611268015135,1.4446946460346603e-06,0.024000637233257294,0.021115088687529638,1.4147091549306454e-06,0.02353876456618309,0.020812970807864553,1.3932281808105993e-06,0.02322380058467388,0.020571311935782433,1.3778395703690719e-06,0.022968553006649017,0.02037609460216666,1.3663211462282023e-06,0.02275884710252285,0.020216816681481543,1.356748830326962e-06,0.022585701197385788
963,5,mix_ffn_after_gate,Gaussian,1,0.45047769754651995,0.04317244672657743,0.9519281387329102,0.15103696428594135,0.001150984089816188,0.232008695602417,0.07963770036659544,0.00017328146004675054,0.10648353397846222,0.049161522457050896,4.3499216428237356e-05,0.06266289204359055,0.03373255698926865,1.4574550109115592e-05,0.041410401463508606,0.025099796760413382,6.1563327935641355e-06,0.030123135074973106,0.01988785255641218,3.1591679606967405e-06,0.023500099778175354,0.01655062808403893,1.8944475152299694e-06,0.019454188644886017,0.014313134852619399,1.2812005368097844e-06,0.016817627474665642,0.012756860888903104,9.514438504312844e-07,0.015212656930088997,0.01164254674776679,7.609007215456988e-07,0.014043205417692661,0.01082661118180979,6.445867556675382e-07,0.013172978535294533,0.01021828812857469,5.699692746308282e-07,0.012513739988207817,0.009757638465435732,5.198291758870624e-07,0.012006266042590141,0.00940415578051692,4.845342691919783e-07,0.011608805507421494,0.009129874423027986,4.583385614451243e-07,0.011290551163256168,0.008914985531379305,4.3765083405207793e-07,0.01102929376065731,0.008745189009618664,4.202954232070971e-07,0.01081139501184225,0.008610130102920627,4.051477956018298e-07,0.010630520060658455,0.00850236276164651,3.9180650094752686e-07,0.01048347633332014
944,3,self_attn_after_gate,Vertical,1,0.20296109645139604,0.026786965952928187,1.0992820262908936,0.07357348152805888,0.00016458902563377706,0.11345059424638748,0.05340094870281598,3.92352103190643e-05,0.07043089717626572,0.04424402561216127,1.628828717583121e-05,0.05322660878300667,0.03935486817407229,9.779621719600064e-06,0.046210259199142456,0.036386793627152365,7.2718426040727995e-06,0.042888373136520386,0.034368764461269456,6.001521728829011e-06,0.040415458381175995,0.03287869777589563,5.207618894334589e-06,0.038448769599199295,0.03171809579408358,4.665152679535442e-06,0.03687143325805664,0.030784805497479816,4.282779311384077e-06,0.035606592893600464,0.030018736238753986,4.0043022994889946e-06,0.03458045423030853,0.02937987343304687,3.7946526448675545e-06,0.033735185861587524,0.028840024970353595,3.633318026582589e-06,0.03303413465619087,0.028378501297935607,3.5076172101004683e-06,0.03250908479094505,0.027979377184122328,3.408750477720027e-06,0.03208232671022415,0.027629929668610057,3.329852830201939e-06,0.03168955817818642,0.027319960118759246,3.2649596611626305e-06,0.0313597172498703,0.027041619377476827,3.208739470922665e-06,0.031145870685577393,0.026789270223133148,3.156957387512368e-06,0.030967451632022858,0.026559104581200886,3.1070510393164606e-06,0.030804451555013657
944,3,self_attn_after_gate,Horizontal,1,0.2675826297629447,0.04648852877098491,1.3012268543243408,0.10287683386178244,0.000281127687288321,0.14548078179359436,0.07497129163571767,6.338723846056855e-05,0.09789614379405975,0.06241923789419825,2.260191581648329e-05,0.07468073070049286,0.05550650584082755,1.1916717960092947e-05,0.06400568038225174,0.051223116852934396,8.386544586416614e-06,0.05922184884548187,0.04832372802590567,6.79693371636242e-06,0.055847860872745514,0.04620805388641736,5.832562536708498e-06,0.05319764465093613,0.04457644006562612,5.140557289096079e-06,0.05099480226635933,0.04326763760948938,4.605689271459238e-06,0.04912029951810837,0.04218925996905282,4.184036707798161e-06,0.047520384192466736,0.0412853586058768,3.8533780983897124e-06,0.04615926370024681,0.04051907248203716,3.59536400325284e-06,0.045001059770584106,0.039863658861981496,3.3928282661674044e-06,0.04401063174009323,0.039298507429304574,3.2315230105257793e-06,0.04315723478794098,0.038807327016478495,3.1008191116921403e-06,0.042425692081451416,0.038377089041566094,2.99325265060754e-06,0.04193831607699394,0.03799731887522198,2.9037563819558023e-06,0.04150755703449249,0.03765959428652885,2.828909813061576e-06,0.04112640768289566,0.03735717788102135,2.7662794425307016e-06,0.04078836739063263
944,3,self_attn_after_gate,Gaussian,1,0.7890979230167374,1.2828224640531372,4.958950996398926,0.11391659317508576,0.0006554718013270028,0.20232346653938293,0.07654814836051729,0.0001343802850702616,0.10687677562236786,0.05970532222399636,5.400949603601225e-05,0.08055366575717926,0.05009065255049675,2.9856291871814352e-05,0.06868994981050491,0.04394940990540716,1.9170186297969616e-05,0.06063545495271683,0.039737964728994976,1.3216281424411673e-05,0.0546419695019722,0.03670240507002861,9.607664275666852e-06,0.050036024302244186,0.034426068798417135,7.3208906509072725e-06,0.046396639198064804,0.032660354934041465,5.7979378131302185e-06,0.043434664607048035,0.03125033205345509,4.728024854858634e-06,0.04095853865146637,0.03009644195082642,3.940265268107389e-06,0.03884579986333847,0.029132864689306606,3.339808781004855e-06,0.03701812028884888,0.028314820978613126,2.8720323773289552e-06,0.03542414307594299,0.02761098946489039,2.5033278572675777e-06,0.03402826935052872,0.02699888955860857,2.21116677072946e-06,0.032803840935230255,0.026461959535640383,1.9790625214826645e-06,0.031729038804769516,0.02598764637987765,1.7941737215222043e-06,0.030784791335463524,0.025566142850688527,1.6462685537334411e-06,0.029953939840197563,0.025189577173145992,1.5272675999876712e-06,0.02922113984823227
944,3,cross_attn,Vertical,1,0.8237946691021086,0.22838104020126804,3.003994941711426,0.2868321325097765,0.005370863666490695,0.508012592792511,0.179462919750857,0.0012213775692188134,0.2784006595611572,0.13286696197021575,0.00044810076986652686,0.18452733755111694,0.10715699858135647,0.0002067787557860486,0.14438945055007935,0.09096735136376487,0.00011259579409590371,0.11744159460067749,0.07992397674492427,7.007570464835779e-05,0.09936054050922394,0.07194312271617707,4.7846627657778205e-05,0.08858907222747803,0.06592867517518619,3.4784335481656125e-05,0.08090829849243164,0.061262472281380306,2.6516018490947022e-05,0.07485038042068481,0.05756712486110036,2.105635409113005e-05,0.06997889280319214,0.05459502883373745,1.7354712029451045e-05,0.06599992513656616,0.052174247564777496,1.4788128909557282e-05,0.0626981183886528,0.050180506493364065,1.2967922151875933e-05,0.05991234630346298,0.0485214019815127,1.1646742318119747e-05,0.0575198195874691,0.04712694179680613,1.0664914825376168e-05,0.055423639714717865,0.04594359848470915,9.919338779491818e-06,0.05354713648557663,0.044930391368411836,9.345510881933742e-06,0.05183335393667221,0.04405615738933048,8.905463310870958e-06,0.050245754420757294,0.04329724402891265,8.576844107721453e-06,0.04876604303717613
944,3,cross_attn,Horizontal,1,0.8540978847988068,0.2082126058477659,2.254807949066162,0.32098127759638284,0.0032358760045548686,0.45480936765670776,0.2207787637672727,0.0007278002398875466,0.2825407087802887,0.1784777854170118,0.0003052493779696865,0.21639439463615417,0.15528724236147745,0.0001660653040689911,0.18265926837921143,0.14043823972580924,0.0001009898827095094,0.16134139895439148,0.13009337584177652,6.65370713267625e-05,0.1471361219882965,0.12250134112342956,4.660967688078032e-05,0.1370438039302826,0.11672429184591959,3.423223620822488e-05,0.1293412744998932,0.11222032528548014,2.6061496405433516e-05,0.12340717762708664,0.10865159060746904,2.040466199031792e-05,0.11882674694061279,0.1057878111799558,1.6356251047711276e-05,0.11512970924377441,0.10346240337405886,1.3375975741981568e-05,0.11207747459411621,0.10155207202548072,1.1121110022590738e-05,0.10950663685798645,0.09996408436979566,9.37315464534085e-06,0.1073063313961029,0.09862756941999708,7.991373959678755e-06,0.1053990051150322,0.09748852193828612,6.882072699903009e-06,0.1037282645702362,0.09650711017468619,5.9808317371355175e-06,0.10225223749876022,0.09565500441997771,5.243026687060074e-06,0.10093961656093597,0.09491174644421017,4.637470752185429e-06,0.09976689517498016
944,3,cross_attn,Gaussian,1,0.8700432862554278,0.18887248630564338,2.015439987182617,0.2769791282831676,0.0043367552514811305,0.45006632804870605,0.16667121258519946,0.0009310369466828144,0.23646438121795654,0.11867601802897831,0.0003198074978559326,0.15936103463172913,0.09294642815514216,0.0001451359261253899,0.11880560964345932,0.07743380821886517,7.93531686281727e-05,0.09554053843021393,0.06725297566680681,4.9194788924443985e-05,0.082479327917099,0.06015263811226875,3.370216110376499e-05,0.07303929328918457,0.05497162576232638,2.5010203508859463e-05,0.06593644618988037,0.05105459920707203,1.9690246423020084e-05,0.062116995453834534,0.048006807468713275,1.6164293902437374e-05,0.059073835611343384,0.04558047764594593,1.3671789668641534e-05,0.05649255961179733,0.04361345205042097,1.1819599948679625e-05,0.054227717220783234,0.041993765544796745,1.0388213464743978e-05,0.052181828767061234,0.04064008948348817,9.248341921978632e-06,0.05029521882534027,0.03949107141012237,8.323954265494655e-06,0.04854235053062439,0.03849988625872703,7.572614856811567e-06,0.04692475497722626,0.03763171634267247,6.969350608064539e-06,0.045456014573574066,0.03686211589309904,6.4930795141455894e-06,0.044146087020635605,0.03617504168124426,6.120542409448975e-06,0.042994339019060135
944,3,mix_ffn_after_gate,Vertical,1,0.7761930723985037,0.37917681426531646,3.475142002105713,0.23598792321152157,0.0019496792028096226,0.34257858991622925,0.1403044138162855,0.0003391238247240083,0.18469512462615967,0.09731654030463052,0.00010700134902111853,0.12054517865180969,0.07374129065918544,4.720840220132634e-05,0.09004783630371094,0.059223066956277874,2.556581402818138e-05,0.07157839834690094,0.04955231788612548,1.5763306084031975e-05,0.05920718237757683,0.04273583769561753,1.0622035845996311e-05,0.05039237067103386,0.037731161725426475,7.655751905341289e-06,0.043870456516742706,0.03394601641902848,5.8296898280323094e-06,0.038930896669626236,0.031018184172728704,4.650354115749681e-06,0.03512677177786827,0.02871231956496125,3.8582321807501316e-06,0.032154932618141174,0.026868477700248597,3.307356091835868e-06,0.03000883013010025,0.025374362866083782,2.9116006358188116e-06,0.028449982404708862,0.02414915950170585,2.6183283866305223e-06,0.02717272937297821,0.023133615327496377,2.394433010559669e-06,0.026117149740457535,0.022283793294004033,2.2185723067034693e-06,0.025236979126930237,0.021566872026712175,2.0768469487878806e-06,0.024496614933013916,0.02095798695726054,1.960334684417419e-06,0.023869376629590988,0.020437876738253095,1.8634752659960612e-06,0.02333582192659378
944,3,mix_ffn_after_gate,Horizontal,1,0.8740306808834984,0.424410425157476,3.5355072021484375,0.2500439598446801,0.0023879417040098363,0.3557698726654053,0.14693679128374373,0.00035158427863244774,0.18938937783241272,0.10385258495807648,0.00010496393127121384,0.12524528801441193,0.08077888888499093,4.3793708291576925e-05,0.09420803189277649,0.0667187346234208,2.2236443780992733e-05,0.0761483758687973,0.057380655869132,1.2899787802919916e-05,0.06431654095649719,0.050785909983373824,8.265204342858887e-06,0.05649140477180481,0.04591473481721348,5.733852395705191e-06,0.05073203518986702,0.04219569265842438,4.2594563688777165e-06,0.04638495296239853,0.03928587662558707,3.3599541460624512e-06,0.04300329089164734,0.03696654127940299,2.7879485148432078e-06,0.04037858918309212,0.035090768266291844,2.4087685833246374e-06,0.038256797939538956,0.03355574436367504,2.146727303798728e-06,0.03651908040046692,0.032287142549951874,1.9583379406113278e-06,0.035080645233392715,0.031229864865068405,1.818187680326845e-06,0.03395720571279526,0.030342254048538585,1.7110924005803315e-06,0.033077120780944824,0.029592257880029223,1.6276326800839791e-06,0.03232879191637039,0.02895483064154784,1.5616522918813453e-06,0.0316891074180603,0.02841016679765686,1.5089133804624892e-06,0.031139736995100975
944,3,mix_ffn_after_gate,Gaussian,1,0.4305367282931767,0.06458301807080194,1.294499397277832,0.13502969592809677,0.0006838580532542847,0.1989586055278778,0.07662607812219197,0.00010571081074908714,0.10355998575687408,0.05126809642191917,2.9422451858050035e-05,0.06533735990524292,0.03797880566072843,1.067130427384533e-05,0.04594441503286362,0.030278036784794595,4.758733511841362e-06,0.036199092864990234,0.02547195166467674,2.575812129851528e-06,0.030120840296149254,0.022287423559834086,1.6460379626967573e-06,0.026027964428067207,0.020072494500449727,1.1958018178540552e-06,0.02312842756509781,0.018471479031538205,9.54753275706369e-07,0.021014586091041565,0.017280698827807865,8.156860609987967e-07,0.019446484744548798,0.016377672833937502,7.312534993934088e-07,0.018311504274606705,0.015683870851283983,6.786847213969839e-07,0.017540689557790756,0.01514577337851127,6.456870111523156e-07,0.016981184482574463,0.01472503709651175,6.248215005875092e-07,0.016539636999368668,0.014393009807145784,6.11046120547798e-07,0.01618611067533493,0.014127947508342682,6.008366839073996e-07,0.01589757204055786,0.013913859524542377,5.921380677859913e-07,0.01565789431333542,0.013739521925648054,5.841165406160695e-07,0.015456748194992542,0.013596920089589225,5.765202134309416e-07,0.015288661234080791
944,4,self_attn_after_gate,Vertical,1,0.8124486974307469,0.29063461655149386,2.5687599182128906,0.22435961356238712,0.0030944236294907545,0.42150115966796875,0.13601492759254244,0.0009376892635281688,0.25102463364601135,0.09659479771341596,0.00037724110168716027,0.15763495862483978,0.07523243661437716,0.0001780793478619374,0.11007083207368851,0.06196212248196677,9.421081624274181e-05,0.08642058074474335,0.05292702679123197,5.549763693255599e-05,0.07142192125320435,0.04639427292914618,3.617592148905768e-05,0.06166420131921768,0.041466926712365376,2.5649283600845537e-05,0.05458247289061546,0.037633048015690986,1.9385811481598245e-05,0.04888378828763962,0.03457954286464623,1.5371844680026064e-05,0.0442500039935112,0.03210382985453757,1.2654424369423e-05,0.04065905511379242,0.030068121584398404,1.0741932808690238e-05,0.03799005597829819,0.028374548942323715,9.356279087328246e-06,0.035770826041698456,0.026951146947722587,8.327364424885014e-06,0.03389136493206024,0.025743682883561603,7.5455313205009235e-06,0.032271258533000946,0.024710615830762044,6.937909891640482e-06,0.03085177205502987,0.023819768919594704,6.455296624239494e-06,0.029590202495455742,0.02304598597425317,6.064106746357731e-06,0.028455566614866257,0.022369426630792163,5.7411395978648015e-06,0.027425482869148254
944,4,self_attn_after_gate,Horizontal,1,0.7086167489252393,0.1390896829589169,1.7041029930114746,0.215004501006906,0.0023063353581896846,0.3741806149482727,0.13265442268715966,0.0005145215014459663,0.22447851300239563,0.0996564964926432,0.00020025911281184404,0.15828806161880493,0.08181021303411513,0.00010046405151352618,0.12281918525695801,0.07048292830586433,5.919148735109719e-05,0.10164132714271545,0.06264056324485749,3.889462729175487e-05,0.08778015524148941,0.056912714053714085,2.7649935979348286e-05,0.07802517712116241,0.05256611640964236,2.084705352847758e-05,0.07075457274913788,0.049165189620994386,1.6461401867929698e-05,0.06509456783533096,0.046435345910371295,1.3507693928002252e-05,0.0605534091591835,0.04419710682261558,1.1455993571140363e-05,0.056836966425180435,0.04232939971344812,9.9940221478018e-06,0.053754501044750214,0.04074804668152143,8.925230822868716e-06,0.051172517240047455,0.03939294430708128,8.121947143720843e-06,0.04899238049983978,0.03822030192093244,7.500996364945602e-06,0.04713877663016319,0.03719776159241086,7.008844567769799e-06,0.04555315524339676,0.036301102725759385,6.611231552502707e-06,0.04418948292732239,0.035511801314968915,6.285742604490322e-06,0.04301118105649948,0.034815236571289244,6.016828253139559e-06,0.04198867827653885
944,4,self_attn_after_gate,Gaussian,1,0.7289673364351666,0.19367939228310188,2.4928903579711914,0.2570738059187692,0.004009999501985715,0.441751629114151,0.15396522186578265,0.0008856325405045853,0.2410215139389038,0.10807263224370896,0.00031611579635553523,0.15151295065879822,0.08236328707564444,0.00014371562808950121,0.10758107900619507,0.06595907786062785,7.654839989664961e-05,0.08331520855426788,0.05472413474132144,4.5994991331117496e-05,0.06894172728061676,0.04667725774740416,2.9873552573593497e-05,0.058498315513134,0.040721459580319266,2.032771788089425e-05,0.050341155380010605,0.036199550040894084,1.4297758036682318e-05,0.043880291283130646,0.03269417409504217,1.0361546096003678e-05,0.03883931785821915,0.029927900120142906,7.737770735804704e-06,0.03544154018163681,0.02771001187936654,5.9553705612441335e-06,0.032709456980228424,0.025906122038288723,4.7200366003157895e-06,0.030477145686745644,0.024419670628886374,3.845845786762965e-06,0.028626078739762306,0.023180111178330014,3.2145295513660805e-06,0.02707112766802311,0.02213512890277401,2.7500395523618455e-06,0.02575058862566948,0.021245403895302425,2.4026081810310366e-06,0.024618862196803093,0.020481016250356796,2.13897280417134e-06,0.02364160679280758,0.019818924988309543,1.9364085813423715e-06,0.02279234491288662
944,4,cross_attn,Vertical,1,0.7135045764938234,0.12026201674220936,2.174119472503662,0.2783828401376331,0.002829319047598799,0.38306236267089844,0.18146124032754746,0.0006086899208013063,0.23332400619983673,0.13631212983339552,0.00022887156907543457,0.17096379399299622,0.11069469626933809,0.0001190780753074856,0.13576266169548035,0.09469604255661132,7.627275295107313e-05,0.1132986843585968,0.08403110669718848,5.540923786649017e-05,0.09998125582933426,0.07660444447445491,4.38274691019359e-05,0.09314236044883728,0.07123485651044618,3.6860758838624264e-05,0.08819225430488586,0.06721207008711876,3.233444138440055e-05,0.08405794203281403,0.06410099081103764,2.9258106663839677e-05,0.08060086518526077,0.0616270863111057,2.7147629636878422e-05,0.07772193849086761,0.05961600111590491,2.5677760646316517e-05,0.07530529797077179,0.05795584459389959,2.4616847644126957e-05,0.07323341071605682,0.05657069521054389,2.3825161225390565e-05,0.07141083478927612,0.055404859048033515,2.322039747719309e-05,0.06977773457765579,0.05441372250280683,2.2748760541843316e-05,0.06831247359514236,0.05355904742129265,2.2368419378247346e-05,0.06701646745204926,0.05280960061483913,2.2048586654368394e-05,0.06588540971279144,0.052143969233073885,2.1777676033578132e-05,0.06489545851945877
944,4,cross_attn,Horizontal,1,0.7871664738844312,0.09414835008233022,1.7383660078048706,0.3351668594848542,0.0026446817475032102,0.46866893768310547,0.23289202768651265,0.0007215869890032846,0.29460737109184265,0.1863221755576512,0.0003149539249308367,0.23062843084335327,0.16022030063091763,0.00016887142606038827,0.19472458958625793,0.14342888988672742,9.794920948279936e-05,0.16950339078903198,0.13178191535056583,6.006328405247501e-05,0.15164585411548615,0.1233948968232624,3.910254603381966e-05,0.1389075517654419,0.11718343931531149,2.70000467162747e-05,0.12952283024787903,0.11245727006878171,1.9615742040375395e-05,0.12321244180202484,0.10877315700054169,1.4886990165731264e-05,0.11836899071931839,0.10584804971539785,1.1747042657456219e-05,0.11459255963563919,0.10350354157743,9.567032069761507e-06,0.11155349016189575,0.10161545103977597,7.971881070553235e-06,0.10906358808279037,0.10008355561229917,6.750670438680181e-06,0.10701334476470947,0.0988241404531494,5.773976273475633e-06,0.10528264194726944,0.09776907816292747,4.960235290345162e-06,0.10372662544250488,0.09686582464547384,4.27506373649685e-06,0.10223133862018585,0.09607890969704068,3.721379302151981e-06,0.10078608989715576,0.09538860701852375,3.301772374235839e-06,0.09946285933256149
944,4,cross_attn,Gaussian,1,0.7007907496558295,0.12718276622399263,2.1925172805786133,0.25119235402061824,0.0023049912305948164,0.359859824180603,0.15606709013855646,0.0005158787035181798,0.21776194870471954,0.11646290868520737,0.0002281123141923193,0.15281784534454346,0.09459900524881151,0.00013607175852216305,0.11827130615711212,0.08042068270936845,8.936054120547473e-05,0.09788170456886292,0.07041726982782757,6.221920632002145e-05,0.08572505414485931,0.06308354325001202,4.609804408553196e-05,0.0760975182056427,0.057577124072445765,3.6005511997331886e-05,0.06853500008583069,0.05334766043557061,2.928994528384341e-05,0.06323901563882828,0.050019904557201594,2.4515890106121657e-05,0.05968834459781647,0.04733747167010156,2.0889621640993723e-05,0.05666922777891159,0.045133176244913586,1.8018118912137335e-05,0.05393783375620842,0.043302758168133476,1.5732691876049312e-05,0.05150362104177475,0.04177470789069221,1.393011600729906e-05,0.0494224950671196,0.040489812869401204,1.2508029622328287e-05,0.04769013822078705,0.039396042329451396,1.1372303156672236e-05,0.04624233394861221,0.03844971325071085,1.0449632461901137e-05,0.04499459266662598,0.037617409365281226,9.690834600487128e-06,0.043875955045223236,0.03687729538669662,9.069670731231375e-06,0.042852241545915604
944,4,mix_ffn_after_gate,Vertical,1,0.38994841206641423,0.04028608289925636,0.9280447959899902,0.12617392648780157,0.0007906870228887446,0.2150668501853943,0.07245165689124002,0.00013958186287652474,0.11619138717651367,0.049856404167792155,4.326278942120532e-05,0.0742713063955307,0.03820227234373017,1.793333379484392e-05,0.05271492898464203,0.03149679708220656,9.392210254201278e-06,0.040658026933670044,0.027341009073314212,5.91736404470983e-06,0.03345658257603645,0.024623229833585874,4.285184935013312e-06,0.029983550310134888,0.022770848864364247,3.4329393864962018e-06,0.027572989463806152,0.021466788052329943,2.949439403336276e-06,0.025838393718004227,0.020525299042226778,2.656671149242297e-06,0.02455999329686165,0.019831698594821826,2.471128498171253e-06,0.02360222116112709,0.01931217969173477,2.350991622348872e-06,0.022874362766742706,0.018917742259209117,2.273695115752804e-06,0.02231510728597641,0.01861459223760499,2.2251499866257443e-06,0.021882038563489914,0.018378590499716147,2.194263204246554e-06,0.021543115377426147,0.018192274451610587,2.1714191306107377e-06,0.02127290517091751,0.018043226118953454,2.1496365462823474e-06,0.021052170544862747,0.017922823479960836,2.125785792132771e-06,0.020867573097348213,0.017825012745720053,2.0999890693289684e-06,0.02070992812514305
944,4,mix_ffn_after_gate,Horizontal,1,0.46550827910975806,0.05181081369442209,1.209172010421753,0.16295696262802398,0.001070545790596487,0.2539278268814087,0.09468388403691942,0.00015672980573301677,0.1366162896156311,0.06614075802148335,4.168061411136162e-05,0.08899358659982681,0.05148410170324265,1.548720221118697e-05,0.06499360501766205,0.04306595861202195,7.480617660784131e-06,0.05137478560209274,0.03782558376117358,4.519410797372994e-06,0.04299483448266983,0.034351940725057845,3.2359135587628273e-06,0.038058191537857056,0.031937806054003655,2.59836976135593e-06,0.03551802039146423,0.030200118967701518,2.238278845189268e-06,0.03365927189588547,0.028915888112452295,2.009253555650307e-06,0.032252684235572815,0.02794764202738565,1.8505042065427951e-06,0.03115515410900116,0.027206440086639118,1.7345713949081289e-06,0.03028106689453125,0.026631992812904102,1.6476268216112964e-06,0.029574640095233917,0.026182298947657858,1.5820456089148122e-06,0.02899787761271,0.025827724693550005,1.5331822632119115e-06,0.02852639928460121,0.02554705948938453,1.4975999268268503e-06,0.028144394978880882,0.025324560967939242,1.4721469413121039e-06,0.02783805876970291,0.025147999060295877,1.4539333703276856e-06,0.02759283222258091,0.025007606173555057,1.4407428936626308e-06,0.027394641190767288
944,4,mix_ffn_after_gate,Gaussian,1,0.47846180933808524,0.07452745159769038,1.4832849502563477,0.15664181550816883,0.0011122228619356125,0.23758000135421753,0.08609423053170008,0.00019181453382859068,0.12403039634227753,0.05578239575501472,5.708920015404203e-05,0.07813277840614319,0.03988504143697875,2.2619155425822492e-05,0.05473191291093826,0.03058879455876729,1.0663259913938182e-05,0.04099756106734276,0.024764414167120344,5.720487518079698e-06,0.032322339713573456,0.02092142958962728,3.416317516218642e-06,0.026607876643538475,0.0182789879156247,2.236162736383201e-06,0.02272748574614525,0.016401154063050708,1.5839732250506254e-06,0.02002525143325329,0.015030719310281769,1.2003845687098836e-06,0.018100593239068985,0.014008149238569396,9.62206329028822e-07,0.01669916883111,0.01323044988962393,8.071404028510017e-07,0.015656955540180206,0.012629109079993907,7.021341673495524e-07,0.014867592602968216,0.012157448803976414,6.287178598749476e-07,0.014260916039347649,0.011783009720227075,5.759862174239091e-07,0.013789106160402298,0.011482802973616691,5.372285194921503e-07,0.013418355956673622,0.011240238131630042,5.082536625468316e-07,0.013124266639351845,0.011043055618684443,4.864147033602929e-07,0.012889234349131584,0.010881965063394063,4.699498647148328e-07,0.012700401246547699
944,5,self_attn_after_gate,Vertical,1,0.3062972178061803,0.037357466290599196,1.0147883892059326,0.09995022114543688,0.000543490674702169,0.1628020703792572,0.06415049879560394,0.00011544712370469577,0.08452191948890686,0.04832372193535169,5.078578812662553e-05,0.06361407786607742,0.03949280872586228,3.2570869050418625e-05,0.055748552083969116,0.0338203071187886,2.4450069758527982e-05,0.04978404939174652,0.029853423081693194,1.961064336175675e-05,0.04496254026889801,0.026924910526427013,1.6233090627749244e-05,0.04095964878797531,0.024683064441122705,1.371708810963801e-05,0.03760959208011627,0.022922859985440497,1.1805093546730525e-05,0.03480096161365509,0.021514052613860087,1.0345311548382053e-05,0.03244404122233391,0.02036851029547434,9.228609847955505e-06,0.030462495982646942,0.019424033927775565,8.371530573397305e-06,0.028791062533855438,0.018635535937926127,7.710223450219396e-06,0.027374649420380592,0.017969766676071145,7.1964792199111615e-06,0.026167800650000572,0.01740191238267081,6.794217340735466e-06,0.02513395994901657,0.01691323452230011,6.476514247712378e-06,0.02424425072968006,0.016489387386375003,6.2232683790609075e-06,0.02347593754529953,0.01611923117427126,6.019409894636244e-06,0.022856030613183975,0.015793996375231517,5.853573090524103e-06,0.02253083512187004
944,5,self_attn_after_gate,Horizontal,1,0.4497887340802995,0.08204028526683037,1.4539529085159302,0.1546532381621618,0.0008633262828046863,0.21543174982070923,0.10238215138041784,0.00021499166763380305,0.13948801159858704,0.07807015615796285,9.517306759081695e-05,0.10095002502202988,0.06415103884443404,5.335138019632736e-05,0.0853983461856842,0.05527746978969801,3.3401991553234005e-05,0.07357873022556305,0.04918503932773121,2.2142368922309855e-05,0.06397820264101028,0.04477934184528533,1.5404362634817154e-05,0.056321077048778534,0.041471557839522284,1.1268927156900907e-05,0.05025622993707657,0.038915825386842094,8.687442488323927e-06,0.04546510800719261,0.036894533635368425,7.0533432747951165e-06,0.0430799163877964,0.03526408665828289,6.003941616712782e-06,0.0411980003118515,0.033926764059634434,5.317414346811511e-06,0.039642252027988434,0.03281444503319642,4.856901381193619e-06,0.03833603113889694,0.03187849165664779,4.538523937296919e-06,0.037221264094114304,0.031083172689827663,4.31178796717159e-06,0.03625410050153732,0.030401315835733262,4.146804308025143e-06,0.035401321947574615,0.029811526722614726,4.025683968464941e-06,0.034672223031520844,0.02929664075019814,3.936961220368499e-06,0.034184493124485016,0.028842918397415252,3.872361584749107e-06,0.03374931961297989
944,5,self_attn_after_gate,Gaussian,1,0.3084253876928299,0.03443096544137128,0.9597264528274536,0.10264139782105174,0.0005979601083969863,0.15171164274215698,0.06383147628770934,0.00016135550888194636,0.09127600491046906,0.04654185598095258,6.685144846415695e-05,0.06506720185279846,0.036919901117918985,3.389040896310907e-05,0.050047777593135834,0.030851068300387217,1.9120381728108734e-05,0.040704429149627686,0.026725449821069128,1.1723632218508825e-05,0.03436250984668732,0.023762782621714804,7.760107820882405e-06,0.029768558219075203,0.021544343895382352,5.5280578860747815e-06,0.026378706097602844,0.019828503419245993,4.2089073080972295e-06,0.024239882826805115,0.018467095281396593,3.3862400331636228e-06,0.022826354950666428,0.017364832350895518,2.843536128475302e-06,0.021664761006832123,0.01645803448581506,2.4664627118979718e-06,0.020689357072114944,0.015702633571530147,2.1930770119137922e-06,0.019854020327329636,0.015067066184230267,1.9883441028631988e-06,0.01912682317197323,0.014527953244627469,1.8312703211132034e-06,0.018485751003026962,0.014067466222932415,1.7084772765547974e-06,0.01791529357433319,0.013671697546092291,1.6109250081384712e-06,0.017403943464159966,0.013329619438283972,1.5322006453400387e-06,0.01694265939295292,0.013032389287319448,1.467564526100058e-06,0.016524164006114006
944,5,cross_attn,Vertical,1,0.754469538018817,0.11466389690332714,1.7649469375610352,0.28614287598738597,0.0029860188857905655,0.4580475687980652,0.18749145122747574,0.0008499960279275695,0.2843865752220154,0.1413896650312439,0.000380553533571193,0.19841626286506653,0.11501452681564149,0.0002316880648597326,0.15466275811195374,0.09816454717564205,0.00016697185170651355,0.13049891591072083,0.08656525978493312,0.00013033492536720947,0.11710143089294434,0.07822713385971766,0.0001062381236904258,0.10646367073059082,0.07204899416556435,8.927443525945337e-05,0.09771206974983215,0.06733301979681802,7.695702876299314e-05,0.09081567823886871,0.06363325447790207,6.783592641604673e-05,0.08548738807439804,0.06066185011277123,6.093276534713191e-05,0.08137698471546173,0.05822660135371344,5.5537246055952835e-05,0.07812821120023727,0.056196302589443,5.114853825603193e-05,0.0754261463880539,0.054481361120466205,4.745860945417893e-05,0.0730544701218605,0.05301984807565099,4.429882909348988e-05,0.07090321183204651,0.051766928285360336,4.157142315083883e-05,0.06893165409564972,0.050688186926501136,3.920666866234205e-05,0.06713171303272247,0.04975586414100632,3.714699078231901e-05,0.0655079185962677,0.04894686265597268,3.534540274967612e-05,0.06407038867473602
944,5,cross_attn,Horizontal,1,0.9042148121765682,0.19298298289532725,2.2533695697784424,0.3586769901097767,0.004854176126357386,0.5591803193092346,0.24407293943185654,0.0010724354697211906,0.3335341215133667,0.19238899577231633,0.0003687477105944531,0.24559789896011353,0.16424118715619285,0.00017117139861271154,0.20294620096683502,0.14706355286022973,0.00010220195962509099,0.17736506462097168,0.1356043340194793,7.070058573965885e-05,0.15995782613754272,0.12736514955759048,5.258816624739131e-05,0.14871686697006226,0.12112731663953691,4.0714651735772335e-05,0.13997909426689148,0.11627775560768824,3.223886659889337e-05,0.1330205500125885,0.11244822849356939,2.589114498689644e-05,0.12732574343681335,0.10937161306067118,2.1066609752414502e-05,0.12257201969623566,0.10685417966710196,1.7380873279771853e-05,0.11856049299240112,0.1047595917942032,1.4538917628422621e-05,0.11516013741493225,0.1029927305995472,1.2314361089077788e-05,0.11227339506149292,0.1014867556237039,1.0545049291846368e-05,0.1098167896270752,0.10019260455691625,9.120409571101874e-06,0.10771417617797852,0.099071804729719,7.962824304679569e-06,0.10589906573295593,0.09809322678853595,7.014980926508467e-06,0.1043175458908081,0.09723189508631117,6.234722174714988e-06,0.10292761027812958
944,5,cross_attn,Gaussian,1,0.694347670153966,0.12273623276457811,2.0431904792785645,0.25968429375262486,0.0032606784655762715,0.40953701734542847,0.16683033747332437,0.0007841087153208509,0.24094198644161224,0.1242199537772981,0.00033656960730084443,0.17488867044448853,0.09921077189464418,0.00017218207097914018,0.13371461629867554,0.0829615154791446,9.72444686868003e-05,0.10672222822904587,0.07182580954025662,6.034690466341503e-05,0.08865676820278168,0.06393706763074511,4.087747085098068e-05,0.07684145122766495,0.05820211821368763,2.998056268085114e-05,0.06957223266363144,0.053928818671949326,2.3600527121031277e-05,0.06424696743488312,0.05065589817979979,1.9755736537771518e-05,0.06046449393033981,0.04808131895131535,1.7381837480498462e-05,0.05746275931596756,0.04601304197595233,1.586510125935025e-05,0.055045127868652344,0.04432511879574685,1.485011536712287e-05,0.05307130515575409,0.04292991934787659,1.4129268504308963e-05,0.05143510550260544,0.04176294602571972,1.3575521862349351e-05,0.05005176365375519,0.040774771204543495,1.3108659271604731e-05,0.048854902386665344,0.03992731626781206,1.2683271720518836e-05,0.0477987565100193,0.03919213259267428,1.2283341049795822e-05,0.04685799777507782,0.038548743677517726,1.1912453818182332e-05,0.04602111130952835
944,5,mix_ffn_after_gate,Vertical,1,0.6867974083574991,0.1593745935669801,1.9569562673568726,0.21296671364042494,0.002164047295376005,0.34173262119293213,0.1145219789847495,0.00030696490507886506,0.15911036729812622,0.07374558160229334,7.646574319800822e-05,0.0975194126367569,0.0527871200253093,2.6673910761662847e-05,0.06702493876218796,0.040717942965409114,1.1872620958084247e-05,0.04994519427418709,0.03326208511042216,6.483707895651625e-06,0.03958818316459656,0.0284099109943897,4.185319870084098e-06,0.033182598650455475,0.025116888451434317,3.0612170759441447e-06,0.029366537928581238,0.022802921071175545,2.4478629080439555e-06,0.02684115804731846,0.02112849760386679,2.089236632342059e-06,0.025140363723039627,0.019885746466498527,1.8710736712630766e-06,0.023880206048488617,0.01894270267988008,1.7330402282703407e-06,0.022912543267011642,0.018213230466085768,1.6414299266942178e-06,0.02214793488383293,0.017639785738927976,1.5778003697951587e-06,0.021534163504838943,0.017183006948067084,1.5318648996949452e-06,0.02103845402598381,0.0168153051405199,1.4975663535800902e-06,0.02063833177089691,0.01651692068174718,1.4712372210313068e-06,0.020317085087299347,0.01627346786064288,1.450742982732716e-06,0.020060859620571136,0.01607427830320029,1.434889515780336e-06,0.01985665038228035
944,5,mix_ffn_after_gate,Horizontal,1,0.6678332483011579,0.11836313753817952,1.9874064922332764,0.2204746480972048,0.001982575148276732,0.3275834023952484,0.1211147140415888,0.00026011931362933545,0.15740571916103363,0.08018233745344101,6.0430709849962463e-05,0.0983063280582428,0.059320540596095345,2.161722426717266e-05,0.06925171613693237,0.04724261945202237,1.0371392838683176e-05,0.05458471551537514,0.03966525859302945,6.112257562130465e-06,0.04629620909690857,0.03463624651351618,4.211195300386196e-06,0.04070257395505905,0.03115399820463998,3.2604998712729496e-06,0.03675725683569908,0.02866190651224719,2.737766342945804e-06,0.033880673348903656,0.026831108396725048,2.4242947029511077e-06,0.0317339263856411,0.02545740558869309,2.2209610063394944e-06,0.030106762424111366,0.024408724868581408,2.079606329503586e-06,0.02885955199599266,0.023596633077850416,1.975205763321277e-06,0.027894170954823494,0.022960061798729593,1.8943031180722596e-06,0.027139896526932716,0.022455703526262253,1.8296264992806196e-06,0.026545220986008644,0.0220521961057943,1.7770297890634295e-06,0.026071777567267418,0.02172645352899082,1.7337734547793278e-06,0.025690145790576935,0.021461263890304262,1.6977683110041035e-06,0.02537740021944046,0.021243682663355554,1.6673700832561448e-06,0.025116166099905968
944,5,mix_ffn_after_gate,Gaussian,1,0.5150220680331427,0.06472749869113838,1.1955476999282837,0.15399974099700414,0.0012755742250505936,0.2352304607629776,0.07808570989540645,0.00016403918419554049,0.1064646765589714,0.048041236128598924,3.964857419153949e-05,0.06305698305368423,0.033207427296373576,1.3340078912361288e-05,0.04254557937383652,0.024916268116424955,5.641998259761312e-06,0.03129966929554939,0.019897490148506468,2.8853385461258377e-06,0.02452818676829338,0.01668768899426574,1.7516262372070666e-06,0.020174700766801834,0.014545547835055798,1.2276081484796278e-06,0.017239894717931747,0.013065061783270231,9.56976250686266e-07,0.015190470963716507,0.012012052201917247,8.02749152910188e-07,0.013865694403648376,0.011245463132148697,7.075340885933998e-07,0.01302056759595871,0.010676981142115972,6.446541564065305e-07,0.012412688694894314,0.010249223116607893,6.004250008003279e-07,0.011970600113272667,0.009923577840839113,5.674696051030437e-07,0.011643137782812119,0.009673331553737322,5.419503978014473e-07,0.011393176391720772,0.009479699552887015,5.219346447347286e-07,0.011196339502930641,0.009329281776906952,5.062423146563647e-07,0.011038696393370628,0.009212296559578843,4.939419079685932e-07,0.010912179946899414,0.009121442021476843,4.84273627534436e-07,0.010811101645231247
922,3,self_attn_after_gate,Vertical,1,0.2889732063289673,0.041623772372265146,1.1359333992004395,0.08790821416510476,0.0003037112648991679,0.12531617283821106,0.060573010158444206,7.399266418655326e-05,0.07957787811756134,0.04848227809582438,3.3272081601570135e-05,0.060323335230350494,0.04158315216265027,1.860554973465008e-05,0.05097787827253342,0.037211835029579345,1.2114943054660267e-05,0.04473887383937836,0.03426151175702375,8.998340332033294e-06,0.04050331190228462,0.03216531662832177,7.3801201548863775e-06,0.03801031410694122,0.03060672843148784,6.4418173654982715e-06,0.03664804995059967,0.029404762127096692,5.828516125726183e-06,0.03547383472323418,0.02845060508993883,5.3861323404806565e-06,0.034470587968826294,0.027675028801673933,5.0452132596851306e-06,0.03362087160348892,0.027032212871644232,4.772145407873512e-06,0.03290228545665741,0.02649085365590595,4.548529795768344e-06,0.03228972852230072,0.026029010584193563,4.362778799865592e-06,0.031759582459926605,0.025630956929590967,4.206773857307193e-06,0.031293369829654694,0.025285149909674176,4.074502685247986e-06,0.030878793448209763,0.024982867230262076,3.961365905241525e-06,0.03050820901989937,0.024717317273219425,3.863800042086706e-06,0.030176673084497452,0.02448305691636744,3.779029469566687e-06,0.02988068014383316
922,3,self_attn_after_gate,Horizontal,1,0.3866679975910792,0.10772355630082846,1.7111988067626953,0.12299820757101453,0.0002603646567344249,0.1659579575061798,0.08957748055931121,5.8083485682803816e-05,0.11565174162387848,0.07390530880481477,2.6244325312876597e-05,0.09021668136119843,0.06463963845892558,1.7118702670243488e-05,0.07531032711267471,0.05852497942627422,1.3215229949960077e-05,0.06571006774902344,0.05419745278500375,1.0887178400851149e-05,0.060621198266744614,0.050977196958329946,9.292202491714174e-06,0.05760905146598816,0.048488627646177535,8.14787537056617e-06,0.055174753069877625,0.046507935557100505,7.296914322997985e-06,0.05313888192176819,0.04489382805805358,6.640118558008715e-06,0.0513981468975544,0.0435528029052038,6.117464361994055e-06,0.049885690212249756,0.04242063461551591,5.693681859055524e-06,0.04855369031429291,0.04145208036615735,5.34583037805022e-06,0.047366928309202194,0.04061463492966834,5.055564205448265e-06,0.04629991948604584,0.03988429702936657,4.80753986996212e-06,0.04533446580171585,0.03924270287629158,4.590557445132115e-06,0.044457387179136276,0.038675410643456476,4.3975949700660036e-06,0.04365871101617813,0.03817091834923578,4.224724669588426e-06,0.04293049871921539,0.03771996894289577,4.069814239748604e-06,0.04226599633693695
922,3,self_attn_after_gate,Gaussian,1,0.4054203498221579,0.274155584415407,3.034539222717285,0.09017854875751904,0.0003781836321673609,0.1386229395866394,0.05977142436636819,8.063640110285753e-05,0.07845258712768555,0.04720434765257533,3.48562647258176e-05,0.06095600128173828,0.04028116834778634,1.857057311336894e-05,0.05110697075724602,0.0359173837516989,1.1088636020094621e-05,0.044448982924222946,0.03290542711814245,7.159878849056548e-06,0.039472922682762146,0.03070279219675632,4.974325433130189e-06,0.03572067245841026,0.02902973115089394,3.7116583787356942e-06,0.033280543982982635,0.027723468958385407,2.950216559080749e-06,0.031358033418655396,0.02668087122340997,2.4674418935119053e-06,0.02995406463742256,0.02583305123779509,2.145523550354708e-06,0.028839344158768654,0.02513230831495353,1.9209681631098565e-06,0.02808479033410549,0.0245446657968892,1.75827866096597e-06,0.027506720274686813,0.024045340332483487,1.6366090523238793e-06,0.027007490396499634,0.02361588277632282,1.5430116298445723e-06,0.02657056599855423,0.02324229824755873,1.4690348179917026e-06,0.026183471083641052,0.022913808180462746,1.4090224381524404e-06,0.025836993008852005,0.02262203788591756,1.3592403791674706e-06,0.025524461641907692,0.0223604930298669,1.3173344973300322e-06,0.02524094469845295
922,3,cross_attn,Vertical,1,0.7772494114580608,0.16156324183419035,2.313985824584961,0.2817886050731417,0.002775356678928566,0.4001651406288147,0.17703512074455383,0.0006718583983420986,0.2344484031200409,0.1303047708102635,0.0002793822783050868,0.17409351468086243,0.10455515519494102,0.0001459698684188894,0.14089834690093994,0.08836711576533696,8.499345881310074e-05,0.1179383248090744,0.07739710027263277,5.387180333315988e-05,0.10148605704307556,0.06960858339591632,3.7285680376565505e-05,0.08947256207466125,0.06387417999997971,2.8207310801013038e-05,0.08044040203094482,0.05951594035067256,2.3172260590524183e-05,0.07356899976730347,0.05610610970429012,2.0290360586152107e-05,0.06838208436965942,0.05337445621216108,1.8454564260777578e-05,0.06445056200027466,0.051149308385830074,1.7098364603766847e-05,0.06184868514537811,0.049313725637538094,1.5993631837770554e-05,0.06011545658111572,0.047782935734306066,1.5057509120920825e-05,0.05853880196809769,0.04649350922259073,1.4255365307289394e-05,0.057085681706666946,0.045397071433918815,1.356919149056345e-05,0.055734746158123016,0.0444563798133343,1.2988439421241671e-05,0.054473794996738434,0.043642748502038774,1.250557107552841e-05,0.05330074951052666,0.04293427781926261,1.211176085242313e-05,0.05221834033727646
922,3,cross_attn,Horizontal,1,1.0846295176990448,0.5297318348280984,3.9842007160186768,0.3743191569570511,0.003968095225541833,0.5478464961051941,0.250208728133686,0.0008060056611965651,0.3170987069606781,0.19634355036985307,0.00031477014424628676,0.23655405640602112,0.16632624230687582,0.0001580218223819373,0.19428405165672302,0.14753127476525685,9.123030154934733e-05,0.16699782013893127,0.13488440735945625,5.8195718593652926e-05,0.14832666516304016,0.1259524559690839,4.018770685156572e-05,0.13848412036895752,0.11939908824269733,2.96369956012882e-05,0.13104751706123352,0.11443224620251428,2.3026810043303602e-05,0.12515002489089966,0.11056257701582378,1.8537800649133735e-05,0.12039708346128464,0.10748073032924108,1.5236080975281132e-05,0.11651884019374847,0.1049838676339104,1.269202853670559e-05,0.113313689827919,0.10293325769995885,1.0701827849946512e-05,0.11063510924577713,0.1012303823279956,9.140273430770698e-06,0.10837750881910324,0.09980269095727376,7.91457051227136e-06,0.10646264255046844,0.09859497029156912,6.953416550947571e-06,0.10482992231845856,0.09756427341037327,6.2003681835458715e-06,0.10342857241630554,0.09667703923251894,5.60700891902921e-06,0.1022128015756607,0.09590711219916268,5.131746601788937e-06,0.10114122927188873
922,3,cross_attn,Gaussian,1,0.7720520666667393,0.17736820270436068,2.2174205780029297,0.2617504142579578,0.0036182126948294886,0.4889363646507263,0.16367889988043952,0.0008729370331306236,0.23695941269397736,0.119541349628615,0.00037957673620393995,0.17012092471122742,0.0948212520470695,0.00019880650034290837,0.13368232548236847,0.07941070884939223,0.00011651326493405027,0.10918387025594711,0.06899508958061536,7.345162102447914e-05,0.09142550081014633,0.06152842436281462,4.923791416370868e-05,0.0819256380200386,0.05594410144147419,3.502612507431722e-05,0.07480578869581223,0.051633609429238336,2.6279184371118277e-05,0.06909394264221191,0.04822841901627798,2.0634658670052842e-05,0.06438399106264114,0.045493055430669636,1.6845363367640683e-05,0.06043054163455963,0.04326797950835455,1.4207373093939486e-05,0.057066913694143295,0.0414398665584269,1.2305522657142743e-05,0.05417826399207115,0.03992530691718298,1.0891076966797645e-05,0.051686808466911316,0.03866091246406237,9.810250315473242e-06,0.04953566566109657,0.03759733628895548,8.964279964150432e-06,0.047680482268333435,0.03669572597931302,8.288605070756265e-06,0.04608641564846039,0.03592544238245676,7.74027385281197e-06,0.044724415987730026,0.03526243410768017,7.289394117299825e-06,0.04356610029935837
922,3,mix_ffn_after_gate,Vertical,1,0.403965030634214,0.04037933023978404,0.9181968569755554,0.12794990896705596,0.0008486697768490101,0.19256673753261566,0.07131197072920345,0.00011514657044666129,0.09539131820201874,0.048558039206361016,2.977080529289649e-05,0.06206239014863968,0.03706052458830296,1.1714519900996374e-05,0.04532090574502945,0.030472008954911006,6.182839908017192e-06,0.035990238189697266,0.02637681323621008,4.049877061284224e-06,0.030383773148059845,0.023676365200016234,3.0893330179278674e-06,0.027180984616279602,0.021812840320524714,2.59526238360124e-06,0.025006113573908806,0.0204833158484054,2.304961146922545e-06,0.023466035723686218,0.019510636224396645,2.1161864744807725e-06,0.022336803376674652,0.01878375636916312,1.9824718776900104e-06,0.02147742547094822,0.01823005594667934,1.8801199188026595e-06,0.02079583704471588,0.017800299554235406,1.7986164980330717e-06,0.020303238183259964,0.01746106014720031,1.7349025309701295e-06,0.019950341433286667,0.01719030255954417,1.6869969799416008e-06,0.01967417076230049,0.016973155018474375,1.6514283092516769e-06,0.019451521337032318,0.016798657734715748,1.6247415347287835e-06,0.019268229603767395,0.01665831654376927,1.6045183639827535e-06,0.019115444272756577,0.01654550891428713,1.5891158946044703e-06,0.018987083807587624
922,3,mix_ffn_after_gate,Horizontal,1,0.8717300645888798,0.4358401109606606,3.3914437294006348,0.26597366186361465,0.002471170426256818,0.3683375120162964,0.15984627722747743,0.00041291824661554864,0.19926898181438446,0.1126546629128002,0.0001223049528031109,0.13395971059799194,0.08671246599110347,4.8072878266720855e-05,0.1000593826174736,0.0707500572242434,2.2743117636996585e-05,0.07968798279762268,0.06012227445367783,1.2354792338526144e-05,0.06669528037309647,0.052623691421652595,7.492327350056509e-06,0.057875990867614746,0.04711011353702772,4.989344546859892e-06,0.05157571658492088,0.04293666283289591,3.611344154793213e-06,0.046773575246334076,0.03971027754365452,2.81410958542004e-06,0.04316055402159691,0.03717477258945268,2.333607214026707e-06,0.04034246876835823,0.03515446357547291,2.0332057776316803e-06,0.03810926526784897,0.03352468543582492,1.8389396758518036e-06,0.03631727769970894,0.032194977153151755,1.709170666479934e-06,0.03486468642950058,0.031098614313772747,1.6194546566925464e-06,0.03367704898118973,0.030185752415231297,1.554717795509238e-06,0.03269808739423752,0.02941879186601866,1.5052292752360492e-06,0.03191929683089256,0.028769176512483566,1.464782180667307e-06,0.03125690296292305,0.028215073403858003,1.4298338980870225e-06,0.03068988025188446
922,3,mix_ffn_after_gate,Gaussian,1,0.4470403298499092,0.06028065739388908,1.3666481971740723,0.14149579736921522,0.0007983603575291679,0.21910518407821655,0.07886998414520234,0.00011928517963389544,0.1064329668879509,0.05253171282155173,3.270932678808734e-05,0.06605994701385498,0.0389206117935597,1.217442361884366e-05,0.046862877905368805,0.030984167305250016,5.566644291711223e-06,0.03615013509988785,0.025952023823582936,2.995268231428776e-06,0.0295337475836277,0.02256423406421192,1.8455842022487681e-06,0.025316443294286728,0.020182743757253603,1.2783460029582038e-06,0.022458642721176147,0.01845650419238068,9.794126446184478e-07,0.0204465314745903,0.017177192553404778,8.134530742415621e-07,0.0189928337931633,0.016212571042752456,7.172466833637602e-07,0.017914259806275368,0.01547469442621583,6.594190507896644e-07,0.01709470897912979,0.014902878582241043,6.230493315957942e-07,0.01645790785551071,0.014453958793883287,5.983113468409491e-07,0.01596025377511978,0.014096842383936284,5.796989578114921e-07,0.015570200979709625,0.013809565144280592,5.648801071631224e-07,0.01526193879544735,0.013577098411227029,5.533496111623214e-07,0.015019036829471588,0.013388835928506322,5.449423364161623e-07,0.014826471917331219,0.013236531352121678,5.3924221266407e-07,0.014672072604298592
922,4,self_attn_after_gate,Vertical,1,0.7637390818387743,0.27748017235518097,2.2292771339416504,0.19350665417455493,0.0014818797728591933,0.30204904079437256,0.1144887065840146,0.0003083682368339266,0.16114622354507446,0.08006519670524294,0.00011282535724249582,0.1036437451839447,0.06150314235498035,5.220798982749493e-05,0.07673798501491547,0.05027344627749352,2.9441520223661253e-05,0.0637197345495224,0.04290883237170794,1.9746617600550224e-05,0.05443890020251274,0.03776841025267329,1.489703309430797e-05,0.047692157328128815,0.033996763476540175,1.199595878653754e-05,0.04316069930791855,0.031118443087925985,1.0011137284357444e-05,0.039717189967632294,0.0288544956535574,8.558565547680945e-06,0.036830801516771317,0.027032219464816744,7.470522020781462e-06,0.03439631313085556,0.025538907903763983,6.651698485092829e-06,0.032337114214897156,0.024297526638422693,6.035522848083351e-06,0.030588462948799133,0.023253409783281977,5.5713468506660735e-06,0.029094863682985306,0.02236656690873797,5.220086379187045e-06,0.02826862409710884,0.021606990978831335,4.9519177212654925e-06,0.027645133435726166,0.020951655619437733,4.74446412074411e-06,0.027098245918750763,0.020382523063629393,4.581152136858197e-06,0.026614641770720482,0.01988520437762851,4.449840464508334e-06,0.026184208691120148
922,4,self_attn_after_gate,Horizontal,1,0.9647909242009359,0.38655421420053865,2.696993350982666,0.2670031932611314,0.005219632616282223,0.4731708765029907,0.15905499411007715,0.0008788980024507521,0.23775537312030792,0.11566310435060471,0.00030105929802195445,0.16678619384765625,0.09233774930711776,0.00014451392320933803,0.12948326766490936,0.07796965456671184,8.39256969072117e-05,0.10674630105495453,0.06837395318443813,5.522162187909295e-05,0.09170125424861908,0.06158376916769951,3.9438689211204625e-05,0.08118053525686264,0.05655558980883114,2.9725139663788687e-05,0.07352061569690704,0.052690577294145315,2.326215197606051e-05,0.06773756444454193,0.04962630895158601,1.8745534868680333e-05,0.06321915984153748,0.04713446806584086,1.5495798271994524e-05,0.0595816969871521,0.04506586953288033,1.3117995492495508e-05,0.056581974029541016,0.04331946627251686,1.1360656515098764e-05,0.05406038463115692,0.04182450006168986,1.0052061352892144e-05,0.05190739780664444,0.04053001513793355,9.07002128849192e-06,0.050045620650053024,0.03939844384079888,8.326292961907994e-06,0.04841964691877365,0.038401509679499124,7.7570913115673e-06,0.04698915779590607,0.03751749503943655,7.316372444662617e-06,0.04572400078177452,0.03672939163470079,6.970858992438623e-06,0.04460068792104721
922,4,self_attn_after_gate,Gaussian,1,0.40094093907447087,0.042101844779110574,1.2758550643920898,0.14742023781651542,0.0019475995103670244,0.32041117548942566,0.08738535855497633,0.0003479417454801923,0.1611662209033966,0.06196123509416505,0.00011615884183607269,0.10316857695579529,0.04844227297201989,5.189914532667705e-05,0.073642797768116,0.04026977942576484,2.758232741123338e-05,0.055786602199077606,0.03488462409448056,1.692154318151931e-05,0.046174172312021255,0.0310959555208683,1.1753521005783198e-05,0.042896438390016556,0.02829514757271797,8.960843888563715e-06,0.04021989554166794,0.02614884397813252,7.281047780806219e-06,0.03794084116816521,0.02445899449761898,6.176086185535915e-06,0.03598754480481148,0.023099570609037837,5.39550593130617e-06,0.03430891036987305,0.021985782517327204,4.810947952770898e-06,0.03285577520728111,0.02105812394311504,4.351082459416949e-06,0.03158196806907654,0.020273640958799258,3.974085186221468e-06,0.030447781085968018,0.019600917629542806,3.654940830728655e-06,0.02942279353737831,0.019016916316653056,3.378685706424068e-06,0.028486717492341995,0.018504728489215413,3.1362463886988105e-06,0.02762782946228981,0.0180518738925457,2.9218670514284254e-06,0.026840031147003174,0.01764898421981978,2.7315319036525985e-06,0.026119664311408997
922,4,cross_attn,Vertical,1,0.8007138116019112,0.23553586130307802,2.5918819904327393,0.28481829615812454,0.0038799295633149904,0.44767898321151733,0.1844534029563268,0.0009138083458763532,0.2558520436286926,0.14015759161067387,0.00038091261122169605,0.17959263920783997,0.11533419681446892,0.00020402046118989342,0.14516353607177734,0.09958164453033418,0.00012587484170229065,0.12497194856405258,0.0887892178836323,8.519206436833669e-05,0.11056866496801376,0.08098906325915503,6.179371270470943e-05,0.09991233050823212,0.07512254291583621,4.756867303431124e-05,0.09176893532276154,0.07057321432327467,3.865565312822333e-05,0.08537793904542923,0.06696974231846749,3.291953117884276e-05,0.0802462249994278,0.06407398700950638,2.9099722248203858e-05,0.07642532885074615,0.06171892760764985,2.644497864788161e-05,0.07397910952568054,0.05978325872667252,2.4514771164589515e-05,0.07192730158567429,0.05817730216279862,2.3069357117656026e-05,0.07018609344959259,0.056833531530130474,2.199694936169206e-05,0.06870105862617493,0.05570150249534183,2.1237916649558267e-05,0.06742881238460541,0.0547442203831105,2.0742918872351497e-05,0.0663328617811203,0.05393390883765523,2.0472432232129333e-05,0.06538532674312592,0.053248133392088,2.0390046072107517e-05,0.06456606835126877
922,4,cross_attn,Horizontal,1,0.962578632055767,0.3297304059964733,3.3191850185394287,0.3706539793620034,0.00411842357043458,0.5441753268241882,0.25108303508115193,0.0009646558489967936,0.34045371413230896,0.19690515479398152,0.00033171025583172514,0.2485172152519226,0.1669084309112458,0.00015862651042031822,0.20211482048034668,0.14824105468061236,9.340266921078332e-05,0.17839249968528748,0.13567181688452523,6.179772790650237e-05,0.16283604502677917,0.12675295971215716,4.4204781132097704e-05,0.15095824003219604,0.12019405052775428,3.3241669958106945e-05,0.14133591949939728,0.11523286903661395,2.5676766146906973e-05,0.1334342658519745,0.11138569788327293,2.0192498740272425e-05,0.12695467472076416,0.10833683988404652,1.6131634400415052e-05,0.12163518369197845,0.10587500638905026,1.3100396976379666e-05,0.1172543615102768,0.10385709504286449,1.0830326203472996e-05,0.1136355847120285,0.10218121702708895,9.117184097242424e-06,0.11064247041940689,0.10076895119651916,7.808703678899474e-06,0.10815675556659698,0.09955804653110958,6.796324174207778e-06,0.1060623824596405,0.098500590002726,5.996993949648581e-06,0.10425212234258652,0.09756469549167723,5.345789358029569e-06,0.10265477001667023,0.09673423225444461,4.805247269401731e-06,0.1014801412820816
922,4,cross_attn,Gaussian,1,0.7096362028803144,0.08585245552150457,1.722611904144287,0.2701206502933351,0.002975362696967972,0.43808501958847046,0.1633849727019431,0.0005786898097870144,0.2243848443031311,0.11803381700837423,0.00022620621008516564,0.1565772444009781,0.09404359828858148,0.00012320637452931183,0.11960402131080627,0.07955189823867782,7.993031838070959e-05,0.09797783941030502,0.06990651011703507,5.734178358574492e-05,0.08541638404130936,0.06301079040008878,4.408181705837117e-05,0.07668877393007278,0.057828643787947914,3.538171411378908e-05,0.07017552107572556,0.053814671815387786,2.9200665907582102e-05,0.06498297303915024,0.050644944229769326,2.4675150916570985e-05,0.06126430630683899,0.048089908879427684,2.1244745567648443e-05,0.058155957609415054,0.045984634153899695,1.856663676723257e-05,0.05538839101791382,0.044219335570694907,1.647901604371658e-05,0.05285670608282089,0.042729213892940494,1.4892924980317463e-05,0.05056945979595184,0.04147351160645485,1.3708918697703732e-05,0.048611752688884735,0.040416622445696875,1.2816363795422886e-05,0.04720888286828995,0.039523027541618495,1.2123557870278009e-05,0.04634105786681175,0.03875824232541379,1.1565183161000092e-05,0.045559272170066833,0.03809082499217419,1.1094948498365725e-05,0.044846311211586
922,4,mix_ffn_after_gate,Vertical,1,0.43224032696277376,0.04344393258131008,0.9883277416229248,0.14089042421371217,0.000990334483878499,0.22245055437088013,0.07691251244100314,0.00014972542189819858,0.105552539229393,0.05141297988002262,4.284864133449249e-05,0.06695105880498886,0.038863876568419595,1.8283410749322326e-05,0.04966175556182861,0.03187865500767079,1.0177643030336603e-05,0.03983741253614426,0.027639691762271382,6.737944097232301e-06,0.03377685695886612,0.02490084402499691,5.0116940326928714e-06,0.030260473489761353,0.02304872976882117,4.051045978866141e-06,0.027842625975608826,0.02175229571996227,3.4754482303420027e-06,0.026099342852830887,0.02081919251571572,3.1094335595037564e-06,0.02480436861515045,0.020131871577293153,2.866757817442571e-06,0.023819569498300552,0.019615414655870862,2.7012690000827814e-06,0.02320118434727192,0.01922085461398912,2.5859084128096416e-06,0.022765034809708595,0.018915923992319714,2.503986771522811e-06,0.022425679489970207,0.01867881417274475,2.445393263968187e-06,0.022163884714245796,0.018493821016616292,2.4041854519510025e-06,0.02196449600160122,0.01834892209560152,2.3765661175668582e-06,0.02181372418999672,0.018234629642277483,2.359459326487916e-06,0.02169843763113022,0.018143451698715726,2.3497872156015834e-06,0.021606437861919403
922,4,mix_ffn_after_gate,Horizontal,1,0.45496684028988793,0.04837442083557748,1.0402495861053467,0.15148004818530308,0.0010094986566309132,0.21986986696720123,0.08767313462874246,0.0001368781971299355,0.11283989995718002,0.061687046691538794,3.534169251930906e-05,0.07385146617889404,0.048453674607333685,1.2863381213007764e-05,0.05552764981985092,0.04091386384670696,6.3033119492778085e-06,0.046182047575712204,0.0362704625087125,3.952640180444055e-06,0.04042958468198776,0.03323385506750099,2.9407226891152614e-06,0.03667276352643967,0.031156660722834722,2.4402239333094273e-06,0.034315578639507294,0.02969305320746369,2.1698905595690235e-06,0.032669924199581146,0.028641160311443464,2.0133802091374207e-06,0.031552255153656006,0.027872450058422392,1.916669204653157e-06,0.030696706846356392,0.02730219385453633,1.8536559531065463e-06,0.03002827987074852,0.026873706706932614,1.8115621060183774e-06,0.029500216245651245,0.02654845084226321,1.784248429440368e-06,0.029082493856549263,0.026299424321641996,1.76812449148438e-06,0.028848271816968918,0.026107154017876066,1.7600922309671025e-06,0.028680093586444855,0.025957467684906626,1.7575430638520003e-06,0.028551509603857994,0.02583991747999948,1.758737848889409e-06,0.02844833955168724,0.025746602860708085,1.7626203532481304e-06,0.028425540775060654
922,4,mix_ffn_after_gate,Gaussian,1,0.9492368906263321,0.867632670570374,4.817549705505371,0.2518726797804,0.00266979017049373,0.36400192975997925,0.14702428084990335,0.0005294555876812894,0.1965426504611969,0.09944880493576565,0.000182435289917453,0.13729321956634521,0.07302227693181189,8.126362156006038e-05,0.10186745226383209,0.056613644023263264,4.2389281186463765e-05,0.0787823349237442,0.04562724559080033,2.4520541990867567e-05,0.06279655545949936,0.03788030342686744,1.5229279822554267e-05,0.051275160163640976,0.032217522757867025,9.989468338016948e-06,0.04275961220264435,0.02796820036712147,6.869253912698441e-06,0.03635852038860321,0.02471406740092096,4.935377544896443e-06,0.031483836472034454,0.022180384764122586,3.6966576137932984e-06,0.027728740125894547,0.02017970412733063,2.8795433692692987e-06,0.02480442076921463,0.01858037979238563,2.325555438979289e-06,0.022676199674606323,0.01728783565617743,1.9400461191508385e-06,0.021087544038891792,0.016232886307296298,1.6650223914567123e-06,0.01979796774685383,0.015364171611884284,1.4641346316419185e-06,0.018739668652415276,0.014643074944615364,1.3141218203745275e-06,0.017861921340227127,0.014040225229802587,1.1997970598993908e-06,0.017126576974987984,0.013533029557457046,1.1110500064782813e-06,0.01650480553507805
922,5,self_attn_after_gate,Vertical,1,0.24085755315091875,0.013847761482401195,0.7303935289382935,0.09385687503076735,0.0002161426868027144,0.13792484998703003,0.06168506040223061,6.057806292159364e-05,0.08003444969654083,0.046161007076974896,3.1269868533675524e-05,0.06125827133655548,0.03715946779601158,2.1025159602092735e-05,0.05002239719033241,0.03141207738764702,1.6130747071708437e-05,0.04255722463130951,0.027493294417148546,1.3222966694564185e-05,0.03724735230207443,0.02469771405652402,1.1314402085476519e-05,0.033704593777656555,0.02263819506125791,1.0005570133185769e-05,0.03163863718509674,0.021082546990660447,9.0800473898688e-06,0.030085396021604538,0.019881242886185646,8.405584762818103e-06,0.028883736580610275,0.018933136489183183,7.899148986712907e-06,0.027923520654439926,0.018168429208416787,7.508570816850749e-06,0.027131620794534683,0.017538985252262107,7.200558839076442e-06,0.0264616459608078,0.01701165938247291,6.9531652681170426e-06,0.025884920731186867,0.016563420775272543,6.751519262328664e-06,0.02538345381617546,0.016177940448479994,6.585327053981689e-06,0.024945370852947235,0.015843315020440115,6.447322188902299e-06,0.02456219494342804,0.015550603528344442,6.332249260713621e-06,0.024227388203144073,0.015292905566711274,6.236168405971859e-06,0.023935485631227493
922,5,self_attn_after_gate,Horizontal,1,0.5138902264455009,0.13895463326747337,1.8293116092681885,0.1557742975770481,0.0007105036528580314,0.21671752631664276,0.10265768662331597,0.00016041567631470865,0.13118883967399597,0.07918187431872838,6.605809268840605e-05,0.09877914190292358,0.06597286994968142,3.632636808232078e-05,0.08197527378797531,0.057515110820531845,2.401889293718406e-05,0.07082931697368622,0.051640269656976066,1.7884523329775653e-05,0.06259023398160934,0.04732113378861594,1.4366271845746974e-05,0.05624190717935562,0.04401370959859046,1.2084828579381493e-05,0.05199339985847473,0.04140468136895271,1.0449008933131185e-05,0.048562757670879364,0.03930074023821997,9.194148319900079e-06,0.04568653553724289,0.03757552908999579,8.193927528352627e-06,0.043261196464300156,0.03614232910885697,7.381355183664958e-06,0.041208863258361816,0.03493902276432703,6.715894649479504e-06,0.03971581906080246,0.03391942361162768,6.1698232044402366e-06,0.03879604488611221,0.03304812986226309,5.722386034542234e-06,0.03807131201028824,0.03229745122648421,5.357173470636559e-06,0.0374329574406147,0.031645533200057724,5.0607914854836205e-06,0.03686773031949997,0.03107507423394256,4.822037098436517e-06,0.03636488690972328,0.030572348821257787,4.631347296894612e-06,0.03591563552618027
922,5,self_attn_after_gate,Gaussian,1,0.2839928465703177,0.02942717303501462,0.8212224841117859,0.09736007528882178,0.0004925322234226113,0.16022542119026184,0.061579546403317226,0.00012960035469853176,0.08884437382221222,0.04575660854341492,5.360821021490863e-05,0.06246403232216835,0.036747971549630165,2.6841562060514314e-05,0.04812522605061531,0.03092291188381967,1.4990772432415287e-05,0.03919820860028267,0.026890530058788876,9.273281087960622e-06,0.03339659050107002,0.023970090444125826,6.348343051908335e-06,0.029510298743844032,0.021779889093031957,4.744449584828923e-06,0.026649225503206253,0.020090670221381716,3.78994290375204e-06,0.024491487070918083,0.018758556140320643,3.171691229158915e-06,0.022834286093711853,0.01768933343035834,2.7399744168428765e-06,0.021529696881771088,0.016818615637483107,2.4206736380205035e-06,0.020474329590797424,0.016100722039857553,2.175122750015882e-06,0.019598498940467834,0.015502322938234087,1.9815276561845833e-06,0.018856383860111237,0.014998637391106477,1.8263065555303535e-06,0.01824279874563217,0.014570985122450761,1.700089559729072e-06,0.017881475389003754,0.014205131635424636,1.5959297878306933e-06,0.017565667629241943,0.013890118944266486,1.5085003175366759e-06,0.017288297414779663,0.013617413887192332,1.4337190498468024e-06,0.01704380474984646
922,5,cross_attn,Vertical,1,0.9244965253368257,0.4011965296968371,4.633269786834717,0.34436646482301136,0.00658863665215577,0.6002669334411621,0.21659896416323526,0.0017874142511564452,0.34064608812332153,0.16125288274553087,0.0007606579451055231,0.2530471682548523,0.1303906250331137,0.00037767337015991804,0.19125956296920776,0.11075545161489457,0.00021424954606433157,0.149266317486763,0.09736153116774937,0.00013726946290603322,0.12074974179267883,0.08772462133377318,9.7331353629207e-05,0.10490646958351135,0.0805119795222131,7.48496182964002e-05,0.09748868644237518,0.07494045622528546,6.117135138933606e-05,0.09113830327987671,0.07052617342699141,5.227572106227839e-05,0.08567875623703003,0.06695716378707735,4.6180653060637985e-05,0.08099988102912903,0.0640236944078453,4.1814549409069424e-05,0.0773329883813858,0.06158056648241149,3.85551142884984e-05,0.07455724477767944,0.05952482091055976,3.603451235188485e-05,0.07219228893518448,0.05778102292900994,3.404376428559888e-05,0.0701625794172287,0.056291247348463726,3.2464702169851566e-05,0.06840774416923523,0.05500949594000029,3.121531563205885e-05,0.06687960028648376,0.053899291074938245,3.022561011660747e-05,0.06554003804922104,0.05293198231430281,2.9436447058552786e-05,0.06444340199232101
922,5,cross_attn,Horizontal,1,0.8650806721240755,0.19248976980500662,2.484823703765869,0.3613664663973309,0.004702226493146841,0.5612481236457825,0.2450892754963466,0.001255690515529889,0.3671042323112488,0.19217399046534583,0.0005216934659063702,0.2788262963294983,0.16271197441078367,0.0002672818253076211,0.22507551312446594,0.14466619799061428,0.00015738958277882267,0.19032515585422516,0.13268512428279908,0.00010018768770193939,0.16614310443401337,0.12427830920806007,6.772761979498696e-05,0.14953944087028503,0.11813696178178938,4.828984803426311e-05,0.13864734768867493,0.11348811466069449,3.580366280411272e-05,0.13027553260326385,0.10986016891778462,2.7275417678823432e-05,0.12370407581329346,0.1069591874404559,2.1192914082465474e-05,0.11843143403530121,0.10459832989034198,1.6742620807403395e-05,0.11412632465362549,0.1026535958997787,1.3449386681825719e-05,0.11057326197624207,0.10103643058784424,1.0998513337973182e-05,0.1076214462518692,0.09968036590587526,9.163057251886893e-06,0.10515740513801575,0.09853444023737831,7.77660693592494e-06,0.10334379971027374,0.09755901341873502,6.719306035317711e-06,0.1018718034029007,0.09672318032336613,5.907850351220312e-06,0.10062798112630844,0.09600312333731424,5.285293529134732e-06,0.10003462433815002
922,5,cross_attn,Gaussian,1,0.5809175230207897,0.04897952224011777,1.1548762321472168,0.2404636423739176,0.0024030824600662208,0.4061468839645386,0.15249823648778218,0.0006099191034965996,0.22895732522010803,0.11316176787728355,0.00024724246913735874,0.16592761874198914,0.09145535469528228,0.0001337881989036875,0.13228166103363037,0.07793229144243967,8.58228320839017e-05,0.11191616952419281,0.06885709879653794,6.03446146597026e-05,0.09829081594944,0.06243355767357917,4.471434464390456e-05,0.08833605796098709,0.057675404326310235,3.4355992807375054e-05,0.08056151121854782,0.05401053770430504,2.7258413078671304e-05,0.07426659762859344,0.05110983562374872,2.2295059253710163e-05,0.06907742470502853,0.04877307768615465,1.8749590514594972e-05,0.06472910940647125,0.04686625573843244,1.6172671863467876e-05,0.06103396788239479,0.04529414804918425,1.4278118624633075e-05,0.057861797511577606,0.04398672365479999,1.288280526422608e-05,0.05512034520506859,0.04289175162003154,1.186885012008573e-05,0.052740320563316345,0.04196982954939207,1.1152760113267021e-05,0.05066539719700813,0.04119026040037473,1.066495775447335e-05,0.04906473308801651,0.04052794570960696,1.0342970318659962e-05,0.048069510608911514,0.0399615704895012,1.0132991726300523e-05,0.047159574925899506
922,5,mix_ffn_after_gate,Vertical,1,0.6459808155657754,0.09345530356884685,1.69352388381958,0.1998669443622468,0.002390116844407383,0.3189498782157898,0.10055716323947149,0.0002945026381255055,0.14540891349315643,0.0629983093766939,6.290910509642867e-05,0.08490459620952606,0.04525053737655518,1.9081502529973833e-05,0.05748521536588669,0.035634965414092654,8.004131313395008e-06,0.04378692805767059,0.02984819957424724,4.445910850778422e-06,0.036204420030117035,0.026082959173927233,3.052085318014892e-06,0.03144104406237602,0.02349609234148548,2.412333791710663e-06,0.02820516936480999,0.02165184338532743,2.080134925800092e-06,0.025873307138681412,0.020302733672516688,1.8901130764198877e-06,0.024122679606080055,0.01929684533249764,1.7727753288881929e-06,0.0227726511657238,0.01853520813442412,1.695936519104269e-06,0.021715303882956505,0.017950880474277904,1.6433567877398888e-06,0.021146241575479507,0.017498019757488416,1.6060749565098975e-06,0.020778821781277657,0.017144996791131913,1.5790858866833153e-06,0.020474381744861603,0.01686905627508485,1.5594978441949536e-06,0.020217115059494972,0.016652913838033637,1.5451507531697463e-06,0.019999228417873383,0.016483167910741434,1.5341724504416854e-06,0.019813809543848038,0.01634931027711857,1.5248756612224185e-06,0.019653666764497757
922,5,mix_ffn_after_gate,Horizontal,1,0.9002575997322325,0.36594833381247655,3.2844431400299072,0.2872641096039424,0.003124851906262041,0.39909353852272034,0.16360458424167026,0.0005080465275316227,0.2108767032623291,0.10906365111706749,0.00013732833804407132,0.13942736387252808,0.08004238137177058,4.970764821216446e-05,0.10127061605453491,0.06276282502545251,2.1687068767081833e-05,0.0778694897890091,0.05167783696263555,1.0915566710458862e-05,0.06239718571305275,0.044178836579833715,6.291588020220616e-06,0.05173761397600174,0.03889768340048336,4.158237909539398e-06,0.04419895261526108,0.035057700904352326,3.1123548739470118e-06,0.039306994527578354,0.03219177458612692,2.566463368973782e-06,0.036508895456790924,0.030006225028681378,2.2630780873903727e-06,0.034363314509391785,0.028309370671945906,2.0845286589044496e-06,0.03268251568078995,0.026971941991221337,1.9740414416020375e-06,0.03134350851178169,0.02590426385757469,1.902655456591033e-06,0.030262785032391548,0.025042590493011097,1.8548273817941863e-06,0.029381824657320976,0.024340628868057615,1.8217951031135312e-06,0.028658300638198853,0.023764145575345508,1.7983867807265352e-06,0.028060652315616608,0.023287446489409794,1.7814446544540251e-06,0.02756468579173088,0.02289102356585245,1.768991350723018e-06,0.027151495218276978
922,5,mix_ffn_after_gate,Gaussian,1,0.7162022874468849,0.17682435567156063,2.1515727043151855,0.21984820446324727,0.002224120890430481,0.3273419141769409,0.11652834784416925,0.00034047069958522346,0.16372880339622498,0.07262702487290852,8.583954227588308e-05,0.09492239356040955,0.04984548427755871,2.896136893951124e-05,0.06222672760486603,0.03669262822303507,1.1964751575423859e-05,0.04500734061002731,0.028568231722428686,5.864592408721046e-06,0.03438231348991394,0.023284136775940184,3.351267272636321e-06,0.028093332424759865,0.01969552199755396,2.184918081244922e-06,0.024344509467482567,0.017169266791334226,1.5857764288946635e-06,0.021645477041602135,0.015339825997158649,1.2492576986805297e-06,0.01962519809603691,0.013986830688303425,1.0446387200417748e-06,0.0180664099752903,0.012970955406744328,9.122682068257227e-07,0.016840241849422455,0.01219979323269356,8.230499427834438e-07,0.015865622088313103,0.01160954250880177,7.614849369136555e-07,0.015087325125932693,0.011154795287265665,7.185228257059997e-07,0.014465291053056717,0.010802456946481787,6.883470358715991e-07,0.01396902184933424,0.010527912394276686,6.668327403768151e-07,0.013573877513408661,0.010312595744691198,6.509169302149048e-07,0.01325826533138752,0.01014251946397717,6.384641200527226e-07,0.013002281077206135
899,3,self_attn_after_gate,Vertical,1,0.2332687991715613,0.020380448846170043,0.7046244740486145,0.07362441730404658,0.00010877402019448867,0.0959991067647934,0.05126191604705084,3.247438193897921e-05,0.06400120258331299,0.0419296222546744,1.9409450395912667e-05,0.05134069174528122,0.03681195811146781,1.3629301461200684e-05,0.04433618485927582,0.033537897650921154,1.0269322092904473e-05,0.039953913539648056,0.03123546705122978,8.190719132394888e-06,0.0377165749669075,0.029525608770431033,6.879872937845321e-06,0.0360509492456913,0.028211418598417252,6.030203506861504e-06,0.03473695367574692,0.027176145286787124,5.459246114208663e-06,0.03365948423743248,0.026342826791935496,5.056057843556286e-06,0.03274250030517578,0.025657890482790886,4.7529388736209824e-06,0.03194701671600342,0.025084209702317676,4.51150540950758e-06,0.03125925362110138,0.024596558795088812,4.312579370101798e-06,0.03067278116941452,0.0241775494364519,4.1467761179861364e-06,0.030179012566804886,0.023814673786835064,4.0083113362274545e-06,0.029766447842121124,0.023498473541131094,3.892434439948935e-06,0.029422471299767494,0.02322147097734232,3.794837491940151e-06,0.0291349608451128,0.02297755768374791,3.7116734118904686e-06,0.028893068432807922,0.022761641691128414,3.6396932275667876e-06,0.028687434270977974
899,3,self_attn_after_gate,Horizontal,1,0.4511782814349447,0.09235865823382348,1.6666483879089355,0.124904550730236,0.0005177311049161024,0.18053744733333588,0.08842501966726213,0.000133250729739896,0.1142960786819458,0.0717809239313716,5.7939653938184455e-05,0.09080381691455841,0.06214256815257527,3.0830941634111906e-05,0.07629063725471497,0.05595072057275545,1.9284744517228152e-05,0.06657412648200989,0.05166614806604764,1.3847210726334556e-05,0.06002433970570564,0.04853181446355487,1.0988775395538463e-05,0.05548325181007385,0.046142830262108456,9.314017339678683e-06,0.05222397297620773,0.04426495376087371,8.23475326392435e-06,0.04980038106441498,0.04275268765669021,7.485165433996575e-06,0.04810845106840134,0.04151086343659295,6.93332147373948e-06,0.04672077298164368,0.04047489934970462,6.503239397789752e-06,0.04552994668483734,0.03959927140247254,6.147769797838283e-06,0.044492386281490326,0.038850547952784434,5.839384465918869e-06,0.04358239471912384,0.038203506360924434,5.56348091202972e-06,0.042780958116054535,0.03763885825635895,5.312713353506291e-06,0.04207191616296768,0.03714173174803219,5.08334720661347e-06,0.04144127666950226,0.03670056761493758,4.873214621756267e-06,0.040877148509025574,0.036306315352992405,4.680752576433927e-06,0.04036964848637581
899,3,self_attn_after_gate,Gaussian,1,0.8104835382056614,0.6395572704667019,3.8037304878234863,0.14044102316810972,0.0014664184549947818,0.27772971987724304,0.08529718113797051,0.00024846997117008047,0.14410638809204102,0.06423947451606629,9.730430923643288e-05,0.09836913645267487,0.05217571184039116,4.510547903100609e-05,0.07565562427043915,0.04463486994306246,2.394348220716775e-05,0.06204092502593994,0.039617277504432766,1.4388928874194338e-05,0.052895162254571915,0.03608417026107273,9.625328176053949e-06,0.04642768204212189,0.03347093192121339,7.009960322747197e-06,0.04167166352272034,0.031457476022224574,5.437643894941247e-06,0.03806890547275543,0.029853670783932248,4.4159783307944505e-06,0.03527629375457764,0.02854157058847329,3.7105117089191934e-06,0.03318031132221222,0.02744523968015398,3.2009853856018535e-06,0.031578775495290756,0.026514088025405294,2.8204726139871733e-06,0.030217420309782028,0.025713186888467698,2.5287385211112848e-06,0.029042620211839676,0.025017511927419238,2.300151941010838e-06,0.028017869219183922,0.024408480300316737,2.117754449852495e-06,0.027244070544838905,0.023871855573758247,1.970028618607376e-06,0.026682192459702492,0.023396446650463438,1.8489761296323394e-06,0.026165781542658806,0.022973259083098836,1.7489204138246568e-06,0.025690224021673203
899,3,cross_attn,Vertical,1,0.6872860566964225,0.08240912479748345,1.3512297868728638,0.2625695686964762,0.003644679484412651,0.4329557716846466,0.16416732718547186,0.000909682974601966,0.2594260275363922,0.11942720602429102,0.00032393877519997974,0.1765577793121338,0.09516402263016928,0.0001435910209205163,0.12822787463665009,0.08029796750772566,7.667766582782477e-05,0.1047663539648056,0.07043213131172317,4.7805129973794674e-05,0.08974714577198029,0.06350457147946434,3.366670051793147e-05,0.07841542363166809,0.05843857451090737,2.598742722058699e-05,0.07014679163694382,0.054614072399480004,2.1328030477671757e-05,0.06414474546909332,0.05165095893400056,1.820052551704185e-05,0.059728771448135376,0.049306399055889676,1.5950524148896898e-05,0.05684997886419296,0.04742107008184705,1.4291177198089019e-05,0.054901592433452606,0.04588533252004593,1.3071136139050598e-05,0.05330782011151314,0.04462066452418055,1.2182676579082667e-05,0.05195949971675873,0.04356948233076504,1.1538357039537293e-05,0.050778958946466446,0.04268887065469273,1.1067719752588546e-05,0.049716442823410034,0.041946187911052556,1.0719884344906383e-05,0.04891083016991615,0.04131587872666026,1.0465400386912392e-05,0.048465631902217865,0.0407772839424156,1.0291291186433383e-05,0.04810068756341934
899,3,cross_attn,Horizontal,1,0.7803667816850874,0.1047059148939356,1.77122962474823,0.3284805433617698,0.003812380392618446,0.5091490149497986,0.229329295811199,0.0010401913706503416,0.32332077622413635,0.18349116236444504,0.0004100186291489034,0.24077434837818146,0.1576029130863765,0.00018813827614326745,0.19521573185920715,0.14121451926609827,9.589562302174084e-05,0.16679024696350098,0.13006198962056448,5.369742088312529e-05,0.1483737826347351,0.12210582184886175,3.295789835319089e-05,0.13680002093315125,0.11622203874682623,2.1813257661061055e-05,0.1278936266899109,0.11174308981687303,1.5303579736842858e-05,0.12099279463291168,0.10824374405164568,1.1246589817817263e-05,0.11561919748783112,0.10544305519452171,8.594802184624294e-06,0.11136115342378616,0.10315902933241829,6.810922510685649e-06,0.10842608660459518,0.10127412539625925,5.601379898050974e-06,0.10635963082313538,0.09970498711816848,4.783227593153068e-06,0.10462093353271484,0.098387088212702,4.22775464026914e-06,0.1032503992319107,0.09727024641774949,3.842726706387867e-06,0.10216479003429413,0.09631678816818055,3.5644677185682015e-06,0.10115543752908707,0.09549906932645374,3.3520162596813047e-06,0.10022033751010895,0.09479597884984244,3.180795138672548e-06,0.09935891628265381
899,3,cross_attn,Gaussian,1,0.833360898589331,0.1996266619963934,2.956954002380371,0.2928893268108368,0.0035411086260909146,0.45910385251045227,0.1815480078969683,0.0009555645895717841,0.2781031131744385,0.13115811608140432,0.000406547697674189,0.19340470433235168,0.1026687996964606,0.00020587938084634612,0.1434943974018097,0.08486116452822609,0.00011841341632846196,0.11241075396537781,0.0729244217749626,7.552867548214026e-05,0.09237668663263321,0.06451416405893508,5.218765445522019e-05,0.0789814367890358,0.05834370662295629,3.828518315230666e-05,0.07034733891487122,0.053672449633715646,2.9397130318038722e-05,0.06467827409505844,0.05004729028968584,2.3367530836379087e-05,0.0601106695830822,0.047170920800122,1.909125031667511e-05,0.056340768933296204,0.04483999678539851,1.5995263117664245e-05,0.05319090932607651,0.04291504591939941,1.3751521917665425e-05,0.050543658435344696,0.04130402260593006,1.2114818365500541e-05,0.048300083726644516,0.0399461348969785,1.0880979741954323e-05,0.04637768492102623,0.03879635514957564,9.904499292475895e-06,0.04471869394183159,0.037817510820570444,9.097725114734683e-06,0.04348394274711609,0.03697828904149078,8.410854929793186e-06,0.042676009237766266,0.036252882065517564,7.815113737361526e-06,0.04196372628211975
899,3,mix_ffn_after_gate,Vertical,1,0.5437508833313746,0.09838767432769754,1.8430793285369873,0.17176477339059587,0.0013787676893814154,0.2529571056365967,0.09446558013321861,0.00020128752328948875,0.12873095273971558,0.06242327764630318,5.1146831059162556e-05,0.07945503294467926,0.04607242079717772,1.8981690072509836e-05,0.05663265287876129,0.03664528433647421,9.441966766959439e-06,0.04435589909553528,0.030753890732451092,5.86960921075083e-06,0.03667262941598892,0.026850903998055155,4.2798903388037654e-06,0.03160138428211212,0.024148044634669547,3.468755362188437e-06,0.028117047622799873,0.02221105345303104,3.004244327540781e-06,0.025644946843385696,0.02078533148954785,2.7111292765394114e-06,0.023930804803967476,0.019713527596895656,2.511671701569801e-06,0.02278140000998974,0.01889404666329187,2.368117579171751e-06,0.021904341876506805,0.018258693169743295,2.2596597468028666e-06,0.02122136950492859,0.017759966279660897,2.1731619887394496e-06,0.020677506923675537,0.017364015492300194,2.1004758367027973e-06,0.020236190408468246,0.017046856620008984,2.037941034237903e-06,0.01987973414361477,0.016791648098400662,1.984384141814845e-06,0.01963185705244541,0.016586046665906906,1.9385121507431062e-06,0.019433295354247093,0.01642034672910259,1.898437474745441e-06,0.01927134022116661
899,3,mix_ffn_after_gate,Horizontal,1,0.6804003072163415,0.2663675409479727,2.880160331726074,0.21599268605784763,0.0015521655932860701,0.2953994870185852,0.13081719785455673,0.0002724551484437679,0.16460368037223816,0.09244580448619903,8.14117753756542e-05,0.11165829747915268,0.07144298652807872,3.2209903007524105e-05,0.08379955589771271,0.05866349050922999,1.581367369408257e-05,0.06742685288190842,0.05026302202826455,9.18314431763523e-06,0.056887827813625336,0.044412655253258965,6.030122595917581e-06,0.04996917396783829,0.040163668316035045,4.325661005730409e-06,0.0450190007686615,0.036983656356968576,3.314542070165484e-06,0.04128662496805191,0.0345508757801283,2.6738009186423426e-06,0.038398049771785736,0.03265809622548875,2.2475113488854655e-06,0.03611879050731659,0.031165072398762855,1.953451563800899e-06,0.03429407626390457,0.02997337920325143,1.7452760129247618e-06,0.03281727433204651,0.029012129095102115,1.5951835285743685e-06,0.0316120982170105,0.028229315543458575,1.4853790326011312e-06,0.030622031539678574,0.027586271424615193,1.4037703284850625e-06,0.029885457828640938,0.02705395638587929,1.3419073886360302e-06,0.029359381645917892,0.026610363984391802,1.2940074425720773e-06,0.028917839750647545,0.02623865641062222,1.2563111321355114e-06,0.028542976826429367
899,3,mix_ffn_after_gate,Gaussian,1,0.7263143549835871,0.22875195219172584,2.4853878021240234,0.21073785542495668,0.0018171524535280192,0.33005550503730774,0.11748179675094665,0.00028222039923751264,0.17292821407318115,0.07740050187659642,8.059630430759017e-05,0.10862290859222412,0.056039062284287955,3.071728243439518e-05,0.07485616952180862,0.04333687402189724,1.4124664184199905e-05,0.055183522403240204,0.03521302528679371,7.486393253684467e-06,0.042931899428367615,0.029722440159983106,4.439019449097443e-06,0.03491305559873581,0.02584799923120983,2.8793955426461223e-06,0.029670752584934235,0.023020563114966665,2.0090054373683216e-06,0.026229271665215492,0.020902156593307616,1.4887786844363162e-06,0.02369667775928974,0.019281020033217612,1.1604659823050252e-06,0.021741004660725594,0.018018290163978698,9.441363590943414e-07,0.020213456824421883,0.017019631075007573,7.967700204682255e-07,0.019008202478289604,0.01621933507600001,6.939818462925009e-07,0.01804875023663044,0.015570790196458498,6.212815333093737e-07,0.01727886125445366,0.015040335733266104,5.69623245788285e-07,0.016656534746289253,0.014603144104873378,5.330582437599577e-07,0.01615007594227791,0.014240511027829987,5.074611193907636e-07,0.015735292807221413,0.013938096603230825,4.898342879053121e-07,0.015393361449241638
899,4,self_attn_after_gate,Vertical,1,0.7920998779554216,0.3375012513156248,3.672628879547119,0.2471650748971909,0.0035288019864825044,0.37989890575408936,0.14558021085602896,0.0007035319166911572,0.20706793665885925,0.10384914633773622,0.00028160577142225695,0.14485055208206177,0.08097142672964505,0.00015050872174041718,0.11229875683784485,0.06635541498424515,9.011438480372081e-05,0.09250031411647797,0.056192524612896026,5.828119353616941e-05,0.07792700082063675,0.04874333792499134,4.040233143737816e-05,0.06670983135700226,0.043085167864485394,2.975929486301137e-05,0.05778292194008827,0.03867776337124053,2.3050546824845063e-05,0.05053020268678665,0.035180804689252186,1.8603774067232534e-05,0.04458077624440193,0.03236641448050264,1.553171497611077e-05,0.0404745377600193,0.03007410555368378,1.3334302057686158e-05,0.03739926964044571,0.028186560652795293,1.1713052473571605e-05,0.03522791713476181,0.02661589669093253,1.0482138452184085e-05,0.033405933529138565,0.025295353686762233,9.522818845298956e-06,0.03195195645093918,0.024173874821927812,8.758043148924651e-06,0.031035490334033966,0.02321230105700947,8.137038656458067e-06,0.030244464054703712,0.022380524034064913,7.6255861462043135e-06,0.029557116329669952,0.02165525501209592,7.19985322759896e-06,0.028955500572919846
899,4,self_attn_after_gate,Horizontal,1,1.2734184960524242,1.137094089779399,5.243871688842773,0.3325256092680825,0.0069128267986955086,0.5902746915817261,0.19509081518839275,0.0012221861638037797,0.30885905027389526,0.13722825286880372,0.00044693552047940895,0.21029327809810638,0.1074905161346708,0.00022120360753591074,0.15672755241394043,0.08987745938320009,0.00012682452556208492,0.1241888552904129,0.078294652321982,8.10116555059975e-05,0.10343001037836075,0.07008632390745102,5.624767983950385e-05,0.08981078863143921,0.06394848771511562,4.163198217054729e-05,0.0809921845793724,0.05917325166482774,3.238323160017741e-05,0.07379601895809174,0.055343851683631776,2.6184065141479537e-05,0.06787703931331635,0.05219984533531325,2.1823027111413135e-05,0.06320206075906754,0.049571111443496886,1.8634299590393548e-05,0.059729740023612976,0.047342285927799016,1.6236189847183596e-05,0.056843243539333344,0.04543221895656888,1.4398701980098353e-05,0.054404038935899734,0.04378167409745474,1.2974490363285574e-05,0.05231747403740883,0.04234583510292901,1.1862574523404553e-05,0.05051630735397339,0.041089739709619495,1.0989586044415202e-05,0.04895106703042984,0.03998541979799195,1.0299895436708035e-05,0.047584086656570435,0.039010078247104375,9.750268433376164e-06,0.04638585075736046
899,4,self_attn_after_gate,Gaussian,1,0.5795691382317316,0.09283380336602567,1.4944556951522827,0.18998565205505916,0.0018322859210320275,0.31608903408050537,0.11097335673513867,0.0003636820768622801,0.16706275939941406,0.07769737002395448,0.00012952785597326126,0.11083633452653885,0.060051864338299586,6.407500142640894e-05,0.08296318352222443,0.04933696210620895,3.916475191676558e-05,0.06631887704133987,0.04217236134267989,2.704904531737208e-05,0.05554978549480438,0.03705653926682851,1.9951023345544057e-05,0.0480569563806057,0.03323205060783833,1.5237102874024712e-05,0.04254394769668579,0.03027291740808222,1.1868660815944976e-05,0.038322269916534424,0.027920479723621928,9.3705819324772e-06,0.03499414771795273,0.026009368163252635,7.485746584074208e-06,0.03230975195765495,0.024429848092415975,6.0525147612085824e-06,0.030102230608463287,0.023106783864990113,4.958778630359441e-06,0.028255971148610115,0.021987037644499823,4.122470733235981e-06,0.02668909542262554,0.021031680768207897,3.4817687730614014e-06,0.025342583656311035,0.02021120036286967,2.989496702977087e-06,0.02417318895459175,0.019502571030032067,2.609532361811216e-06,0.02326994016766548,0.018887434775630634,2.314254951492742e-06,0.02265237271785736,0.018350914505029483,2.082675422674409e-06,0.02210804633796215
899,4,cross_attn,Vertical,1,0.7070320144532218,0.10373674831293285,1.8411777019500732,0.2965910172178632,0.003408915557888215,0.44296902418136597,0.19379812337103344,0.00093937789470182,0.2807213366031647,0.14556515181348437,0.0003920343505605016,0.1963145136833191,0.11866119941548696,0.00021173308047723146,0.16191144287586212,0.10183680022046679,0.00013388901273904156,0.13661980628967285,0.09043244095075698,9.388209934127825e-05,0.1172410100698471,0.08224031128107555,7.085738276866106e-05,0.10271833091974258,0.07611445987981463,5.607960682854584e-05,0.09214149415493011,0.07144382158442149,4.596395942149337e-05,0.08616583049297333,0.06783774459645861,3.876237749264674e-05,0.08161620795726776,0.0650118976121857,3.344374421494147e-05,0.0779903382062912,0.06276451618898482,2.9419850020740787e-05,0.0750432163476944,0.060951628559638586,2.635060802052503e-05,0.07260467112064362,0.059467720252180854,2.4010569810668703e-05,0.07053877413272858,0.05823648111924293,2.2228340158327796e-05,0.06874895095825195,0.05720267586764835,2.089188462203097e-05,0.06718462705612183,0.05632339689939741,1.9942132976791792e-05,0.066013865172863,0.055562941919243526,1.934751611017387e-05,0.0650341659784317,0.05489325209979027,1.9067863904710243e-05,0.06419119238853455
899,4,cross_attn,Horizontal,1,0.6036116726814754,0.06741683729925177,1.41571044921875,0.263552786338897,0.0017312686638988133,0.3713976740837097,0.19089309161617643,0.0004366456472733415,0.25152960419654846,0.15782433156929318,0.00017290345345986896,0.19460690021514893,0.1391290971447551,8.497223027967749e-05,0.16270135343074799,0.12738091687834452,4.732713405903896e-05,0.14299747347831726,0.11948667904214254,2.9125004252594323e-05,0.1305076777935028,0.11383843658462403,1.9445900440140786e-05,0.12345478683710098,0.10959406705602767,1.3764026416663848e-05,0.11756029725074768,0.10634224672639181,1.028077486565579e-05,0.112831249833107,0.10382026646818433,8.111624952619749e-06,0.1094977855682373,0.10182285876501174,6.719072378037631e-06,0.10679865628480911,0.10020238693271365,5.786311094895438e-06,0.1045684963464737,0.09886474895571905,5.126709000202366e-06,0.10269321501255035,0.09775340651708936,4.6453835976710205e-06,0.10173442959785461,0.09682629919714397,4.2991788272172765e-06,0.10090093314647675,0.0960466174615754,4.054751014065902e-06,0.10014902055263519,0.09538078639242384,3.8704594540380895e-06,0.099452905356884,0.09480076377827024,3.7065156640935684e-06,0.09881749749183655,0.09428829936281083,3.543169517576948e-06,0.09825703501701355
899,4,cross_attn,Gaussian,1,0.5992059083211989,0.05661699727654302,1.2359367609024048,0.2420166473066996,0.0019848818365589757,0.3491307199001312,0.15390808501886943,0.00038194098252495576,0.1961943507194519,0.1148421461620028,0.0001579149984859398,0.13905516266822815,0.09342316620879704,9.724940536280115e-05,0.11328102648258209,0.08013353118347744,7.098086101986985e-05,0.09676216542720795,0.07113255530832306,5.58427280384083e-05,0.08523938059806824,0.06460992719918962,4.577091610864151e-05,0.07671373337507248,0.05965620705059597,3.8721787957838176e-05,0.07115768641233444,0.05576629646950298,3.350422274014476e-05,0.06739048659801483,0.052634718635725594,2.948194121414137e-05,0.06424013525247574,0.05007196590304375,2.6313516524891672e-05,0.061565712094306946,0.047956242447807676,2.3790338648770065e-05,0.05927349254488945,0.046197875092426934,2.1769050207017076e-05,0.05730726197361946,0.04472282653053602,2.0148765924547145e-05,0.05563102662563324,0.04346935445117572,1.8849588737378085e-05,0.054206300526857376,0.04238827893185237,1.7797045945589875e-05,0.052977368235588074,0.041444180503724115,1.6916145594186543e-05,0.051877912133932114,0.04061447332302729,1.613859443023319e-05,0.050856009125709534,0.0398849652754882,1.542051820533379e-05,0.049889255315065384
899,4,mix_ffn_after_gate,Vertical,1,1.1425546142790053,1.1390212349957476,5.258581161499023,0.3080578432196662,0.0038254028409738993,0.5038796067237854,0.18226167086570982,0.0007127376946203972,0.2682725787162781,0.1244505706524092,0.00023295828081584008,0.1738901138305664,0.09231744493756976,9.919584047863796e-05,0.12431469559669495,0.07264421986682075,5.089786223470527e-05,0.09488201141357422,0.05973940490493699,3.011679449285028e-05,0.07593383640050888,0.05079947027658659,1.9841546139091323e-05,0.06295573711395264,0.0443346904856818,1.4178018373545622e-05,0.053639136254787445,0.03950187895033094,1.079192332745672e-05,0.04733499884605408,0.03579470337856384,8.639606633036393e-06,0.04301247373223305,0.03289234880653639,7.203082840664561e-06,0.03960487246513367,0.030582032240335903,6.2036174599061975e-06,0.03686806932091713,0.028717288629166664,5.4821535958267365e-06,0.034636832773685455,0.02719426965193143,4.9439968602191465e-06,0.032795682549476624,0.025937568810251024,4.530868220202846e-06,0.03126143664121628,0.02489134595389404,4.2058258740910265e-06,0.02997252158820629,0.024013543590193705,3.944770214713146e-06,0.028882328420877457,0.023272021895363218,3.7315492781508824e-06,0.027954962104558945,0.02264188215254791,3.555072022455596e-06,0.027162374928593636
899,4,mix_ffn_after_gate,Horizontal,1,0.8037268737005809,0.45252321619104563,3.4023351669311523,0.24832916023239257,0.002324373018430067,0.3783392608165741,0.14955976167841564,0.0004076308367766095,0.20375873148441315,0.10444383405976826,0.0001104207218509293,0.13247917592525482,0.08002137309975094,4.159865325834339e-05,0.09656029939651489,0.06521708370437698,2.0232304798961544e-05,0.07573440670967102,0.055508022447900165,1.1834613275713011e-05,0.06241625174880028,0.04878549940056271,7.902669835541394e-06,0.05463455617427826,0.04394795739698031,5.820638752257948e-06,0.04989493638277054,0.04036434793046543,4.615962482907385e-06,0.04629015922546387,0.037647406201040935,3.8695069448744156e-06,0.04348411783576012,0.03554736267006586,3.380096940055492e-06,0.04125966876745224,0.03389708780580097,3.0432848324035318e-06,0.03947050869464874,0.032581509992716806,2.8015157216160673e-06,0.038014233112335205,0.03151952723662058,2.621464113503299e-06,0.03681674972176552,0.030652816865652327,2.4829668782895897e-06,0.03582300990819931,0.029938661360314915,2.3733388620137723e-06,0.03499136120080948,0.029345228292402766,2.284382500017308e-06,0.03428998216986656,0.028848416364145656,2.2108075884895923e-06,0.03369460627436638,0.028429727646566573,2.1493591780257206e-06,0.0331869050860405
899,4,mix_ffn_after_gate,Gaussian,1,1.251997847405691,1.4768058955436334,5.595206260681152,0.29629066208052257,0.003204362164681393,0.44712889194488525,0.17841967254404037,0.0007464433255063901,0.26213619112968445,0.12164473450846142,0.00027305237690794797,0.17529523372650146,0.08891928503437647,0.00011907681235358954,0.1252015233039856,0.06835724230086992,5.854013057724495e-05,0.09381769597530365,0.054648560959668385,3.168060378612973e-05,0.0730280950665474,0.04508060607172194,1.8612140669362017e-05,0.05866898223757744,0.03815190405363128,1.1756334935405454e-05,0.0484221950173378,0.03298135953290122,7.920622094775569e-06,0.04090782254934311,0.029026888665698823,5.650077020286639e-06,0.03526425361633301,0.025940865662599368,4.2365401642172195e-06,0.030935583636164665,0.02349185109848068,3.3152315408939023e-06,0.027553696185350418,0.021520563918683264,2.6888911284149638e-06,0.025029269978404045,0.01991425362962579,2.2463439294720294e-06,0.023162808269262314,0.018591250751226668,1.922730542940062e-06,0.021585628390312195,0.01749129152841984,1.67905036550985e-06,0.02024836093187332,0.01656921018683721,1.4911697458139242e-06,0.019249536097049713,0.015790683838228386,1.3436889537268131e-06,0.018397344276309013,0.015129288466322043,1.2264036480028735e-06,0.01766781508922577
899,5,self_attn_after_gate,Vertical,1,0.3422515155777099,0.06563148202157601,1.5130743980407715,0.1067953450339181,0.0005272399711085082,0.18126311898231506,0.06753687193942448,0.00012964263477016383,0.10654646158218384,0.05064176779890817,5.542963222048332e-05,0.07270191609859467,0.04111398106056546,3.0452642918968967e-05,0.05434967204928398,0.03504278972035363,2.0609415947858397e-05,0.04469892755150795,0.03087019550776671,1.5909595794409027e-05,0.03844252601265907,0.02783643649447532,1.3259481631687435e-05,0.03445445001125336,0.02553615775254984,1.1593385872433943e-05,0.0322909951210022,0.023736718628141616,1.0473821958144273e-05,0.031046640127897263,0.022295469743391826,9.687362835631266e-06,0.03000776842236519,0.021119775161856695,9.116403202764254e-06,0.029123160988092422,0.0201464711673676,8.690907512185147e-06,0.02836097776889801,0.019330710261350588,8.366799300602335e-06,0.027699675410985947,0.018639643262657855,8.115141835512168e-06,0.02712376043200493,0.018048691208518687,7.916231679940188e-06,0.026621608063578606,0.01753922634654575,7.756198621976944e-06,0.026184188202023506,0.017097005753644874,7.6249286764796865e-06,0.025804152712225914,0.01671103263894717,7.514845511027256e-06,0.0254750307649374,0.016372661091505536,7.420336593566653e-06,0.025190629065036774
899,5,self_attn_after_gate,Horizontal,1,0.4768219892940824,0.12074902946633646,2.023221015930176,0.16531655464380507,0.0009707909676806108,0.23033542931079865,0.11280944884296447,0.0003359550344457587,0.16526366770267487,0.08724325091119796,0.00017294376752877426,0.12673205137252808,0.07222158580072342,0.00010023244046401917,0.10241250693798065,0.06235572323203087,6.175945536871526e-05,0.0858364999294281,0.055405713617801666,3.986483036448056e-05,0.07360003888607025,0.05027380165836168,2.6952058381244336e-05,0.06427138298749924,0.04635669125450982,1.9164571953013598e-05,0.05721336975693703,0.0432900305659998,1.4376516666143851e-05,0.05248231068253517,0.04083919832630763,1.1377023970105484e-05,0.048717014491558075,0.038846367881411596,9.460700460044777e-06,0.04587400704622269,0.037201935691492896,8.208613221709463e-06,0.043644923716783524,0.035827754331486564,7.368346951799715e-06,0.041785143315792084,0.03466675557669193,6.78671164741649e-06,0.040222153067588806,0.033676386766490485,6.370559849531167e-06,0.03890043497085571,0.03282435513323262,6.063072923681561e-06,0.037838466465473175,0.03208579332937324,5.829262771459152e-06,0.03722148761153221,0.03144130459617055,5.647147899237715e-06,0.036697596311569214,0.030875564567626468,5.502468483229091e-06,0.03624649718403816
899,5,self_attn_after_gate,Gaussian,1,0.4199767486443595,0.07400955811218399,1.4002368450164795,0.1371692798676945,0.000820918375847791,0.21616995334625244,0.08534940503655918,0.00021453000158115423,0.13566400110721588,0.061211287088337396,8.620342660526583e-05,0.09156988561153412,0.04753900254293093,4.131004076011497e-05,0.06567290425300598,0.03900072933544242,2.319439478911368e-05,0.050751134753227234,0.03326301527993074,1.4828862891034348e-05,0.0429321750998497,0.029171273969705144,1.033130290164191e-05,0.03716935217380524,0.026124871262009183,7.638702804638937e-06,0.03332789987325668,0.023787341450178433,5.930684742773686e-06,0.030595537275075912,0.021954045379682194,4.816101288870481e-06,0.028370030224323273,0.02049130295950269,4.075088552778512e-06,0.02655050903558731,0.019307362920944652,3.5715732024125968e-06,0.025059904903173447,0.018337247094937732,3.2189089704103107e-06,0.02383153885602951,0.017533860938061797,2.9625055387970813e-06,0.022808268666267395,0.016862314327486923,2.768455446616066e-06,0.021943524479866028,0.0162961705632153,2.6157130942981226e-06,0.02120085433125496,0.015814967098690215,2.4910093956684164e-06,0.02055244892835617,0.015402589673324236,2.3858084026994526e-06,0.01997770182788372,0.01504624296452791,2.294567629602904e-06,0.019462067633867264
899,5,cross_attn,Vertical,1,0.79556086233684,0.15763683042387955,2.473282814025879,0.29875342547893524,0.003683171879169138,0.5042076706886292,0.19176417045176974,0.0008328326234201954,0.29262104630470276,0.1441937628246489,0.00030523210123356874,0.1869756281375885,0.11779277263179658,0.00015233910072888834,0.14533638954162598,0.10137451984106548,9.540004042944622e-05,0.12099433690309525,0.09034146427635163,6.972171685982567e-05,0.10781166702508926,0.08241139139447894,5.6358765476413794e-05,0.09996572136878967,0.07642213456214421,4.878455166046208e-05,0.09284493327140808,0.0717771899487291,4.4361455491194585e-05,0.08748915791511536,0.06811548119026517,4.1703300964152245e-05,0.08471231162548065,0.06518644354646168,3.9955477471411265e-05,0.08237264305353165,0.06280641872731466,3.857029685511035e-05,0.0803673043847084,0.06083931945382603,3.723540624672808e-05,0.07857979834079742,0.05918670215067409,3.5850440495299115e-05,0.07692750543355942,0.05778007185648358,3.4465301742032805e-05,0.07539210468530655,0.0565720239565486,3.31758354653553e-05,0.07399290800094604,0.05552753386279893,3.204541826053924e-05,0.07274185121059418,0.054617962075604334,3.108572268057261e-05,0.07162059843540192,0.05381806165216461,3.027266151201511e-05,0.07058272510766983
899,5,cross_attn,Horizontal,1,0.9333604999950954,0.21567130262314235,2.4306318759918213,0.3782010958308265,0.006215529016349368,0.630484938621521,0.25710819637964644,0.0013491147363952868,0.38209104537963867,0.20207007844296712,0.0004857445253487721,0.2787895202636719,0.17136065874780929,0.00022310257548514145,0.22047126293182373,0.1523056191111368,0.0001286138789221185,0.18844488263130188,0.13942783739831713,8.495853781420907e-05,0.16761112213134766,0.1302027167781951,6.094392006452489e-05,0.15273670852184296,0.12331038287707738,4.585847427169817e-05,0.14160370826721191,0.11799271511180061,3.5474084948074846e-05,0.13295459747314453,0.11378337584790729,2.7958999271589268e-05,0.12767411768436432,0.11038010626558274,2.234782633390852e-05,0.12324546277523041,0.10758217305891098,1.8079956285500653e-05,0.11948905885219574,0.10525386094573945,1.481506416121791e-05,0.1162666380405426,0.10329824236650316,1.2311489133508314e-05,0.11347545683383942,0.10164248517581395,1.038165708463246e-05,0.11103842407464981,0.1002308087689536,8.880404562985254e-06,0.10889571905136108,0.0990201686582868,7.697858342797481e-06,0.10699997842311859,0.09797684931092793,6.751911147248402e-06,0.10531274229288101,0.09707356634594146,5.981041134455078e-06,0.10380160808563232
899,5,cross_attn,Gaussian,1,0.7544320320326184,0.15215630735606564,2.1595215797424316,0.27631735021159765,0.004474441017308283,0.44553321599960327,0.17185497402198732,0.0009275548849714605,0.25224781036376953,0.1284780997842077,0.0003846833837592656,0.1764155626296997,0.10422896676593357,0.00020364985378230403,0.13662177324295044,0.08879064786292258,0.00012577770314190707,0.11746019124984741,0.07818662735914426,8.784731603004628e-05,0.10665622353553772,0.0705561014040122,6.69577515406249e-05,0.0985068678855896,0.06485821135223858,5.4406562396920186e-05,0.09186520427465439,0.06047723832584563,4.6240291626957207e-05,0.08617455512285233,0.0570273565512801,4.044116118630318e-05,0.08116410672664642,0.054247589515788217,3.593912169403726e-05,0.07669508457183838,0.051960105815577126,3.22300943589794e-05,0.07273238897323608,0.05004781750696046,2.91327301364489e-05,0.0692761242389679,0.0484336411196088,2.6571284277201714e-05,0.0662972554564476,0.04706286952372581,2.4466563128800185e-05,0.06373051553964615,0.045893115479321706,2.2723658840243198e-05,0.06149671971797943,0.0448900523876387,2.1252374006678545e-05,0.05952417105436325,0.044025854044963446,1.9986549983564108e-05,0.05776277929544449,0.04327823848478378,1.8889492553824257e-05,0.056187137961387634
899,5,mix_ffn_after_gate,Vertical,1,0.7733625372250875,0.19025975245901366,2.172532081604004,0.2337888398813823,0.0027220583321428088,0.35540416836738586,0.12380405586390268,0.00033672258591403546,0.16539321839809418,0.08018000128250273,8.176053064213738e-05,0.10200374573469162,0.058305053956924924,3.0049181047191578e-05,0.07131984084844589,0.04575940789211364,1.4536803477796316e-05,0.05441199615597725,0.037899401807595816,8.596361058956215e-06,0.04451708868145943,0.03265153253007503,5.902132690667784e-06,0.03823717683553696,0.028977137118104904,4.516696546882162e-06,0.033772896975278854,0.026310075695315998,3.730402752570451e-06,0.030736498534679413,0.024320279321973285,3.246371759296566e-06,0.028559550642967224,0.022803952710496053,2.9277830024754914e-06,0.027042407542467117,0.02162888566298144,2.7068343269518773e-06,0.025861002504825592,0.020705789652845218,2.547374963307387e-06,0.024936126545071602,0.019972402454605177,2.4284729360544157e-06,0.02420920878648758,0.019384052367910506,2.337453605698214e-06,0.023635828867554665,0.01890787931661757,2.2666188992944237e-06,0.02318209409713745,0.018519217680607523,2.2111248449731204e-06,0.022821415215730667,0.018199247056766163,2.167550432152611e-06,0.022531740367412567,0.017933438724232097,2.1329999690493506e-06,0.022293809801340103
899,5,mix_ffn_after_gate,Horizontal,1,0.7709729865429893,0.16886632279806582,2.0665931701660156,0.24189770150752293,0.0028428526557249065,0.35307958722114563,0.12835017236925306,0.00036464778297028985,0.17045414447784424,0.08296887718495868,7.998629369280365e-05,0.10278352349996567,0.06060202579413142,2.5576593041919938e-05,0.07174330204725266,0.04800668151842223,1.0903630617114802e-05,0.0556635819375515,0.040254779928733435,5.934126698625855e-06,0.04594128578901291,0.03517848235510644,3.951563730250773e-06,0.04056939110159874,0.031702056615835146,3.0534172002340585e-06,0.037054579704999924,0.029240544501041608,2.6015014951765352e-06,0.03448764234781265,0.02745221159051335,2.3524487907000904e-06,0.032569967210292816,0.026125869225888027,2.2035073839809225e-06,0.031112242490053177,0.025125190290430234,2.1076764693617168e-06,0.029987093061208725,0.02435916679955664,2.042022607754971e-06,0.029106389731168747,0.023765379592539774,1.9945966995817565e-06,0.028408022597432137,0.02330002516862892,1.9586320511282112e-06,0.027847042307257652,0.02293173105470718,1.9299780558474847e-06,0.02739011123776436,0.022637602178350327,1.9059660570830563e-06,0.02701207809150219,0.022400668925709195,1.8849219417619426e-06,0.02669396437704563,0.02220828671540533,1.865978143755385e-06,0.02642216347157955
899,5,mix_ffn_after_gate,Gaussian,1,0.6712320924751343,0.12363923572715191,1.7935791015625,0.19123113510154544,0.002049013788744284,0.29959726333618164,0.09486353255453564,0.00025574376329313357,0.1291128545999527,0.058095571422387686,5.914525819769597e-05,0.07550373673439026,0.04011444274395231,1.9198397241471984e-05,0.05077634006738663,0.030080600094700618,7.942067533863641e-06,0.037297047674655914,0.02399876293918443,4.049924426285093e-06,0.02939274162054062,0.02008103783286753,2.4686333370307855e-06,0.024442171677947044,0.017435452634734765,1.732474475388434e-06,0.021169964224100113,0.015583309019723582,1.3475677216283707e-06,0.018903005868196487,0.014251474941533709,1.1271091804279609e-06,0.017267707735300064,0.013274315330717299,9.92132664568595e-07,0.016151996329426765,0.012545624363517005,9.048735321297338e-07,0.015316048637032509,0.011994395582448868,8.454902641346824e-07,0.01468697190284729,0.011571674637259945,8.027881622356306e-07,0.014211924746632576,0.011242940563649412,7.700507818288301e-07,0.013850519433617592,0.010983792429287282,7.434330967504238e-07,0.013569032773375511,0.01077751074695871,7.212813175776438e-07,0.013339427299797535,0.010613004883958234,7.030626551415777e-07,0.013143613934516907,0.010482526354728237,6.882858083494957e-07,0.012974772602319717
874,3,self_attn_after_gate,Vertical,1,0.9840155844650571,1.5126319208931533,5.5810546875,0.17846709868264576,0.002310579860797079,0.3428584933280945,0.11711472107304467,0.0005889653370312462,0.19770632684230804,0.08664522355511076,0.00020499786609824767,0.1316693276166916,0.0694651607837942,9.30243465916172e-05,0.09702294319868088,0.05858649147881402,5.0483574263416894e-05,0.0795915499329567,0.05114167828171972,3.110410775513389e-05,0.06782568246126175,0.04577246757726821,2.117630453186382e-05,0.059337347745895386,0.04174679222088012,1.5657614029562763e-05,0.05308615416288376,0.03863378980803111,1.2380621246450108e-05,0.04835540056228638,0.03616479713292349,1.0320825942187768e-05,0.04466960206627846,0.034164218912048946,8.961293796409641e-06,0.041721753776073456,0.032512983750729335,8.026844256139325e-06,0.03942469507455826,0.03112804673848644,7.3632098927103565e-06,0.03834521025419235,0.02995018885722236,6.8792078185853086e-06,0.03740883246064186,0.02893633022904396,6.518006321121206e-06,0.03658566251397133,0.028054561140754865,6.242504136160455e-06,0.035853318870067596,0.027280808707314825,6.027535276997507e-06,0.03519488126039505,0.02659659631668575,5.855579183208529e-06,0.034597404301166534,0.025987504552754146,5.7141987985964615e-06,0.03405098617076874
874,3,self_attn_after_gate,Horizontal,1,0.5572363580503161,0.13295347988640896,1.6816902160644531,0.14346796522537866,0.0005797671797741506,0.20905369520187378,0.09713578023134715,0.00013763240111448722,0.1319330334663391,0.07616329157636278,5.7418863052171496e-05,0.09795080125331879,0.06454722157546453,3.2638773332334355e-05,0.0796811580657959,0.05723146089012661,2.2197499832723806e-05,0.06831918656826019,0.05223622669776281,1.6888091603195222e-05,0.061586879193782806,0.04865456413891581,1.3771138196855847e-05,0.057642318308353424,0.04599557237492667,1.1701959411786897e-05,0.05455823615193367,0.043962363449354024,1.0193937303457255e-05,0.05208795517683029,0.042365567729113596,9.029321181941558e-06,0.0500694140791893,0.04108145886233875,8.10064663455919e-06,0.048385657370090485,0.04002738661236233,7.345748354571501e-06,0.04695595055818558,0.03914664691639325,6.724672826667894e-06,0.045725755393505096,0.03839930962948572,6.2101863134146905e-06,0.0446569062769413,0.03775658464384458,5.782758379013275e-06,0.04372129961848259,0.037197291437122554,5.427569190347549e-06,0.04289756715297699,0.03670558552183802,5.1327369159917555e-06,0.04224211350083351,0.0362694686249135,4.8881951327615e-06,0.04175647720694542,0.035879785608914166,4.685169217046702e-06,0.04132440313696861
874,3,self_attn_after_gate,Gaussian,1,0.5854567180550287,0.22456615432200844,2.0146985054016113,0.11259713035727305,0.0005506571035793781,0.17718525230884552,0.07171644767125447,0.00011487953176963653,0.10079610347747803,0.05382622021531302,4.0714150688976607e-05,0.07361379265785217,0.04402527307707166,2.087666668889844e-05,0.05836018919944763,0.038012216192862346,1.363397766241702e-05,0.04894673451781273,0.03401648155635312,9.896798077352513e-06,0.042663946747779846,0.031190731932246495,7.5839706843990505e-06,0.038304395973682404,0.029088572909434635,6.043127175146735e-06,0.035116296261548996,0.027460740494822698,4.972360862056106e-06,0.03344722092151642,0.02616133869049095,4.203126639023332e-06,0.032088201493024826,0.025100751233006282,3.634735414619145e-06,0.030924063175916672,0.02422092982109577,3.2052125340767994e-06,0.02991495095193386,0.023481969145082292,2.874968889478374e-06,0.029035460203886032,0.022854867642597546,2.6174801974222654e-06,0.028265876695513725,0.022317720311028615,2.414292957557523e-06,0.027589228004217148,0.021853661371601954,2.2522903713676016e-06,0.02699071541428566,0.0214495775659406,2.1219845974814905e-06,0.0264575257897377,0.021095188778071178,2.0163291384609097e-06,0.025978531688451767,0.020782369233313062,1.9299527631033465e-06,0.02554422616958618
874,3,cross_attn,Vertical,1,0.8158650426637559,0.21403024842821078,3.3335723876953125,0.2801755437302211,0.004519953085740902,0.4237942397594452,0.17104223571599475,0.0008292024045385165,0.24108293652534485,0.12473355174537688,0.0002881477371162616,0.16993017494678497,0.10005635058596021,0.0001423291700989517,0.1311606913805008,0.0846479885161869,8.01534748770946e-05,0.10631410032510757,0.07420197915699747,4.9883829625683144e-05,0.09027174115180969,0.06689572204200048,3.514702439473138e-05,0.08019165694713593,0.06158071129568039,2.776558227315436e-05,0.07416050881147385,0.057551680812760006,2.383474883881619e-05,0.06986993551254272,0.05437912519962069,2.1409126106601898e-05,0.06634598970413208,0.05180691762102975,1.9644833220358012e-05,0.06330330669879913,0.04968843774663077,1.8280463697479493e-05,0.06063768267631531,0.047932569114934834,1.7224004237812666e-05,0.05830186605453491,0.04646970497237311,1.6397602925705302e-05,0.0562477633357048,0.045242578855582645,1.5734925897750247e-05,0.05443112552165985,0.04420578810903761,1.5190138159457494e-05,0.05281859636306763,0.043325221432106834,1.4738061938363074e-05,0.05196297913789749,0.04257618387540182,1.4370708361926316e-05,0.05122234672307968,0.04194018457617078,1.4089890588445216e-05,0.050531305372714996
874,3,cross_attn,Horizontal,1,0.8176540798611112,0.13684228211646987,2.0332884788513184,0.31513649840203545,0.0023280194380495218,0.410273015499115,0.2102138064210377,0.00041742492857009317,0.25261378288269043,0.16614232247784025,0.00013723329708508947,0.19083689153194427,0.14348520858893318,6.461001027313906e-05,0.16385820508003235,0.13020279010136923,3.895720923706413e-05,0.14665773510932922,0.12159465028653069,2.7257728836190155e-05,0.1348007321357727,0.11556810318004518,2.0343010642372988e-05,0.12623895704746246,0.11110522645333457,1.565062883253101e-05,0.120944544672966,0.10767353799134965,1.2286649617661581e-05,0.11675956845283508,0.10496575822905889,9.804052177673736e-06,0.11325211077928543,0.10278787605819248,7.95165317285052e-06,0.11028017848730087,0.1010109849628948,6.566615582068679e-06,0.10777468979358673,0.09954515466141323,5.526326686004268e-06,0.10567377507686615,0.09832488946498387,4.738639933919873e-06,0.10391473025083542,0.09730062846626554,4.1361174453921735e-06,0.10243754088878632,0.09643394653759306,3.671717388292413e-06,0.10118928551673889,0.09569458580679363,3.31382087346061e-06,0.10012717545032501,0.09505829203223425,3.0413468193007006e-06,0.09925875067710876,0.09450565787061813,2.8404580780984997e-06,0.09867251664400101
874,3,cross_attn,Gaussian,1,0.6406903375708868,0.08765983145635853,1.6617839336395264,0.25184383397064514,0.0033135757982339694,0.4495697021484375,0.1577281966095879,0.000866144435944564,0.2868477404117584,0.11494685260076372,0.0002668885107804246,0.18260549008846283,0.09105181942383449,0.00011215143803408203,0.12871301174163818,0.07603957900215709,5.876011857664081e-05,0.09695270657539368,0.06600129462423779,3.7398799828129614e-05,0.07782231271266937,0.05893003437963743,2.7269600768197565e-05,0.06936292350292206,0.053752747497388294,2.152466597357129e-05,0.0629420131444931,0.04985773628429761,1.7765729173510445e-05,0.057670097798109055,0.04685669859486913,1.5062685931211718e-05,0.05405556410551071,0.04448905025446226,1.300796796551375e-05,0.051162078976631165,0.042579666312251775,1.1379646643349988e-05,0.048807643353939056,0.04100465165480735,1.0050953563276075e-05,0.04685297980904579,0.039674013912204716,8.95256039275657e-06,0.04513809084892273,0.03852595093231353,8.041096846025616e-06,0.04353035241365433,0.037523111062390466,7.285298223223941e-06,0.042429119348526,0.03664450341510394,6.6652711103183285e-06,0.04166054725646973,0.035876332353504875,6.1668072681987585e-06,0.040995512157678604,0.03520688417530249,5.773924740934157e-06,0.040409985929727554
874,3,mix_ffn_after_gate,Vertical,1,0.7088934930544051,0.29781354469621674,3.0291311740875244,0.21279607098253947,0.0016482509447220844,0.30578768253326416,0.12136092545494201,0.0002766342679937975,0.15750989317893982,0.08096331156908519,7.907567946881213e-05,0.09996731579303741,0.059693705822740285,3.211320248494482e-05,0.07097893953323364,0.04713089793683991,1.6696012206110943e-05,0.05496872216463089,0.039064743156944005,1.0327588326109118e-05,0.04537644237279892,0.03355822724009317,7.218445721068919e-06,0.03973160684108734,0.02962495442775507,5.4889706205394025e-06,0.03562060743570328,0.026719157746623434,4.424170538016655e-06,0.03252653777599335,0.024517183798173116,3.7189556314518937e-06,0.0301356203854084,0.022815652369033722,3.228222632337539e-06,0.028248954564332962,0.021480506759077783,2.8751195589047267e-06,0.026735633611679077,0.02041980769071314,2.6149757550243257e-06,0.025506027042865753,0.019568392415604895,2.4198625480869255e-06,0.024496398866176605,0.018878836864753376,2.2713628215954503e-06,0.02366001158952713,0.01831591763489303,2.156909039655897e-06,0.02296171709895134,0.01785307302184048,2.0677732475656177e-06,0.022374538704752922,0.017470041363840064,1.997816945279428e-06,0.021877456456422806,0.017151229408761813,1.9426522082819666e-06,0.021454069763422012
874,3,mix_ffn_after_gate,Horizontal,1,0.5219446146298968,0.06997285834321045,1.3552418947219849,0.17754676311262071,0.001405292289886441,0.2710878849029541,0.1010875894673287,0.00022456287663419984,0.13586580753326416,0.06896822503398335,5.870680611222198e-05,0.08766733109951019,0.052797626881372364,2.069183298181107e-05,0.06508695334196091,0.0436654964846278,9.36075267669881e-06,0.052597157657146454,0.03804717106478555,5.229919748250306e-06,0.04490461200475693,0.034359822818447676,3.4515134460777163e-06,0.03982536494731903,0.03181823127208248,2.575447697155195e-06,0.03628756105899811,0.029999925740181455,2.0963342852030523e-06,0.033726055175065994,0.0286610953450676,1.8132372698377455e-06,0.03181067854166031,0.02765172320817198,1.6369960650967553e-06,0.030403878539800644,0.0268746879957025,1.5226869904108166e-06,0.029447421431541443,0.026265961871970268,1.4434558823577383e-06,0.028698986396193504,0.025783186512334005,1.383684385012133e-06,0.028137851506471634,0.0253970173024942,1.3364549468344563e-06,0.027725480496883392,0.025085873576620267,1.2987443221022443e-06,0.027387993410229683,0.024833487760689523,1.2686311278751345e-06,0.027108630165457726,0.024627500051070773,1.2446323573754205e-06,0.026874911040067673,0.02445850805157707,1.2256562059031826e-06,0.026677649468183517
874,3,mix_ffn_after_gate,Gaussian,1,0.6521834669605134,0.16748644584606867,2.0629777908325195,0.19489566272213346,0.001517645830038796,0.2728625535964966,0.10720131711827384,0.00024172187257001426,0.14066830277442932,0.06943168331469808,6.659045520532654e-05,0.09055612981319427,0.049809072817128805,2.415205203027401e-05,0.0639338493347168,0.038439587941245426,1.0696769823638254e-05,0.048321761190891266,0.03133541392901587,5.625283358563525e-06,0.03854229301214218,0.02662770946820577,3.4115492890279646e-06,0.032072849571704865,0.023353990876958483,2.3138301267991773e-06,0.027603812515735626,0.02098608354017848,1.7075645937906173e-06,0.024400850757956505,0.019218572548457553,1.3416980240507278e-06,0.022030383348464966,0.017866367592461525,1.1051995949067585e-06,0.02022862248122692,0.01681219872146372,9.450531787934891e-07,0.018831484019756317,0.015978422651569995,8.337716885675295e-07,0.017749277874827385,0.015311355214743387,7.552852148714107e-07,0.017038779333233833,0.014772498640157873,6.991533960663638e-07,0.016463931649923325,0.014333498812029286,6.582863405468721e-07,0.01599002629518509,0.013973003312472313,6.277786075457581e-07,0.01562984474003315,0.013674600212465204,6.042135082277056e-07,0.015335280448198318,0.013425521656043,5.852911590631688e-07,0.015091385692358017
874,4,self_attn_after_gate,Vertical,1,1.219872424999873,0.817893544357258,4.09455680847168,0.2837979176214763,0.004959181665983072,0.49745726585388184,0.1619730307942345,0.0011464690771267156,0.30149561166763306,0.11326491028543502,0.000496978103877799,0.210984468460083,0.0871708005784996,0.0002526850743613884,0.15512698888778687,0.07102076863012617,0.00014095025556996795,0.11885056644678116,0.060139254149463445,8.532462233670552e-05,0.09463675320148468,0.05234183116801201,5.535192759419868e-05,0.07784852385520935,0.04647990534939463,3.8060516839276067e-05,0.06577058881521225,0.0419074103590988,2.753149023288415e-05,0.05815204977989197,0.03824049473873207,2.0839494028431423e-05,0.053127847611904144,0.03523829567527014,1.6429290440245704e-05,0.0488632395863533,0.0327412366630539,1.3425684454663544e-05,0.04522119462490082,0.030638299202398647,1.1315407050948596e-05,0.042091239243745804,0.028849105661114056,9.788551923879165e-06,0.0393846333026886,0.027313656809311065,8.653759256172177e-06,0.03703005239367485,0.02598610892891884,7.790454092450614e-06,0.03496994078159332,0.02483079807152824,7.120902984103853e-06,0.033157624304294586,0.02381955548411324,6.593633759471428e-06,0.03155510872602463,0.022929843160368148,6.173432707996261e-06,0.030131274834275246
874,4,self_attn_after_gate,Horizontal,1,0.44361097401096705,0.03848929430563706,0.9223541021347046,0.17461560252639982,0.0011764219388363892,0.26221615076065063,0.11351602086945185,0.0002500191204822575,0.16511476039886475,0.08641106446111013,0.00010096602787563775,0.1203814223408699,0.07134856744891122,5.658282236349279e-05,0.09721138328313828,0.061929612878769164,3.873248280984422e-05,0.08332569897174835,0.055562265926883334,2.9550033886430517e-05,0.0741640105843544,0.05100578318039576,2.388026643804484e-05,0.06773911416530609,0.047602173177495835,2.0016298955702858e-05,0.06301818788051605,0.04497395704189936,1.7266994562470653e-05,0.05940990149974823,0.04289038976033529,1.5266618848052283e-05,0.05655788257718086,0.041203172020022834,1.3783032132694761e-05,0.054239384829998016,0.039813042840077764,1.2659873364041149e-05,0.05231107771396637,0.03865126076908339,1.1791183313566615e-05,0.050678230822086334,0.037668771746139675,1.1104976836354758e-05,0.04927662014961243,0.036829588727818593,1.055157173365741e-05,0.04806173965334892,0.03610663858079721,1.0095871089865723e-05,0.047002002596855164,0.03547910583161172,9.712601010061478e-06,0.046074170619249344,0.03493068828469231,9.38338367164012e-06,0.045260317623615265,0.03444842748816997,9.094856537412132e-06,0.0445459708571434
874,4,self_attn_after_gate,Gaussian,1,0.41762352273577735,0.04810561530733905,1.1964848041534424,0.14399222272729117,0.0013308490346112724,0.25261834263801575,0.08516539361268755,0.000275325539660883,0.14125743508338928,0.060119092760104985,8.773357662555687e-05,0.09533857554197311,0.047114070859693345,3.86170159132085e-05,0.0705411359667778,0.03930873335117385,2.0568158229879598e-05,0.05546588450670242,0.0341497448287786,1.2521937551679515e-05,0.045718468725681305,0.030509355374508433,8.456243009172557e-06,0.039139524102211,0.027814654337744864,6.203212788205878e-06,0.035479918122291565,0.025745401720678997,4.856922655710453e-06,0.032919056713581085,0.02411100309756067,3.999432350312357e-06,0.030808493494987488,0.022791248080985888,3.420538875807177e-06,0.02903597429394722,0.021706274725378505,3.007382461343753e-06,0.027523349970579147,0.020800738521511593,2.696729930060162e-06,0.02621360495686531,0.02003505276072593,2.4523217985032446e-06,0.025065699592232704,0.019380328348941274,2.2532077040883717e-06,0.024051185697317123,0.01881521895882629,2.087117996849296e-06,0.0231504924595356,0.018323715909251144,1.9463865927141006e-06,0.022553985938429832,0.01789353603112792,1.8256775791750978e-06,0.02213544398546219,0.017514976776308484,1.720929677650894e-06,0.02176543138921261
874,4,cross_attn,Vertical,1,0.7850007542542049,0.13890495325455193,2.536869525909424,0.30752101516912855,0.0034657060575319126,0.45217347145080566,0.19896926908265977,0.0008779213863879117,0.2733233869075775,0.14955490661991966,0.00032060666643841685,0.18781301379203796,0.12214549276090804,0.00015232091279465915,0.1471712738275528,0.10519503601013667,9.020972825784664e-05,0.12505382299423218,0.09388441734370731,6.189199609867946e-05,0.11087235063314438,0.08583967517765742,4.681441362498174e-05,0.10268919169902802,0.07983445991126317,3.774592949843592e-05,0.09642069041728973,0.07520561156764863,3.172516220945111e-05,0.09106513857841492,0.07155123335264978,2.7493497607424713e-05,0.08649194985628128,0.06860289675375772,2.4430555112929275e-05,0.08255726099014282,0.06617730660807519,2.2183103759955727e-05,0.07914435863494873,0.06414734341558956,2.056450056059298e-05,0.07622070610523224,0.06243004892317076,1.9439123817440782e-05,0.07377113401889801,0.06097141546862466,1.8660465975755673e-05,0.07172661274671555,0.059728415535082895,1.8118889471494124e-05,0.06999905407428741,0.058663208155878006,1.7757772116124627e-05,0.0685197189450264,0.0577442485188681,1.753052211018058e-05,0.06723446398973465,0.056946138718298504,1.7381729290072703e-05,0.0661560446023941
874,4,cross_attn,Horizontal,1,0.7806996329436227,0.15520569292673092,2.6032142639160156,0.32702085139259457,0.0034893086542512786,0.48735511302948,0.22745161917474535,0.0008055110598943619,0.3007167875766754,0.1820574083498546,0.0003332263610540424,0.2319813370704651,0.15550692568695734,0.00015455919148302455,0.18722808361053467,0.13905287167382618,8.302405140931429e-05,0.15907788276672363,0.12823269279703262,5.1752136666042526e-05,0.14405885338783264,0.12060393806960848,3.484995485930668e-05,0.13371524214744568,0.11497756850624842,2.4598598489998304e-05,0.1257140040397644,0.11073948407456988,1.8435056942313233e-05,0.11986209452152252,0.10749028717714643,1.4702899979140177e-05,0.11556896567344666,0.10494584483759743,1.2241114794720352e-05,0.11224610358476639,0.10290915932920244,1.0406466804036672e-05,0.10985895991325378,0.10124892907010184,8.945188069825992e-06,0.10794565081596375,0.09988193876213497,7.801071728877404e-06,0.10632506757974625,0.09874643799331453,6.936546446852698e-06,0.10500212758779526,0.09778753691722476,6.303814703823138e-06,0.10395839810371399,0.09695581985371453,5.848889714110432e-06,0.10313618183135986,0.09621461469029623,5.493558930092825e-06,0.10240291059017181,0.09554817172743026,5.154563677415058e-06,0.10161281377077103
874,4,cross_attn,Gaussian,1,0.5957621591431754,0.06874985333630675,1.2927325963974,0.22333266834417978,0.002013731196105015,0.3418283462524414,0.14185924556047197,0.0004894497260940909,0.19051004946231842,0.10648045475993838,0.00020464395283337105,0.1356709897518158,0.08707221727522593,0.00011220648787223303,0.11504773795604706,0.07510805189136475,7.634626233362676e-05,0.10240888595581055,0.06702263771541535,5.8062218217848286e-05,0.09358378499746323,0.06112956977079785,4.537047671670887e-05,0.08582234382629395,0.056659634092024395,3.5861763330090144e-05,0.07834571599960327,0.053242525411030604,2.935993730384986e-05,0.07166555523872375,0.05062884139636206,2.5270717808959828e-05,0.06615237891674042,0.04860017194397866,2.2766823233782117e-05,0.061699457466602325,0.0469740836748055,2.1259221143413963e-05,0.05809270218014717,0.045622706176742675,2.0370707032578965e-05,0.05559708923101425,0.044476720075758674,1.981320287965713e-05,0.054782457649707794,0.04350256742466064,1.9386513170922342e-05,0.05410856753587723,0.04267638099808541,1.8995699304014727e-05,0.05352599546313286,0.041974749356981304,1.8615222719387726e-05,0.0530644953250885,0.041374934275471974,1.8244851739164868e-05,0.05272219702601433,0.04085637451637359,1.788686907452792e-05,0.052479133009910583
874,4,mix_ffn_after_gate,Vertical,1,0.5884087014765966,0.11592486881197622,2.0028772354125977,0.19946983811401187,0.001904896208951219,0.2887337803840637,0.11120182784303786,0.00030290263737536193,0.1475277841091156,0.07341254490708547,7.951415117758775e-05,0.0921410620212555,0.054101248463941,2.960505986580088e-05,0.06526295095682144,0.043100172032912575,1.4842227526133216e-05,0.0512068048119545,0.03629888505453155,9.358187917370566e-06,0.04307371750473976,0.031822413560890016,6.875193197885467e-06,0.0378151535987854,0.02873308090345254,5.557200523705962e-06,0.034220919013023376,0.02652262890386203,4.77330099350351e-06,0.031660743057727814,0.024895150332696854,4.271426502756074e-06,0.029778942465782166,0.023667526919217335,3.936149568256246e-06,0.028524920344352722,0.02272068818528501,3.706229205964058e-06,0.02759317308664322,0.021974699896952464,3.5425823006744563e-06,0.026856765151023865,0.021375777052035406,3.4175425624609777e-06,0.0262568611651659,0.02088834818393465,3.3139821568363786e-06,0.025756439194083214,0.020488502162079963,3.2244628368852173e-06,0.025334283709526062,0.020158949441143444,3.1470588872740752e-06,0.024977130815386772,0.019886299790371032,3.0813707053021987e-06,0.024675022810697556,0.01965989562727156,3.026831818378254e-06,0.024419475346803665
874,4,mix_ffn_after_gate,Horizontal,1,0.6913364581645481,0.18131631036099585,2.224550724029541,0.23390408073152816,0.0022259750008960916,0.3357700705528259,0.13467779459934387,0.0003533855109317306,0.17955291271209717,0.09141580027247233,8.403773779150224e-05,0.1129721999168396,0.06919373305780548,2.820681833113648e-05,0.08186200261116028,0.05633394591628559,1.2732895835421507e-05,0.06487478315830231,0.04823118176252123,7.237554850787867e-06,0.05452386289834976,0.04281494411684218,4.892150438576416e-06,0.048929378390312195,0.03903573922931202,3.7509780641387565e-06,0.044984158128499985,0.03631059624372967,3.1395392963860175e-06,0.042122188955545425,0.034293375850196865,2.7863086865710017e-06,0.039990831166505814,0.03276767185519612,2.568303443561418e-06,0.03836120665073395,0.03159237126745875,2.424573290947721e-06,0.03708311915397644,0.030672387086919377,2.3234501934521033e-06,0.03605981916189194,0.029942102789405792,2.2483858734676535e-06,0.035228945314884186,0.0293553750666361,2.1906026471754017e-06,0.034547653049230576,0.02887914102110598,2.1450786838280445e-06,0.03398410603404045,0.02848923300939893,2.1085951742382565e-06,0.033513762056827545,0.02816762937794602,2.078848604828151e-06,0.03311748802661896,0.027900613519170926,2.054022792794728e-06,0.03278033435344696
874,4,mix_ffn_after_gate,Gaussian,1,0.49488825930489433,0.07520721513448307,1.6234278678894043,0.1583868624672057,0.001248946977385352,0.2425347864627838,0.08481360865490777,0.00018700802584824388,0.1246044859290123,0.0544129205601556,4.865277487654073e-05,0.07399892807006836,0.03891898348690972,1.7544969754479088e-05,0.04954177141189575,0.03002660943283921,7.986412472184539e-06,0.036302100867033005,0.024511135907636747,4.3735968056890716e-06,0.028767460957169533,0.02089338796952414,2.7854688386324538e-06,0.024209078401327133,0.01841693102485604,2.0004593207597716e-06,0.02144450508058071,0.01666370238221827,1.57380598526863e-06,0.019709931686520576,0.015388091538278829,1.3237837586478136e-06,0.018403474241495132,0.01443869641257657,1.1688070142865622e-06,0.017400842159986496,0.01371887716509047,1.0682033041352471e-06,0.016622040420770645,0.013165125253772924,9.997472664064908e-07,0.016010278835892677,0.01273420914298012,9.510018720046846e-07,0.015523422509431839,0.012395615541627483,9.14942521116392e-07,0.015131150372326374,0.01212731809429233,8.874198877146979e-07,0.014812428504228592,0.011913221137272932,8.659061021088834e-07,0.014552604407072067,0.011741401051126775,8.488819840236604e-07,0.014340807683765888,0.011602858717124614,8.354871792174162e-07,0.014168164692819118
874,5,self_attn_after_gate,Vertical,1,0.7094832100565471,0.6076490087131253,4.1424360275268555,0.1866425478032657,0.0012295935190290946,0.2668994069099426,0.12388614092081313,0.00041425937951538585,0.17677302658557892,0.09348784836511763,0.00021103080290072837,0.12998417019844055,0.07509014371132093,0.0001278192989085799,0.10434624552726746,0.0627046452155189,8.603564074584943e-05,0.08786424994468689,0.05380417341514239,6.20693475427705e-05,0.07618041336536407,0.0471156421634886,4.7247560837024394e-05,0.06750863790512085,0.04192365271349748,3.7596169084217395e-05,0.060790084302425385,0.037791108091672264,3.10178465252277e-05,0.05538304150104523,0.03443614292948965,2.632903427138188e-05,0.05089744180440903,0.031669602034583924,2.2843477098561126e-05,0.047094717621803284,0.02936014819831129,2.0157153915978186e-05,0.043825484812259674,0.027413575481327754,1.80275083552832e-05,0.04099106788635254,0.02576016096605195,1.6304339461333444e-05,0.038521140813827515,0.0243467315735798,1.4889993635466469e-05,0.03636166453361511,0.02313169686212426,1.3717349333069353e-05,0.03446875885128975,0.022081889389526276,1.2737709800777636e-05,0.033224351704120636,0.021170492298782817,1.1914262635142783e-05,0.032317668199539185,0.02037560993007251,1.1218329150135772e-05,0.03153085336089134
874,5,self_attn_after_gate,Horizontal,1,0.3218777056724306,0.029260206413921776,0.9184231758117676,0.12474982263076873,0.0005575430589569207,0.19209715723991394,0.08321611163398576,0.00014773779662397295,0.11135012656450272,0.06520639342211541,7.519112632419956e-05,0.08812425285577774,0.05524571393690412,4.790831243956387e-05,0.07437852770090103,0.04895247879718977,3.290219678968197e-05,0.06473114341497421,0.04462650926813247,2.341058470675553e-05,0.057450857013463974,0.041483198662125874,1.723405855273109e-05,0.053013481199741364,0.039106767447221844,1.3227068335058834e-05,0.04936544597148895,0.037255154360854435,1.0643643541837388e-05,0.04637036845088005,0.0357776295452837,8.977793567714097e-06,0.043913833796978,0.03457511044920437,7.891021439847237e-06,0.04189225286245346,0.033579628885028856,7.162438037183341e-06,0.040213942527770996,0.032743004845484855,6.651702002555942e-06,0.03880206122994423,0.032030282246451526,6.272626713072731e-06,0.03759648650884628,0.03141568139905021,5.9747096255584465e-06,0.03655345365405083,0.030879962095429026,5.729970830723926e-06,0.035642869770526886,0.03040859525993703,5.5235262943553435e-06,0.034996405243873596,0.029990482720590773,5.347347314450565e-06,0.03478788584470749,0.029617040846792477,5.1965867170089645e-06,0.03458366543054581
874,5,self_attn_after_gate,Gaussian,1,1.4911584414186931,3.868141604580994,9.056462287902832,0.25143968373064013,0.003436976261215527,0.41974034905433655,0.16385700719224083,0.000883781717589476,0.23728469014167786,0.1219409280826175,0.0004059148227302771,0.16811135411262512,0.09684362380750595,0.00023240992150525298,0.1379202902317047,0.0802218404317659,0.00014940905860876262,0.1153310090303421,0.06844472831913403,0.00010252991473757421,0.09834013134241104,0.0596709478469122,7.324677932309218e-05,0.08541044592857361,0.05288432242851409,5.382615598383812e-05,0.07535058259963989,0.04748498210831294,4.044621743967274e-05,0.06731128692626953,0.0430952405172681,3.097477362742414e-05,0.060723237693309784,0.039463587903550694,2.4128947226778378e-05,0.05521203577518463,0.036415219868695926,1.9098359315750635e-05,0.050528064370155334,0.03382483692396255,1.5351614952419478e-05,0.046499550342559814,0.03160049624386288,1.2528813640619981e-05,0.043003685772418976,0.029673404282047636,1.0379730237339954e-05,0.039949286729097366,0.027991157675546312,8.72702628513462e-06,0.037266407161951065,0.026513143013867122,7.443312075215615e-06,0.03489977866411209,0.025207361590767665,6.436265543099525e-06,0.03280472010374069,0.024048203898091165,5.638392755579783e-06,0.030944375321269035
874,5,cross_attn,Vertical,1,0.8224886201676869,0.24704599132571434,3.2682089805603027,0.3051685056989155,0.004372101778591142,0.5031927824020386,0.19919014544714064,0.001203841484686433,0.2808685898780823,0.15111390678655534,0.0005220137282896557,0.2107212245464325,0.12403939238616399,0.0002707344643895122,0.16840139031410217,0.10684912024982392,0.00016213325230677366,0.14007604122161865,0.0950589482746427,0.00010879399775480567,0.12103138864040375,0.08660858136320872,7.936668751825004e-05,0.1081777811050415,0.08036303449244726,6.172952340170574e-05,0.09917023777961731,0.07561835806284632,5.056667996519613e-05,0.09250447154045105,0.07189880831847115,4.328241420078357e-05,0.08734646439552307,0.06888107860845233,3.835469717982371e-05,0.08331815898418427,0.06637122943287804,3.487201861991869e-05,0.08016705513000488,0.06425742846396235,3.23372396919436e-05,0.07766397297382355,0.062464532575437,3.0456794188015063e-05,0.07562904059886932,0.06093543986715968,2.9051602631354673e-05,0.07393565773963928,0.0596245029970767,2.8012832674719468e-05,0.07249750196933746,0.05849491367264399,2.7266465798709147e-05,0.07125569134950638,0.05751701680913804,2.6748053118361853e-05,0.07017040252685547,0.05666637107256859,2.6396285859703685e-05,0.0692153126001358
874,5,cross_attn,Horizontal,1,0.8545443202768054,0.12910717851716694,2.092595100402832,0.36471006132307504,0.004483251424525269,0.5247764587402344,0.24876702328523,0.0009810715509931981,0.3310597240924835,0.19734718071089852,0.00044163771725075866,0.26349589228630066,0.16925151575179326,0.00024633665104391273,0.21903204917907715,0.1514193273725964,0.00015404776280825627,0.18936970829963684,0.13901358168749584,0.00010179394482627747,0.1682138890028,0.12991815379687718,6.874518865982327e-05,0.15209195017814636,0.1230299657299405,4.722397583580708e-05,0.139970600605011,0.11766696839578568,3.3027097347495795e-05,0.1309935748577118,0.1133820703105321,2.355674815067673e-05,0.12485986948013306,0.10990656604842534,1.7291854463279436e-05,0.12020866572856903,0.10708175954364595,1.3190031168451837e-05,0.11615745723247528,0.10477977600835618,1.0441813791292842e-05,0.1127195805311203,0.1028860289426077,8.522347974937323e-06,0.10983762890100479,0.10130534959690911,7.132582840279837e-06,0.1074296236038208,0.09996471423951406,6.104214496146386e-06,0.10560144484043121,0.09881392618020375,5.3333931070660806e-06,0.10434974730014801,0.09782116540840693,4.7475014849217e-06,0.10315866768360138,0.09696397563767811,4.29441658132293e-06,0.1020251214504242
874,5,cross_attn,Gaussian,1,0.7507821080230531,0.136418451517384,2.0020906925201416,0.2902423796199617,0.003794470936161264,0.47035104036331177,0.18535694728295007,0.0010581323792068077,0.2884323000907898,0.13752004196719517,0.0005017915170017522,0.20631639659404755,0.1106794604233333,0.0002920368458476994,0.1627219319343567,0.0936111444755206,0.00018500592576003647,0.13523782789707184,0.08206181074418718,0.0001250023092624829,0.1162189245223999,0.07379670872811288,8.917185572968109e-05,0.10217065364122391,0.06760960291065866,6.668845124911675e-05,0.09141279757022858,0.06285191599338774,5.2069238144701854e-05,0.08299455046653748,0.05912847373457182,4.233213304378611e-05,0.07627269625663757,0.05615934788707703,3.567608869891771e-05,0.07079969346523285,0.05374836442725999,3.092708641981928e-05,0.06623797863721848,0.051760834833932304,2.7339932470299347e-05,0.06330439448356628,0.05010531346003214,2.453065959603488e-05,0.06118737906217575,0.0487175943950812,2.2331297370346815e-05,0.05939767509698868,0.04754880951747062,2.0623203866661815e-05,0.057848311960697174,0.04655940925318097,1.929723812857297e-05,0.05650370568037033,0.04571710444158978,1.8271726892942896e-05,0.055358029901981354,0.044996666352427196,1.7493339249282875e-05,0.05440405756235123
874,5,mix_ffn_after_gate,Vertical,1,0.5487596856223212,0.06273899719185552,1.2413302659988403,0.17736679008082737,0.001656323123063534,0.26202037930488586,0.09424930337875609,0.0002470804998837179,0.12537766993045807,0.06036362371274403,6.20858823216025e-05,0.07840317487716675,0.04347746961173557,2.0474788039203785e-05,0.055137522518634796,0.03410627734329966,8.737098867443774e-06,0.04244927689433098,0.028506755828857422,4.915714814315941e-06,0.035054467618465424,0.02497182898814716,3.4986945917103032e-06,0.03048650361597538,0.02264447788160945,2.9040685634516416e-06,0.02752121165394783,0.021059608264338402,2.6244318066191012e-06,0.025521209463477135,0.019948292346227737,2.4759970777501578e-06,0.0243747066706419,0.019148083374140753,2.3839613457737454e-06,0.023636499419808388,0.01855939957830641,2.3178510013544476e-06,0.02306440845131874,0.018120040289229818,2.2657940085723523e-06,0.02262045070528984,0.017788830523689587,2.222240154472916e-06,0.022275084629654884,0.01753703717674528,2.1841721244050565e-06,0.022002585232257843,0.017344084893545463,2.1499272866639434e-06,0.02178322523832321,0.017194941492071226,2.1190679798831616e-06,0.02160399593412876,0.01707843089446662,2.092406543447133e-06,0.02145804464817047,0.016986271780398157,2.0713638202651457e-06,0.021342024207115173
874,5,mix_ffn_after_gate,Horizontal,1,0.5165072442993285,0.050832824802756034,1.1492068767547607,0.16976020851778606,0.0014997147737155535,0.2606581151485443,0.08944379017939644,0.00017402762701116534,0.1197875589132309,0.059039447574861466,3.614892395826698e-05,0.07275912910699844,0.044580586550254674,1.1478484101949527e-05,0.05215389281511307,0.03671586206035009,5.350924075921046e-06,0.04294615983963013,0.0320293443307044,3.4092618462828946e-06,0.037491440773010254,0.029051001228037335,2.6771735652741122e-06,0.03401841223239899,0.027067605790401263,2.3673252381969843e-06,0.03170860558748245,0.0256995332264711,2.2235116558278993e-06,0.030169866979122162,0.02473003721781193,2.149514910230899e-06,0.02905346266925335,0.024028194417792654,2.105666324233943e-06,0.02822505682706833,0.023511779125011158,2.0743144703501295e-06,0.027600664645433426,0.0231275927452814,2.047299607961391e-06,0.027124933898448944,0.02283977297326875,2.02161500768893e-06,0.026760036125779152,0.022623156153020404,1.9971089486754073e-06,0.02648073062300682,0.02245945634231681,1.975204738356173e-06,0.026270944625139236,0.022334810730720325,1.9581887563525936e-06,0.02612048014998436,0.02223847114614078,1.94800087748218e-06,0.02602088823914528,0.022162455326271435,1.9448997533606963e-06,0.02596166357398033
874,5,mix_ffn_after_gate,Gaussian,1,0.4970608821937016,0.04961766826475153,1.120008945465088,0.1540113915763204,0.0014910179859626792,0.22738537192344666,0.07498794451119407,0.0001850033299232028,0.10453884303569794,0.04483333655766079,3.797426588003015e-05,0.0602806881070137,0.030828181595083267,1.1337344153108386e-05,0.03972655534744263,0.02342188148389733,4.529430882455131e-06,0.028964046388864517,0.019135062420178973,2.2981795665301504e-06,0.022853299975395203,0.016491815743465272,1.437893074196567e-06,0.019160810858011246,0.014783109523474223,1.0681597670891073e-06,0.01694888062775135,0.013636010137224009,8.942569616401859e-07,0.015615600161254406,0.01284215890521568,8.053901435637399e-07,0.01482489611953497,0.012279505131854898,7.573998424731231e-07,0.014346442185342312,0.011873177504019132,7.309460686344714e-07,0.014002706855535507,0.011575282684394292,7.164655576450979e-07,0.01375209167599678,0.011354195885360241,7.08979585365125e-07,0.013567708432674408,0.011188454053822964,7.059183207016223e-07,0.013432174921035767,0.011063236846692033,7.059251528641926e-07,0.01333397626876831,0.010968334913726837,7.080406512693319e-07,0.013264123350381851,0.010896753564122178,7.112885455313337e-07,0.013214362785220146,0.010843563322273512,7.14759114501864e-07,0.013177748769521713
847,3,self_attn_after_gate,Vertical,1,0.15111552580954538,0.005995287857381963,0.3787783980369568,0.060064822317115844,0.00010582455270669649,0.08887885510921478,0.04292737574331344,2.2439146177479416e-05,0.05750847980380058,0.03554322319253096,1.2371966415661466e-05,0.04776741564273834,0.031232457341892377,9.528675306035774e-06,0.042314689606428146,0.02837126093014838,8.156313546113602e-06,0.03859692066907883,0.026324104399435104,7.146318452093807e-06,0.03561241924762726,0.024794304595580175,6.313519516978486e-06,0.033021144568920135,0.023624219621221226,5.672536980938547e-06,0.030801154673099518,0.02271644277350297,5.212342966889835e-06,0.028968824073672295,0.02200391726006591,4.891423788547441e-06,0.028250792995095253,0.021438247538984767,4.667053943108869e-06,0.02783060073852539,0.020983727234933112,4.5063542133241955e-06,0.02749672532081604,0.020613739651346965,4.3867801265772955e-06,0.027228983119130135,0.020308343782311396,4.2938522475146815e-06,0.027012132108211517,0.020052598878031687,4.218756456182411e-06,0.02683427929878235,0.01983535159674902,4.156359568553222e-06,0.0266861654818058,0.01964829034275479,4.103666842446217e-06,0.026560720056295395,0.019485219426098325,4.058823373611795e-06,0.026452694088220596,0.019341495863738515,4.0205424382191874e-06,0.026358257979154587
847,3,self_attn_after_gate,Horizontal,1,1.1331273511288658,1.8904174718486313,6.926556587219238,0.23844355250161792,0.002997516126926654,0.38586682081222534,0.1535508707165718,0.000702685881158239,0.218674436211586,0.11481848453718518,0.0002606303427457725,0.1463104784488678,0.0926701244380739,0.0001159098844752797,0.1133078932762146,0.07892929455117574,6.1811565836354e-05,0.09697200357913971,0.06985688055791552,3.8834200863943426e-05,0.08630495518445969,0.06352265965607432,2.7470917393130984e-05,0.07774509489536285,0.058876784547926886,2.1001165966623312e-05,0.07070667296648026,0.055323489601649935,1.6931212838683728e-05,0.06490810960531235,0.052509600148787576,1.4208605026406442e-05,0.06013869866728783,0.0502170774316977,1.2311587230046771e-05,0.05713839828968048,0.04830629591430936,1.094437235799831e-05,0.0548921562731266,0.04668466054967472,9.926169704203059e-06,0.053046807646751404,0.04528851789377984,9.143043125414178e-06,0.05147652328014374,0.04407249538907929,8.522240206909058e-06,0.050110865384340286,0.04300313957390331,8.016528733155351e-06,0.04891183227300644,0.04205505455297137,7.594425693863839e-06,0.04785063862800598,0.04120853661544739,7.234263944921981e-06,0.04690472036600113,0.04044801611748953,6.9207483178576915e-06,0.046055905520915985
847,3,self_attn_after_gate,Gaussian,1,0.27158383729438934,0.06199261990238872,1.6688079833984375,0.09199970440259056,0.00031409480230633726,0.13367585837841034,0.06177843338440335,7.157273909774492e-05,0.08470206707715988,0.0479856330960516,2.716150212077114e-05,0.0634443610906601,0.04023181304099068,1.4711140826468048e-05,0.05068189650774002,0.035268098677671146,9.784715964645448e-06,0.04371974244713783,0.03181511527370839,7.212307612854155e-06,0.03957400098443031,0.029272702212134998,5.5968898454264185e-06,0.03627404570579529,0.027323694190099126,4.485782587812672e-06,0.03354478254914284,0.025784355129987474,3.6937703355668766e-06,0.031240396201610565,0.024540527235893977,3.1222706946148637e-06,0.029282882809638977,0.02351757109401718,2.707835953652164e-06,0.027729038149118423,0.022664801409793277,2.40579038546863e-06,0.026457253843545914,0.021946672438865618,2.184076641280543e-06,0.025338726118206978,0.021337389502496945,2.0200434569887016e-06,0.024659184738993645,0.02081750011041997,1.8979071845151842e-06,0.024105537682771683,0.020371818116733005,1.8066576736277472e-06,0.023625703528523445,0.019988165251792422,1.7384689974266656e-06,0.02320755086839199,0.019656615006545232,1.6876263795452891e-06,0.022841956466436386,0.019368974521519648,1.6498412005327378e-06,0.022521905601024628
847,3,cross_attn,Vertical,1,0.7589483644281115,0.17157650984801134,2.321791172027588,0.25630021024317967,0.0032218510013562467,0.3772541880607605,0.15967534115863224,0.0006024578126877492,0.21763068437576294,0.11662159481691936,0.00019401569550060727,0.15234319865703583,0.09328701808339074,8.686048793723885e-05,0.11533737182617188,0.07909228297926131,4.990139478898201e-05,0.09358939528465271,0.06971264494553445,3.46564738527356e-05,0.08164919167757034,0.06315663805793202,2.729960077477778e-05,0.07388118654489517,0.05839235631246415,2.325927774559413e-05,0.06912311166524887,0.054799496477085444,2.073927903857445e-05,0.06531448662281036,0.05198890083129444,1.8963752043681728e-05,0.06205553933978081,0.049730463042145685,1.7628922522772093e-05,0.05927235633134842,0.047893823316646,1.6622987550171194e-05,0.05702005326747894,0.04639419877812976,1.587818210222166e-05,0.05527832359075546,0.04516256642010477,1.5323610701005315e-05,0.05396144837141037,0.044136042041437965,1.4880213244246832e-05,0.052978187799453735,0.043258999489129535,1.4471105697540241e-05,0.052246592938899994,0.04248879116678995,1.404251061695902e-05,0.05168883502483368,0.04179911132133196,1.3579532053268127e-05,0.051234170794487,0.04117762054952364,1.3099907319709835e-05,0.05082964897155762
847,3,cross_attn,Horizontal,1,0.9747297867896065,0.4300006937588582,4.239842414855957,0.39871944085000055,0.0057822974618986596,0.5770300626754761,0.27348932434642126,0.001404203141628351,0.3629932701587677,0.21430394833996183,0.0005286811603520931,0.27736806869506836,0.18079754118881528,0.00025835341757711905,0.22737275063991547,0.15942196193195524,0.00014590831129257845,0.1938137710094452,0.14480027863903652,8.982162870812421e-05,0.1702953726053238,0.13430968470989713,5.842791933283004e-05,0.15372821688652039,0.12647642916630183,3.922469703212946e-05,0.1417301595211029,0.12045186509688695,2.6915130657131872e-05,0.13274192810058594,0.11570512053985445,1.8900079980000472e-05,0.12576806545257568,0.11189672433667713,1.3715298635559722e-05,0.12020879983901978,0.10880607567609303,1.0378431614543012e-05,0.1157311201095581,0.10627430500019164,8.192623487258132e-06,0.11210530996322632,0.10417938587211427,6.707543839790386e-06,0.10928362607955933,0.1024272788375143,5.656653887573383e-06,0.10718272626399994,0.10094562291152893,4.890536772607224e-06,0.10545819252729416,0.09968009118049864,4.322921952094731e-06,0.10416480898857117,0.09859113146861394,3.89524726192413e-06,0.10306018590927124,0.09764896013907023,3.564054665611032e-06,0.10206841677427292
847,3,cross_attn,Gaussian,1,0.5632185661603534,0.06045474869756931,1.2682199478149414,0.21559971074263254,0.0019177618453678842,0.30949580669403076,0.1377740434947468,0.0005536019420873589,0.19911399483680725,0.10137288828217794,0.00023077952511629452,0.14086073637008667,0.08116506430364791,0.00011486598709542469,0.10739104449748993,0.06862974267393823,6.592935159793458e-05,0.08834905922412872,0.060222330902303965,4.1908282023517914e-05,0.07451450079679489,0.05428537158738999,2.8850884920575483e-05,0.06517648696899414,0.04993210117968302,2.136898943877922e-05,0.05887359753251076,0.04663031051556269,1.6834650509240348e-05,0.05445310100913048,0.044069162141236046,1.3856279526969089e-05,0.05125956982374191,0.04205959018260714,1.1753422318295214e-05,0.04831467196345329,0.04046509704656071,1.0217057043141768e-05,0.04584244638681412,0.039180749583811986,9.066269479350655e-06,0.0441153347492218,0.03812784305404103,8.184275832301974e-06,0.04327501356601715,0.03725007194138709,7.501717421438729e-06,0.042548768222332,0.03650952201514017,6.9790479102497705e-06,0.041948363184928894,0.0358806090754649,6.590290276092707e-06,0.041464127600193024,0.035344387951587876,6.3140622064873215e-06,0.0411188006401062,0.03488560621109274,6.1307711259328035e-06,0.04090031236410141
847,3,mix_ffn_after_gate,Vertical,1,0.4581944750888007,0.06486244539884099,1.29978346824646,0.14391611161686124,0.0008939763454758768,0.2163168489933014,0.07998646996797078,0.00012825949219222391,0.10546665638685226,0.053291945585182736,3.310756490720192e-05,0.06460712850093842,0.03969621256230369,1.2566762767604952e-05,0.04621019959449768,0.031896612148672815,6.427257504099266e-06,0.03637537360191345,0.027050010298216152,4.110623494338089e-06,0.030713045969605446,0.023860740637968458,3.0687122513672223e-06,0.027780283242464066,0.021669257905275102,2.5356139918235887e-06,0.02569006383419037,0.02011139534177288,2.2374135926076667e-06,0.024161117151379585,0.018972716575104093,2.0600699652357197e-06,0.023016314953565598,0.018120026482003077,1.9470830598607477e-06,0.02213590033352375,0.017467679515007942,1.866731508830197e-06,0.021444203332066536,0.016960805888095544,1.8037442183063207e-06,0.02090178057551384,0.016564656743809344,1.753778884361582e-06,0.020483113825321198,0.016255411733355787,1.7150770388361069e-06,0.02016209065914154,0.0160142710757634,1.6849437085871767e-06,0.019916251301765442,0.015825783346025718,1.6613366114069498e-06,0.01972944103181362,0.01567744547944693,1.643832624027448e-06,0.019588124006986618,0.015559092459697572,1.6328277822647751e-06,0.01947721838951111
847,3,mix_ffn_after_gate,Horizontal,1,0.5641062666499426,0.10016903636871172,1.76970374584198,0.17922250642662957,0.0014075015617026239,0.2767699360847473,0.09991773962974548,0.00018320493322508482,0.13466300070285797,0.06843954271503858,4.49522642855777e-05,0.08522038161754608,0.052737887830488266,1.6366832066477014e-05,0.06263990700244904,0.04376133099671394,7.78031949151094e-06,0.05062602460384369,0.03815890487933916,4.53617022856743e-06,0.04329739511013031,0.03444219188439467,3.0937843619807636e-06,0.0385139100253582,0.03186416773805543,2.369104859015639e-06,0.03522767871618271,0.0300155889893335,1.9716184115377036e-06,0.03289126604795456,0.028656010501204976,1.73942919633173e-06,0.031191062182188034,0.02763570732777081,1.5971117113053962e-06,0.029925236478447914,0.02685678708884451,1.5070867632126435e-06,0.02902039885520935,0.02625248832480302,1.4504517444775536e-06,0.02838977798819542,0.02577542339170736,1.417403171160384e-06,0.027906013652682304,0.02539134667151504,1.4008428035164927e-06,0.0275289136916399,0.025076525729326976,1.3931657583202843e-06,0.02722189389169216,0.024815764632963,1.3878115948706182e-06,0.02695740945637226,0.024599144146555944,1.3818909580866003e-06,0.026722963899374008,0.024419076533781156,1.3753775354006594e-06,0.02653561346232891
847,3,mix_ffn_after_gate,Gaussian,1,0.4450391311021078,0.06165436941500051,1.1719387769699097,0.12478803039070159,0.0009583031234434016,0.2002892643213272,0.06450473375263668,0.0001143850009917174,0.09285387396812439,0.04144020733379182,2.643186548424711e-05,0.055316150188446045,0.03015038093167638,8.574224813173192e-06,0.03763369843363762,0.02386948306645666,3.603404038831537e-06,0.028709035366773605,0.02007762100251894,1.921132466081901e-06,0.023643506690859795,0.017654196078342104,1.2594934791776596e-06,0.020448490977287292,0.016039037160457126,9.613220822087962e-07,0.018661707639694214,0.014929360532689662,8.112246274429426e-07,0.01766187697649002,0.014148369209752196,7.286740303958301e-07,0.016917120665311813,0.013586791616583627,6.787786941721449e-07,0.01635035127401352,0.013175016860403711,6.455609735499283e-07,0.015913337469100952,0.012867986372420712,6.213194889871667e-07,0.015574026852846146,0.012636482907784364,6.022519455116184e-07,0.015308164060115814,0.012461219455987688,5.865435820727094e-07,0.015097396448254585,0.012328554624839434,5.733187156817102e-07,0.014928625896573067,0.012228088024708013,5.622076859472487e-07,0.014792496338486671,0.012151610889723377,5.531703821338381e-07,0.014682698994874954,0.012092705047319807,5.46244669477287e-07,0.014595415443181992
847,4,self_attn_after_gate,Vertical,1,0.6782606263009329,0.21183893582979288,2.3201825618743896,0.22086038854387072,0.002564864894537146,0.36759960651397705,0.1311724836391116,0.0006159494068127638,0.1985321193933487,0.09035891601963648,0.00022000491862234802,0.13414162397384644,0.06856074054089803,9.967396526816602e-05,0.1032259613275528,0.05554321845845571,5.578615018173404e-05,0.08376546204090118,0.04701923880548704,3.671523279529466e-05,0.07020074129104614,0.04103405415893547,2.6808158482416018e-05,0.060024794191122055,0.03661470245274286,2.0852770659049105e-05,0.05210245028138161,0.03322981253621124,1.6914532369573255e-05,0.04581911116838455,0.030564405319709626,1.4165758585516693e-05,0.04080688953399658,0.02841941092813772,1.2190050330688671e-05,0.03842257708311081,0.026662717322035442,1.0745118747824602e-05,0.03648943081498146,0.02520309341332269,9.674807252654016e-06,0.034902215003967285,0.023975322555218424,8.872404287659442e-06,0.033583976328372955,0.022931468540004322,8.263113086923478e-06,0.032476454973220825,0.022035578738838907,7.793968188628789e-06,0.031534790992736816,0.021260283325636196,7.427137605140972e-06,0.030724290758371353,0.020584476904736623,7.135327162782261e-06,0.030018175020813942,0.01999166551681738,6.898579320802158e-06,0.02939581498503685
847,4,self_attn_after_gate,Horizontal,1,0.5869557888261856,0.10982660848599239,1.5370820760726929,0.19602191471864308,0.001974085989019085,0.34084653854370117,0.12141516686431945,0.0003802832945392362,0.17413589358329773,0.09132655544413461,0.0001460090560318553,0.13110950589179993,0.0756613899554525,8.253622012407603e-05,0.11049599945545197,0.0660530799438083,5.55140439039766e-05,0.09557715058326721,0.05956310725637844,4.086750537938113e-05,0.08459910750389099,0.05489801130597553,3.187979641818618e-05,0.07650718092918396,0.051383924980958305,2.590425700922902e-05,0.07041851431131363,0.048636189055821254,2.171364164734128e-05,0.06569349020719528,0.04642240608495379,1.866787184663279e-05,0.06191474199295044,0.04459562572458434,1.6395979461705255e-05,0.058818571269512177,0.04305922517937327,1.4667537715432085e-05,0.056235793977975845,0.04174735379360971,1.3333036766773529e-05,0.054053276777267456,0.04061362880562979,1.2291945598208882e-05,0.05219127610325813,0.03962441971377721,1.1474202628006619e-05,0.050590671598911285,0.03875479131700501,1.082909752108449e-05,0.049205806106328964,0.03798594142472933,1.0318578147331887e-05,0.048000436276197433,0.03730349538345185,9.913225600729258e-06,0.046945199370384216,0.03669627247348664,9.589836357342305e-06,0.04601602256298065
847,4,self_attn_after_gate,Gaussian,1,0.8962748178413936,0.6597237606175811,4.999445915222168,0.27318250565301805,0.004126483936712667,0.4762122333049774,0.16618320322225963,0.0009191202744080268,0.2554347813129425,0.11718591054280598,0.00032841834108231894,0.1664692908525467,0.08920775223819036,0.00015450217341684522,0.12264926731586456,0.07142645126533886,8.610030508397937e-05,0.09564010798931122,0.0593908562783211,5.343732050851693e-05,0.07975815236568451,0.0508717769786479,3.575420107019082e-05,0.06817641854286194,0.04461585712574777,2.5313130933715462e-05,0.05931347981095314,0.0398732792172167,1.8730103903440453e-05,0.052329979836940765,0.03617696925288155,1.4364601549685882e-05,0.04672468453645706,0.03322593920997211,1.1352643832064177e-05,0.042330946773290634,0.030820399138426022,9.205335264935327e-06,0.03858174383640289,0.028824375587559882,7.63023100436111e-06,0.03539688140153885,0.027143300584857425,6.445408180465805e-06,0.033619627356529236,0.025710018026450322,5.534281104450673e-06,0.03208272531628609,0.02447578881586355,4.820257258076556e-06,0.03067537024617195,0.02340439869652665,4.251754214451729e-06,0.029387131333351135,0.02246828004717827,3.793168167716916e-06,0.028209708631038666,0.02164594755167999,3.419307994567175e-06,0.027135375887155533
847,4,cross_attn,Vertical,1,0.7571520639790429,0.1282633830909924,2.244034767150879,0.3106802749255347,0.0052092401002852215,0.5985140800476074,0.2002247612154673,0.001334347640172773,0.3473253846168518,0.15044266541325857,0.0005262523592186808,0.23915117979049683,0.12256075796626863,0.00025575942128824923,0.17787529528141022,0.10546892916872389,0.00014421419749710993,0.13969922065734863,0.09422890167860758,9.500420479349024e-05,0.11662431061267853,0.08629982528232392,7.004497151202946e-05,0.10437102615833282,0.08042409554833457,5.5434342925657466e-05,0.09640927612781525,0.07592243228166823,4.5856287527899055e-05,0.09062719345092773,0.07237321522737307,3.906679745455725e-05,0.08633953332901001,0.06949320216737097,3.4021387924124794e-05,0.08297096192836761,0.06710731657961058,3.0344098704244335e-05,0.08013582229614258,0.06511767912242147,2.7786836155621086e-05,0.07770279049873352,0.06345112604044732,2.5998599852461716e-05,0.07563628256320953,0.062038414002884,2.4697993119661104e-05,0.07386535406112671,0.060819193898212345,2.3706050511930684e-05,0.0722966343164444,0.05975082504843909,2.288459357760936e-05,0.07084633409976959,0.05881362296049557,2.2154255815470917e-05,0.06948783248662949,0.05800263098781071,2.152335213086656e-05,0.06827174872159958
847,4,cross_attn,Horizontal,1,0.9825490197492024,0.557339266354152,5.373955726623535,0.3766019550107774,0.006075673038425796,0.6178768873214722,0.26081224093361505,0.001460437104274208,0.37659120559692383,0.2082649412609282,0.000527054406106241,0.2785758972167969,0.17815617176275406,0.000245083016112558,0.22399595379829407,0.15879606916790917,0.00013873018596670538,0.18936865031719208,0.1453736980283071,8.95338196770478e-05,0.16608642041683197,0.1355485192367009,6.23134219691349e-05,0.15322431921958923,0.12809062146005176,4.537097101402426e-05,0.14403662085533142,0.12227647609653927,3.407568200743465e-05,0.13651056587696075,0.11764331339370637,2.6264766680634524e-05,0.13026440143585205,0.11388055483500163,2.073400514120777e-05,0.1250094324350357,0.11077311587712121,1.67287560313795e-05,0.12052331864833832,0.10817149269675451,1.3767566810290558e-05,0.11666040867567062,0.10597384709214407,1.1548347940123462e-05,0.11372208595275879,0.10410812508965296,9.863044590048297e-06,0.11151595413684845,0.10251721491416295,8.558935927745137e-06,0.1096024140715599,0.10115329814808709,7.530919786852112e-06,0.10792748630046844,0.09997522050426119,6.710797911084241e-06,0.10645726323127747,0.09894688545711457,6.051187721458533e-06,0.10517030209302902
847,4,cross_attn,Gaussian,1,0.8107761144638062,0.18838581851612293,2.610168218612671,0.3002456646590006,0.0047651049837266,0.4766244888305664,0.18272238662318577,0.0008278761865670963,0.2713419198989868,0.13305539117446022,0.0003211771902114426,0.20593395829200745,0.1063944734041653,0.00018725001883127882,0.1659303903579712,0.08999154137240516,0.0001267596379963797,0.13765856623649597,0.07893918501952338,9.179927637168897e-05,0.11679854243993759,0.07106400872506792,7.002700175300396e-05,0.10158912092447281,0.06524462063634207,5.610676270929975e-05,0.090381920337677,0.06080516971766003,4.68870307572334e-05,0.08190140128135681,0.057322511892943157,4.0596109935046596e-05,0.0753876268863678,0.05454937149844472,3.628613479204157e-05,0.07033342123031616,0.05233182663482333,3.335466154800066e-05,0.06634105741977692,0.05054215052061611,3.131082760686243e-05,0.0632450059056282,0.04907125015816991,2.9744606849448373e-05,0.062118008732795715,0.04783363616655743,2.8343244945237656e-05,0.06125534325838089,0.046769371877113976,2.6954071568181824e-05,0.06049024313688278,0.045843137043809136,2.560302374413314e-05,0.05971779674291611,0.045035627862763786,2.439053950607349e-05,0.05893328785896301,0.04433317866826814,2.3380140943859838e-05,0.058180492371320724
847,4,mix_ffn_after_gate,Vertical,1,0.5480745181677833,0.0920863242785558,1.5195215940475464,0.1706830289155718,0.0014039692991361557,0.23995177447795868,0.0932519460717837,0.0002013209099282566,0.12489257752895355,0.061727377216494274,5.525221498255025e-05,0.07911740243434906,0.045911855936523464,2.1965981901549598e-05,0.056427713483572006,0.03696934680735308,1.1506181589840786e-05,0.043950118124485016,0.03149190388383374,7.494287023534238e-06,0.03672155737876892,0.027934520815809567,5.69696524299557e-06,0.0330989770591259,0.025518789355243956,4.775876798969087e-06,0.030726732686161995,0.023819833225201047,4.249800763132279e-06,0.029016021639108658,0.02259063475307018,3.923530415355831e-06,0.027753228321671486,0.02168055440461825,3.7089138684689124e-06,0.026802554726600647,0.020993918505689456,3.561297456211316e-06,0.026071850210428238,0.02046813339822822,3.454718966588578e-06,0.025498267263174057,0.020061447240767024,3.372866091748621e-06,0.025042420253157616,0.01974512766751032,3.3060577649776036e-06,0.02467990666627884,0.019498398379674032,3.249253094180159e-06,0.024392638355493546,0.019305735560400144,3.2000403505228915e-06,0.02416566014289856,0.019155366641898004,3.157233501220801e-06,0.02398688532412052,0.019038221695356898,3.1202769920071036e-06,0.023846935480833054
847,4,mix_ffn_after_gate,Horizontal,1,0.9128354106630597,0.5454317170085754,3.713303565979004,0.28658745402381536,0.003453105035312212,0.4196571707725525,0.16900285108694954,0.0006645318944308268,0.2333594411611557,0.1154021064913462,0.00018228650746179693,0.14887285232543945,0.08694382165632551,6.404506952369949e-05,0.10489112138748169,0.07010509197910626,2.7876974054199158e-05,0.08207344263792038,0.05930958463559075,1.4633496737983222e-05,0.06753232330083847,0.05197062065440511,9.0402156756923e-06,0.058876074850559235,0.046753301861740294,6.379728325528869e-06,0.053878843784332275,0.042910220249304694,4.976054239611853e-06,0.05007974058389664,0.039997482465373144,4.165915551794311e-06,0.047124601900577545,0.037738913640616434,3.6620799702098063e-06,0.04478622227907181,0.035955477387659134,3.3294421333166037e-06,0.042911775410175323,0.03452660669646566,3.0992711871597728e-06,0.0413936972618103,0.033368221232815395,2.934053388741614e-06,0.04015318304300308,0.03241982033091878,2.8120116689737176e-06,0.03913074731826782,0.03163668705475709,2.7196522082154643e-06,0.0382804311811924,0.03098503736749528,2.6479722087208706e-06,0.03756607323884964,0.030438867175862902,2.590489469557481e-06,0.03695882856845856,0.02997783071819752,2.5422557677239984e-06,0.03643574193120003
847,4,mix_ffn_after_gate,Gaussian,1,1.0870953575959281,0.7321246095291136,4.129695892333984,0.2714711063437992,0.0035546923068079904,0.39678072929382324,0.1495931874665003,0.0005732396040483216,0.20354992151260376,0.09680910171970489,0.0001570030167888975,0.12878049910068512,0.06886331358599285,5.7952123799698225e-05,0.08936385065317154,0.05223917363891526,2.608107236513143e-05,0.06610628962516785,0.04158178509937392,1.3662332203206466e-05,0.05134303867816925,0.03437410203355645,8.110997689561127e-06,0.041459210216999054,0.029290921099129178,5.337210786762356e-06,0.03465980291366577,0.02558336557731742,3.817226557633733e-06,0.03003832697868347,0.022805896247663195,2.9201733493257864e-06,0.026548167690634727,0.020680941966554477,2.3592061139571483e-06,0.024117253720760345,0.019027741625905037,1.992124210795572e-06,0.02229967899620533,0.017723789749046166,1.7428687022374452e-06,0.020825596526265144,0.016683243510742036,1.568075926436887e-06,0.019614122807979584,0.015844253143147816,1.4416809222277053e-06,0.01860521174967289,0.015161193596820036,1.3473726784846108e-06,0.017754074186086655,0.014599763891763158,1.2747208996677755e-06,0.017058799043297768,0.014133892273382536,1.2170370920817326e-06,0.01660182699561119,0.013743755111973437,1.1699964635551219e-06,0.016208484768867493
847,5,self_attn_after_gate,Vertical,1,0.5402360369288732,0.21050774619369603,2.169104814529419,0.13910856074283992,0.001191577531504831,0.24997155368328094,0.08172519079276494,0.00020509213510951543,0.12248993664979935,0.058369524244751246,6.89238036262971e-05,0.07790086418390274,0.04642173269438365,3.8073997030253564e-05,0.05845608562231064,0.03915767569745344,2.7181012676939752e-05,0.05024933069944382,0.034264089746607676,2.1810454537912916e-05,0.04534752666950226,0.03075529918784187,1.8543263725267412e-05,0.041524387896060944,0.028123675091635613,1.6293627057505212e-05,0.038445137441158295,0.026077500263613367,1.4631973148889601e-05,0.03590201959013939,0.024439004944666984,1.3356994080390892e-05,0.03376328945159912,0.023095130979541748,1.235869007241203e-05,0.031941406428813934,0.021971370226570537,1.1568203053479362e-05,0.030858652666211128,0.021017119687582766,1.0937423790525781e-05,0.029994778335094452,0.020197114921988002,1.0430106733914808e-05,0.02927858754992485,0.019486154636575118,1.0018007352793131e-05,0.02867725118994713,0.018865685555196944,9.679055124049114e-06,0.028166525065898895,0.01832157009769054,9.396243926851567e-06,0.027728136628866196,0.017842646614308396,9.156689924535083e-06,0.02734813466668129,0.01741982703762395,8.950705758448144e-06,0.02701578661799431
847,5,self_attn_after_gate,Horizontal,1,0.45004610622686053,0.15378794713119218,2.206441879272461,0.1589771549380015,0.0007922290725622018,0.227495014667511,0.10206719854521373,0.00016446657451813545,0.13288462162017822,0.07757907218876339,6.523163362297287e-05,0.09804391860961914,0.06446701849973391,3.6398230332870994e-05,0.08088809251785278,0.05623975082758873,2.3548448954201285e-05,0.07031142711639404,0.050613156445915734,1.6904243427388696e-05,0.062264665961265564,0.04656440953886698,1.3244768694794709e-05,0.05599568411707878,0.043538980718169897,1.110441899920199e-05,0.05224206671118736,0.04120303873741438,9.75997262924368e-06,0.049910999834537506,0.03934676324327787,8.852015437694882e-06,0.047987792640924454,0.037834894710353444,8.19688908951527e-06,0.04634983092546463,0.03657811602193212,7.695929044345654e-06,0.044921621680259705,0.035515911285839384,7.293634343033145e-06,0.04365555942058563,0.034606155806354115,6.958021865966159e-06,0.04252086579799652,0.033818702671736006,6.6707325858709975e-06,0.041496969759464264,0.03313134173079142,6.421293591131535e-06,0.04056920111179352,0.032527201823771945,6.203615959782875e-06,0.03972632810473442,0.03199308392192636,6.013769733503702e-06,0.03895909711718559,0.03151838682473652,5.848757115842812e-06,0.038259536027908325
847,5,self_attn_after_gate,Gaussian,1,0.3297585332914004,0.05425868865275886,1.1586560010910034,0.10809541316259474,0.0004250386217536183,0.15263530611991882,0.0701263826044779,0.00010674443167867323,0.10010351240634918,0.05212410551214975,4.031156437167075e-05,0.07131868600845337,0.04180800565888011,2.0355431202578114e-05,0.05404303967952728,0.03520392520087106,1.2749993860191596e-05,0.044104982167482376,0.030686230620458013,9.201006121910144e-06,0.03726230561733246,0.0274444670667724,7.22802492645352e-06,0.03362196683883667,0.025028320591128063,5.995538766960389e-06,0.030958745628595352,0.0231703126004764,5.172651729108984e-06,0.02875562384724617,0.021704215615514725,4.5972170263658246e-06,0.02692772075533867,0.020522920976555538,4.176377886788205e-06,0.025584306567907333,0.019554936859224523,3.85399420334421e-06,0.024424750357866287,0.018750815090560723,3.5963459869842005e-06,0.023416630923748016,0.01807515821345742,3.383531108327836e-06,0.02253730222582817,0.017501867612794278,3.2038127473138235e-06,0.021769944578409195,0.017011250354467877,3.05003392759207e-06,0.021100997924804688,0.016588229626890213,2.9174597951981252e-06,0.02051839604973793,0.01622114061481423,2.8026202642663426e-06,0.020010700449347496,0.015900861560588793,2.7027239229179225e-06,0.01956695318222046
847,5,cross_attn,Vertical,1,0.5964482199578058,0.08386941636353211,1.6327046155929565,0.2497197931248044,0.002963246862270567,0.3827245831489563,0.16842163200416263,0.0009097829863104596,0.2357538640499115,0.1309251988690997,0.0004102949681569357,0.17732852697372437,0.10997843363928417,0.00023532630594647554,0.1458893120288849,0.09650932110491253,0.0001517026114838294,0.12653884291648865,0.08723909419680399,0.00010634368968689216,0.11206485331058502,0.08055906068711054,7.999026487856281e-05,0.10083240270614624,0.07558505656936812,6.38549665653358e-05,0.09200502932071686,0.07178753034936057,5.353915426729389e-05,0.08600099384784698,0.06882184294481127,4.665800835917598e-05,0.08269020915031433,0.06645504692717204,4.180563278334638e-05,0.08026731014251709,0.06452757480835157,3.816836523874643e-05,0.07831169664859772,0.06293131700820392,3.5349468897940275e-05,0.07663343846797943,0.061591044837047186,3.3148771193012555e-05,0.07517826557159424,0.060452375797525285,3.142542406692112e-05,0.07388705015182495,0.05947307804747233,3.0082127762968056e-05,0.07268376648426056,0.058620588055678775,2.9047356024626055e-05,0.07150103151798248,0.05787293080772672,2.8260221989105514e-05,0.07031793892383575,0.05721752469738325,2.7667139204176585e-05,0.0691613107919693
847,5,cross_attn,Horizontal,1,0.7149426615427411,0.0983923186098599,2.0630974769592285,0.3104459447047067,0.002441567294841052,0.45586204528808594,0.21942998066781058,0.0005833357204612,0.2820051610469818,0.17656711287914761,0.00020612615480294382,0.20790565013885498,0.15268891458473507,0.00010052166070995506,0.1759658306837082,0.1374831052999648,5.860058440054414e-05,0.15652984380722046,0.12707346110116868,3.8471454285986e-05,0.14287400245666504,0.11965832220656532,2.7449847404221874e-05,0.13284751772880554,0.11419890773674798,2.0617569464019477e-05,0.12521284818649292,0.11006556948026021,1.6063757069775504e-05,0.11919637024402618,0.10686233781632923,1.2927633006091173e-05,0.1143563985824585,0.10433206092270594,1.072133940426063e-05,0.11170533299446106,0.10230042253221784,9.150157581998564e-06,0.10959053039550781,0.10064153231325604,7.993394115871751e-06,0.10777907073497772,0.09926631940262658,7.101697138095334e-06,0.10619020462036133,0.09811308956335461,6.397898536838491e-06,0.10476674139499664,0.09713693696355062,5.830968191788952e-06,0.10345207154750824,0.09630488675265085,5.3586544813348656e-06,0.10221116244792938,0.09559256346925857,4.943892985883098e-06,0.10106564313173294,0.09498179065329689,4.561726394198435e-06,0.10006261616945267
847,5,cross_attn,Gaussian,1,0.7351763740418449,0.13572230537758362,2.228804111480713,0.30472897418907713,0.005670901787064895,0.527959406375885,0.19419317113028634,0.0013717279160364642,0.3047592341899872,0.14242538182981432,0.000445159963126037,0.20406070351600647,0.11373691438209443,0.00019671508927232524,0.15102586150169373,0.09583649429537001,0.00011127867072875925,0.1222936287522316,0.08397200609010363,7.607090216622921e-05,0.1068786233663559,0.07562454967271715,5.8087954921989614e-05,0.09623615443706512,0.06944184159002607,4.6911377535305785e-05,0.0881645604968071,0.06467841151687834,3.9170205300525494e-05,0.0817592516541481,0.060918328248792224,3.373827610840318e-05,0.07671193033456802,0.05790729146628153,2.990341232832882e-05,0.07274086773395538,0.05546935878339268,2.7132716644179628e-05,0.06957238912582397,0.05348071994052993,2.5058535294085177e-05,0.06699821352958679,0.05185466750510155,2.3461392725952847e-05,0.06487824022769928,0.050527537271143896,2.22610966209859e-05,0.06313307583332062,0.049444029255518836,2.1456437456223663e-05,0.06172103062272072,0.04854844386378924,2.103792209176382e-05,0.060607004910707474,0.047784073721794856,2.0935342009857713e-05,0.05973011627793312,0.047102056798480806,2.102178077115421e-05,0.05899360775947571
847,5,mix_ffn_after_gate,Vertical,1,0.978326109666673,0.40371919184380844,3.224679470062256,0.2956133555798304,0.0043348948017027465,0.43816640973091125,0.15561341849111376,0.0006373785768355682,0.21646635234355927,0.09791094301238892,0.000150185171895162,0.12995114922523499,0.06901352024740642,4.9365359246999254e-05,0.08704332262277603,0.05256028851819417,2.058949499281754e-05,0.06290163844823837,0.04237745235127116,1.0437068010618996e-05,0.0482705757021904,0.03570687138135471,6.339446010828906e-06,0.04050995036959648,0.03114822255595336,4.510586473578833e-06,0.035361699759960175,0.027925788144034052,3.6147694883726174e-06,0.0317351296544075,0.025583063207921527,3.1351757897091718e-06,0.029123932123184204,0.023838912861214742,2.8585139927044343e-06,0.027218326926231384,0.02251370676926204,2.68985996139144e-06,0.025896765291690826,0.021489066323117603,2.5829235578762442e-06,0.02506224624812603,0.020684881579308284,2.5131774343547188e-06,0.024447618052363396,0.02004563421129234,2.4667347006047503e-06,0.02397073246538639,0.019531984798728474,2.4352742406962017e-06,0.023596778512001038,0.0191154752872766,2.4135564839498186e-06,0.02330024167895317,0.018775131494279892,2.398156138779388e-06,0.02306218072772026,0.01849523911045657,2.3867899050898175e-06,0.022868681699037552
847,5,mix_ffn_after_gate,Horizontal,1,0.7434919580580697,0.1352907335892471,2.0428571701049805,0.23732619200434005,0.002916334157275672,0.3523963987827301,0.12460231650916356,0.00038368476399431374,0.1699175238609314,0.08054269519117144,8.35344156876098e-05,0.10005494952201843,0.05892357703239199,2.570158768025959e-05,0.06891150772571564,0.04681703607950892,1.0678560388687125e-05,0.053547218441963196,0.03945316581262483,5.8502816750235215e-06,0.045406512916088104,0.03470917477730721,4.0234284863847364e-06,0.040055692195892334,0.03151588774626217,3.2339518676953673e-06,0.036411844193935394,0.02928896165556378,2.851550283242592e-06,0.03386039286851883,0.027690239221094145,2.646573528700883e-06,0.032032907009124756,0.026514814604842472,2.5256952745328174e-06,0.030699390918016434,0.025633534948740686,2.4472625867827206e-06,0.02971072494983673,0.024962161741559467,2.3917523394088523e-06,0.028966065496206284,0.024444005585142543,2.3500295430420917e-06,0.028394833207130432,0.024039801712783557,2.3174717901119877e-06,0.027947615832090378,0.02372163800256593,2.29115547496791e-06,0.027590354904532433,0.023469217446824862,2.2689741322934524e-06,0.027299443259835243,0.02326751798982658,2.2495437708560267e-06,0.027058590203523636,0.02310527961642023,2.232211552069874e-06,0.026857051998376846
847,5,mix_ffn_after_gate,Gaussian,1,0.7049790370085883,0.14659165651169218,2.224630832672119,0.2144862659393795,0.0026981223217631654,0.3251270353794098,0.10692201590254194,0.0003855287402243826,0.15000322461128235,0.06415537188923548,8.606814906270699e-05,0.08717916905879974,0.04351883091860347,2.5727049616251855e-05,0.05705494433641434,0.032281093802007416,9.863856999259005e-06,0.04067302495241165,0.025617133796451582,4.741659514996696e-06,0.0310024693608284,0.021407938547550687,2.7726277019811894e-06,0.025704842060804367,0.018618894208754812,1.8979255731518321e-06,0.022477008402347565,0.01670078995327155,1.4616128816957077e-06,0.020231980830430984,0.01534145927086236,1.22222456985008e-06,0.018628038465976715,0.014353680173082957,1.0795951415608509e-06,0.01745082437992096,0.013620489912610206,9.88446577729038e-07,0.016564900055527687,0.013066585722660262,9.271075610970001e-07,0.01588372141122818,0.012642318397642129,8.846134217595196e-07,0.015349950641393661,0.012314065507361813,8.549580396969136e-07,0.014924333430826664,0.012058298680044356,8.344710204948175e-07,0.014579987153410912,0.011858056343737104,8.206347077297597e-07,0.014298450201749802,0.011700828367519,8.115867269208881e-07,0.014066527597606182,0.011577199227989667,8.058708677497824e-07,0.013874223455786705
817,3,self_attn_after_gate,Vertical,1,0.6629008329103864,0.5718487888378657,3.677824020385742,0.15170285082052623,0.0013444084971113077,0.23327067494392395,0.09390987160186919,0.0002521971942623821,0.12856647372245789,0.0685058870604114,7.652242254985703e-05,0.08550554513931274,0.05480709725192615,3.353822127335414e-05,0.06601101905107498,0.046514462147440226,1.9191037218139415e-05,0.056191377341747284,0.04103484737967688,1.3073965636880539e-05,0.04948930814862251,0.037164347009762885,1.0147214967603547e-05,0.04467961564660072,0.034284029540324966,8.670716601197352e-06,0.041253428906202316,0.032048220761002055,7.891879651269971e-06,0.03858787566423416,0.030252364478887073,7.442772973439021e-06,0.03643457591533661,0.028770161644806936,7.131546849358766e-06,0.03464758023619652,0.027521140104721464,6.861544970524555e-06,0.03313435986638069,0.0264525076167451,6.59544662674398e-06,0.03191594406962395,0.025528245827271825,6.330179498836967e-06,0.03119734488427639,0.024722457789475957,6.075940601538223e-06,0.03057713247835636,0.0240155387196749,5.843104286647363e-06,0.030036140233278275,0.023392033186696824,5.637457066339812e-06,0.02955954149365425,0.02283944896171017,5.460299470570834e-06,0.029136016964912415,0.022347530320523275,5.310043141114736e-06,0.02875690907239914
817,3,self_attn_after_gate,Horizontal,1,0.31757473165080663,0.04373409672451822,1.184039831161499,0.12212127175122972,0.00035247008312029045,0.17684099078178406,0.08783541359598675,8.486336814757913e-05,0.11628887057304382,0.07165799762994524,4.03295474241796e-05,0.08989334106445312,0.06214512050861404,2.6504887805840128e-05,0.0761411190032959,0.05588634152497564,1.9901690192913575e-05,0.06765095889568329,0.051442231982946396,1.5874729961415763e-05,0.061900295317173004,0.048102830078393694,1.3062019441158528e-05,0.05718182027339935,0.04548820321049009,1.095764437252494e-05,0.05325871706008911,0.043382736425551155,9.346495901337347e-06,0.04999646916985512,0.041657205848466786,8.121390900865478e-06,0.04729854315519333,0.040228499010914846,7.204072747389691e-06,0.045633263885974884,0.03903776797510329,6.517062030495543e-06,0.04443720728158951,0.03803963681298589,5.99185146859111e-06,0.04340069368481636,0.03719776824471496,5.5796646611853416e-06,0.04249713569879532,0.03648295442736338,5.24965023559629e-06,0.04170377552509308,0.03587172795382757,4.982527009303047e-06,0.04111266881227493,0.0353451171919467,4.765604068080508e-06,0.04062020033597946,0.03488767590551149,4.589465046828313e-06,0.04017815366387367,0.034486842356503955,4.445923022046535e-06,0.039768144488334656
817,3,self_attn_after_gate,Gaussian,1,0.43074160672369455,0.13502513807248792,1.5303525924682617,0.09417101989189784,0.00041297850445723113,0.1646825075149536,0.061034318296209214,0.00010515580093479424,0.08663962781429291,0.04592073070151465,4.212068272979658e-05,0.06575457751750946,0.03763089766578069,2.1535675532652315e-05,0.05352291837334633,0.03252827612653611,1.3135004823861558e-05,0.0453946478664875,0.029138171808823707,9.063648713828152e-06,0.03960804641246796,0.026757786907846966,6.760834657153062e-06,0.035213347524404526,0.025013811679350004,5.317397957168717e-06,0.03178928419947624,0.023692325555852482,4.375025914453005e-06,0.029602646827697754,0.022661840247492942,3.745813657063699e-06,0.028230441734194756,0.02183801754717789,3.3132847543642653e-06,0.027081891894340515,0.021165688507377156,3.0060162376430022e-06,0.02612369693815708,0.020607809876165693,2.7807975991376873e-06,0.025323549285531044,0.02013865394133424,2.6110118813465583e-06,0.02465273253619671,0.01973971931470765,2.4796697984801462e-06,0.02408706024289131,0.019397270821389697,2.375579032426825e-06,0.023607198148965836,0.019100810268095562,2.2911806732563607e-06,0.023198198527097702,0.018842121940993127,2.2212387547678157e-06,0.02284839190542698,0.018614682265453868,2.162029540879416e-06,0.022548310458660126
817,3,cross_attn,Vertical,1,0.5891320052601042,0.08066038583040044,1.7363708019256592,0.22115867715033274,0.0017764865574947078,0.3273880183696747,0.14120008595406064,0.00032378210213599405,0.17972959578037262,0.10594395004094594,0.0001295100330176809,0.13278977572917938,0.0868774690325298,7.515656956153214e-05,0.10833234339952469,0.07522730393305657,5.06799822651121e-05,0.09322202205657959,0.0674630133878617,3.772831742715552e-05,0.08385065943002701,0.06197251716539973,3.071712716787509e-05,0.07698794454336166,0.057924242542376596,2.6924748477269985e-05,0.07183078676462173,0.054849353456307974,2.4819760069672173e-05,0.06790682673454285,0.05245105478735197,2.3541864957494833e-05,0.0652102530002594,0.0505284672336919,2.260442602443671e-05,0.0636509507894516,0.04893945193006879,2.173958539686171e-05,0.06189168244600296,0.047584799428780876,2.0838496589844298e-05,0.05991902947425842,0.046401389830169226,1.9889866148702463e-05,0.05786485597491264,0.0453543977604972,1.893023066692935e-05,0.05590035766363144,0.044427239587382664,1.8018721368247843e-05,0.054148539900779724,0.04361185307304064,1.721702333962315e-05,0.05265200883150101,0.04290143347212246,1.6568573809691366e-05,0.051557548344135284,0.04228665999003819,1.6085134208883257e-05,0.05075628310441971
817,3,cross_attn,Horizontal,1,0.6379786616279965,0.06733504153336632,1.4589874744415283,0.27574522769640364,0.002082265958968691,0.41350847482681274,0.19367513036917125,0.000421144699212814,0.25100934505462646,0.15903322043873014,0.00016768307509621962,0.19837301969528198,0.1403030204394507,8.660703283271374e-05,0.16879859566688538,0.12855428670133864,4.974969174870334e-05,0.14978408813476562,0.12048167025759107,3.074887182810801e-05,0.136786550283432,0.11462761875655916,2.0713755407983816e-05,0.12785398960113525,0.1102708549726577,1.4847656423985077e-05,0.12137619405984879,0.10700268038208523,1.0939498277980818e-05,0.11614922434091568,0.10450785678057443,8.33518780035718e-06,0.11185585707426071,0.10253919046076518,6.5800690123358966e-06,0.10831597447395325,0.10091808663001137,5.324058985131505e-06,0.10560894012451172,0.0995355856323999,4.381189648823856e-06,0.10424772650003433,0.09833891926303742,3.6641118618821077e-06,0.10283896327018738,0.09730367693636152,3.1143367247136865e-06,0.10145940631628036,0.0964123441113366,2.6916070154087314e-06,0.10018213093280792,0.09564586031058478,2.3717321870225582e-06,0.0990307405591011,0.0949841071925466,2.1377042659873948e-06,0.0979987308382988,0.0944095937505601,1.9716914477131718e-06,0.09727500379085541
817,3,cross_attn,Gaussian,1,0.7776805389495123,0.1935735938127454,2.7801196575164795,0.2799032661649916,0.0029021019872255025,0.41975051164627075,0.17444356034199396,0.0006885833064397768,0.24563774466514587,0.1271163775097756,0.00027042117001225765,0.16748306155204773,0.10066138408959859,0.00013213509257486232,0.1272144466638565,0.08422502366796372,7.590628219742686e-05,0.10453560948371887,0.0732194705023652,4.826493116120898e-05,0.09056936949491501,0.06542636412713262,3.3239456477381676e-05,0.08102206885814667,0.059633515952598484,2.444130595058807e-05,0.07389679551124573,0.055158676786555186,1.882503821207195e-05,0.06820113956928253,0.05161235357324282,1.4998597090881342e-05,0.0635351687669754,0.04875606174270312,1.2309634606620808e-05,0.05969024449586868,0.04642291751409334,1.0387163711278797e-05,0.05648871511220932,0.044492015408145055,8.992870622116182e-06,0.05378533527255058,0.04287572820035238,7.97028607225326e-06,0.051470063626766205,0.04150987114934694,7.214600684197301e-06,0.04946553707122803,0.04034650420385694,6.651142992194724e-06,0.04771192744374275,0.03934877081995919,6.226754681476625e-06,0.046160511672496796,0.038487849195325184,5.906363395856652e-06,0.04477794095873833,0.03774132697828232,5.668206395065103e-06,0.04354441165924072
817,3,mix_ffn_after_gate,Vertical,1,0.6557072041526674,0.15398371534910169,2.2478983402252197,0.21513041049715073,0.0019601031416004696,0.3168734908103943,0.12180532349480523,0.0003093854200837029,0.16161727905273438,0.08127994764418829,8.530360646281637e-05,0.1019064337015152,0.059603575617074966,3.132474695421818e-05,0.07130296528339386,0.046586169728210995,1.395067287831477e-05,0.054982490837574005,0.03817489080958896,7.2805658382002845e-06,0.044242799282073975,0.03246087288217885,4.408524713330242e-06,0.03689016401767731,0.02843335247229016,3.062970537084171e-06,0.031707003712654114,0.025512376238429356,2.3881524318453183e-06,0.028369292616844177,0.023344353757916936,2.0298719558808938e-06,0.026125270873308182,0.021703291625257522,1.8300039038953447e-06,0.024417079985141754,0.020439515067707924,1.7133584436742601e-06,0.023096106946468353,0.01945121677976752,1.6422972462438103e-06,0.02226490154862404,0.018667671711198867,1.5972806823747123e-06,0.02160094678401947,0.0180388746398782,1.5679027376946428e-06,0.021063776686787605,0.017528913782111237,1.5484652557239052e-06,0.020624680444598198,0.017111591595624174,1.5357508742763677e-06,0.020262854173779488,0.01676744663171352,1.5278606405572657e-06,0.019962701946496964,0.01648170090029164,1.5234719164067864e-06,0.01971190609037876
817,3,mix_ffn_after_gate,Horizontal,1,0.4697036674571416,0.050705162478681585,1.1185121536254883,0.15630877372764407,0.0011112063891656144,0.23602096736431122,0.0882787826278853,0.00015037205681307772,0.1176774650812149,0.06085355692203083,3.599002252403437e-05,0.07567913085222244,0.04711319949655306,1.2158165141199802e-05,0.05598214268684387,0.0393570592952153,5.5218445616085224e-06,0.04545903578400612,0.034609080307067386,3.2594894045642035e-06,0.0390000119805336,0.03152028524449894,2.3576747868825127e-06,0.03475259989500046,0.029412269533153564,1.952949256095742e-06,0.031953319907188416,0.027915919850033426,1.7574594232791374e-06,0.03033461607992649,0.026819351380543102,1.6571031116320667e-06,0.029148850589990616,0.025998335982125902,1.5991251828069847e-06,0.028267711400985718,0.025376174185011122,1.5619665167223166e-06,0.027719173580408096,0.024900565012579874,1.537599497065661e-06,0.027295054867863655,0.024534316023900396,1.5217733772517552e-06,0.026964401826262474,0.024250479947243418,1.5113366656092445e-06,0.02670709788799286,0.02402916621594202,1.5031428259920732e-06,0.026508500799536705,0.02385585450582088,1.494765825409657e-06,0.026356562972068787,0.023720247464047536,1.485822495977016e-06,0.026241417974233627,0.023614878751455792,1.4772268540816404e-06,0.026155583560466766
817,3,mix_ffn_after_gate,Gaussian,1,0.4203128396045594,0.04635814298221002,1.0023877620697021,0.12480067343465866,0.0009069051705249431,0.1906040608882904,0.06289343707381732,0.00011069458038614407,0.08773145079612732,0.039357629057670394,2.31058504774266e-05,0.05102243646979332,0.028351096495512932,7.186618640946193e-06,0.03496764972805977,0.022431866871932195,3.061043850998479e-06,0.026755616068840027,0.018961597145313307,1.7156436526543875e-06,0.02207830920815468,0.016805082382190795,1.1910626334128987e-06,0.01922794245183468,0.015404319213259788,9.506905497585227e-07,0.017658855766057968,0.014460237711549752,8.238787372132936e-07,0.01657211408019066,0.01380288034736637,7.496169277917187e-07,0.015797261148691177,0.013332049658019391,7.0345311948796e-07,0.015289722941815853,0.012986561919133815,6.738922202425723e-07,0.015002237632870674,0.012728031606428207,6.54200291365279e-07,0.014782506972551346,0.01253203796370635,6.40143361152441e-07,0.014611346647143364,0.012382489022991014,6.294380542317331e-07,0.014479540288448334,0.012268042250994652,6.209364462660214e-07,0.014379896223545074,0.012180285705696969,6.140073999897047e-07,0.014305617660284042,0.01211280801466533,6.083587825375029e-07,0.014250900596380234,0.012060768399683256,6.038990396330032e-07,0.014211079105734825
817,4,self_attn_after_gate,Vertical,1,0.421394908238971,0.048172471464730304,1.030135154724121,0.14953792272579103,0.0017212425914314353,0.2607947587966919,0.09006585902164853,0.0003547547814063218,0.13512182235717773,0.06469406104750103,0.00012476791900671268,0.09386270493268967,0.05102751137954848,6.0696785087263317e-05,0.07163117825984955,0.042561738323124626,3.601260547758944e-05,0.05981948971748352,0.03681649246977435,2.41895868060115e-05,0.05156107619404793,0.032676996899739144,1.7733057905964404e-05,0.04559028893709183,0.029570352552192553,1.39144056720504e-05,0.04115047678351402,0.02716836735369667,1.151864721468414e-05,0.03775937855243683,0.025268464304861567,9.93516642526943e-06,0.035103440284729004,0.02373858964041112,8.836620345574146e-06,0.03297578543424606,0.022488700137251898,8.04030073002729e-06,0.031237415969371796,0.02145512795282735,7.440583654153441e-06,0.02979292720556259,0.020591495425573418,6.973761274477437e-06,0.028575437143445015,0.01986314303108624,6.599366672415242e-06,0.027759026736021042,0.019243575573440582,6.2904069601667696e-06,0.027224721387028694,0.018712173408222576,6.02854870804188e-06,0.026757143437862396,0.018252684291274773,5.801562405497001e-06,0.026347313076257706,0.017852210410175814,5.6016741441623435e-06,0.025988411158323288
817,4,self_attn_after_gate,Horizontal,1,0.7567874860195887,0.24628155319582298,2.339482307434082,0.22802424241626074,0.0020212033967014894,0.3425202965736389,0.13940613314745917,0.00032402605744874497,0.19032862782478333,0.1031456950401503,0.0001272580541200558,0.13431234657764435,0.08396938407704943,7.449128002455387e-05,0.10653531551361084,0.07226883690981638,5.156776168450745e-05,0.09139180928468704,0.0644567199642696,3.926580253344509e-05,0.08168362081050873,0.058886056440690206,3.168214234325236e-05,0.07483572512865067,0.054707877574458955,2.6589742303244533e-05,0.06961710751056671,0.051448594483118205,2.2985596832717482e-05,0.06540793925523758,0.04882902604719949,2.033003450870217e-05,0.061879418790340424,0.0466773005586768,1.8305380222719397e-05,0.05885278806090355,0.04488211468098655,1.6718043004363652e-05,0.05622699856758118,0.04336711734769836,1.5446638218209544e-05,0.05393889546394348,0.04207710294969498,1.4412213928279136e-05,0.05202636495232582,0.04097045041502468,1.356089108217819e-05,0.050892241299152374,0.04001482321865975,1.2853980973211377e-05,0.049917593598365784,0.039184566528078106,1.2262524415187515e-05,0.04907263070344925,0.038459046019448176,1.176425743435865e-05,0.048334427177906036,0.0378215206520898,1.1341853627641423e-05,0.047685347497463226
817,4,self_attn_after_gate,Gaussian,1,0.6833013960766414,0.1775448474929538,2.5494651794433594,0.2299364840700513,0.0031533465264578548,0.4103739261627197,0.1340188401795569,0.0006918974506866896,0.227045476436615,0.09205529472184559,0.00023334187171922103,0.1393827497959137,0.06961800808471347,0.00010323720043410435,0.09492036700248718,0.05603815177603373,5.559982164758055e-05,0.07232246547937393,0.04706191088235567,3.4211541365603125e-05,0.06141996383666992,0.040767850383879645,2.3041307395440274e-05,0.05297033488750458,0.03616193241424977,1.650380582989023e-05,0.04662908986210823,0.03267655208233803,1.237430479550888e-05,0.04278220236301422,0.029966757470180117,9.641597355119855e-06,0.039594411849975586,0.027812311484936684,7.777041114492689e-06,0.03689870238304138,0.026066671022110514,6.4730649603457265e-06,0.0345955491065979,0.024628939373152598,5.538801873873099e-06,0.03261759132146835,0.02342772746961268,4.851350933432898e-06,0.030913062393665314,0.02241144459398966,4.330008344411461e-06,0.02943856455385685,0.021542183877456756,3.9216496388408e-06,0.028156708925962448,0.02079168041901929,3.59168563546701e-06,0.027035649865865707,0.020138550815837725,3.317962642795853e-06,0.026048962026834488,0.019566371770841733,3.086463472535274e-06,0.0251753069460392
817,4,cross_attn,Vertical,1,1.0523940755261316,1.1796384802128117,7.492118835449219,0.3726931093704133,0.006796297289747502,0.6393414735794067,0.2503622772674712,0.0019285812688310052,0.38745689392089844,0.19104292823208702,0.0008001147543604101,0.266840398311615,0.15649692513166913,0.00042839961629107757,0.20258255302906036,0.1341160246067577,0.00027188739678426675,0.17059019207954407,0.11856213826981801,0.00019111099323174347,0.1497245728969574,0.10718627581520686,0.00014326405197905104,0.13406118750572205,0.09854823693869606,0.00011269121324005303,0.12251761555671692,0.09179410503970252,9.213721533353227e-05,0.11366131156682968,0.08639530541877898,7.761134196791122e-05,0.10639505088329315,0.08202207194907325,6.681522566625842e-05,0.10053806751966476,0.0784441948173538,5.848112407624758e-05,0.09576934576034546,0.07548202905389997,5.1902390519422896e-05,0.09181515127420425,0.07299993855376093,4.663812517863171e-05,0.08849629014730453,0.07089834837686448,4.2394945474317653e-05,0.08583326637744904,0.06910349156648393,3.896350804109109e-05,0.08359707146883011,0.06756002095247073,3.616866653284919e-05,0.08165331184864044,0.0662258869362256,3.3852825603306275e-05,0.07994856685400009,0.06506837910366436,3.1892681298733554e-05,0.07844332605600357
817,4,cross_attn,Horizontal,1,0.7140341855230785,0.1550876434564883,2.702291488647461,0.31025676902324434,0.002646743168138727,0.4082793593406677,0.22612855760824113,0.0007762939672967556,0.2862657904624939,0.18701742045463077,0.0003702034851194294,0.22930216789245605,0.1634651713428043,0.0002067224585580451,0.19582924246788025,0.1475326604549847,0.00012355897761312935,0.17412573099136353,0.13620925127040773,7.94950292164136e-05,0.15860716998577118,0.12780459071435626,5.3754161728890026e-05,0.1466626524925232,0.12138186312384075,3.764854192834403e-05,0.13738200068473816,0.11638284983142974,2.7243720053532787e-05,0.13004961609840393,0.11244021072274163,2.0381462629497726e-05,0.12415671348571777,0.10929046476644183,1.5729549055906146e-05,0.11934548616409302,0.10674584597822219,1.2547393504348123e-05,0.11558384448289871,0.10467689129568282,1.0408979159184368e-05,0.112911656498909,0.10298742448526715,8.947835258694538e-06,0.11064434051513672,0.10159307505403246,7.866145414392156e-06,0.10861292481422424,0.1004148975960792,6.996340715889456e-06,0.10665397346019745,0.09938396962862166,6.281824215513767e-06,0.10510189831256866,0.09846102245270259,5.696727739291952e-06,0.103681281208992,0.09764098245946187,5.224529883247019e-06,0.10278873145580292
817,4,cross_attn,Gaussian,1,0.7623864838055202,0.2326638799638494,3.327270030975342,0.2944317838502309,0.004970701464449366,0.5345505475997925,0.18943405411546194,0.0012266317122655405,0.2938922643661499,0.1412194212750783,0.0004657223998127578,0.21833527088165283,0.11399534380152113,0.0002242438250507292,0.17202210426330566,0.09671126838241305,0.00012986815380468527,0.14058053493499756,0.0849596316379214,8.810099988462357e-05,0.1182296946644783,0.07655665857924356,6.761469258967664e-05,0.10186699032783508,0.07022975290578509,5.463230848844664e-05,0.08960431814193726,0.06528567800682689,4.39693605474816e-05,0.08178204298019409,0.06137622490761772,3.563879819314011e-05,0.07622139155864716,0.058263131254722204,2.9614344743885743e-05,0.07133371382951736,0.05574771176491465,2.52948679580208e-05,0.06704118847846985,0.05368250135391477,2.2245772969181803e-05,0.06395560503005981,0.051973186078525725,2.01641185083725e-05,0.061756741255521774,0.05056245932503352,1.87758166834834e-05,0.05970581993460655,0.049398668110370636,1.788880570621941e-05,0.058290254324674606,0.04842337285951963,1.740617658693646e-05,0.05731821060180664,0.04757495981360239,1.7244754040406408e-05,0.05639787018299103,0.04679963353370863,1.7280123610762292e-05,0.056395210325717926
817,4,mix_ffn_after_gate,Vertical,1,0.4404567877451579,0.04219651356257065,0.9808046817779541,0.1376898673082155,0.0010479219846785941,0.20698067545890808,0.07158263009928521,0.00012534900865910392,0.09601901471614838,0.04683311679770076,2.811236227864871e-05,0.05816177651286125,0.03535750789183473,1.06649409030058e-05,0.041970789432525635,0.029294944028296167,6.26538112089288e-06,0.034087635576725006,0.025780938506599457,4.763084061036458e-06,0.031093619763851166,0.023599772581032345,4.0915511048649126e-06,0.02907300367951393,0.022178465056987035,3.7294750891807524e-06,0.027660295367240906,0.021219516320834086,3.509374254179903e-06,0.026653902605175972,0.02055521746949544,3.3661248940945498e-06,0.025931790471076965,0.020084576681256294,3.269495650662787e-06,0.025411896407604218,0.01974438512254329,3.2018636948682825e-06,0.025032002478837967,0.019494726810426938,3.1511833262886005e-06,0.024747377261519432,0.01931018592228019,3.110153878054484e-06,0.024531975388526917,0.01917376345585263,3.0756083094416538e-06,0.024371692910790443,0.019073234131884952,3.046805004523903e-06,0.02425701729953289,0.01899938489354792,3.023999880884222e-06,0.02417941763997078,0.018945127311680052,3.007597314905675e-06,0.024130094796419144,0.01890502397030119,2.9976464529938033e-06,0.024100083857774734
817,4,mix_ffn_after_gate,Horizontal,1,0.5366677476300133,0.06651351779161715,1.3844605684280396,0.18551976718599833,0.0014751679331096255,0.2694024443626404,0.10445585078190243,0.00022259678013190692,0.13786160945892334,0.07131373426980442,5.5353291790035056e-05,0.08719463646411896,0.0547152106014509,1.9550037836352616e-05,0.06374893337488174,0.0453507796757751,9.206356517619112e-06,0.05169234424829483,0.039651384251931356,5.527380554717087e-06,0.04446309059858322,0.03598639439968836,3.994699165362776e-06,0.0397900715470314,0.03352770575928309,3.276834113490384e-06,0.03723751753568649,0.03182337468578702,2.9086288633860515e-06,0.035827700048685074,0.030611036641020623,2.704418816548242e-06,0.03483947366476059,0.029729831490724806,2.5821193748567594e-06,0.034131377935409546,0.029077198563350573,2.5024720578279297e-06,0.03361211717128754,0.028585848827210682,2.4455760344500494e-06,0.033221833407878876,0.028210522843495248,2.4007987935391497e-06,0.032921385020017624,0.02792013729257243,2.362261089021094e-06,0.032685231417417526,0.027693089866448962,2.326581805389015e-06,0.03249607980251312,0.027514270107660974,2.2915842558471773e-06,0.03234189748764038,0.02737288830417489,2.2558159347303195e-06,0.032214678823947906,0.02726090811784305,2.218717767989103e-06,0.032109782099723816
817,4,mix_ffn_after_gate,Gaussian,1,1.3454266952143774,1.5597086986740212,6.048111915588379,0.3230846810435492,0.004113837551605442,0.5200238227844238,0.18730708933065807,0.0007615119147033584,0.26388558745384216,0.12349516579083034,0.00022783692842598353,0.16750812530517578,0.0879957785918599,8.563165500893971e-05,0.11548131704330444,0.06637694278643244,3.771728069415403e-05,0.08500177413225174,0.0523213938706451,1.8861558639841903e-05,0.06585485488176346,0.04270621862203356,1.0485771952459829e-05,0.0530376136302948,0.03586190480679747,6.3840471881673075e-06,0.043997570872306824,0.03083698105599199,4.2140763652480635e-06,0.03736478090286255,0.02705665769439841,2.993211502970072e-06,0.032354936003685,0.02415584616126522,2.270453809337227e-06,0.028488654643297195,0.021893200272369007,1.82330788333408e-06,0.025455910712480545,0.02010405557377944,1.5356218837832832e-06,0.023046772927045822,0.01867306554719569,1.3439479992137544e-06,0.021113749593496323,0.01751751477815329,1.2122540709049123e-06,0.019550032913684845,0.01657683445170285,1.1193488616916949e-06,0.018419284373521805,0.015805826226751956,1.0523486777110184e-06,0.017680685967206955,0.015170202309650088,1.003170339113257e-06,0.01708197221159935,0.014643572374350496,9.66577882513732e-07,0.016591867431998253
817,5,self_attn_after_gate,Vertical,1,0.35454217853054165,0.0663014867256564,1.3174123764038086,0.11682782499563127,0.0007791781399476906,0.18571406602859497,0.07463045778965192,0.0002154107484227872,0.11648696660995483,0.055672213612567814,0.00010158067063792516,0.08435060828924179,0.04479026028679477,5.9564426043139096e-05,0.06555242091417313,0.037827054275170205,3.9356004298171974e-05,0.05454513430595398,0.03308642008120105,2.8327219567290536e-05,0.04760214313864708,0.029688376519415114,2.1927020352390633e-05,0.04247412085533142,0.02714072052566778,1.7997810937777047e-05,0.0385601669549942,0.02515974561018603,1.543455869446028e-05,0.03549814596772194,0.02357643824957666,1.3663298610236328e-05,0.033058710396289825,0.02228549826476309,1.2380329457890795e-05,0.031087884679436684,0.021217396305430503,1.1419202521367207e-05,0.029476337134838104,0.02032343882121264,1.0682749231121435e-05,0.028151758015155792,0.019567926103870075,1.0109283273139474e-05,0.027621325105428696,0.018923833774077515,9.656643852873525e-06,0.027178868651390076,0.01837023805886034,9.29460505845589e-06,0.02680344134569168,0.017890683227469995,9.000858548735608e-06,0.026479780673980713,0.017472094752722316,8.75865209599881e-06,0.026196755468845367,0.017104058068186517,8.555287139765399e-06,0.025946136564016342
817,5,self_attn_after_gate,Horizontal,1,0.3566827012432946,0.07598449696805325,1.7289302349090576,0.14177841444810232,0.0005159610824702294,0.1941961944103241,0.09815026334826908,0.00016119264506350337,0.123833566904068,0.07629720641980095,7.130439830625286e-05,0.09317946434020996,0.06359900143884477,4.007162542528009e-05,0.07602500915527344,0.05538583458179519,2.6339216084612165e-05,0.06547576189041138,0.04971554343189512,1.9350395698089684e-05,0.05849944055080414,0.04562622586649562,1.543586827828627e-05,0.05346687510609627,0.04257365055973568,1.305886016507094e-05,0.04972664266824722,0.04022724140021536,1.1505420738978375e-05,0.046854276210069656,0.038377903993167574,1.0420569368130736e-05,0.044576600193977356,0.036889168005141,9.6177612457369e-06,0.04293302446603775,0.03566920686335791,8.994350734890074e-06,0.04179840534925461,0.03465435059652442,8.491896212332085e-06,0.04080817848443985,0.03379930005896659,8.076447904432445e-06,0.03992991894483566,0.03307110774848196,7.72786592217994e-06,0.0391426645219326,0.032445294841650936,7.4336765775156005e-06,0.03843247890472412,0.031903223770241886,7.185437926702581e-06,0.03778950497508049,0.03143032941789854,6.976708591606321e-06,0.03720630705356598,0.03101492315412514,6.801864662318143e-06,0.03673360496759415
817,5,self_attn_after_gate,Gaussian,1,0.3959634829135168,0.07819827768873458,1.4929848909378052,0.13279467016931565,0.000977306229867835,0.21243040263652802,0.08324040413375884,0.0002632732436333353,0.12704329192638397,0.06105081725215155,0.0001090712527743775,0.08882804214954376,0.048687339656882815,5.615493342945304e-05,0.0677463710308075,0.04087986873965415,3.3597969410081556e-05,0.05502600595355034,0.035528753751090596,2.2605437212238115e-05,0.046835608780384064,0.03164952118245382,1.6588777653084886e-05,0.04113094508647919,0.028725706543477756,1.2960298692541314e-05,0.03689522668719292,0.026458803298217908,1.0597283581287823e-05,0.03361760452389717,0.024661754627549458,8.95631737402572e-06,0.031013760715723038,0.02321024990034482,7.752019531999342e-06,0.02890404686331749,0.02201850265855827,6.82875288368629e-06,0.02716347761452198,0.021026041003919783,6.099241862225158e-06,0.02592879720032215,0.0201895906486445,5.511369109044905e-06,0.02496105432510376,0.01947758544886869,5.0309909445639376e-06,0.02428276650607586,0.018866439009942705,4.633999633668648e-06,0.023667968809604645,0.018338087990525224,4.302700472790655e-06,0.023107998073101044,0.01787840397585006,4.023918748768541e-06,0.022597461938858032,0.01747615302779845,3.787756524657477e-06,0.022132519632577896
817,5,cross_attn,Vertical,1,0.5811856526231008,0.0702670030637567,1.5116550922393799,0.24753571431788188,0.001944644278753762,0.38156986236572266,0.17058422380969637,0.0005889838058451529,0.224207803606987,0.1344357044214294,0.00028894213626873597,0.1838366985321045,0.11356005841304385,0.00017779533379880602,0.15588822960853577,0.1002832730374639,0.0001223952947922125,0.13444896042346954,0.0911094918847084,9.045695641545367e-05,0.11754612624645233,0.08436538941330379,7.033432092024465e-05,0.1078261062502861,0.0792603317707304,5.684553068231256e-05,0.10012651234865189,0.07534964571869562,4.7723683863221236e-05,0.09397201985120773,0.07230298167892865,4.155390294477197e-05,0.08902477473020554,0.0698662590058077,3.720620438677277e-05,0.08499491214752197,0.06786218959660757,3.393441845782522e-05,0.08165884017944336,0.06618820272740863,3.139302566413849e-05,0.07884740829467773,0.06477831676602364,2.938794900343909e-05,0.0764891654253006,0.06358272517247805,2.7776599436678744e-05,0.07510258257389069,0.06256180487218357,2.6460047419228098e-05,0.07387034595012665,0.06168434621086196,2.5385596857074488e-05,0.07276185601949692,0.060926814578355304,2.452881888607651e-05,0.07177826762199402,0.060271427271858094,2.3863631454178644e-05,0.07093463838100433
817,5,cross_attn,Horizontal,1,0.6789102483363378,0.07059969994466359,1.8262999057769775,0.3167083972976321,0.003214586968007556,0.4639917016029358,0.2233580376893755,0.0008457940875766565,0.2804080843925476,0.1790185502124211,0.00030166498059233665,0.21785658597946167,0.1541682926435319,0.0001354183377785661,0.18333610892295837,0.1388973087545425,7.356553454626232e-05,0.16086427867412567,0.12868277622120722,4.5326197991200637e-05,0.14535100758075714,0.12148173354447835,3.064291895547693e-05,0.13427811861038208,0.1162226681434919,2.237097517117097e-05,0.12616881728172302,0.11222709537971587,1.7457752202645615e-05,0.12088505178689957,0.1090577661045014,1.4315638993041452e-05,0.11718229949474335,0.10647908811058317,1.206374243506787e-05,0.114112988114357,0.1043672990940866,1.0339860459691834e-05,0.11151649057865143,0.10262262395450047,8.967285630350375e-06,0.10931043326854706,0.10115508640569354,7.823001764753509e-06,0.1073857918381691,0.0998928432190229,6.845653870172459e-06,0.10564757883548737,0.09879314863965624,6.0184509723977985e-06,0.10408125817775726,0.09783357204425902,5.3304138600471794e-06,0.10270152240991592,0.0969983498964991,4.766847175555169e-06,0.10150744020938873,0.09627409776051839,4.31197204276397e-06,0.10049116611480713
817,5,cross_attn,Gaussian,1,0.5455230871836344,0.03458722307778553,1.2352813482284546,0.24322784112559426,0.0019958160905138313,0.34112825989723206,0.1662813232295097,0.0007541208064488358,0.22849063575267792,0.12738539585991512,0.000326068377136507,0.16661009192466736,0.1042755019097101,0.00016917428246001766,0.13103806972503662,0.08926181104921159,9.83976563437512e-05,0.11027897149324417,0.07911177547205062,6.434445310490683e-05,0.09622891247272491,0.07197550010113489,4.720529266561292e-05,0.08816543221473694,0.06675446796275321,3.809235216595238e-05,0.0823214054107666,0.06283858737775258,3.2935917094855714e-05,0.07750165462493896,0.059863100508375774,3.001108523176071e-05,0.0733213946223259,0.05755535217504653,2.861940966066261e-05,0.0697389543056488,0.0556953874608827,2.8083347832804716e-05,0.06679192185401917,0.05412818077537748,2.77093984395998e-05,0.06443043798208237,0.05277183285308263,2.715277470081989e-05,0.06264077872037888,0.05159137610878263,2.6422098781217576e-05,0.0614318773150444,0.050568245528709324,2.5642576241196367e-05,0.06056715548038483,0.04968683439351264,2.4916631215964216e-05,0.060434967279434204,0.04893035559900223,2.4290136228522664e-05,0.06032824516296387,0.04828030385431789,2.376255960425767e-05,0.060217250138521194
817,5,mix_ffn_after_gate,Vertical,1,0.9079869266540285,0.2944056325576316,2.5737695693969727,0.25912584198845756,0.003633432613802172,0.4050946831703186,0.13358711368507808,0.0004812322496854796,0.18609052896499634,0.08265888300679979,0.00011219275594352307,0.10880613327026367,0.057537023391988545,3.517788908571691e-05,0.07186432182788849,0.04376198759391194,1.4279982386284386e-05,0.05193094164133072,0.03562590855336378,7.545127832328668e-06,0.04169996455311775,0.030523494861665227,5.028065792495069e-06,0.03569354861974716,0.02715850541634219,3.952339971367462e-06,0.03170428425073624,0.024844806789169237,3.4367152298517477e-06,0.029033426195383072,0.0231990460602064,3.165610795370103e-06,0.027542777359485626,0.02199600196428715,3.012612210874169e-06,0.026436777785420418,0.02109713482833098,2.9217170767152757e-06,0.025608764961361885,0.02041362314706757,2.8656410738449407e-06,0.024986933916807175,0.01988633033183832,2.829931272576038e-06,0.02452024817466736,0.019474533608271963,2.806604680420019e-06,0.024171132594347,0.0191494103757635,2.7911839200583802e-06,0.02391117624938488,0.018890143564296146,2.7809046715054928e-06,0.023717885836958885,0.018681473704794095,2.7735814286444934e-06,0.023572495207190514,0.018512112546771292,2.7670716668107906e-06,0.023459400981664658
817,5,mix_ffn_after_gate,Horizontal,1,0.812380660147894,0.17684676350039677,2.2306156158447266,0.25708838351189145,0.0036578255112315514,0.3879739046096802,0.13256874680519104,0.0004725390963544,0.1792069524526596,0.08449442483603008,9.942490515426548e-05,0.10476209968328476,0.06143460783456999,2.926418997303042e-05,0.07122845947742462,0.048693261981483486,1.1484137809844759e-05,0.05591779574751854,0.0409625880420208,5.913921845508465e-06,0.04733024165034294,0.03596930513306269,3.8691974816422075e-06,0.041569799184799194,0.03260031363202466,3.019940174504668e-06,0.037561096251010895,0.03025085005968336,2.631024938400163e-06,0.03469029441475868,0.028567108872627454,2.4385249106819568e-06,0.03258386626839638,0.02733144311914368,2.3372603530360685e-06,0.031004978343844414,0.02640508579474593,2.281812707270766e-06,0.029996242374181747,0.02569710167627486,2.2514033337045403e-06,0.029369160532951355,0.02514662469426791,2.2359950806927914e-06,0.02888965606689453,0.024712217853419365,2.2301946834564022e-06,0.028518211096525192,0.024365112599399354,2.230607913564004e-06,0.02822541631758213,0.024084804047431265,2.2348884313511198e-06,0.02798965573310852,0.023856293617023364,2.241412440164643e-06,0.02779547870159149,0.023668425098534614,2.2490788472900476e-06,0.027632206678390503
817,5,mix_ffn_after_gate,Gaussian,1,0.5354429230330482,0.064561609579015,1.2321263551712036,0.15940127746453361,0.0016712609397648507,0.24512562155723572,0.07570596802092734,0.00018557604363539173,0.10438723862171173,0.044835138060743844,3.4310956454061454e-05,0.05814044550061226,0.030868288839147204,9.259414475998542e-06,0.03892429172992706,0.02363190184982996,3.5779180685635695e-06,0.02898767590522766,0.019502525055219256,1.9156377385257896e-06,0.023312173783779144,0.016984303733186115,1.321412110415414e-06,0.01985730603337288,0.015374620829427999,1.0761331804773158e-06,0.01799173280596733,0.014308226560907704,9.64800040168233e-07,0.0168838519603014,0.01358140471376597,9.108675284402319e-07,0.016094382852315903,0.013075479912379432,8.827848182591332e-07,0.015530388802289963,0.01271828907054095,8.671245515334503e-07,0.015127293765544891,0.012463537813533866,8.584555441951041e-07,0.014835500158369541,0.012280473322977149,8.540881737280396e-07,0.014620516449213028,0.012148228459178454,8.522825529354946e-07,0.014458965510129929,0.012052331090209976,8.518417234444313e-07,0.014334137551486492,0.011982576655490058,8.51992189075057e-07,0.01423363946378231,0.01193185280712824,8.523203164652883e-07,0.014149161987006664,0.011895421848055861,8.526651627095482e-07,0.014131162315607071
785,3,self_attn_after_gate,Vertical,1,0.17442603007195487,0.007885245877991404,0.46489495038986206,0.06791830252087305,0.00016001589283380296,0.100552037358284,0.04724416059870568,4.206715904221478e-05,0.06561331450939178,0.03800628700899699,2.0882724727603502e-05,0.050386473536491394,0.03260025822572292,1.3855141390025498e-05,0.04160503298044205,0.029033915893662544,1.0558305181340502e-05,0.035926453769207,0.026555185901030662,8.653587189848167e-06,0.03199710696935654,0.02476160730870943,7.419552516668971e-06,0.029844583943486214,0.02341680024706182,6.566370348005055e-06,0.028740055859088898,0.022375683137585246,5.963572988144469e-06,0.027902305126190186,0.02154788448815308,5.54097402719073e-06,0.027264531701803207,0.020875929366974605,5.247149246602039e-06,0.026769466698169708,0.020321427031405388,5.041237213827654e-06,0.026373429223895073,0.019857545989373372,4.893575813741517e-06,0.02604667842388153,0.019464947815452303,4.784238228336537e-06,0.025770118460059166,0.019129340906464863,4.7002880403600495e-06,0.025531616061925888,0.018839918402215793,4.633378176884298e-06,0.02532319724559784,0.018588342718661777,4.578078848847753e-06,0.025139302015304565,0.01836806656940589,4.5308340025592164e-06,0.02497575804591179,0.01817387920464315,4.489333213754011e-06,0.024829328060150146
785,3,self_attn_after_gate,Horizontal,1,0.36879776654735447,0.06857566915676203,1.1504127979278564,0.11297469597960276,0.00029507107274194235,0.15801353752613068,0.08225138148381597,7.913020126442915e-05,0.10330817103385925,0.06783858515203946,4.2670194726454406e-05,0.08160371333360672,0.05898025767907264,2.8329203486286807e-05,0.07104694098234177,0.05291793601853507,2.0873513009048302e-05,0.06320179253816605,0.048558223460401805,1.6291302387999786e-05,0.05810542032122612,0.045322614056723456,1.3160355670670193e-05,0.05448465049266815,0.042863620947750786,1.0931068311745462e-05,0.05148962885141373,0.0409585035568665,9.332149524823006e-06,0.049034349620342255,0.03945656647048299,8.187286807023185e-06,0.04703168198466301,0.03825220643054871,7.362645700109894e-06,0.04539492726325989,0.03727044709145077,6.7568062634736335e-06,0.04404555633664131,0.03645779396451655,6.299185498323965e-06,0.04292002320289612,0.03577568695422203,5.94343472861683e-06,0.041969720274209976,0.03519592434167862,5.65954528864846e-06,0.0411580353975296,0.03469755988390673,5.427874050824798e-06,0.040457457304000854,0.034264784128892986,5.235228948355872e-06,0.03984725475311279,0.03388546936450496,5.072453234001093e-06,0.03931175917387009,0.033550187501878964,4.932992832552511e-06,0.038839008659124374
785,3,self_attn_after_gate,Gaussian,1,0.2588186374022847,0.02899998875721828,0.9563367366790771,0.08348942885086649,0.00024009517776624358,0.12335822731256485,0.05162520801264142,4.37739996870307e-05,0.0664951354265213,0.0390859292967925,1.6839746877342557e-05,0.04799899831414223,0.032894438753525414,9.511263314222906e-06,0.03916772082448006,0.02923308309936334,6.48195563842634e-06,0.03505638986825943,0.026781839451619556,4.966280787731315e-06,0.03242851421236992,0.025008001497813633,4.106582453822108e-06,0.03056066483259201,0.023656058760862502,3.564808338195557e-06,0.029088541865348816,0.02258715509540505,3.190629549978618e-06,0.02783801779150963,0.02171941098594476,2.9118399658753e-06,0.026744086295366287,0.021001549821997447,2.6932960126306915e-06,0.025791937485337257,0.020399376513466003,2.5172748721265983e-06,0.024975482374429703,0.01988875540712523,2.3736470205432487e-06,0.024283213540911674,0.019451973131961293,2.2556788745575727e-06,0.023699328303337097,0.019075636796298482,2.158358752955908e-06,0.0232071690261364,0.018749350622769386,2.077721803427781e-06,0.022791406139731407,0.018464867409969134,2.0105717699270977e-06,0.022438980638980865,0.018215525599699172,1.9543429546164475e-06,0.022139189764857292,0.017995880266267156,1.9069944558020462e-06,0.021883422508835793
785,3,cross_attn,Vertical,1,0.8091490230863057,0.24823614669159008,3.1004974842071533,0.2775677541891734,0.003501851888560228,0.4529391825199127,0.18103591435485417,0.0009686136680321052,0.28318169713020325,0.1367169115988035,0.0004264016576146113,0.21803651750087738,0.1106321777379702,0.00022589229255674047,0.17298206686973572,0.09364595346980625,0.00013740261678922116,0.14143352210521698,0.08206476507678864,9.37612111451513e-05,0.11950822174549103,0.07364233985306724,6.807930255207611e-05,0.10333909094333649,0.06720271014741488,5.105079344591871e-05,0.09081095457077026,0.06217656053957485,3.97053794466935e-05,0.08107832074165344,0.058249964245728085,3.233516085319137e-05,0.07477980107069016,0.05515964754990169,2.747867948849813e-05,0.07082974910736084,0.052689548049654276,2.418235167741642e-05,0.06785686314105988,0.05068627922307877,2.1893993680224362e-05,0.06535230576992035,0.049043918471960796,2.0281387935983658e-05,0.06320103257894516,0.04768585987270824,1.9137566182320286e-05,0.0613367035984993,0.04655264708257857,1.8334965136420183e-05,0.05972591042518616,0.04559265893130075,1.7784365034732504e-05,0.058355096727609634,0.04475717116442938,1.7396228313182576e-05,0.05721190571784973,0.04400484009631096,1.7071041528741905e-05,0.05625254288315773
785,3,cross_attn,Horizontal,1,0.6239251816083514,0.06841915614498277,1.6350481510162354,0.2827478472202543,0.0017776658805611337,0.4012882709503174,0.2025148445178592,0.0004455754651195022,0.25002533197402954,0.16563763528589218,0.00018676111212965354,0.19862696528434753,0.14505032036039564,0.00010154262002194642,0.16896981000900269,0.13216978536238747,6.598864587929568e-05,0.15050145983695984,0.12356249266673648,4.673031349041711e-05,0.1389646977186203,0.11738529623973937,3.4552101671242216e-05,0.13080766797065735,0.11267598813015317,2.595923238136766e-05,0.12506835162639618,0.10899626357214791,1.9736319621577986e-05,0.12042917311191559,0.10610438895130915,1.5373586409820344e-05,0.11649651825428009,0.10380302499684077,1.2350080929313185e-05,0.1131715476512909,0.10194117280225905,1.0226052847274549e-05,0.11034075170755386,0.10041431136547573,8.714316159694523e-06,0.10794342309236526,0.09915019985702303,7.634150339062427e-06,0.10594223439693451,0.09809454353082747,6.860234340079533e-06,0.10428623855113983,0.09720161036839561,6.3107967038905995e-06,0.10292814671993256,0.09642971472607718,5.926612976854375e-06,0.10182331502437592,0.09574579447507858,5.641793049011614e-06,0.10090167075395584,0.0951339699446209,5.39092627591177e-06,0.10007379949092865
785,3,cross_attn,Gaussian,1,0.8593243199681478,0.3099507108575247,3.4858665466308594,0.3148977765961299,0.003125596134841065,0.45345211029052734,0.19924023298044052,0.0008167059995544326,0.2649969160556793,0.14402280629627287,0.0003129204257999094,0.18319013714790344,0.11285379611783558,0.00015795022592399155,0.14517490565776825,0.09361879267389812,9.596056583570737e-05,0.12029571831226349,0.08079216936751017,6.385532025946625e-05,0.10118675231933594,0.07171736190479899,4.56767854718703e-05,0.08680897206068039,0.0650109878135106,3.495916997577492e-05,0.0764114037156105,0.05989517703179329,2.8249451610385017e-05,0.07052717357873917,0.05589105525896663,2.3676182691632233e-05,0.06642616540193558,0.05268688937501302,2.0317793914788056e-05,0.06297653913497925,0.05007073856771938,1.766086547563996e-05,0.059976864606142044,0.0478984790425452,1.5461627737996132e-05,0.05758832395076752,0.04607438231034884,1.3650720162740055e-05,0.05566064268350601,0.044530785568649804,1.2197095806987601e-05,0.05399263650178909,0.04321595056662484,1.1052110295898246e-05,0.05253913626074791,0.042089624359967215,1.0158904763329425e-05,0.05124437063932419,0.04112059197255543,9.464852639744492e-06,0.050059616565704346,0.040284684253117396,8.929080933719554e-06,0.04896760731935501
785,3,mix_ffn_after_gate,Vertical,1,0.6375619863706922,0.13789914156896652,1.775195598602295,0.18587057860124678,0.0018209818581696744,0.2847062349319458,0.09838879273997413,0.00024822406312700857,0.131707102060318,0.06291731287326131,6.2413587545592e-05,0.08054892718791962,0.04516418857706918,2.174990528351023e-05,0.056191861629486084,0.03516447650534766,9.68967407890543e-06,0.04249294847249985,0.02906420605168456,5.356929983122804e-06,0.034175172448158264,0.02512186999240565,3.5574613552758904e-06,0.02883760631084442,0.022461417885053726,2.7206208700976235e-06,0.025586020201444626,0.020603235337942366,2.296457883503662e-06,0.023725759238004684,0.019267777927101604,2.0680744505849237e-06,0.022370630875229836,0.018284533527635392,1.9408790729044993e-06,0.021364007145166397,0.01754535585346203,1.8697981256792018e-06,0.020731370896100998,0.016979042751093704,1.830853994660821e-06,0.02031896822154522,0.016537264521632875,1.8092458249592491e-06,0.019999779760837555,0.0161871299709356,1.7956577338596935e-06,0.019749894738197327,0.01590679349407317,1.7854821960464942e-06,0.0195554718375206,0.015681484906328102,1.777170368039853e-06,0.019406788051128387,0.015500208422068566,1.770455048035053e-06,0.019296661019325256,0.015354064544515005,1.765593991847277e-06,0.019219275563955307
785,3,mix_ffn_after_gate,Horizontal,1,0.4898807531784451,0.06298453919506895,1.1728529930114746,0.1550519723031256,0.001072375922078884,0.2284107357263565,0.08602495515157306,0.0001224731392955551,0.11216288805007935,0.05895750993300998,2.7169276509435388e-05,0.07158133387565613,0.04558522307447025,9.270406405611415e-06,0.05357504263520241,0.038107077517206704,4.43457697801509e-06,0.043541692197322845,0.033571997006970736,2.8380015022930627e-06,0.03754552826285362,0.0306542974024538,2.229427497302144e-06,0.03374815732240677,0.028688047436021623,1.964931203435906e-06,0.03133320435881615,0.027312428320920658,1.8303912197946784e-06,0.029790671542286873,0.026322553702999674,1.7480922668188633e-06,0.028853528201580048,0.025595029283847128,1.691238639289797e-06,0.0282428078353405,0.025050488285838612,1.6494414172923164e-06,0.0277841966599226,0.02463652388680549,1.6174289918834534e-06,0.02743186615407467,0.024317879495876178,1.592270649676041e-06,0.02715623937547207,0.024070341465255572,1.572228391439367e-06,0.026939725503325462,0.023876897724611417,1.555845308842834e-06,0.0267719067633152,0.02372534874649275,1.5416857908407942e-06,0.026644885540008545,0.023606750907169446,1.5286711913722037e-06,0.026552025228738785,0.02351433698028799,1.5161878916270788e-06,0.026487573981285095
785,3,mix_ffn_after_gate,Gaussian,1,0.39193253219127655,0.04665495463395825,0.9616049528121948,0.10835162916826824,0.0007563371291665443,0.17562024295330048,0.054259481470263195,8.524065989295612e-05,0.07620664685964584,0.034274277705994866,1.7986926374353506e-05,0.04502592235803604,0.02502621654125433,5.6283677215846495e-06,0.03145144134759903,0.0201674738514518,2.5070182317135978e-06,0.024469442665576935,0.017370177285065725,1.513572692270348e-06,0.020526748150587082,0.01564538415284857,1.1289378601602432e-06,0.018500711768865585,0.014529058754089334,9.530765320135632e-07,0.017429273575544357,0.013781439350356185,8.603910820978417e-07,0.016701582819223404,0.013268357601075892,8.067177455364131e-07,0.016194995492696762,0.012909727082366035,7.741015288124513e-07,0.015835918486118317,0.012655115405481959,7.537162748479803e-07,0.015576647594571114,0.012471469828770274,7.410267548328894e-07,0.015387102030217648,0.01233702830024182,7.334656678471072e-07,0.015248563140630722,0.012237954411714796,7.290105349526374e-07,0.015147296711802483,0.01216531933714,7.26036678362991e-07,0.015072677284479141,0.012112694910712658,7.235486323792717e-07,0.015017143450677395,0.012075081290233703,7.211587822470632e-07,0.014975336380302906,0.01204851559466786,7.189159553193917e-07,0.014943383634090424
785,4,self_attn_after_gate,Vertical,1,0.6724234712975365,0.24084850223645887,2.4046483039855957,0.19518841507415924,0.0018981553566670233,0.3110206425189972,0.11499818461754965,0.0004329268086804699,0.18381932377815247,0.0818443831706804,0.00017385049785150034,0.12336216121912003,0.06401275121976459,9.14953537795555e-05,0.09278304129838943,0.052903610858179274,5.560203029945049e-05,0.07384848594665527,0.04532709664532116,3.7108212141814624e-05,0.061539776623249054,0.03984894343311825,2.658128640355278e-05,0.053370941430330276,0.035726990905546006,2.0160531028652688e-05,0.04707595705986023,0.03253394796971291,1.60387421802167e-05,0.04213976860046387,0.030003370805865244,1.3285205246887e-05,0.03916594386100769,0.027959310139218967,1.138345859831668e-05,0.03734593838453293,0.026280753994508396,1.0030290545675452e-05,0.0357988178730011,0.024882026844554476,9.040629633239211e-06,0.03446296975016594,0.023701165728862324,8.298416290858746e-06,0.033296577632427216,0.02269262486388759,7.729132207988482e-06,0.032270222902297974,0.02182248970937161,7.283762855564823e-06,0.031362514942884445,0.021065211367039455,6.9292485538938e-06,0.030557304620742798,0.020401305119906153,6.642769075063756e-06,0.029841942712664604,0.019815695900765675,6.408276166923754e-06,0.02920609526336193
785,4,self_attn_after_gate,Horizontal,1,0.9255630139793668,0.667450171874174,3.6493711471557617,0.2434829775066603,0.003098443344158373,0.40957510471343994,0.15808641342889695,0.0008499355842000302,0.24412012100219727,0.11886382173924219,0.00035858360236675613,0.17120519280433655,0.09628119106803622,0.00018002263923853253,0.13086016476154327,0.08185959595536428,0.0001013763383548437,0.105626679956913,0.0720806291533841,6.387441141951512e-05,0.08993445336818695,0.06513981053990031,4.4666859693468156e-05,0.08209393918514252,0.06001036951229686,3.403969401277639e-05,0.07609229534864426,0.056083585357382185,2.7693678832463437e-05,0.0713547095656395,0.0529872202092693,2.36232850119736e-05,0.06753084063529968,0.050485495359651626,2.084094041755767e-05,0.06438787281513214,0.0484235334609236,1.883367349715138e-05,0.06176310405135155,0.04669589720784672,1.7319692037480802e-05,0.05953891575336456,0.04522834996145869,1.613450094578494e-05,0.05762787163257599,0.04396712206422337,1.5176036941281431e-05,0.055963851511478424,0.0428723930011666,1.4378029080650794e-05,0.05449668690562248,0.04191414852227483,1.3696732809173435e-05,0.05318893492221832,0.041069369053556806,1.310343922122214e-05,0.05201307684183121,0.040320096685299796,1.2579487728662268e-05,0.050948940217494965
785,4,self_attn_after_gate,Gaussian,1,0.8257197326137906,0.4248745561424408,4.369868278503418,0.2612021274509884,0.0030401611496526327,0.3613661229610443,0.1557729879305476,0.0006713267544975051,0.210460364818573,0.10862935476359867,0.00023894462710442215,0.14561529457569122,0.08252171403358853,0.00010984055345397168,0.1087106466293335,0.06631991361814832,5.9044831677824197e-05,0.08699622750282288,0.05545446276664734,3.509415498807314e-05,0.07223865389823914,0.047750931469694016,2.2696075191771366e-05,0.06140655279159546,0.042058043891475314,1.5845878350716834e-05,0.05329795926809311,0.03771417759477146,1.177612942514242e-05,0.047119803726673126,0.03431418337046154,9.16767502180509e-06,0.04231516271829605,0.031597116814246255,7.38633091814443e-06,0.03849639743566513,0.029387821369464436,6.113793726134342e-06,0.03540090098977089,0.02756480686366558,5.17689977193193e-06,0.03285219520330429,0.026041567976039553,4.472360323229237e-06,0.030926702544093132,0.024755084088870456,3.933629124742736e-06,0.029445484280586243,0.023658421156661853,3.515527178187342e-06,0.028155457228422165,0.022715850777569272,3.186334649670653e-06,0.027028683573007584,0.021899613625709972,2.9232361154144825e-06,0.02603997476398945,0.021187783470229496,2.7095392933903905e-06,0.025166431441903114
785,4,cross_attn,Vertical,1,0.726655394784988,0.10060426710183636,1.7294502258300781,0.283071321390924,0.0033964508621357487,0.4367827773094177,0.1837805448070405,0.0006539227413315642,0.2526478171348572,0.14229446259282885,0.0002486029760665244,0.18480630218982697,0.12003498879216966,0.00013698283291108617,0.14791977405548096,0.10560283005710631,8.407185436677576e-05,0.12754976749420166,0.09560869350319817,5.729587690006783e-05,0.11272689700126648,0.08836144019686987,4.387764698879398e-05,0.10193009674549103,0.08273600006387347,3.5591093148460325e-05,0.09616444259881973,0.07824860761562984,3.0373778790376747e-05,0.09093406796455383,0.07467581237119342,2.7592959395988133e-05,0.08622931689023972,0.07179585637317763,2.6302825305061057e-05,0.082351915538311,0.06942415237426758,2.5679433051712446e-05,0.07986081391572952,0.06744245528465226,2.5068819146186165e-05,0.07753567397594452,0.06578664564424092,2.4286613911304612e-05,0.07526072859764099,0.06440744578601822,2.3434929170804232e-05,0.07375313341617584,0.06325784160031213,2.2614078337915142e-05,0.07268219441175461,0.06229263153814134,2.1995372358147553e-05,0.07205173373222351,0.06146634961404498,2.1673112804134314e-05,0.071480393409729,0.060741871536251095,2.14988525331024e-05,0.07088799774646759
785,4,cross_attn,Horizontal,1,0.7328549017981877,0.1302047017614805,2.3404440879821777,0.3097873739306889,0.002624016860362723,0.4441033899784088,0.22119983841502477,0.0006144800435286791,0.27235621213912964,0.18183712164560953,0.00024205536986256936,0.2165593057870865,0.15920686272401657,0.0001287481397517142,0.18881559371948242,0.1439774754264998,7.692803558743997e-05,0.16902771592140198,0.1328763927495669,4.793261189553491e-05,0.15481296181678772,0.12469942252787333,3.1789277352243416e-05,0.14312344789505005,0.11866744856039683,2.215856606565871e-05,0.1332974135875702,0.11409382995158907,1.6225589450133196e-05,0.12547574937343597,0.11053705487459425,1.2395437437687278e-05,0.11931169778108597,0.10771499515052825,9.79562521615831e-06,0.1144355982542038,0.10544097518164014,8.000878299768067e-06,0.1115378588438034,0.10357750774849028,6.794334022955617e-06,0.10945390164852142,0.10200768389872142,5.946370265258046e-06,0.10789148509502411,0.1006495010048624,5.2085314620800245e-06,0.10654817521572113,0.09947560029843497,4.5146407207958555e-06,0.10528269410133362,0.09847627970434371,3.907267072481687e-06,0.10411137342453003,0.09762971469807247,3.4259690255813556e-06,0.103016197681427,0.09690315844047637,3.0892907327876395e-06,0.10194477438926697
785,4,cross_attn,Gaussian,1,0.7362281173940689,0.17350600253102205,2.0946316719055176,0.2634481264958306,0.003302222875466854,0.4577096402645111,0.17349889070268662,0.0009440793963054085,0.2784949243068695,0.13163375156739401,0.00042254018785085575,0.19611218571662903,0.10721667453883187,0.0002140906450505586,0.1508583426475525,0.09134743445449406,0.00012088537711245787,0.12293913960456848,0.08035156592017129,7.641350982927836e-05,0.10372095555067062,0.07256000027770088,5.321533276236624e-05,0.09078513085842133,0.06685205152820027,4.0671744595148326e-05,0.0818808525800705,0.06255789994010849,3.398051625245639e-05,0.0756155475974083,0.05926449815668757,3.039323396202841e-05,0.07101397216320038,0.056690098983900886,2.8333353539947942e-05,0.06740660220384598,0.05462696279088656,2.7006419138347096e-05,0.0655725747346878,0.05291426702151223,2.5887166652496725e-05,0.06408719718456268,0.051456135948972095,2.4799166528642602e-05,0.062365464866161346,0.05022136630519988,2.3891001520883953e-05,0.06046108156442642,0.049188997359975936,2.3271508073366583e-05,0.058788299560546875,0.048321504678045,2.2880205605758362e-05,0.05770168453454971,0.04757525931511607,2.2580477443247952e-05,0.05667717754840851,0.046908973287495354,2.222293737829096e-05,0.05576496198773384
785,4,mix_ffn_after_gate,Vertical,1,0.5211239379076731,0.07192781514583647,1.382727026939392,0.16030564951518225,0.0014491092514726082,0.23777082562446594,0.08292170365651448,0.00019212240601740665,0.11024808138608932,0.05330716582044723,4.508445572966744e-05,0.06643220782279968,0.039476113364336984,1.673026746769572e-05,0.04723963886499405,0.03211575876625757,8.973147020351844e-06,0.03777676075696945,0.02781473126794611,6.220805546110744e-06,0.033392615616321564,0.025125456737383964,5.031980606158636e-06,0.030627325177192688,0.0233559687695806,4.428484919424051e-06,0.028729595243930817,0.02214402196899293,4.077866076179418e-06,0.027386866509914398,0.021287712165051036,3.850498233612759e-06,0.0264162328094244,0.02066856191035301,3.6890065496151705e-06,0.025708040222525597,0.020213616272759815,3.566626136317498e-06,0.02518867701292038,0.0198758737376285,3.471115208677496e-06,0.024806223809719086,0.019623700174547377,3.395958299895172e-06,0.024525541812181473,0.01943478748084061,3.337256270923799e-06,0.02432294934988022,0.019292901196177045,3.292682111217886e-06,0.02418113499879837,0.01918608763269962,3.260130069402011e-06,0.024085354059934616,0.019105702136007565,3.236541486750678e-06,0.024022579193115234,0.01904576907436999,3.2181825281141043e-06,0.023983387276530266
785,4,mix_ffn_after_gate,Horizontal,1,1.1659539824440366,0.9850487284896633,4.896794319152832,0.33849092986848617,0.0036877530036851154,0.4624544680118561,0.2005011805939296,0.0006959580553693606,0.25345200300216675,0.13668801954814366,0.00019855883365269963,0.16553939878940582,0.10209883169995414,7.259327367868718e-05,0.11991460621356964,0.08146914958007752,3.242167603104926e-05,0.09332726895809174,0.06825141650107172,1.7139333707433217e-05,0.07657962292432785,0.05928800952812982,1.041949838856481e-05,0.06539455056190491,0.05292525343478672,7.099672591430274e-06,0.057584501802921295,0.04823634891755997,5.300024537534154e-06,0.05297946184873581,0.04467280256369757,4.249662291389757e-06,0.049595169723033905,0.04189541167210019,3.6003724104754052e-06,0.0469173938035965,0.03968621500664287,3.181359669810252e-06,0.04476389288902283,0.03790002611894456,2.902298951456206e-06,0.04300932586193085,0.036436714823283846,2.712013700491403e-06,0.04156450927257538,0.03522492075959841,2.579844936602515e-06,0.04036419466137886,0.03421228248921652,2.486696115691131e-06,0.039359502494335175,0.03335942055970904,2.420318401727255e-06,0.0385129339993,0.0326361320912838,2.372637744462773e-06,0.03779507428407669,0.03201886044726485,2.3381420289047024e-06,0.03718230128288269
785,4,mix_ffn_after_gate,Gaussian,1,0.41751382535412196,0.04349041307710528,1.064936637878418,0.12314946582866093,0.0009299537608837272,0.18885231018066406,0.06145313411714539,0.00010226976708255509,0.08257748186588287,0.03869945792451737,2.1988834160653068e-05,0.04894131422042847,0.028020820240416223,7.3486354283305805e-06,0.03398005664348602,0.02229038161772584,3.415165938601909e-06,0.02613205648958683,0.018938894309694806,2.0632004356278517e-06,0.022342152893543243,0.016856247721801675,1.5126217682745055e-06,0.019978512078523636,0.015503810009076482,1.2587277169330422e-06,0.018436886370182037,0.014597085541084645,1.1303208381940097e-06,0.017411451786756516,0.013975359144664946,1.0605502538403377e-06,0.016724931076169014,0.013542738654429004,1.0200321468083008e-06,0.016271525993943214,0.013238829723189748,9.947378954709591e-07,0.015984050929546356,0.013023297760694746,9.780262246069697e-07,0.015810027718544006,0.012867856120306349,9.673987101466274e-07,0.015699418261647224,0.01275274943974283,9.623060823337097e-07,0.015608755871653557,0.012665347137030155,9.622777619004123e-07,0.01551466342061758,0.0125985180160829,9.66232720132205e-07,0.01541716419160366,0.012548260819462557,9.72866638353656e-07,0.01532764919102192,0.012511764313020403,9.811302944475146e-07,0.015255697071552277
785,5,self_attn_after_gate,Vertical,1,0.18223633782731163,0.004732974569164457,0.34042322635650635,0.07179690932943708,0.00021016440044982474,0.10800650715827942,0.047103684159025314,6.921358757095001e-05,0.07254529744386673,0.036484577264341095,3.69548028461368e-05,0.05384785309433937,0.03071102018039378,2.498554933227745e-05,0.042829178273677826,0.0270975533695448,1.9075171010624413e-05,0.03781886771321297,0.024639498930247056,1.5693013657192643e-05,0.03439927101135254,0.02287191151094342,1.3588670897312591e-05,0.03188268467783928,0.02154623292800453,1.2208589147288233e-05,0.030107563361525536,0.02051694816835816,1.1268103466374789e-05,0.029276655986905098,0.01969372562413651,1.0605520360618589e-05,0.028620876371860504,0.019018374073008697,1.0123480629897489e-05,0.028084062039852142,0.018452412419257654,9.76134528738116e-06,0.027631036937236786,0.017969799405407338,9.48041497515414e-06,0.027239494025707245,0.01755246991616866,9.255493731404782e-06,0.02689516916871071,0.017187558025831266,9.0699091482915e-06,0.02658887580037117,0.016865648403172454,8.912485066665471e-06,0.02631458081305027,0.016579673817706485,8.775681455461257e-06,0.026068178936839104,0.01632420371271788,8.654380614474658e-06,0.025846730917692184,0.016094973976058618,8.545097515857243e-06,0.02564796432852745
785,5,self_attn_after_gate,Horizontal,1,0.6963268267729926,0.46764420242439936,3.234889268875122,0.17146829622132437,0.0010042672839598692,0.24654504656791687,0.11708278705676396,0.000303478755421852,0.1604921817779541,0.09022859625873111,0.0001277957708338156,0.12031664699316025,0.07488572975945851,7.230563849343649e-05,0.09881113469600677,0.06497876505766596,4.7893932233646313e-05,0.0862705186009407,0.05805250198122055,3.45505157475982e-05,0.07668101787567139,0.05295596443234928,2.6442074541246533e-05,0.06916627287864685,0.049068744220430886,2.120786301651344e-05,0.06321185827255249,0.04602153492825372,1.767875509058969e-05,0.058451756834983826,0.04357943884910099,1.5217789781417347e-05,0.05494306981563568,0.041585662830916664,1.3454947416356744e-05,0.052414506673812866,0.03993167710446176,1.2163380927191876e-05,0.05017707124352455,0.03854024995650564,1.1197752143286948e-05,0.048193756490945816,0.037355245519725105,1.0461671259353761e-05,0.04643503203988075,0.03633515879748359,9.889481369928316e-06,0.04487530514597893,0.035448835541804634,9.435528338150113e-06,0.04349152743816376,0.034672559992898075,9.067590834082193e-06,0.042262814939022064,0.033988022496775974,8.76270038180826e-06,0.04117034003138542,0.033380873619563996,8.504392260732819e-06,0.04019725322723389
785,5,self_attn_after_gate,Gaussian,1,0.2693706341679134,0.03097483285289521,1.1080646514892578,0.09731402803981115,0.00044357732480906236,0.17270614206790924,0.0634607213830191,9.550714940277797e-05,0.09514321386814117,0.048263883070340234,3.821714861817368e-05,0.06404377520084381,0.03966293303621194,2.079778248495423e-05,0.051299259066581726,0.034181686295639904,1.3542525755342545e-05,0.04314437136054039,0.030423433830340702,1.0041603916704106e-05,0.03756188601255417,0.02769712961855389,8.134141276253812e-06,0.03392753750085831,0.0256310762867095,6.947075645184173e-06,0.03162297233939171,0.024014593560307745,6.107388693893441e-06,0.029788915067911148,0.022720852216321325,5.458371383575547e-06,0.028276894241571426,0.02166753016885311,4.93249477119989e-06,0.027004890143871307,0.02079772189377792,4.497554614990232e-06,0.025922710075974464,0.020070491033414052,4.1357433654561295e-06,0.02499595656991005,0.01945565002305167,3.835274119577738e-06,0.0241989865899086,0.0189305567256515,3.5869413442151828e-06,0.023511484265327454,0.018478038676437877,3.382779394093417e-06,0.022916678339242935,0.018084951794691502,3.2156004486318867e-06,0.02240036055445671,0.017741127442272884,3.078889548684707e-06,0.021950341761112213,0.017438581361184046,2.966841244914809e-06,0.02155619114637375
785,5,cross_attn,Vertical,1,0.5220801473136932,0.0525039057160588,1.3127995729446411,0.2278924495691345,0.0021835817127510097,0.3728320598602295,0.15701694360801152,0.0006753298433985202,0.23956814408302307,0.12324173098045682,0.0002949583574030123,0.17903251945972443,0.10474063704411189,0.00017181369255566138,0.14677077531814575,0.09328902063388674,0.0001186368749526025,0.12682361900806427,0.08554828592709132,9.02860929310057e-05,0.11309516429901123,0.07996562761919838,7.292730880354988e-05,0.10315370559692383,0.07572023192095378,6.080936734286607e-05,0.09516246616840363,0.0724201143852302,5.1733730821528844e-05,0.08817674219608307,0.06985771360378416,4.519575108304952e-05,0.08234162628650665,0.06785262748599052,4.0631944149059605e-05,0.07918133586645126,0.06625700860269486,3.741735534665669e-05,0.07796001434326172,0.06495708061589135,3.503303991489803e-05,0.07714454084634781,0.06387551253040631,3.3122166534880306e-05,0.0764140859246254,0.06297048074858529,3.151066893947678e-05,0.07561540603637695,0.06221288312522192,3.010775050703413e-05,0.07472024857997894,0.06157540725100608,2.8858743743622835e-05,0.07372113317251205,0.061033997389059215,2.7744501971573524e-05,0.0726204365491867,0.06056926837043157,2.6775187525162347e-05,0.07144717872142792
785,5,cross_attn,Horizontal,1,0.720911010863289,0.11102442706747259,1.764687180519104,0.31050386291647714,0.0026379891486029115,0.4509398341178894,0.22048641291875687,0.0005003229295464074,0.27940356731414795,0.18074523314597116,0.00018015290465688306,0.21809428930282593,0.15778834952248466,9.169370545237309e-05,0.18355807662010193,0.1428705302495805,5.742654322595862e-05,0.16016870737075806,0.13234113156795502,4.013406471736582e-05,0.14419525861740112,0.12461209521880226,3.0383588272179667e-05,0.13527655601501465,0.11876220740969219,2.4295567484060483e-05,0.12982071936130524,0.11418367461079643,2.0179379580180453e-05,0.1256827712059021,0.11047901520653376,1.706674239813736e-05,0.12209714949131012,0.10743062245467352,1.440614046554317e-05,0.11863242834806442,0.1049268761324504,1.2185003494087038e-05,0.11535525321960449,0.10287573318632823,1.0467237301506453e-05,0.11242857575416565,0.10118727303213543,9.150071153976302e-06,0.10988335311412811,0.0997859700804665,8.107262409746822e-06,0.10767727345228195,0.09861374409898879,7.260508521611751e-06,0.10577365756034851,0.09762545485818197,6.568535438882335e-06,0.10415036976337433,0.09678547604689522,6.004322336436811e-06,0.102769635617733,0.09606593338743089,5.550396417464351e-06,0.10156987607479095
785,5,cross_attn,Gaussian,1,0.4887430152249715,0.036849647474228024,1.0394037961959839,0.21490864573963106,0.0018829307795909555,0.3245461583137512,0.14353550201843654,0.0005544551240362445,0.21988682448863983,0.11034427086512248,0.0002552625704003359,0.17095667123794556,0.09155999857281881,0.00015345356199190105,0.14347031712532043,0.07975297113732686,9.995664025902839e-05,0.12141487002372742,0.07188148790645221,6.901882036317756e-05,0.10425032675266266,0.06626501230020372,5.024992952371293e-05,0.0914720892906189,0.06206934544302169,3.8420906506796834e-05,0.08222983777523041,0.058900917924585794,3.084774793826418e-05,0.07641266286373138,0.056454196158382625,2.5916952320595612e-05,0.07180609554052353,0.05450133163304556,2.2539462114850728e-05,0.06810776144266129,0.052897262017405224,2.010318567127399e-05,0.06509488821029663,0.05157165483586372,1.83839861577362e-05,0.06266103684902191,0.05048131434217332,1.7250463380699862e-05,0.06073974072933197,0.04957921140723758,1.65357894144406e-05,0.05922270193696022,0.04882018865337447,1.6088416139347725e-05,0.05798577144742012,0.04816632339405635,1.578877662348426e-05,0.056922439485788345,0.047590220613139014,1.5553406097201316e-05,0.055958814918994904,0.04707594824925301,1.534021918767557e-05,0.055060118436813354
785,5,mix_ffn_after_gate,Vertical,1,0.6600254551758842,0.11883864288801146,1.6482162475585938,0.19417519524456964,0.002278395092251774,0.29700735211372375,0.09889377062282866,0.0003036856147703686,0.13740170001983643,0.06211380370789104,6.547470597769592e-05,0.07911309599876404,0.04474738080586706,2.0425254093335157e-05,0.054871901869773865,0.03541678722415652,9.01850994468993e-06,0.04209601879119873,0.029920135757752826,5.3953287187686325e-06,0.03469734638929367,0.02645287225170741,4.011445117957914e-06,0.030266059562563896,0.024150812170571752,3.4007540073105615e-06,0.0282194372266531,0.02256301689952139,3.1034202164119137e-06,0.026817359030246735,0.021436531747144365,2.949085037272872e-06,0.02583882212638855,0.020619910092107833,2.8647577478417706e-06,0.025146346539258957,0.020017675316286464,2.8159058644749086e-06,0.024649661034345627,0.01956722332489869,2.7848627430764344e-06,0.024286706000566483,0.01922620383519975,2.7622246716077354e-06,0.024015644565224648,0.018965289174091248,2.743410912745534e-06,0.02381129190325737,0.018763840819398563,2.7266496276015645e-06,0.02365938387811184,0.01860721432973468,2.7113030142328446e-06,0.0235496386885643,0.018484926531239163,2.6968892209525295e-06,0.023472493514418602,0.018389297797093317,2.6827825293863334e-06,0.023418955504894257
785,5,mix_ffn_after_gate,Horizontal,1,0.6621962043028029,0.10022365281785407,1.5564041137695312,0.2044514673096793,0.0025414540331214343,0.3207697868347168,0.10313245370274499,0.00029409975371903237,0.1444668471813202,0.06563651159642235,5.6919562459782656e-05,0.0813116580247879,0.04848171811964777,1.6168007035307834e-05,0.05573360621929169,0.03942896384331915,6.585573637904292e-06,0.04510543495416641,0.03413547114247367,3.815153447665759e-06,0.03907248377799988,0.030807870159310007,2.9031418826162113e-06,0.035336267203092575,0.028604577842449384,2.5805483667940523e-06,0.032886434346437454,0.027088486367747897,2.465374478350598e-06,0.031217873096466064,0.026014933983484905,2.428146796264384e-06,0.030028291046619415,0.025238533312129597,2.4204242862361654e-06,0.029167963191866875,0.024667862536651746,2.422617939826327e-06,0.028536388650536537,0.024243003585272364,2.426557777133907e-06,0.028065167367458344,0.02392341098969891,2.4293506104921225e-06,0.027709469199180603,0.02368087425000138,2.4308828794180533e-06,0.02744046412408352,0.023495610152918196,2.431677385882021e-06,0.02723798155784607,0.023354009059923037,2.431237541975321e-06,0.027086056768894196,0.023246550193381687,2.4282710366491784e-06,0.026996515691280365,0.023165992623756803,2.421902455174618e-06,0.026946602389216423
785,5,mix_ffn_after_gate,Gaussian,1,0.8469747479945894,0.265525028337201,2.5751771926879883,0.2426247684255479,0.0038736360605977987,0.3863680958747864,0.11970905356463932,0.0005316216718800493,0.17511004209518433,0.07125659026796856,0.00011310164886285429,0.09684327244758606,0.04822864809206554,3.354025932007891e-05,0.06310846656560898,0.03578310699335167,1.2907174258620751e-05,0.04614410549402237,0.028440731030607982,6.149230197681968e-06,0.03598495200276375,0.02383380616822886,3.530706416930505e-06,0.02954605221748352,0.0208019009007821,2.369962830402996e-06,0.025284938514232635,0.018726373180037455,1.7911590079315331e-06,0.02235257439315319,0.017258038670415917,1.471592630937686e-06,0.020449159666895866,0.016190459966541282,1.2797406932897587e-06,0.019210435450077057,0.015396387257154972,1.1566941519676398e-06,0.018280230462551117,0.014794421796169546,1.0737008653988317e-06,0.017568856477737427,0.014330861956945487,1.015757059860085e-06,0.017017431557178497,0.013969318172524847,9.746375331730751e-07,0.01658572256565094,0.013684468062978888,9.455308574382635e-07,0.01624464988708496,0.013458197685106406,9.253436980684405e-07,0.015972495079040527,0.013277230133849478,9.119362386534097e-07,0.01575307548046112,0.013131649602973272,9.037587940809492e-07,0.01557448972016573
749,3,self_attn_after_gate,Vertical,1,0.23982191653478713,0.04591410646565916,1.4369230270385742,0.07892413271798028,0.0001695708078352151,0.10748415440320969,0.05317810272413587,4.368221094723578e-05,0.06953425705432892,0.04203669454843279,2.243288431723277e-05,0.05429556220769882,0.03575317526147479,1.4915639885592513e-05,0.046022772789001465,0.03163520935627203,1.1105199387356792e-05,0.040094174444675446,0.028727189327279728,9.03556923648461e-06,0.0357770100235939,0.026572174643949856,7.848200332289045e-06,0.03368712589144707,0.02491701063182619,7.10295806354159e-06,0.0321817621588707,0.023611029077853476,6.59665103652514e-06,0.030931048095226288,0.022558661236885994,6.2335004725935885e-06,0.02989567257463932,0.021696249200474648,5.9634471911121846e-06,0.029037628322839737,0.020979853051285895,5.756555328676423e-06,0.02832181565463543,0.02037815989128181,5.592977034462122e-06,0.02771901711821556,0.019868111503975733,5.459018459154039e-06,0.027206994593143463,0.019432227142036906,5.34540057125777e-06,0.02676970139145851,0.01905692738318254,5.246200290838069e-06,0.026395689696073532,0.01873143602694784,5.158053841747218e-06,0.02607627399265766,0.018447050839544288,5.079389599046201e-06,0.025803759694099426,0.01819668889104847,5.0096469385165055e-06,0.02557014673948288
749,3,self_attn_after_gate,Horizontal,1,0.3291708370522847,0.04552565557322523,0.961551308631897,0.104311432157244,0.00023503529886348182,0.14013011753559113,0.07214741527088105,4.094788161900717e-05,0.08581940829753876,0.05903386572996775,2.01719661919933e-05,0.06781794130802155,0.051984834115183544,1.4938154576991545e-05,0.058561988174915314,0.047519575863603565,1.2461144020715092e-05,0.054028742015361786,0.04442392727212301,1.0747188846224713e-05,0.050980351865291595,0.0421599071650278,9.487834737177223e-06,0.0485808327794075,0.04044285664955775,8.563089680320281e-06,0.046636663377285004,0.039099531218646066,7.863883373296344e-06,0.04503033682703972,0.038018699173652935,7.315512967055059e-06,0.04368975758552551,0.037126928833978515,6.871482019974848e-06,0.042564742267131805,0.03637546339323596,6.502428098212372e-06,0.04161401465535164,0.0357318078241651,6.1892854888571195e-06,0.040800679475069046,0.03517367256184419,5.9195606250233195e-06,0.04009388014674187,0.034684979785529396,5.6848530901952465e-06,0.039470549672842026,0.03425361727556539,5.479264714193496e-06,0.03891456872224808,0.03387019135767505,5.298422530899394e-06,0.03841479867696762,0.03352727084642365,5.138922940345266e-06,0.037963248789310455,0.03321887741959284,4.998032746407268e-06,0.037553779780864716
749,3,self_attn_after_gate,Gaussian,1,0.31436345347809413,0.0857048627056762,1.805768609046936,0.09729416159883378,0.0004207510103938386,0.14758506417274475,0.06515906964029584,0.0001056328152316062,0.08516824245452881,0.05051541210166992,4.2813123938663055e-05,0.06607118248939514,0.04219006137951972,2.3341027921160578e-05,0.05410053953528404,0.03677099419846421,1.5113301945336795e-05,0.04591528698801994,0.0329253308120228,1.094785296832258e-05,0.040914084762334824,0.03004227726468964,8.559214876303192e-06,0.03703474998474121,0.027798134449218945,7.027769473895391e-06,0.0338774174451828,0.026003956587778196,5.958096695934141e-06,0.03124968893826008,0.024542134373434006,5.167750392610175e-06,0.029474694281816483,0.02333492986739628,4.563295093844874e-06,0.028232619166374207,0.02232806384563446,4.090803438676173e-06,0.027177859097719193,0.021481938334921048,3.716042274244739e-06,0.026268137618899345,0.020766669529534522,3.4158586284475354e-06,0.025477901101112366,0.020159049610060358,3.1738525740725894e-06,0.02479170262813568,0.019640592621668937,2.9778456188425473e-06,0.024197913706302643,0.01919631411631902,2.8184485452295093e-06,0.023685576394200325,0.018813961348126806,2.688253187632224e-06,0.023243939504027367,0.018483475944589055,2.581330125182619e-06,0.022862926125526428
749,3,cross_attn,Vertical,1,0.6812005591770959,0.1360420426866606,2.2644941806793213,0.24252899535118588,0.0021656974186543896,0.38402077555656433,0.15542225042978922,0.0005059159046584712,0.24374234676361084,0.11744977782169978,0.00020883049092657743,0.17570361495018005,0.0966268043432917,0.00011667206451620538,0.13720791041851044,0.08355544483850873,7.336710866516907e-05,0.11303174495697021,0.07462883776142484,5.003547636577504e-05,0.0964306890964508,0.06805440410971642,3.74711173181302e-05,0.08470151573419571,0.06301190745499399,3.065817679904017e-05,0.0761021301150322,0.05910885032443773,2.652591256692708e-05,0.07029744237661362,0.05604978230974031,2.3761666303351345e-05,0.06736911088228226,0.053609203902028855,2.1681227266421192e-05,0.06504665315151215,0.05162275996473101,1.9986932976098157e-05,0.06300508975982666,0.04998277429313887,1.863095729566339e-05,0.06113365292549133,0.04861630239183941,1.7615528999585086e-05,0.05945005640387535,0.04746500024246791,1.695202483025268e-05,0.05799028277397156,0.046479101928453594,1.664058609829291e-05,0.05678683891892433,0.04561855224153352,1.6618189609107284e-05,0.05585139989852905,0.044856490656023935,1.674886180040728e-05,0.05515982210636139,0.04417876568105486,1.6888677471106336e-05,0.05465758964419365
749,3,cross_attn,Horizontal,1,0.6893714297385443,0.0836447651089486,1.6963741779327393,0.2938336358656959,0.0027217953745711275,0.4222615957260132,0.20447232491440243,0.0006272442981973809,0.2637503147125244,0.16583346421756442,0.00026284788632825084,0.20599141716957092,0.1447186144807982,0.00014475770937108772,0.17282989621162415,0.1312714157596467,8.383943154289851e-05,0.15372009575366974,0.12209700970422654,5.030725165008991e-05,0.13861346244812012,0.1157503081929116,3.254509310222973e-05,0.13052774965763092,0.11117482362758546,2.2204120971345408e-05,0.12424182891845703,0.10770955350663927,1.5724614115822205e-05,0.11914219707250595,0.10502509867388105,1.1651629002577169e-05,0.11494497954845428,0.1029289782283798,9.075100550579758e-06,0.11158744990825653,0.1012560622323127,7.3444812230066e-06,0.10895213484764099,0.09987271967388335,6.071109374719697e-06,0.10688108205795288,0.09868511427489537,5.078465423559181e-06,0.10518060624599457,0.09765149239036772,4.316725864635884e-06,0.10369502007961273,0.09676027144231493,3.7722924054676144e-06,0.10238681733608246,0.09599718392368346,3.413748366726874e-06,0.10127352178096771,0.0953383096863353,3.1817733112809126e-06,0.1003507524728775,0.09475574370414491,3.00777563347969e-06,0.09956075251102448
749,3,cross_attn,Gaussian,1,0.6634244918823242,0.09569258792163741,1.9050489664077759,0.2709340796111122,0.003231592603427376,0.41126585006713867,0.16829001607875976,0.0007913447780755194,0.2369028925895691,0.1225508369860195,0.0003347761086988665,0.1659366488456726,0.09796607565312158,0.00016883839332563528,0.1251758337020874,0.08280696507011141,9.454921275653469e-05,0.10233432054519653,0.07248042234116131,5.746261915368902e-05,0.08666928857564926,0.0650629232090617,3.812833072156176e-05,0.07730521261692047,0.05953963106823346,2.7907192553856092e-05,0.07068461179733276,0.055270652567583414,2.211160722461621e-05,0.0656387060880661,0.05188001550379254,1.8303195304072862e-05,0.06146175414323807,0.049154854660469385,1.5537941679854476e-05,0.05800227075815201,0.04694668233158097,1.3516405308587103e-05,0.0551881268620491,0.045138264459276954,1.2040373598819868e-05,0.052859723567962646,0.043638680248506485,1.0974530370997561e-05,0.05087422952055931,0.042382129482806674,1.0232789784270387e-05,0.04916974902153015,0.0413254638985982,9.743345646665044e-06,0.04774870723485947,0.04043758441767995,9.445857583687224e-06,0.04711131751537323,0.03969026285977591,9.284562886364938e-06,0.04664434492588043,0.03905578897822471,9.198650948652007e-06,0.04627285897731781
749,3,mix_ffn_after_gate,Vertical,1,0.8131750632846166,0.4106740898278737,3.624929666519165,0.24032168492438302,0.002350831947631161,0.3422633409500122,0.13686633831451808,0.0003616543747243198,0.1753167062997818,0.09156316778962574,0.00010188252108913531,0.11241842806339264,0.0669344129070403,3.95404633513888e-05,0.08006884157657623,0.051987199970181024,1.856305025130243e-05,0.060962870717048645,0.04227798704117063,1.003500979478055e-05,0.04889070242643356,0.0356489024346783,6.13992584954385e-06,0.040781810879707336,0.030940040620783017,4.203405572272717e-06,0.03502532094717026,0.027486770399033078,3.1717317765101892e-06,0.030801886692643166,0.024888436738697308,2.5887290668912236e-06,0.027850646525621414,0.02289263241820865,2.2421453078679684e-06,0.025977429002523422,0.021334058117298854,2.0269504428368256e-06,0.024588709697127342,0.020100569559468165,1.8882540990486263e-06,0.023481374606490135,0.0191136012888617,1.7959522650462054e-06,0.022589514032006264,0.01831657469036087,1.7327976977362514e-06,0.02186552807688713,0.017667821859793056,1.688502017198147e-06,0.021274367347359657,0.017136118552159695,1.6566675286200754e-06,0.020789721980690956,0.01669776315490405,1.6331583749423244e-06,0.020391274243593216,0.01633458033144947,1.6152847724984745e-06,0.02006296068429947
749,3,mix_ffn_after_gate,Horizontal,1,1.1324667041263883,0.8691002245496214,4.568996429443359,0.3155772395077206,0.004036422582024468,0.4578844904899597,0.18391663522001298,0.0006568278529774565,0.2391015887260437,0.12584269129567677,0.00019344799971239335,0.15597140789031982,0.0943261981010437,7.754361513320365e-05,0.11410725116729736,0.07515938201593975,3.738015377179798e-05,0.08906562626361847,0.06257660539140777,2.047841905042701e-05,0.07281272113323212,0.05384063490089916,1.2373887649842974e-05,0.061646439135074615,0.04751985508298117,8.094658245671738e-06,0.053632304072380066,0.04280430285467042,5.667264139048482e-06,0.04770343378186226,0.0392029160663249,4.214403747083194e-06,0.04348595812916756,0.036400272969215636,3.3083165959083635e-06,0.04022669419646263,0.034184459626438124,2.7244866141716553e-06,0.03787371143698692,0.03240828103725872,2.3381296757588245e-06,0.03598804026842117,0.03096693597497448,2.0767438537171766e-06,0.03445275500416756,0.029784375535590307,1.896639149320443e-06,0.03318972513079643,0.028804538771510124,1.7706357107408067e-06,0.03214076906442642,0.027985516462534193,1.6813425179729354e-06,0.03126210719347,0.02729556668135855,1.6173653091418355e-06,0.030520472675561905,0.026710353141266203,1.5710940621645249e-06,0.029890403151512146
749,3,mix_ffn_after_gate,Gaussian,1,1.1164620480840168,0.905618069959284,5.01514196395874,0.3002197463361044,0.003804752988258549,0.44757187366485596,0.17113992950272938,0.0006255128206692053,0.23186179995536804,0.1133290124791009,0.00018366459528483469,0.146932452917099,0.08187642811782776,7.10270380925193e-05,0.10548260807991028,0.0628079760169226,3.293129964511304e-05,0.080159492790699,0.050357680708642986,1.7376210267051066e-05,0.06350915133953094,0.04179001617289725,1.0176376457798734e-05,0.05203595012426376,0.03565667953992647,6.530436716871828e-06,0.043853435665369034,0.031124025169346068,4.541669522187951e-06,0.03784245252609253,0.027683853393509275,3.3820678550437964e-06,0.03330722451210022,0.02501357225553384,2.6640303022137935e-06,0.02980469912290573,0.022901647591165135,2.1951965180560156e-06,0.027046844363212585,0.021205241126673564,1.874821462195242e-06,0.02484157495200634,0.019825137944685087,1.647424579762797e-06,0.02313746139407158,0.018690511466018737,1.4809586781630965e-06,0.021828074008226395,0.017749472033409847,1.3560382680361714e-06,0.020743826404213905,0.016963133455387185,1.2604194401375527e-06,0.019838981330394745,0.016301792661940293,1.186061909293263e-06,0.019078411161899567,0.015742381147685506,1.1274903480570508e-06,0.018434887751936913
749,4,self_attn_after_gate,Vertical,1,0.45666995408043026,0.06948543412669343,1.2784671783447266,0.15477234586363747,0.0009454014690030743,0.2490006685256958,0.09713762241696554,0.00025866233272711246,0.14608120918273926,0.070170998750698,0.00011100331080101801,0.10334571450948715,0.054758610233427985,5.68168441163223e-05,0.07714180648326874,0.045112231302829015,3.4017733137915146e-05,0.06180233880877495,0.038675384122937445,2.341743235599349e-05,0.052785150706768036,0.03414887183951953,1.7946031840329917e-05,0.04619939625263214,0.03082411378503792,1.478624925058404e-05,0.041251592338085175,0.028293493070772717,1.2747354069391838e-05,0.03790491819381714,0.026311573084621204,1.1301511748829836e-05,0.035790376365184784,0.02472378576676997,1.0203886383557416e-05,0.03407701477408409,0.023428505789192897,9.333304122898003e-06,0.032663606107234955,0.02235618384466285,8.623640061615837e-06,0.03148128464818001,0.02145747444222844,8.034513179886335e-06,0.030480995774269104,0.02069625094355572,7.538773474366917e-06,0.029626771807670593,0.020045362738153293,7.116953250072875e-06,0.028891930356621742,0.019483962258885778,6.754617632735608e-06,0.028256652876734734,0.018995785553540503,6.440896750726496e-06,0.02770613320171833,0.0185680262271374,6.167521301088819e-06,0.027228981256484985
749,4,self_attn_after_gate,Horizontal,1,0.931341462665134,0.8019501953545161,4.86761474609375,0.28174337602797006,0.00402433035621717,0.43267202377319336,0.17744385072636226,0.0008034385051351991,0.24553140997886658,0.1317316083207963,0.00028780804468283655,0.17055335640907288,0.10627395872558866,0.00013393852052481547,0.13709419965744019,0.09036391275742697,7.727436151570446e-05,0.11446434259414673,0.07964656419224209,5.264119022270076e-05,0.09898753464221954,0.07200195072662263,3.9885340197162794e-05,0.08834551274776459,0.06629223524341507,3.222673335139556e-05,0.08174307644367218,0.061865752888104274,2.7134482000065005e-05,0.07640349864959717,0.05833045351836416,2.352209214447401e-05,0.07200708985328674,0.05544003406687388,2.084497426406562e-05,0.06833350658416748,0.05303301153674958,1.879200457184948e-05,0.06522464007139206,0.05099899676584062,1.7170184564601663e-05,0.06256381422281265,0.049259573043811886,1.5854618023892284e-05,0.0602634996175766,0.04775718227028847,1.476300089913359e-05,0.058257490396499634,0.04644844060142835,1.3840646075992942e-05,0.05649515241384506,0.045299933425017765,1.3050857228417525e-05,0.05493709444999695,0.04428546331704609,1.236858459283023e-05,0.053552184253931046,0.04338415043931159,1.17760946481218e-05,0.05231545865535736
749,4,self_attn_after_gate,Gaussian,1,0.9333442477952867,0.8387008340356948,4.559221267700195,0.21801251929903787,0.0028947189953325843,0.41832977533340454,0.12999261170625687,0.0005346047705938518,0.21517634391784668,0.0925364267258417,0.000179423916288066,0.13512703776359558,0.07199367466900083,7.95296272320804e-05,0.09493723511695862,0.05928965663862607,4.297015423438934e-05,0.07351519167423248,0.0507758329548533,2.716869605701408e-05,0.06223021447658539,0.044699065682906956,1.923791358673548e-05,0.054884012788534164,0.04014684727031087,1.4611468269719197e-05,0.0490252710878849,0.03661130688020161,1.1567947057724315e-05,0.04425342381000519,0.033789471619659,9.411431398519567e-06,0.04051691293716431,0.031488962796708896,7.819388923947188e-06,0.03782307356595993,0.02958162587195162,6.6160377156448135e-06,0.03553498536348343,0.027978842161477557,5.692816885606696e-06,0.03355859965085983,0.026617275166606145,4.977396556329052e-06,0.03183404728770256,0.02545022860997253,4.419315098223166e-06,0.030320851132273674,0.024442247721174405,3.982035216717426e-06,0.028989801183342934,0.023565672101482513,3.63805836488455e-06,0.027818143367767334,0.02279844516444774,3.36585296285592e-06,0.026921471580863,0.02212269882124568,3.148115745314439e-06,0.026173418387770653
749,4,cross_attn,Vertical,1,0.7268192687677959,0.17242225664447736,2.9483985900878906,0.30932411102075424,0.0035140484134759307,0.48966848850250244,0.20892441249082958,0.0007472295587262857,0.25775519013404846,0.16359617017091266,0.00036456733428477824,0.19924122095108032,0.13752164585249765,0.00023365084465212113,0.17418846487998962,0.12053221109367553,0.00016821133546622439,0.15404590964317322,0.10847013810324291,0.00013242670567119877,0.1385960727930069,0.09918079075832216,0.00010235128104264918,0.1234319806098938,0.09191511062875626,7.764612960279556e-05,0.1119694709777832,0.08630278753855872,6.123374064047822e-05,0.10523970425128937,0.08192525508384856,5.069380383924151e-05,0.10008028894662857,0.07842856480015649,4.372044610433697e-05,0.09603480249643326,0.07556694462185815,3.8931483063853774e-05,0.09267473220825195,0.07319105806804839,3.537716990331472e-05,0.08972008526325226,0.07120879189599127,3.252982003634196e-05,0.0870935320854187,0.06954119892583953,3.0139619916167702e-05,0.0847681313753128,0.06811879569339374,2.81041126892018e-05,0.08273153007030487,0.06688934694679957,2.642300271544331e-05,0.0809963271021843,0.06582248808136063,2.5089205014085054e-05,0.07956621050834656,0.06490204447791689,2.403597404902194e-05,0.07841284573078156
749,4,cross_attn,Horizontal,1,0.6431064165773845,0.06277259040756969,1.2625365257263184,0.2773920841633327,0.0022858581278689767,0.44035497307777405,0.19913594826819406,0.0005624110713839116,0.2992333173751831,0.16390982151977598,0.00020108559855328963,0.22236904501914978,0.1439951846287364,9.325735993055955e-05,0.1798749566078186,0.13162403068845235,5.556289917675291e-05,0.15386782586574554,0.12320179421277273,3.8360455198350346e-05,0.13808342814445496,0.11713938367745233,2.784089995964217e-05,0.12796364724636078,0.11263318525420295,2.1239523228683444e-05,0.12205994129180908,0.10914198190919937,1.7024149648948325e-05,0.11746048927307129,0.10636616202573927,1.3998002762478225e-05,0.11426717787981033,0.10415161909565093,1.1567614444249825e-05,0.11172667145729065,0.10236484084337477,9.61281894680872e-06,0.10947650671005249,0.10089519690899622,8.06382258172617e-06,0.10745979845523834,0.09967008788907339,6.853205637072355e-06,0.1056591048836708,0.09864979071749581,5.921517119012858e-06,0.10414549708366394,0.09779739379882812,5.216678779380273e-06,0.1029767394065857,0.09706665882988581,4.6909766676520695e-06,0.10227687656879425,0.09640939273531475,4.265138866018381e-06,0.10163561999797821,0.09579434837140734,3.849973421392486e-06,0.10093200206756592
749,4,cross_attn,Gaussian,1,0.6768275802097623,0.13026955505948945,1.863152265548706,0.23800850647782523,0.002281349672597168,0.35335662961006165,0.15137848139755308,0.0004901450020355423,0.21702034771442413,0.11606331595352717,0.0002100626454034879,0.1612541228532791,0.0967776890075396,0.0001359024184646717,0.13121600449085236,0.0846775612897343,9.687680155187414e-05,0.10950808227062225,0.07632587282430559,7.129993557232676e-05,0.09349054843187332,0.07035110695731073,5.6617774923916855e-05,0.08443591743707657,0.06596956609023942,4.827559257842601e-05,0.07995970547199249,0.06258046047555076,4.304007800989908e-05,0.07605153322219849,0.05984155833721161,3.9604856200231925e-05,0.0721651017665863,0.057612002191562504,3.7481689125524564e-05,0.06878368556499481,0.055822698251595575,3.62563812539216e-05,0.06683740019798279,0.054389328237563844,3.550243918469442e-05,0.06618258357048035,0.053219411817808,3.488020606530686e-05,0.06557779014110565,0.052235207860431974,3.417507905673659e-05,0.06491759419441223,0.05138127334297649,3.329736522697428e-05,0.06415876746177673,0.05062152167397832,3.224771072670478e-05,0.06329779326915741,0.04993261964548202,3.106679422216263e-05,0.06234746798872948,0.0492985871221338,2.9801636305175787e-05,0.061321645975112915
749,4,mix_ffn_after_gate,Vertical,1,0.8737792613960448,0.44616346998519574,3.4147160053253174,0.2619906611858852,0.002962849336998825,0.38735055923461914,0.14446706975263263,0.00044651479474186337,0.19002172350883484,0.09360154469807942,0.00011485704224010113,0.11578492820262909,0.06727110251547798,4.150369738224649e-05,0.08030147850513458,0.052106879888072846,1.9953648428615222e-05,0.06096004694700241,0.04267738617601849,1.209340830130527e-05,0.04988254979252815,0.03646907432093507,8.64869163252195e-06,0.043770790100097656,0.03219789704160085,6.895524840195499e-06,0.03941262513399124,0.029154077201845156,5.892993433189117e-06,0.036215640604496,0.02692172321535292,5.26441519937119e-06,0.03381297364830971,0.025246149638579005,4.839086101365482e-06,0.03197232633829117,0.0239650873201234,4.533204212216536e-06,0.030540838837623596,0.022970998600598366,4.303508341858497e-06,0.02941357158124447,0.02219008757836289,4.126131788609562e-06,0.02851656824350357,0.021570286846586635,3.986866715182861e-06,0.027796924114227295,0.021073986790956012,3.8768542285457896e-06,0.02721627987921238,0.020673404521648845,3.790428354107444e-06,0.026746157556772232,0.02034756431858691,3.72361682605636e-06,0.026364151388406754,0.02008036110136244,3.6728683993770155e-06,0.026051193475723267
749,4,mix_ffn_after_gate,Horizontal,1,1.3759399510565258,1.3427864468978359,5.6000518798828125,0.3562754279091245,0.00441942307354029,0.4899343252182007,0.20966992751946525,0.0007827132989597833,0.2696118652820587,0.1421722737806184,0.00022551495833598748,0.17565962672233582,0.1051137504123506,8.350245368757362e-05,0.12537881731987,0.08267000920715786,3.724233216086816e-05,0.09671255946159363,0.06815845495651639,1.9371982078036513e-05,0.07852239906787872,0.058313371051871586,1.1512012558306875e-05,0.06605662405490875,0.05137345691521963,7.6759515049306e-06,0.05716001242399216,0.04632317286635202,5.6352324209769374e-06,0.051512669771909714,0.04254753219466361,4.467144580585732e-06,0.04731547832489014,0.03965901021683027,3.755058496758875e-06,0.044448867440223694,0.037405004931820765,3.2972728147570078e-06,0.042229458689689636,0.03561599576284015,2.9907376188736657e-06,0.040434129536151886,0.034175318680585376,2.7803334927297365e-06,0.03897013142704964,0.033000895162186926,2.6346877266748973e-06,0.03776877000927925,0.03203380755370572,2.5341000165067693e-06,0.03677700459957123,0.03123091282470832,2.464954374304331e-06,0.035953275859355927,0.03055996631109525,2.4174884520316695e-06,0.03526507690548897,0.02999636728966993,2.384774954058809e-06,0.03468675538897514
749,4,mix_ffn_after_gate,Gaussian,1,0.9124742079348791,0.4180414656099265,3.300342559814453,0.27726379509956117,0.003712360855436167,0.3990550637245178,0.1492747516622619,0.000541870079935855,0.20289790630340576,0.09508483135511005,0.00013901293796666114,0.12604783475399017,0.06677944467417778,4.861187416776807e-05,0.08647746592760086,0.050322655351862075,2.121209463910178e-05,0.06387633085250854,0.0400450826873855,1.1065030005432566e-05,0.04992081969976425,0.03325373667573172,6.649938198886617e-06,0.04075708985328674,0.0285537891267311,4.463374911267214e-06,0.034442655742168427,0.025176457439859707,3.264392508269009e-06,0.029925378039479256,0.022674832079145644,2.5511916487225115e-06,0.02659558318555355,0.020776349548546093,2.0977947096350496e-06,0.024078646674752235,0.019307246520405726,1.7936824177342947e-06,0.022198598831892014,0.01815215539601114,1.5810595798285014e-06,0.021036528050899506,0.017231763606624945,1.4277162548825747e-06,0.020091883838176727,0.016490008563749374,1.3145308813420973e-06,0.019313201308250427,0.015886320643836542,1.2295350651585585e-06,0.018663395196199417,0.015390692397005974,1.1649932834578774e-06,0.018115190789103508,0.014980466252872868,1.1158269846236166e-06,0.017648540437221527,0.014638231579391729,1.0786639488084972e-06,0.017249148339033127
749,5,self_attn_after_gate,Vertical,1,0.709929894360285,0.6032140005657927,3.0390613079071045,0.11928332194922463,0.0006562040893858078,0.1873472034931183,0.07789230991214041,0.00019466167615307393,0.11548111587762833,0.05845905124904618,9.141738176713275e-05,0.0856979489326477,0.04696629208231729,5.0715604515079634e-05,0.0671728327870369,0.03953234135868058,3.210994690416827e-05,0.05395321547985077,0.03445628394801465,2.2894329671289943e-05,0.04426072537899017,0.030839962648257377,1.801109762945725e-05,0.039723172783851624,0.028168014679399746,1.5256305101992721e-05,0.036955010145902634,0.026131403233323778,1.3599097477499383e-05,0.03529835492372513,0.024536570474978477,1.253334249801372e-05,0.03393803909420967,0.023257463106087277,1.1800331640781686e-05,0.032804302871227264,0.022209490043303325,1.1263020867558626e-05,0.03184439241886139,0.02133462864846464,1.0846990574419961e-05,0.031020313501358032,0.02059233779945071,1.0510901384054817e-05,0.0303051695227623,0.019953800527940668,1.0230969417891864e-05,0.029679670929908752,0.019398182453144164,9.992823462729195e-06,0.029129628092050552,0.01891013255549802,9.787237645449402e-06,0.02864418551325798,0.018478110565670898,9.607901549033002e-06,0.02821469120681286,0.01809324508917237,9.450189198113039e-06,0.02783399261534214
749,5,self_attn_after_gate,Horizontal,1,1.285279058511295,3.189330587822637,7.961276531219482,0.2426107357891779,0.0018602858024896125,0.3748801350593567,0.167394281852813,0.0005782748808994188,0.2305830717086792,0.1267942591082482,0.00023819041970418102,0.16230374574661255,0.10254239089905269,0.00012402710081225847,0.12776266038417816,0.08698317325777477,7.755869406442745e-05,0.10722040385007858,0.07633488601635373,5.428190682014883e-05,0.09375478327274323,0.06862160173200425,4.083157626033637e-05,0.08401596546173096,0.0627632752533943,3.24387244082155e-05,0.07658347487449646,0.05814535708891021,2.693826826159819e-05,0.07068279385566711,0.05440273461124254,2.317101790815618e-05,0.06586610525846481,0.051307306048415956,2.047393898344083e-05,0.06185607612133026,0.04870855075026315,1.8458532211541434e-05,0.05871902033686638,0.046501639757364516,1.68934448510052e-05,0.056090615689754486,0.044609979977683414,1.5637734765045912e-05,0.053781017661094666,0.04297543470821683,1.4602849452270953e-05,0.05174006521701813,0.041552633993209354,1.3731060019026844e-05,0.04992697387933731,0.04030552654275819,1.2983045359827603e-05,0.048307113349437714,0.039205176312299,1.2331108140340252e-05,0.046850673854351044,0.038228271381249505,1.175531281836282e-05,0.04553981125354767
749,5,self_attn_after_gate,Gaussian,1,0.42251585684125387,0.15936445083829645,2.0277647972106934,0.11516159985746656,0.0006103331054475992,0.19375303387641907,0.07546711884557254,0.00017229239221539658,0.1153847798705101,0.0566231898726925,6.850856895615625e-05,0.07986469566822052,0.04583888092920894,3.397851083164911e-05,0.061802200973033905,0.03898849426990464,1.989073452112978e-05,0.04998615384101868,0.03428808265616969,1.3186249302625207e-05,0.041916750371456146,0.030864787036700855,9.59488416075677e-06,0.03707657754421234,0.02826363504642532,7.485437632356902e-06,0.033707670867443085,0.026228630530928807,6.153458458845784e-06,0.03127799928188324,0.024603370311004773,5.262862251564371e-06,0.029428761452436447,0.023284946553527364,4.638587556810992e-06,0.02788284420967102,0.02220162119539011,4.183099588937647e-06,0.026575099676847458,0.02130136035737537,3.8397885408213115e-06,0.025461267679929733,0.02054552243105949,3.5745382435052596e-06,0.024509012699127197,0.01990497150709705,3.36570948307988e-06,0.023692864924669266,0.019357442294084835,3.1988099941831296e-06,0.022991688922047615,0.018885682765690106,3.0637498467931644e-06,0.022387616336345673,0.0184761414540902,2.953356438183008e-06,0.02186565473675728,0.01811806436273314,2.862504204957403e-06,0.021413538604974747
749,5,cross_attn,Vertical,1,0.5653803800306623,0.07452493489298845,1.621299147605896,0.2553864447843461,0.0024920437255705826,0.36972320079803467,0.17700030016047613,0.0008159954840761762,0.25890064239501953,0.13759271493033756,0.00036940530020013125,0.1905282735824585,0.11580168101049605,0.00019729357142009136,0.1525866687297821,0.1024434891721559,0.00012327656449610404,0.12916532158851624,0.09341985247437916,8.649813919774718e-05,0.11298497021198273,0.08699970266648702,6.692733252256424e-05,0.10373249650001526,0.08221361478642812,5.571745084774042e-05,0.09820853173732758,0.0784911937893383,4.83011026079384e-05,0.0940890684723854,0.0755578965421707,4.341756185383773e-05,0.0909535139799118,0.07322120512761766,4.026226495377514e-05,0.08841459453105927,0.07132443472269982,3.8153663197329816e-05,0.08702036738395691,0.06975413545493096,3.671707304850123e-05,0.08582723140716553,0.0684405445816025,3.577694513213459e-05,0.08474935591220856,0.06734249794057437,3.520080914622725e-05,0.08391575515270233,0.06642392041191222,3.486018361450191e-05,0.08333269506692886,0.06564851856184384,3.465092226719608e-05,0.08291494846343994,0.06498298687594277,3.4497660625813234e-05,0.08255259692668915,0.06440079478280884,3.435818933409951e-05,0.08216288685798645
749,5,cross_attn,Horizontal,1,0.7348485641063206,0.15761893224302978,2.63314151763916,0.32799780274194384,0.0040197393843558376,0.487888902425766,0.2339939009102564,0.000865322960511744,0.31863367557525635,0.19138127967478738,0.00032576246273944805,0.2459516078233719,0.16582980491812266,0.00016002806654752166,0.19982774555683136,0.14865124982500832,9.007395040497787e-05,0.17420616745948792,0.13671311345838366,5.529682695241116e-05,0.15693631768226624,0.12808570596906874,3.6316049798158235e-05,0.14486053586006165,0.12163881531783513,2.5143515802840808e-05,0.13561686873435974,0.11669529229402542,1.8261556083521397e-05,0.12828105688095093,0.1128288060426712,1.3858720163999612e-05,0.12233183532953262,0.10974447571095966,1.0929311575482886e-05,0.1175784170627594,0.10723724772059728,8.897018358659988e-06,0.11410077661275864,0.10516288438959727,7.443772705890967e-06,0.11182574927806854,0.10341942156591112,6.375776701825973e-06,0.10984073579311371,0.10193642098752279,5.560815579103134e-06,0.10808956623077393,0.10066453438429605,4.916088093982534e-06,0.1065303236246109,0.09956760538948907,4.393330403761814e-06,0.1051352322101593,0.09861724267876337,3.966886364087758e-06,0.10388615727424622,0.09779099398662174,3.6260045734517507e-06,0.10276997089385986
749,5,cross_attn,Gaussian,1,0.8776059637940119,0.3540485173482114,4.050619125366211,0.3372722343792991,0.005050103230238425,0.5177377462387085,0.22136437680040086,0.0015698291951879277,0.3408758044242859,0.16738974468575585,0.0007230475993633186,0.2477293610572815,0.13696981351526957,0.0004052928916297752,0.19330166280269623,0.117441901375377,0.0002535974296649452,0.16065876185894012,0.10344031642353724,0.00017271838812191667,0.14064252376556396,0.0929149112531117,0.0001267075406307818,0.12593840062618256,0.08491424069045082,9.646635828503414e-05,0.11413824558258057,0.07870372662705089,7.56821974166216e-05,0.10452453792095184,0.07377746376016783,6.118923783122436e-05,0.0966619998216629,0.06979654640668914,5.0852631375341034e-05,0.09021912515163422,0.06653544501889319,4.327075901902351e-05,0.08492850512266159,0.06384305839264204,3.7629777252726185e-05,0.08053344488143921,0.0616036881766622,3.33997805015592e-05,0.0768103376030922,0.05971463698716391,3.0152828574639393e-05,0.07359515130519867,0.058085264490237314,2.7554170045998554e-05,0.0707920491695404,0.056653156699169246,2.5441333119095052e-05,0.06836523115634918,0.05539354723360804,2.382029351833514e-05,0.06628596782684326,0.05429985900483434,2.271693060338983e-05,0.06458547711372375
749,5,mix_ffn_after_gate,Vertical,1,0.7188069096633366,0.15761833672352718,1.8518871068954468,0.20282386834659274,0.0028070719753390196,0.32754167914390564,0.0999362642566363,0.00030035243518641976,0.13522501289844513,0.06273546992313295,5.9233528974950004e-05,0.07791488617658615,0.04572988786394634,1.8245586387409873e-05,0.05409958213567734,0.03662920045474219,8.193480911310804e-06,0.04311249405145645,0.031188508022635703,4.994175863618316e-06,0.03664186969399452,0.027687651859152885,3.7839805277960893e-06,0.03252103179693222,0.02531963030970286,3.2724456264849923e-06,0.029756661504507065,0.023658621169271924,3.0409044706271355e-06,0.027835514396429062,0.02246003243185225,2.9310790180236827e-06,0.026765352115035057,0.021574544942095167,2.8763945161384807e-06,0.026033807545900345,0.02090707935747646,2.8464740204034964e-06,0.025477740913629532,0.020395131929526255,2.8264706954308324e-06,0.025048866868019104,0.019996482731094434,2.8093024131817226e-06,0.024715926498174667,0.01968195079456246,2.7925720317278444e-06,0.024460282176733017,0.01943104513107784,2.776467246032211e-06,0.024269353598356247,0.019229241129424837,2.7617825432199116e-06,0.02413153275847435,0.019066036930159916,2.748675294184971e-06,0.024035118520259857,0.018933569539397482,2.736413189433929e-06,0.023968856781721115
749,5,mix_ffn_after_gate,Horizontal,1,0.6568487669740405,0.10494009191903321,1.8540107011795044,0.20514648206650266,0.002228575804413611,0.3013346195220947,0.10480520188335389,0.00025004853819862917,0.13588212430477142,0.067111822111266,4.79806604754691e-05,0.08203883469104767,0.049536471802090844,1.3650019301342039e-05,0.05766591057181358,0.04014537146403676,5.7643285700751565e-06,0.045236144214868546,0.03463649702450586,3.5772365141336494e-06,0.03905398026108742,0.03117653535353759,2.8874015034887708e-06,0.035193901509046555,0.028890533491023003,2.648510279143157e-06,0.0326719731092453,0.027320725163297047,2.561721985318365e-06,0.0309660192579031,0.026210059012685503,2.5335910824419676e-06,0.0297744981944561,0.02540635997577319,2.53018381376596e-06,0.028941262513399124,0.02481510342350082,2.5361761800325137e-06,0.02843806892633438,0.02437457125929613,2.5443199618874595e-06,0.02806478552520275,0.024043017407021826,2.551374551431515e-06,0.027783269062638283,0.023791583254933357,2.556268413395575e-06,0.0275687538087368,0.023599854419155727,2.5593447427140984e-06,0.027405591681599617,0.023453092291241602,2.5614803542699867e-06,0.027283191680908203,0.02334068115386698,2.5629981747483085e-06,0.027192847803235054,0.023255127319504344,2.5632878251424966e-06,0.027126513421535492
749,5,mix_ffn_after_gate,Gaussian,1,0.6917830459655278,0.11939887653938701,1.796403169631958,0.2075658185141427,0.002527836900522281,0.30829352140426636,0.10195436789875939,0.0003269048141230986,0.13696758449077606,0.06128968617745808,6.986191859384289e-05,0.07874587178230286,0.04217191454437044,2.0478582622952717e-05,0.05205012857913971,0.03203084840187951,7.84795952730417e-06,0.038130827248096466,0.026147090282941623,3.860651529120835e-06,0.030280470848083496,0.02248508335342483,2.3777132749057033e-06,0.025536661967635155,0.02007409120126376,1.7447754477170307e-06,0.022380048409104347,0.018412961816740413,1.4359997741342684e-06,0.020755168050527573,0.017226441378986077,1.2662336303752198e-06,0.01970437541604042,0.016354681155274785,1.165386572397213e-06,0.01890847459435463,0.01569943313324262,1.1033629613337277e-06,0.01829352416098118,0.015197273535979173,1.064891411495023e-06,0.017811156809329987,0.014805698057725317,1.040984726830512e-06,0.017428945749998093,0.014495293077613627,1.0256951620259959e-06,0.01712452992796898,0.014245175933908848,1.0149929437346354e-06,0.016881035640835762,0.014040412440422981,1.0066330850497304e-06,0.016684114933013916,0.013870561761515481,1.0000073518331728e-06,0.0165218748152256,0.01372857867843575,9.953135696410697e-07,0.016386304050683975
710,3,self_attn_after_gate,Vertical,1,0.48820819339108845,0.3540919495519848,2.931769847869873,0.11667868802471766,0.0005618117443125838,0.18938478827476501,0.07654603405131234,0.00010433571933747656,0.10415375232696533,0.0586427693210897,4.6155647039490815e-05,0.07022710144519806,0.048138696049887034,2.78507120079263e-05,0.05790355056524277,0.04132662819964545,1.9911214513729164e-05,0.05068125203251839,0.036611932522011184,1.5888189323925038e-05,0.045754507184028625,0.03317579996609499,1.3523425623663315e-05,0.04174782335758209,0.03056936521851827,1.1944235634236669e-05,0.039006009697914124,0.02853041621191161,1.0795882365729453e-05,0.03692418336868286,0.0268962403079347,9.919418253431863e-06,0.0351896807551384,0.025560531203472424,9.232003918988881e-06,0.03372979909181595,0.024450916235172558,8.68284911077321e-06,0.03249042481184006,0.023516452649519556,8.236764616611126e-06,0.0314304493367672,0.02272027565373315,7.868079383849093e-06,0.030518105253577232,0.022035073725477097,7.557996222916682e-06,0.029728179797530174,0.02144019172659942,7.292864289004071e-06,0.02904020994901657,0.020919707145482774,7.062783931963571e-06,0.028437409549951553,0.020461125328900324,6.860594407975454e-06,0.027906011790037155,0.020054485589738876,6.6810933828267145e-06,0.027434710413217545
710,3,self_attn_after_gate,Horizontal,1,0.7012846763171847,0.6904262151049247,4.182125091552734,0.17193145600576248,0.001035019309868061,0.2532266080379486,0.11794036555857886,0.0002792209386533149,0.17239055037498474,0.09112500955188085,0.00010741552979345025,0.12453215569257736,0.07601149930130868,5.418269909806472e-05,0.09670931100845337,0.06681164572872812,3.465147822263699e-05,0.08006340265274048,0.060710731006803964,2.586591196370121e-05,0.07189135253429413,0.05631582923824825,2.0995894006708735e-05,0.06698526442050934,0.05293746493638508,1.783010223995935e-05,0.06287641078233719,0.05021805280730838,1.5582503854683918e-05,0.05937039852142334,0.047959200328304655,1.3913973419740569e-05,0.056342728435993195,0.04604286191955445,1.2639578360710339e-05,0.05370432138442993,0.04439381190708706,1.1641202942674575e-05,0.05155051499605179,0.04296094279677149,1.083866289635012e-05,0.05014548823237419,0.04170743529758756,1.017705643642558e-05,0.04889994114637375,0.04060534080342641,9.618919064043837e-06,0.047787684947252274,0.03963250666856766,9.138608204140735e-06,0.046789541840553284,0.03877079433628491,8.718443884305504e-06,0.04589031636714935,0.03800502159292736,8.34604125548246e-06,0.04507720470428467,0.03732226620472613,8.012605419263884e-06,0.044338956475257874
710,3,self_attn_after_gate,Gaussian,1,0.2923498307428663,0.04607109938458282,1.1171238422393799,0.0826171435534008,0.00028072144418105646,0.1355810910463333,0.05352443391605029,5.4421648481349815e-05,0.0729081928730011,0.04122197450626464,2.288054205751326e-05,0.05436082184314728,0.03441398138446467,1.2746205162299141e-05,0.04395521432161331,0.030107797936551155,8.288271866402648e-06,0.037616126239299774,0.02715122667215173,6.02122041902724e-06,0.03340930491685867,0.02500494471972897,4.745683681487842e-06,0.030582375824451447,0.02338667477052363,3.963016149246598e-06,0.028431624174118042,0.022134983379926,3.4425482274064147e-06,0.02672770246863365,0.021148567132297017,3.072227305186249e-06,0.02564629726111889,0.02035892932187943,2.7955244392047334e-06,0.024784734472632408,0.019717628964119487,2.582500409033391e-06,0.024080922827124596,0.019189434717335398,2.416251879163686e-06,0.02349740080535412,0.01874829370469328,2.2861722530284432e-06,0.02300664409995079,0.018374897273523465,2.1845362791620264e-06,0.022587966173887253,0.01805505472871046,2.1049592870875726e-06,0.02222561463713646,0.01777835823004208,2.042075794664965e-06,0.021907798945903778,0.01753705685278253,1.9916686419560753e-06,0.02162601426243782,0.0173252330176414,1.9506612295953296e-06,0.021374277770519257
710,3,cross_attn,Vertical,1,0.6424277869481889,0.156161977943027,2.3981642723083496,0.24711630812713078,0.0018486580413740056,0.35186007618904114,0.1627221947151517,0.0003742573690215901,0.21728472411632538,0.12411614637526255,0.00014300545233671434,0.15654492378234863,0.10229954099844372,7.394364054782152e-05,0.12287294864654541,0.08832480853039121,4.527673055836926e-05,0.10522864758968353,0.0785185197989146,3.137271338351581e-05,0.09119729697704315,0.07120861077592486,2.5213604836362646e-05,0.08212733268737793,0.06571100859178437,2.2803071172141523e-05,0.07651691138744354,0.06157788663866028,2.1827031849995717e-05,0.07377676665782928,0.058363578208382165,2.128841686808494e-05,0.07143434137105942,0.05574602166575099,2.060878603450511e-05,0.06893356144428253,0.05355654497231756,1.9838447868700092e-05,0.06630147993564606,0.05172349394313873,1.921164981237977e-05,0.0639190673828125,0.05019532149982831,1.879894890278393e-05,0.06194958835840225,0.048921518678229955,1.8597263169599934e-05,0.06041846051812172,0.0478503064858535,1.8538309619221935e-05,0.05929608270525932,0.04693278416045128,1.848872778406919e-05,0.05848028138279915,0.04613559769969138,1.8349816629576597e-05,0.05782828480005264,0.04544065502427873,1.8114735239255762e-05,0.05724084749817848
710,3,cross_attn,Horizontal,1,0.6910970173184834,0.15273702502596664,2.5594801902770996,0.2845667770930699,0.002857012223034108,0.43469205498695374,0.1994055694057828,0.0005804797280532026,0.2861640155315399,0.16393603632847467,0.00022053779845535775,0.2163974940776825,0.1443990318784638,0.00011015096672654382,0.17936831712722778,0.1321804660653311,6.392520631428344e-05,0.1572309285402298,0.12392117426035897,4.101090350112288e-05,0.1426106095314026,0.11801639163777941,2.8412374479493728e-05,0.13251152634620667,0.11358857355893605,2.0778116439041267e-05,0.12535737454891205,0.11012279691677244,1.5775311996778633e-05,0.11985133588314056,0.10732751363326633,1.2328360896337169e-05,0.11561386287212372,0.10504461801241315,9.895652863030402e-06,0.11226633191108704,0.10316395617666699,8.126460528971682e-06,0.1095639169216156,0.1015936132697832,6.812435017526063e-06,0.10731414705514908,0.10025675925943586,5.8273072034357155e-06,0.10543102771043777,0.09910086719762712,5.079920961665758e-06,0.10385779291391373,0.0980988121221936,4.5096925227680835e-06,0.10250873863697052,0.09722873438445348,4.065496032179433e-06,0.1013399064540863,0.09646658717639862,3.7046795958732034e-06,0.10058015584945679,0.0957897137554865,3.4185852222684787e-06,0.09995584189891815
710,3,cross_attn,Gaussian,1,0.6442847242431035,0.1141918145914286,1.6684285402297974,0.2446581676365837,0.00287303004716244,0.35931798815727234,0.15305533993338782,0.000624925686954334,0.21659839153289795,0.11292973326312171,0.00022602122166248052,0.15040534734725952,0.09117594952621157,0.00011075704983240317,0.11419087648391724,0.07788921011582253,6.786034342048426e-05,0.09547300636768341,0.06910214762366007,4.779958442514804e-05,0.08652545511722565,0.06293326740463574,3.6537530301413506e-05,0.08054609596729279,0.05838504433631897,2.941265204969669e-05,0.07549605518579483,0.054850556961600745,2.4336117260773078e-05,0.07064857333898544,0.051965945237685766,2.0344448925385212e-05,0.06579677015542984,0.04957317631869089,1.724915914167469e-05,0.06135503202676773,0.04760743411523955,1.4960588713270488e-05,0.05762717127799988,0.046000810014823125,1.3279681595144441e-05,0.05458306893706322,0.044684508076262855,1.2041233820773983e-05,0.05211677402257919,0.04360376103293328,1.1166778057750728e-05,0.05016057565808296,0.042718731044303807,1.0633446733250423e-05,0.048863597214221954,0.04200038236994592,1.0400907040285017e-05,0.04836876317858696,0.04142548711526962,1.0398680001448472e-05,0.047912970185279846,0.04096851929549187,1.0559074460394666e-05,0.04745019972324371
710,3,mix_ffn_after_gate,Vertical,1,0.4537470470818262,0.051905819193393786,1.090195894241333,0.13070663348549888,0.0010968922429087724,0.20472849905490875,0.06451544774666665,0.00011061410111406528,0.08640256524085999,0.04097632200471939,2.2038325867590122e-05,0.050707582384347916,0.030299137479492595,7.439442230702931e-06,0.03587847203016281,0.024670732340642383,3.933210918352033e-06,0.02825833484530449,0.02136438860306664,2.785724984916772e-06,0.02485206350684166,0.019280316751627696,2.321568763210784e-06,0.023095279932022095,0.01790777746114939,2.1050459917872026e-06,0.021912509575486183,0.016972655593048013,1.988685542437978e-06,0.02108348160982132,0.01631720093566747,1.917524499200794e-06,0.02047419175505638,0.01584721335934268,1.8694902557481516e-06,0.020015515387058258,0.015505525993094557,1.835140112333344e-06,0.019671538844704628,0.015255290881863661,1.8089738349884183e-06,0.019411180168390274,0.015070792317153915,1.7882412807966302e-06,0.019208259880542755,0.01493353359696884,1.7730685349040647e-06,0.019046306610107422,0.014830209536566621,1.7649435543359e-06,0.018918875604867935,0.01475158885180477,1.7637162282720546e-06,0.018823441118001938,0.014691667039952581,1.7664038800844691e-06,0.018754813820123672,0.014646555607517561,1.769691177986658e-06,0.018705448135733604
710,3,mix_ffn_after_gate,Horizontal,1,0.8822655748753321,0.44441204636560766,3.832331657409668,0.2796335511264347,0.0033573890187532577,0.4187740087509155,0.16088231854022494,0.0005743839809372571,0.21357804536819458,0.10894691435590623,0.00015855207315100572,0.13539567589759827,0.08178962104850346,5.860255030614142e-05,0.09912921488285065,0.06573947785156113,2.6880705660160415e-05,0.07820256054401398,0.055351455237657304,1.4461018881845161e-05,0.06450341641902924,0.04818486984050463,8.788853003271891e-06,0.05494435131549835,0.043018234095403125,5.907137488212244e-06,0.04801327735185623,0.039174634549352855,4.3259819601678976e-06,0.04353710263967514,0.03624620903579016,3.4064447322866713e-06,0.04012059420347214,0.03397138694685603,2.8483954124291556e-06,0.03745076060295105,0.032174780935285585,2.4984180361527343e-06,0.0353383906185627,0.03073501696307508,2.2723499473509616e-06,0.03364888206124306,0.029566164084133647,2.1221661410017484e-06,0.03228408843278885,0.028606305726700358,2.019794134529756e-06,0.03134404495358467,0.027810122196873028,1.948384370446149e-06,0.030614126473665237,0.027143933618116,1.8975442931991284e-06,0.030001727864146233,0.026582326355671124,1.860685915363239e-06,0.029483798891305923,0.026105834555531306,1.8335329822150639e-06,0.029042929410934448
710,3,mix_ffn_after_gate,Gaussian,1,0.6958651665657286,0.19382537959637772,2.6283493041992188,0.21723939667618464,0.0025048749694701494,0.3255625069141388,0.11679411040885108,0.0003768137195404354,0.16458125412464142,0.07492604585630554,9.234649269330319e-05,0.09805552661418915,0.05352570956188535,3.160970366072878e-05,0.06858216971158981,0.04108582354254193,1.371291747403471e-05,0.05176331102848053,0.03321525531392249,7.04207228371467e-06,0.04115494340658188,0.02794715241780357,4.130603081893422e-06,0.034076131880283356,0.02427650671747942,2.721084562294248e-06,0.02916526235640049,0.02163777071686964,1.9876035074580644e-06,0.02564733289182186,0.0196913198405315,1.583982718631688e-06,0.023056283593177795,0.018223764433983772,1.3509946582110007e-06,0.021380718797445297,0.0170962405021465,1.210319929204046e-06,0.020184189081192017,0.01621563723754315,1.1213525846141187e-06,0.019236816093325615,0.015517850524731099,1.0620559511978099e-06,0.018476102501153946,0.01495778596117383,1.0200546268888928e-06,0.017858590930700302,0.014503277291262906,9.884904211833081e-07,0.017353113740682602,0.014131163646067892,9.637901302585458e-07,0.01694743148982525,0.013824503691423507,9.44096220956017e-07,0.016638150438666344,0.013570555722311375,9.282242669926975e-07,0.016382616013288498
710,4,self_attn_after_gate,Vertical,1,0.9996243403071449,0.8353273272055125,3.9606573581695557,0.205413075666579,0.0019523354874957674,0.3389892578125,0.12699496781542188,0.0004481230530504982,0.20224569737911224,0.09098791668102854,0.00018600283330286437,0.14341668784618378,0.07031706111535194,9.880300606743245e-05,0.10979868471622467,0.05723021197177115,5.963748822355565e-05,0.08778373897075653,0.048443777043195,3.925127457666788e-05,0.07254359126091003,0.04227055431831451,2.7737414911696992e-05,0.06169227510690689,0.03775190461486105,2.0855807855814484e-05,0.05377286672592163,0.03431823758024072,1.6553592162157866e-05,0.04783417284488678,0.03162269223304022,1.3761601842840962e-05,0.043252766132354736,0.0294492125865959,1.1890431514735109e-05,0.03962163254618645,0.027659433406023753,1.059894196483029e-05,0.037467360496520996,0.02616159138934953,9.681375927707833e-06,0.03588200360536575,0.024892312282371144,9.009255888365748e-06,0.03453028202056885,0.023805954744891514,8.499857379436878e-06,0.03336090222001076,0.02286839952308034,8.098392220244177e-06,0.03233779966831207,0.022053418089709585,7.76790476662537e-06,0.03143594413995743,0.021340499794672407,7.48357324642971e-06,0.030637871474027634,0.02071342020044251,7.229456488290108e-06,0.029930826276540756
710,4,self_attn_after_gate,Horizontal,1,1.0293511980109744,0.979286945906345,4.695838451385498,0.2539297268977241,0.0025399526474453927,0.39197635650634766,0.16447792947292328,0.0005438213117390938,0.23255003988742828,0.12394829153541535,0.00019216237076801835,0.1626746654510498,0.10103902421773427,8.7319281199847e-05,0.12401479482650757,0.0866215851098772,5.06022243880685e-05,0.10495947301387787,0.07685919389838264,3.5825025078019695e-05,0.0918758437037468,0.0698592159601431,2.8814422929024662e-05,0.08327703177928925,0.06460418487115512,2.4760358220665665e-05,0.07700890302658081,0.06051446071692875,2.1958531197069125e-05,0.07196959108114243,0.05724097321194316,1.978428160459433e-05,0.06789419800043106,0.05456239381243312,1.7993990598167468e-05,0.06517340242862701,0.052332061328112134,1.6480676414925754e-05,0.06279085576534271,0.050448921819527946,1.5187656512446539e-05,0.060681089758872986,0.048840719142130444,1.407825880019909e-05,0.05879832059144974,0.04745395641241755,1.3125482132953438e-05,0.05710936337709427,0.04624778511268752,1.230827623590747e-05,0.05558944121003151,0.04519025129931314,1.1609601436225253e-05,0.054219238460063934,0.044255971553779784,1.1014625408469704e-05,0.052982620894908905,0.043424686269154626,1.0509111524562694e-05,0.051864735782146454
710,4,self_attn_after_gate,Gaussian,1,0.38809558441714637,0.05322630464177774,1.2446351051330566,0.1275556886953021,0.0007347575942417819,0.20568060874938965,0.07860741220296376,0.00015176938206862137,0.11996407806873322,0.05764582723615661,5.361589732194815e-05,0.08060367405414581,0.046493318759732775,2.672797314255635e-05,0.061608828604221344,0.03959392564046004,1.6475895784410083e-05,0.05072171613574028,0.034858234049308864,1.1426221673388723e-05,0.043523553758859634,0.03139224737173035,8.5189082814701e-06,0.038311917334795,0.028753015020537,6.693816184584668e-06,0.0349816158413887,0.02668991075858237,5.481855509475755e-06,0.03238530829548836,0.025046072486374114,4.637422731358361e-06,0.03028884157538414,0.02371628476040704,4.021898302004947e-06,0.028569020330905914,0.022626640955134045,3.5548851697678433e-06,0.02713773027062416,0.021723598507898196,3.1889931849093874e-06,0.025931216776371002,0.020967479351730572,2.89558665639407e-06,0.024903107434511185,0.02032829046485916,2.65663015872639e-06,0.02401956357061863,0.01978297502038971,2.4600785463334657e-06,0.023255489766597748,0.019313631224490348,2.297381382634322e-06,0.02259169891476631,0.018906344290054035,2.1621899456289576e-06,0.022012952715158463,0.018550322553704656,2.049638384565958e-06,0.021506812423467636
710,4,cross_attn,Vertical,1,0.70846950487485,0.21315162762554127,2.8474159240722656,0.27615585024394684,0.00378129682505457,0.46387434005737305,0.19134400193653409,0.000985771690334649,0.3051181435585022,0.15138595385683906,0.00038789456341278876,0.21292191743850708,0.1284241560432646,0.00020205325200669123,0.16373391449451447,0.11370353566275702,0.00013071638816492147,0.137764573097229,0.10333368194008631,9.479611702290034e-05,0.1254192292690277,0.09570209681987762,7.426249062549568e-05,0.11586496233940125,0.08988998132565665,6.1218664274973e-05,0.10821707546710968,0.08535273373126984,5.234189012160413e-05,0.1020130068063736,0.08175268792916858,4.600486734808116e-05,0.09731853008270264,0.0788483593672041,4.1256625965821894e-05,0.0940990149974823,0.07643979835131812,3.742902841099971e-05,0.09123934805393219,0.07435582057824211,3.417134717979128e-05,0.08862864971160889,0.07248748543243559,3.157770756228442e-05,0.08637215197086334,0.07082268098990123,2.9786486201722084e-05,0.08457769453525543,0.06939471087285451,2.8614807400632616e-05,0.0831889808177948,0.06820390751910588,2.7779194317880173e-05,0.08211854100227356,0.0672129127714369,2.7122469472840515e-05,0.08128297328948975,0.06636811438060942,2.657580342027805e-05,0.08052285015583038
710,4,cross_attn,Horizontal,1,0.8680899327709561,0.494635531817133,5.41748571395874,0.34260191520055133,0.003614327701619965,0.5235706567764282,0.24462628553784083,0.0010617457197672096,0.3350564241409302,0.196799946209741,0.00043387833290087067,0.25069358944892883,0.16900653072765895,0.00021552328539882717,0.206178680062294,0.15118846391874646,0.00012371709120962828,0.1804828941822052,0.13907447717492544,7.79216376502849e-05,0.1621057689189911,0.1304244575282884,5.299287295529978e-05,0.14853960275650024,0.12395504637370033,3.852711709952768e-05,0.13840442895889282,0.11892815797574936,2.9301524835608407e-05,0.13168174028396606,0.11493122956109425,2.2965883229179174e-05,0.12783946096897125,0.11170362243576655,1.8454852805375258e-05,0.12432882189750671,0.10904996085261541,1.5081715038089255e-05,0.12118259072303772,0.10682651577960878,1.2467877195904608e-05,0.11839576065540314,0.10494280393634524,1.0478545953737832e-05,0.11597490310668945,0.10334765851970702,8.998485296061284e-06,0.11389024555683136,0.1019938001557002,7.877756680076657e-06,0.11206530034542084,0.10083145317104128,7.0126382965345265e-06,0.11038649082183838,0.09981467480224276,6.348313850933701e-06,0.10873451828956604,0.09890761545726232,5.836871284502399e-06,0.10708978772163391
710,4,cross_attn,Gaussian,1,1.0319417473815737,0.7884251932764464,5.23284912109375,0.32102255192067886,0.005853896728807702,0.5113766193389893,0.20906243887212542,0.0013172553508831312,0.2992713451385498,0.15823508326023344,0.0005181631413427873,0.20711101591587067,0.13007803509632745,0.00027219379485488916,0.16715270280838013,0.11220693138856737,0.00017106708710581915,0.1451152265071869,0.09941584486809987,0.00011959520032440673,0.1276111900806427,0.08965786558295054,8.760491706767878e-05,0.11513994634151459,0.0821800519313131,6.655558806600823e-05,0.10503943264484406,0.07637439147820549,5.3336619661997386e-05,0.09713990241289139,0.07174188288904372,4.495330001946903e-05,0.09100057184696198,0.06795938857018001,3.9228097243361487e-05,0.0858946442604065,0.06481736590937963,3.482516305280278e-05,0.08135230839252472,0.06218546871391554,3.129672355342831e-05,0.07778410613536835,0.059971456844655296,2.8506483625519844e-05,0.07459516078233719,0.058095851883528726,2.6286754607504882e-05,0.07164493948221207,0.056489949838982687,2.452077651483259e-05,0.06887276470661163,0.055100988419283,2.3153851090945444e-05,0.06646569818258286,0.05389977660444048,2.213470110702207e-05,0.06476208567619324,0.05287197616601747,2.1395653099843925e-05,0.0634441077709198
710,4,mix_ffn_after_gate,Vertical,1,0.556697908138472,0.08248523654063562,1.4109869003295898,0.15887832807170021,0.0017104718276068833,0.24433042109012604,0.07855783739969843,0.0001771333865750425,0.10604686290025711,0.05036735765281178,3.7022251181405535e-05,0.06452488899230957,0.0376383721355408,1.3816473822875663e-05,0.046247079968452454,0.03088039467259059,7.905277069617888e-06,0.037041570991277695,0.02691066004927196,5.882399949794946e-06,0.032384246587753296,0.024424580798026115,5.0395510084146e-06,0.029546257108449936,0.02279661382947649,4.6304344392478535e-06,0.027924273163080215,0.0216933148543513,4.400774447829494e-06,0.02698437124490738,0.02092582578696902,4.2490848503319975e-06,0.026313569396734238,0.020383218362454384,4.134257830028151e-06,0.0258326455950737,0.019995868826905887,4.042289895024168e-06,0.02548564225435257,0.019717347468175585,3.968169945865259e-06,0.02523496188223362,0.019515950114481033,3.909485507082517e-06,0.02505585551261902,0.019369603888619514,3.864712042194602e-06,0.02493058517575264,0.019262596136993833,3.831533685070643e-06,0.024844497442245483,0.019183782032794423,3.8060363370030943e-06,0.024785835295915604,0.01912571696771516,3.7839927862407238e-06,0.024747859686613083,0.01908376029441281,3.7627024817752257e-06,0.024728484451770782
710,4,mix_ffn_after_gate,Horizontal,1,0.8126660102889651,0.2304828149535202,2.3715226650238037,0.25039893246832345,0.003375123927858373,0.3885357975959778,0.13466699019310965,0.00045573517330312405,0.1843079924583435,0.08849382412339014,0.00010402654589668807,0.11041174829006195,0.06586421357970389,3.335887457650485e-05,0.07683464139699936,0.05325151305823099,1.404362159992156e-05,0.060026247054338455,0.04556502573310383,7.4921234327807095e-06,0.05094046890735626,0.04057231509969348,4.883768985355925e-06,0.04525213688611984,0.03717479535511562,3.715891030944546e-06,0.04138254374265671,0.03477885166094417,3.1445558855943815e-06,0.03878197818994522,0.0330401434607449,2.8450425228901255e-06,0.036950450390577316,0.03174803852443657,2.6780860832167886e-06,0.03559228032827377,0.030768310976406886,2.578271751465189e-06,0.03456607460975647,0.030012760547891495,2.513583048975288e-06,0.03377678617835045,0.02942194635905917,2.468654964863998e-06,0.03315691649913788,0.028954717995865003,2.4359245131188583e-06,0.03265964239835739,0.028581705565253895,2.411004137876112e-06,0.032253846526145935,0.028281342445148364,2.3909635235202836e-06,0.032002709805965424,0.028037431309857065,2.373852402973542e-06,0.03181048110127449,0.027837613272288488,2.358576743847989e-06,0.03165706247091293
710,4,mix_ffn_after_gate,Gaussian,1,1.2323966092533536,0.9647133301628003,4.7396464347839355,0.323487068216006,0.005531046381433891,0.4934808611869812,0.17439676300873833,0.0008922854648821729,0.24414777755737305,0.11075758851236767,0.00023674608865450477,0.14871938526630402,0.07779355293938092,8.233847249463346e-05,0.10079222917556763,0.05863860539264149,3.449164018829964e-05,0.07381771504878998,0.046587896607224906,1.677393623092435e-05,0.05738016217947006,0.038550843440351035,9.286001694268826e-06,0.046709850430488586,0.0329436691448329,5.7575668305109225e-06,0.03941773623228073,0.028886771184347924,3.929961177019423e-06,0.03421949967741966,0.02586132361893616,2.9016901685445478e-06,0.03038022294640541,0.02354693483738672,2.2807264114259947e-06,0.027456477284431458,0.021738319081209954,1.8832022296113803e-06,0.02516982890665531,0.020299723046639608,1.616824034366184e-06,0.02334095910191536,0.019138754005469973,1.4322359531020096e-06,0.02185240387916565,0.018190762294190272,1.3012562056603562e-06,0.020792115479707718,0.017409255033329366,1.2066860973203113e-06,0.020028527826070786,0.016759914937355215,1.137423992097047e-06,0.01938854530453682,0.016216826462556445,1.0860626569379464e-06,0.0188464242964983,0.015760035209712527,1.0476017535496656e-06,0.018382783979177475
710,5,self_attn_after_gate,Vertical,1,0.4772225663302437,0.231548709258228,2.7323999404907227,0.14229628219017906,0.000675767974496215,0.19958671927452087,0.09275694759119124,0.00022362798971653448,0.13750609755516052,0.06852981264865587,0.00011091748479541367,0.09932389855384827,0.05436907194200016,6.273379956929543e-05,0.0755370557308197,0.04527762863371107,3.9923963342889994e-05,0.061916422098875046,0.03905575021746613,2.830775809286558e-05,0.0527254082262516,0.03459642177063321,2.189727499026599e-05,0.04626402258872986,0.03128151601505658,1.8097633850640503e-05,0.04152083024382591,0.028740423332367624,1.5704959929773373e-05,0.03789275139570236,0.026740983985955754,1.4115754862053639e-05,0.03564292564988136,0.02513301165567504,1.3008605249154689e-05,0.033886343240737915,0.0238162444697486,1.2203350924821494e-05,0.032461099326610565,0.022721536132314847,1.1594490439793907e-05,0.031287021934986115,0.021799689010968282,1.1117953661562973e-05,0.030307959765195847,0.02101470661600904,1.0733655304509814e-05,0.029483536258339882,0.02033961493344534,1.0415959511931903e-05,0.028783900663256645,0.01975382166722464,1.0148210731072171e-05,0.028186455368995667,0.019241386581034886,9.919382930346452e-06,0.02767368033528328,0.018789862001699114,9.72194426616149e-06,0.02723175659775734
710,5,self_attn_after_gate,Horizontal,1,0.3567550688508957,0.058674230258459956,1.3566615581512451,0.14636163224303533,0.0005242373107016703,0.19478005170822144,0.0971624715224145,0.000147205457289688,0.1266648769378662,0.07530188755620093,7.519216033765749e-05,0.09889131784439087,0.06326156807324243,4.890295192076876e-05,0.08202847093343735,0.055605320171231314,3.542075006884545e-05,0.07120250165462494,0.050331389856716945,2.7326432206012356e-05,0.06384389102458954,0.046509699393359444,2.2040445456994238e-05,0.058507077395915985,0.04363428192242744,1.8411482270034374e-05,0.05441037937998772,0.04140354432756939,1.5828633245766867e-05,0.05112718045711517,0.03962637158849883,1.393244616228944e-05,0.04841777682304382,0.038176752035579985,1.2500486199085438e-05,0.04614313691854477,0.03696982358537969,1.139104437144391e-05,0.04421843960881233,0.035947796962563956,1.0511695341536728e-05,0.04258551076054573,0.03507066192844557,9.80077033803163e-06,0.041198331862688065,0.034309937130837215,9.216249332852555e-06,0.04001753404736519,0.033644641468685774,8.728734458634535e-06,0.03900909796357155,0.033058791288307736,8.317042326690813e-06,0.038144052028656006,0.03253984164505724,7.96543008172175e-06,0.03739797696471214,0.03207768934468428,7.661938795512747e-06,0.03675036132335663
710,5,self_attn_after_gate,Gaussian,1,0.20427173387909692,0.010895878366590003,0.5892971754074097,0.08303654921196756,0.0002510038456392326,0.12270838022232056,0.05559757174480529,6.73707084154083e-05,0.07990889996290207,0.04304348795659958,2.856003952459451e-05,0.05931247025728226,0.035918851072589554,1.584121789485198e-05,0.04815217852592468,0.031335567050273454,1.0433078430692974e-05,0.04130832105875015,0.028161528357674204,7.674457835289654e-06,0.03663986921310425,0.025862669690497338,6.0841349206862775e-06,0.03323410823941231,0.02414097950335533,5.1033559386769015e-06,0.030617572367191315,0.02281320857859793,4.469646788051218e-06,0.02852761186659336,0.021763241628096217,4.041418437385801e-06,0.026818983256816864,0.020915410259649866,3.7393727876817914e-06,0.02540493756532669,0.020218599144191968,3.518106949505521e-06,0.024227028712630272,0.019637083841694727,3.3504673760533933e-06,0.023241428658366203,0.01914529101775279,3.2193310435266485e-06,0.022687233984470367,0.018724641703542263,3.1135574495728e-06,0.02228950336575508,0.018361433778726864,3.025780357253535e-06,0.02195504866540432,0.018045355935418415,2.9510032939592455e-06,0.021670103073120117,0.0177684569258302,2.8857552350663505e-06,0.021423880010843277,0.017524455644426836,2.8276245492265977e-06,0.021207820624113083
710,5,cross_attn,Vertical,1,0.543610605928633,0.0523424115580378,1.205539584159851,0.2538436272787669,0.0021832624957388693,0.40794557332992554,0.180269226668373,0.0005839206277802109,0.2628439664840698,0.14538395097331394,0.00027515650824194303,0.19277560710906982,0.12464240477198646,0.00014714072035383003,0.1543373465538025,0.111024238642246,8.966595003005067e-05,0.13261809945106506,0.1015600800987274,6.404629312967439e-05,0.1202203780412674,0.09448213674246318,5.013829085431483e-05,0.1124400645494461,0.08895245738445766,4.1306486518427535e-05,0.10474306344985962,0.08458643122797921,3.616197328689909e-05,0.09736847877502441,0.0811058311235337,3.319657626535531e-05,0.09286545217037201,0.07826104582775206,3.111782305629131e-05,0.08958327025175095,0.07587301068835789,2.9326752194483858e-05,0.08663096278905869,0.07385671091458154,2.789323630348467e-05,0.08536731451749802,0.0721673650282716,2.6945741612178562e-05,0.08417380601167679,0.07075762736891943,2.64080982086174e-05,0.08312030881643295,0.06957868906477141,2.615481835596215e-05,0.08227166533470154,0.06858223824510498,2.6072033211900397e-05,0.08167135715484619,0.06772520777488512,2.604638707109256e-05,0.0813119113445282,0.06698102929762431,2.597864598954411e-05,0.08112470805644989
710,5,cross_attn,Horizontal,1,0.6024270294204591,0.04621521356773282,1.4233919382095337,0.29314711784559583,0.0021681877905595603,0.41182947158813477,0.20735380881362492,0.0005782464787403746,0.2701197862625122,0.16800921540411692,0.0002297243960715759,0.2058497667312622,0.14661802682611677,0.00011936808631028634,0.17285661399364471,0.13342577597451588,6.965201395477392e-05,0.15342876315116882,0.12459274818972936,4.449777079316194e-05,0.14049756526947021,0.11824612946264328,3.015767733381882e-05,0.1311643272638321,0.11350386814465599,2.160634241195558e-05,0.12424340099096298,0.10986021515868959,1.631987701139192e-05,0.11914503574371338,0.10695180225939978,1.2827873656008675e-05,0.11525225639343262,0.10454165391505711,1.0167935615232998e-05,0.11193278431892395,0.1025350218017896,8.07701151050118e-06,0.10898275673389435,0.10088133670034863,6.568737645024622e-06,0.1065155416727066,0.09950596519878932,5.497373043071047e-06,0.10447143018245697,0.09834273478814534,4.715449130991969e-06,0.10284285247325897,0.09734732113660328,4.119125414225183e-06,0.10153728723526001,0.09649275373371821,3.6500179916625673e-06,0.1005234494805336,0.09575603689466204,3.277645945341124e-06,0.09969303011894226,0.09511672256011812,2.9812932411410997e-06,0.0989847332239151
710,5,cross_attn,Gaussian,1,0.5666998776178511,0.06059593091818505,1.4304580688476562,0.2431143463130981,0.0029302857174317997,0.3942129611968994,0.16114896252041772,0.0007589305205019394,0.23360709846019745,0.12491800340395125,0.00033121096317032374,0.16795776784420013,0.10455898029936685,0.00019016727615458882,0.13311077654361725,0.09156279514233272,0.00012106774689737488,0.11501313000917435,0.08257587265873713,8.317741472819574e-05,0.10279404371976852,0.07592363076077567,6.149323376518633e-05,0.094003826379776,0.07086704505814446,4.8625314095309294e-05,0.08736543357372284,0.06696413404175214,4.048882756651603e-05,0.08198320120573044,0.06384274795178384,3.4975792671138834e-05,0.07751794159412384,0.06126648589732155,3.1008893707200006e-05,0.0739123672246933,0.05913013314443921,2.804910194335014e-05,0.07104361057281494,0.05737530528789475,2.5863148172150662e-05,0.06872213631868362,0.05593272286748129,2.4269650494545383e-05,0.06680810451507568,0.05472749619493409,2.3068585826051914e-05,0.06518086045980453,0.05368419500097396,2.2031230482034343e-05,0.06373009085655212,0.05274951948769509,2.1017291314291116e-05,0.062422964721918106,0.051909558120227996,2.00526522157338e-05,0.06129349023103714,0.05116726422593707,1.9205688640765634e-05,0.060351207852363586
710,5,mix_ffn_after_gate,Vertical,1,1.1781062573667556,0.6323781058604981,3.623324155807495,0.30545740278940353,0.004894260125695223,0.4818439483642578,0.1586797015061454,0.000658079426800386,0.22536727786064148,0.09917360213067797,0.0001536815248426723,0.131539449095726,0.06959681662302168,5.013786163629052e-05,0.08757409453392029,0.05293665347354753,2.064501348837498e-05,0.06363709270954132,0.042744839889189555,1.0334666345203133e-05,0.05030682682991028,0.03614709319339858,6.261301773921359e-06,0.04174736514687538,0.03169167701095816,4.524625986609108e-06,0.036360032856464386,0.028576093149327096,3.745569103881392e-06,0.03320249170064926,0.026329508435631557,3.3840349011475904e-06,0.030947718769311905,0.024664718539468826,3.2131722841194226e-06,0.029279330745339394,0.02340143729769994,3.1322861637573634e-06,0.0280064195394516,0.02242357511487272,3.0942645740650883e-06,0.027010994032025337,0.021654305831780508,3.0760154015090305e-06,0.02621777541935444,0.021041156694529547,3.0661743796539402e-06,0.025576405227184296,0.020547166644107728,3.0595450821583117e-06,0.025051692500710487,0.020145677266612885,3.05401462107735e-06,0.024618390947580338,0.019817129250556703,3.0487760610835422e-06,0.024258242920041084,0.019546940745342346,3.043402146063304e-06,0.02395787462592125
710,5,mix_ffn_after_gate,Horizontal,1,0.6247213970101069,0.09984582604553924,1.6742700338363647,0.18821244284747138,0.002202544280499896,0.3006703555583954,0.09579223347088647,0.00022731071810006242,0.13257214426994324,0.062143368735199885,4.208190138868919e-05,0.07651522755622864,0.04662874057179406,1.2516744623020861e-05,0.05358465388417244,0.038334220352153926,5.8691654768885555e-06,0.04401485249400139,0.03344481701533946,3.975294261582961e-06,0.03888802230358124,0.030364637839652243,3.3314991865752633e-06,0.03567201644182205,0.028330464477813434,3.0862201416503768e-06,0.033509720116853714,0.0269404999202206,2.9928042879809225e-06,0.03197873756289482,0.025967006261150043,2.9587225662439362e-06,0.030874595046043396,0.025272101400390504,2.9436114163292874e-06,0.030067486688494682,0.02476869783704243,2.9314209722055654e-06,0.029467089101672173,0.024399887593019576,2.918180975318376e-06,0.029015587642788887,0.02412710054999306,2.9050329128478326e-06,0.028677983209490776,0.023923771101094428,2.892873725681556e-06,0.028429117053747177,0.02377184773130076,2.880315128874651e-06,0.028246812522411346,0.02365871909118834,2.865659780740857e-06,0.028113018721342087,0.02357501716959098,2.8485365750096893e-06,0.028014816343784332,0.02351356753044658,2.8298507378051816e-06,0.02794283628463745
710,5,mix_ffn_after_gate,Gaussian,1,1.0749693635910276,0.5329296783137474,3.3237740993499756,0.29445882449074395,0.004399766246698223,0.428708553314209,0.15121281052392627,0.0005276317946662888,0.19647112488746643,0.09417536310733311,0.00012149100774010434,0.11654923856258392,0.06541526211159569,4.0366207017092155e-05,0.07841120660305023,0.048941381689574986,1.7049676837056933e-05,0.057267483323812485,0.038726996748693406,8.715094501888633e-06,0.04444270208477974,0.032020506286431875,5.240911607955249e-06,0.03679807484149933,0.02741237836224692,3.59648263372319e-06,0.032059065997600555,0.02412692702833622,2.7258095120611397e-06,0.028541531413793564,0.02171437232385552,2.2186726377654647e-06,0.025853445753455162,0.01990176917659858,1.9007133090261557e-06,0.023758485913276672,0.018516036962705946,1.6907602645603875e-06,0.02210305444896221,0.017442599825915835,1.5469669563309664e-06,0.02078097313642502,0.01660258016948189,1.4455492947000931e-06,0.01971590705215931,0.01593990128723875,1.371949117975522e-06,0.018851637840270996,0.015413693551506315,1.3168226417838785e-06,0.018146025016903877,0.014993592594114561,1.274005069721413e-06,0.017567109316587448,0.014656706092258295,1.2394063177543454e-06,0.017090462148189545,0.014385600426485614,1.2103799828844776e-06,0.016730647534132004
666,3,self_attn_after_gate,Vertical,1,1.5466017628472948,3.666839194606403,7.736461639404297,0.2313265549758124,0.0034882625261570084,0.4085465371608734,0.1461164030054259,0.0006606847131430026,0.23742270469665527,0.10889432295447304,0.0002617838438125475,0.16343584656715393,0.08732028849541194,0.00013356204065004607,0.12039712071418762,0.07318324305944973,8.019233695682252e-05,0.10074719041585922,0.06323391216851416,5.4609757356684174e-05,0.08676911890506744,0.055886381084010714,4.0704434117883434e-05,0.07621362805366516,0.05025620717141363,3.224189061301844e-05,0.06790003180503845,0.04580901645951801,2.6614614281889857e-05,0.0611678883433342,0.042205811847770024,2.2629810356710574e-05,0.05561670660972595,0.039223688876345045,1.96798813011977e-05,0.051183827221393585,0.03671149395051457,1.7422190785555387e-05,0.04809633642435074,0.034563889313075274,1.5647834046334826e-05,0.045351095497608185,0.032705636961119514,1.422210463449805e-05,0.04289722815155983,0.03108175356118452,1.305431007315326e-05,0.04069589078426361,0.029651187182891937,1.2081256629160007e-05,0.03913549706339836,0.028382618571557695,1.1257645192541314e-05,0.03782273456454277,0.027251650623622396,1.0550390219831785e-05,0.03660382330417633,0.026238892286542862,9.935091623020283e-06,0.035470426082611084
666,3,self_attn_after_gate,Horizontal,1,0.2635998602897402,0.021679191071544215,0.7563433051109314,0.10031243591081529,0.00019613759182409457,0.13521641492843628,0.07062167727521487,3.25231331424233e-05,0.0884288102388382,0.05852878123285279,1.526392033808226e-05,0.06941390037536621,0.05185592351924805,1.136702462902957e-05,0.06049957126379013,0.04746701124878157,9.8345531685224e-06,0.055850524455308914,0.044350686350039074,8.975613608939551e-06,0.05270865932106972,0.0420647297231924,8.412556934497042e-06,0.05022929236292839,0.04033784645180854,7.986263907852822e-06,0.04821590334177017,0.03899157431627077,7.632111655465646e-06,0.04653005674481392,0.037908354153235756,7.322407620454668e-06,0.045099519193172455,0.03701374336840615,7.043700930783792e-06,0.04389163851737976,0.03626127813070539,6.790397197297975e-06,0.042878828942775726,0.035620166698382014,6.5602904298944986e-06,0.04202963411808014,0.035068321204374704,6.351576976267656e-06,0.04131331294775009,0.034589109824053825,6.162052203324464e-06,0.040703192353248596,0.03416967066744017,5.9891638739514474e-06,0.040177445858716965,0.03379985134279917,5.830300744126295e-06,0.03971858322620392,0.03347150053060244,5.683048279874134e-06,0.039312686771154404,0.0331779970003972,5.5454274776440855e-06,0.03894875943660736
666,3,self_attn_after_gate,Gaussian,1,0.2222813820791623,0.026739775407101932,0.7545894384384155,0.06467375898408512,0.00015937595724348,0.10612893104553223,0.04408334177874383,4.0365528071286945e-05,0.061167724430561066,0.03543215165180819,1.9230131929448415e-05,0.04582297056913376,0.030460326976719358,1.1955897161702278e-05,0.03982103615999222,0.027225128921961026,8.609210715580723e-06,0.03573138266801834,0.024976025025049847,6.77023907267245e-06,0.032689258456230164,0.023337536506236545,5.613260533046063e-06,0.030363306403160095,0.02209903636858577,4.823358316271509e-06,0.028559701517224312,0.021135090421589595,4.265103270596562e-06,0.027152588590979576,0.02036835347849225,3.864574944734031e-06,0.02605735883116722,0.01974822175762956,3.5723331224518274e-06,0.025209475308656693,0.01923932067103802,3.354075756542221e-06,0.024554844945669174,0.01881588005002529,3.1863146841507814e-06,0.024047933518886566,0.01845870242409763,3.0532087514691444e-06,0.023651430383324623,0.018153322683203788,2.9441267649075793e-06,0.023335326462984085,0.017888782427661003,2.851879352523714e-06,0.023075729608535767,0.01765677643318971,2.7715327811469796e-06,0.022853795439004898,0.01745101473929863,2.6996606654845207e-06,0.022654913365840912,0.017266748192173147,2.6338907119029356e-06,0.022468123584985733
666,3,cross_attn,Vertical,1,0.616142728025951,0.10874614682595879,2.2951674461364746,0.25378917063039447,0.0028364552388161534,0.4528786242008209,0.16573621332645416,0.0005664657447392017,0.242361381649971,0.1258565175627905,0.0002059722105675651,0.16551300883293152,0.10351694233360745,0.00010870249370152931,0.12957140803337097,0.08972465909189647,7.289122928779791e-05,0.1098959818482399,0.08050917763085592,5.680793254901015e-05,0.09984288364648819,0.0740049865747255,4.896206043372922e-05,0.09118446707725525,0.0691132682656485,4.483642239430512e-05,0.08879753202199936,0.06514369595855002,4.146211663065457e-05,0.08706126362085342,0.0617631497009406,3.737331010613184e-05,0.0838211178779602,0.058872730899897835,3.287005262021707e-05,0.07962068915367126,0.05645374386083512,2.889627887942129e-05,0.0755319744348526,0.05446561662450669,2.5920425703894484e-05,0.07216775417327881,0.05283496558429703,2.3867364070084783e-05,0.06958173215389252,0.0514817059276596,2.245043974499239e-05,0.06756269931793213,0.05034029176310888,2.140850590973948e-05,0.06587298959493637,0.04936870359002598,2.0621462784299988e-05,0.06439199298620224,0.04854097832289953,2.0083462534807368e-05,0.06310901790857315,0.04783562606289273,1.9819650659656387e-05,0.06203604117035866
666,3,cross_attn,Horizontal,1,0.813678242857494,0.23546222977937636,3.179520606994629,0.3365763085229056,0.004235577560296738,0.49984613060951233,0.23217593109796916,0.0009026905770392467,0.3010135889053345,0.18628827778119889,0.000334057223278903,0.22048014402389526,0.16074314500604356,0.00016094419181627765,0.18427154421806335,0.14495974518950022,9.551396670232904e-05,0.1630031317472458,0.13402302752411555,6.423611383610245e-05,0.15245085954666138,0.12604134293302657,4.643443404031569e-05,0.14340049028396606,0.12008659529780584,3.462895369012461e-05,0.13575223088264465,0.11550894876321156,2.6750184799922702e-05,0.12988179922103882,0.11188639842328571,2.1266792341697678e-05,0.12517178058624268,0.10894645797827887,1.7221612883936744e-05,0.1211007609963417,0.10652035805914137,1.4178065069828815e-05,0.11750772595405579,0.10449600775563528,1.1906652159681383e-05,0.11438507586717606,0.10278211959770747,1.0187535795085172e-05,0.11173559725284576,0.1013108507271797,8.810714973609887e-06,0.10955965518951416,0.10004379115407429,7.670287660461174e-06,0.10778579115867615,0.09895006602718717,6.7362551658241005e-06,0.10628996044397354,0.09799488527434212,5.986034313720196e-06,0.10495693981647491,0.09714250633167842,5.3942404935638285e-06,0.1036839559674263
666,3,cross_attn,Gaussian,1,0.5407111046333162,0.0702240169792386,1.44110107421875,0.2039486446550914,0.0016950162641032132,0.3135462701320648,0.13135556770222528,0.00039488006675151806,0.1865280270576477,0.09809998694866423,0.00015198039587080791,0.12724226713180542,0.0803763238447053,8.143250576538444e-05,0.10327893495559692,0.06970696109864447,5.245071369656371e-05,0.09049578011035919,0.06266546503655494,3.873537426795215e-05,0.08130724728107452,0.05768084774414698,3.185644577818891e-05,0.07491688430309296,0.05409927654360968,2.8059532744606822e-05,0.07035805284976959,0.05150392787560584,2.566417091785956e-05,0.06680911779403687,0.04951241316776427,2.380074283862597e-05,0.06371805816888809,0.04788108950569516,2.2084943145187743e-05,0.06082860380411148,0.046487386737551005,2.0496287564177357e-05,0.05845290794968605,0.04528042934243641,1.9104492305384073e-05,0.05701574310660362,0.044237210341389215,1.7955005326044646e-05,0.05579778924584389,0.04334548630175136,1.7067826195381936e-05,0.05473501235246658,0.04259529165805332,1.6431853471416653e-05,0.05380193144083023,0.0419727178911368,1.6003864191065594e-05,0.052995484322309494,0.04145783091348315,1.571998130299345e-05,0.052316587418317795,0.041026727547721256,1.551222701222611e-05,0.051758430898189545
666,3,mix_ffn_after_gate,Vertical,1,1.0084736323545849,0.4399378860562041,3.6381614208221436,0.2922301964154319,0.004008155024416099,0.4158051609992981,0.15850450181298786,0.0005492349666603003,0.20385760068893433,0.10290412995077315,0.000137229173230374,0.12596391141414642,0.07382923098547119,4.848797179005168e-05,0.08829215168952942,0.05657212034104362,2.1146490905662038e-05,0.06640105694532394,0.045490638308581854,1.0782257855809075e-05,0.052532974630594254,0.03797260719159293,6.2922689270553395e-06,0.04319130629301071,0.03266095171963412,4.154744917834565e-06,0.036605075001716614,0.028788866386527105,3.060863341523925e-06,0.032005950808525085,0.025894096653376306,2.466820753377696e-06,0.028936129063367844,0.023683941494377834,2.1283035214907522e-06,0.02657518908381462,0.021966120435131922,1.9286272483148356e-06,0.02472306787967682,0.020610648281280956,1.8086564358421403e-06,0.023246582597494125,0.0195274700129789,1.7365913789264394e-06,0.02230985090136528,0.01865276416379308,1.6943906769144725e-06,0.021575774997472763,0.017940310140450794,1.6713788876426475e-06,0.02098015323281288,0.017355950519679083,1.660980953117868e-06,0.020495787262916565,0.016873991767328882,1.6589516530642176e-06,0.02010251209139824,0.016474830814533763,1.6623990239308192e-06,0.01978490501642227
666,3,mix_ffn_after_gate,Horizontal,1,1.3508804554031009,1.4865423902065855,5.875082015991211,0.3530718752789119,0.0046578444514546475,0.49270179867744446,0.2073838564138564,0.0008509212269937042,0.2749615013599396,0.14154109417919128,0.000255773362938407,0.18309609591960907,0.10544212801115853,9.838554017758032e-05,0.133509561419487,0.08343508354728184,4.478879300574532e-05,0.10329325497150421,0.0690041005847946,2.3404955161060344e-05,0.08347631990909576,0.05899481014126823,1.374242253856134e-05,0.06976810097694397,0.05174165822210766,8.89259532884173e-06,0.05988094583153725,0.04630642289680148,6.242132997398132e-06,0.05251375585794449,0.04212808810056202,4.69589704873757e-06,0.04688582569360733,0.03885207892883392,3.7488703298478775e-06,0.04250385984778404,0.03624322637915611,3.147412810019054e-06,0.03931014984846115,0.03413922221414627,2.754801579173645e-06,0.03698237985372543,0.03242435267875119,2.493069958944096e-06,0.03509879112243652,0.031013935183485348,2.315755813528364e-06,0.0337691530585289,0.029844641478525266,2.1941412965956935e-06,0.032665424048900604,0.028868268199619792,2.1099270388011157e-06,0.031742654740810394,0.028047580419788287,2.0511734288489643e-06,0.030965808779001236,0.027353488145366547,2.00996314550522e-06,0.030307289212942123
666,3,mix_ffn_after_gate,Gaussian,1,0.7529544276850564,0.22601553028754964,2.57246470451355,0.22689615875955613,0.002529023251064836,0.3277997374534607,0.11885607195278955,0.00034396182850485906,0.15640178322792053,0.07507455449492212,8.347741149283618e-05,0.09303431212902069,0.0530284440943173,2.8870070321063286e-05,0.06417599320411682,0.04034646020995246,1.2599700741076882e-05,0.0481705516576767,0.032400546240664664,6.548401340315532e-06,0.03826262056827545,0.027124102774357037,3.932655761236807e-06,0.0317237488925457,0.023471289210849337,2.667077184484707e-06,0.027214080095291138,0.020862979696147026,1.9999370467351586e-06,0.024200236424803734,0.018955284345244603,1.623957426587633e-06,0.022193463519215584,0.017532440242431467,1.3998494612500033e-06,0.0206866767257452,0.016453203405179674,1.259328982500954e-06,0.019537705928087234,0.01562195291949643,1.1665805190315329e-06,0.01864783465862274,0.014972220204534039,1.1015451671237075e-06,0.0179457850754261,0.014457057599746992,1.0525749432529727e-06,0.01737986132502556,0.014043323400001678,1.0133770735922756e-06,0.01691506989300251,0.0137079084025962,9.812500193450153e-07,0.016530228778719902,0.013434618593208374,9.552309700605657e-07,0.016212385147809982,0.013211534255080752,9.34645189961093e-07,0.015951577574014664
666,4,self_attn_after_gate,Vertical,1,0.8496342722385649,0.49310541824303844,3.3050951957702637,0.20643769594885053,0.0019490802683235886,0.34658700227737427,0.12612791430382503,0.00045436922274759986,0.1976369470357895,0.08907121662346143,0.00016275426928509957,0.12718789279460907,0.06834776238316581,7.650068953536791e-05,0.08997012674808502,0.05550189363578009,4.478873603265014e-05,0.06926417350769043,0.046994446111576896,3.07693476046977e-05,0.05783990025520325,0.041066158799425004,2.3426511995076905e-05,0.05229449272155762,0.03675550589012721,1.9035827368786387e-05,0.04824630916118622,0.033505380390182374,1.61687525142904e-05,0.045160505920648575,0.030977961681191882,1.4188757488816215e-05,0.04270687699317932,0.028960133060103373,1.2764242444937287e-05,0.040685877203941345,0.027312572217649884,1.1701542030903146e-05,0.03897913545370102,0.025941325558556452,1.0880960414047501e-05,0.037515319883823395,0.024781443415180085,1.0226813047645223e-05,0.03624752536416054,0.023787133395671844,9.690789558647548e-06,0.0351407527923584,0.0229254507474483,9.241581935834744e-06,0.03416687250137329,0.022172084137324303,8.85835473817978e-06,0.03330298513174057,0.021508610615181546,8.526726748140774e-06,0.032530829310417175,0.02092070643982244,8.236415047663981e-06,0.031835924834012985
666,4,self_attn_after_gate,Horizontal,1,0.49435531880174366,0.10797326626669633,1.9743731021881104,0.18357206514430424,0.001414169679441587,0.30480852723121643,0.12094426663622024,0.000299946132450343,0.17347992956638336,0.09396842465041176,0.0001323612089152769,0.13016048073768616,0.079242869088101,7.695008424888704e-05,0.10705363750457764,0.06998543902522042,5.122556896664746e-05,0.09261199086904526,0.0636188578274515,3.724788513709853e-05,0.0827673077583313,0.05895814352801868,2.8799320697813025e-05,0.07560384273529053,0.05539465169348414,2.3289475451049594e-05,0.07015851140022278,0.05258445500854462,1.948933727052593e-05,0.06589123606681824,0.050317188103993736,1.6760066859466082e-05,0.06247210130095482,0.048455946147441864,1.4746313776542893e-05,0.05969083309173584,0.0469068427171026,1.3234989042282537e-05,0.05740584805607796,0.04560248228529143,1.2086805684641569e-05,0.05551338568329811,0.044492759520099276,1.120460222762011e-05,0.053932346403598785,0.043539521831368645,1.0518312786310243e-05,0.0525980219244957,0.0427132331071392,9.976444110200349e-06,0.0514584444463253,0.04199076857831743,9.54076900350963e-06,0.05047176405787468,0.04135394510295656,9.183013572658827e-06,0.049604643136262894,0.040788490798265215,8.882844539346702e-06,0.04883154481649399
666,4,self_attn_after_gate,Gaussian,1,0.3633020662126087,0.04480935901880418,1.244875431060791,0.12264475037181188,0.0006164119682083222,0.18658506870269775,0.07493488254055145,0.00011257889579995802,0.10193170607089996,0.05475051080187162,4.174442569158523e-05,0.0696161687374115,0.044141758942887896,2.3202791007925714e-05,0.05465099960565567,0.03758771563806231,1.5022146471772827e-05,0.04661106690764427,0.03311026936012601,1.0468387941801274e-05,0.041222862899303436,0.029880109730930554,7.744398548547423e-06,0.037087276577949524,0.027472394208113354,6.046624113305201e-06,0.033794302493333817,0.02563251894972627,4.943219702311717e-06,0.031131768599152565,0.02419498030628477,4.19500610129719e-06,0.02907560020685196,0.023048487447556994,3.6666561821313753e-06,0.027561139315366745,0.0221167520161659,3.279355993821003e-06,0.026303645223379135,0.021346661129168103,2.9857009549939647e-06,0.025244243443012238,0.02070071468395846,2.7562058852353392e-06,0.024342691525816917,0.020152090087769522,2.5719944351517167e-06,0.02356940135359764,0.01968131708129058,2.4207298378124483e-06,0.022901348769664764,0.01927398813385812,2.2942223379932317e-06,0.022364959120750427,0.01891919361456992,2.1869393324084267e-06,0.02196379378437996,0.0186084843285027,2.0950658647703827e-06,0.02160193771123886
666,4,cross_attn,Vertical,1,0.5061090773060208,0.033367290940844424,0.9759199619293213,0.22861759175383856,0.0015602623354815733,0.34905505180358887,0.15652494877576828,0.0004108576928928233,0.20396360754966736,0.12415887782024959,0.00017256128946065678,0.1542321741580963,0.10650092812757643,9.457932109312071e-05,0.12605053186416626,0.09565343743278867,6.03522625620274e-05,0.11352689564228058,0.0883847823928273,4.4323464113199494e-05,0.1053466647863388,0.08310244315200382,3.655257882810655e-05,0.09849099814891815,0.07898536466416858,3.229149423428815e-05,0.0924510508775711,0.07573661669379189,2.9531929960429277e-05,0.08781944215297699,0.07323747270164035,2.750967885426319e-05,0.08452638983726501,0.07132186480457821,2.6001170933044378e-05,0.08228960633277893,0.06982104421134978,2.4843178943083688e-05,0.08126671612262726,0.06861897611192294,2.3960384793379757e-05,0.08037388324737549,0.06764685321185324,2.3339672376421875e-05,0.07962145656347275,0.06685268181183981,2.2944433318612304e-05,0.0790322870016098,0.06619077323684616,2.2744214838169127e-05,0.07859830558300018,0.06562694670662048,2.2702022554069086e-05,0.07826539129018784,0.06514085841084284,2.2746692056842892e-05,0.07795626670122147,0.06472006558425843,2.2796042391033263e-05,0.07762213051319122
666,4,cross_attn,Horizontal,1,0.7387386820619068,0.16381187535135122,2.9484434127807617,0.33439109415288953,0.004729762400625727,0.5587399005889893,0.23943380727654412,0.0010880880313541724,0.33806145191192627,0.1959418746687117,0.00042654781857357795,0.25580209493637085,0.1695084141360389,0.0002197382131936409,0.21141180396080017,0.15186409037264567,0.00013086265284296812,0.1830739974975586,0.13936839749415716,8.374132332078687e-05,0.164867103099823,0.1301453182148555,5.533345717450735e-05,0.15065120160579681,0.12320079051312946,3.812477558374517e-05,0.1397336721420288,0.11786248298391463,2.7805613108974894e-05,0.13149315118789673,0.11365209023157756,2.1506424087218668e-05,0.12526749074459076,0.11028208441677548,1.7183176866922066e-05,0.12036874145269394,0.10758370078272289,1.4036221742912927e-05,0.11648134887218475,0.10540372014991821,1.1874613574646383e-05,0.11342452466487885,0.10359783801767561,1.032028665670785e-05,0.11101780086755753,0.1020485567195075,8.95494540971843e-06,0.10934293270111084,0.10069931818852348,7.675955565515599e-06,0.10762406885623932,0.09953824643577848,6.578424391590997e-06,0.10604164004325867,0.09854164175570958,5.676182832017399e-06,0.10464885830879211,0.09767601946516642,4.961225764030257e-06,0.10345946997404099
666,4,cross_attn,Gaussian,1,0.5130241938999721,0.056365724989144154,1.12516188621521,0.20389899469557263,0.0015602430577683637,0.2994881272315979,0.1353125205588719,0.00036174435494033065,0.17771044373512268,0.1051701649077355,0.00014895908928685996,0.13858002424240112,0.08841463876149011,8.25799518766405e-05,0.11827251315116882,0.07793228292749041,5.507635945160638e-05,0.10341095924377441,0.07088439408985395,4.0894934782137884e-05,0.09232930094003677,0.06589330383946025,3.3160057130979236e-05,0.08416971564292908,0.06205689416281761,2.8096957879307482e-05,0.07860025018453598,0.05902715695519296,2.4306651067629728e-05,0.07454322278499603,0.05670719351323824,2.1692847557966527e-05,0.07110930234193802,0.054900406608505856,1.9680739697249898e-05,0.06806161999702454,0.05341425135968223,1.8061412946043447e-05,0.06547430157661438,0.052126358248411664,1.6799355766422804e-05,0.06341347098350525,0.05100598753917785,1.5891575234492056e-05,0.06179716810584068,0.05005102947590843,1.531168898954786e-05,0.06052766740322113,0.04924534314445087,1.5000671673612632e-05,0.05951669067144394,0.04856237053634629,1.4868978991356705e-05,0.05865572765469551,0.04797488042996043,1.4796657755367583e-05,0.05784783512353897,0.04746305558180052,1.4689886219835426e-05,0.05706679821014404
666,4,mix_ffn_after_gate,Vertical,1,0.769908337839066,0.19991299369556342,2.255340337753296,0.22112416866279783,0.002943895407581171,0.3441925048828125,0.11267268823252784,0.00031689730817998084,0.1511053442955017,0.07208589872434026,6.765878330424805e-05,0.09263856709003448,0.052676472812891006,2.2987602047990273e-05,0.06544186919927597,0.04198149869602824,1.1217740936517469e-05,0.05074435472488403,0.0355247798420134,7.296007830832259e-06,0.042008571326732635,0.031361560647686325,5.767024542727856e-06,0.03659279644489288,0.028536243896399225,5.093640784807972e-06,0.03355500102043152,0.026537291794305758,4.755122695489864e-06,0.03140222653746605,0.0250745386417423,4.5556456956966155e-06,0.029818154871463776,0.023975396913195415,4.42104185897347e-06,0.028622152283787727,0.023131390944832846,4.323080458114834e-06,0.027863703668117523,0.02247090380461443,4.2496859181401654e-06,0.027295831590890884,0.021944891484010787,4.1945677179316305e-06,0.026852693408727646,0.021518638032296346,4.153289583448676e-06,0.02650178223848343,0.021167006284471542,4.121627715780484e-06,0.026217080652713776,0.020872009740698905,4.095516778171626e-06,0.025979535654187202,0.02062140754054463,4.071734818163604e-06,0.02577759139239788,0.020407161571913295,4.048338680747876e-06,0.025604933500289917
666,4,mix_ffn_after_gate,Horizontal,1,0.6205887742458828,0.1095783070404813,1.696056604385376,0.18249295947570648,0.0018007677842651585,0.28809821605682373,0.09667548856564931,0.0001939204095076345,0.12578339874744415,0.06489238893938443,4.036949946235174e-05,0.07851675152778625,0.04986766731691739,1.3019712807067911e-05,0.05783893167972565,0.04171461150759742,6.0838051965321e-06,0.047033753246068954,0.03688304646620675,3.895423626710459e-06,0.041765742003917694,0.03384079642239071,3.090152181897138e-06,0.03846623748540878,0.03183890281925126,2.7480465087740894e-06,0.03628477826714516,0.030474999180388828,2.5763702822049244e-06,0.03477603197097778,0.0295182295616657,2.4772096789109347e-06,0.03369377925992012,0.02883087092685321,2.4165574768754096e-06,0.03289766609668732,0.028327515585318444,2.3769869677061715e-06,0.03230085223913193,0.027952447001423155,2.3484507134942516e-06,0.03184560686349869,0.027668267931966556,2.326862366864971e-06,0.031492929905653,0.0274495520880298,2.3107213162338772e-06,0.031216250732541084,0.027278789629538853,2.298847567876778e-06,0.03102007880806923,0.027143833330935903,2.289522946925824e-06,0.030906282365322113,0.02703617536832416,2.281039147016071e-06,0.030818194150924683,0.02694972308855208,2.272550760590675e-06,0.030750736594200134
666,4,mix_ffn_after_gate,Gaussian,1,0.5211594414616388,0.0711463492629067,1.183599591255188,0.14281487843346974,0.0015127278721266259,0.2352791130542755,0.06746570588577361,0.00015992580737249853,0.09744556248188019,0.04097701005992435,3.0044050524494184e-05,0.0538904070854187,0.029245573110760203,8.557979789730243e-06,0.03577817231416702,0.02319890736705727,3.5130642914116377e-06,0.027331382036209106,0.019749732688069344,1.9905527145411273e-06,0.022893015295267105,0.01764528469611255,1.436509754616203e-06,0.02022971212863922,0.01630316384964519,1.2034039070215018e-06,0.01871628314256668,0.01542275311750552,1.0931742199273799e-06,0.017886824905872345,0.014834928592400891,1.0348427156178242e-06,0.017307259142398834,0.014437147918792944,1.001149111097368e-06,0.016893558204174042,0.01416337720694996,9.821952037238934e-07,0.016601134091615677,0.0139696624070879,9.737236681337287e-07,0.01640353538095951,0.013827195612802393,9.72076781908633e-07,0.0162777341902256,0.013718011286405344,9.73727499426091e-07,0.016201063990592957,0.013631463479546328,9.762603415287011e-07,0.01615430787205696,0.013561494204969634,9.786698083542485e-07,0.01612410694360733,0.013504764656462366,9.809118681301926e-07,0.01610298827290535,0.01345937747863077,9.83292901220395e-07,0.01608775183558464
666,5,self_attn_after_gate,Vertical,1,0.6826231638117443,0.5696687310214665,3.2497425079345703,0.13225521419256453,0.000643619739340741,0.20234251022338867,0.08807586837146017,0.00019623707203913257,0.1279372125864029,0.06578634750275385,7.869575451318985e-05,0.08855760097503662,0.05276065473518674,3.843675575959071e-05,0.06595313549041748,0.044393213731901984,2.3320137633209768e-05,0.054684706032276154,0.0386310364341452,1.73098180440089e-05,0.048485517501831055,0.03445801475927943,1.4688474929537064e-05,0.044629618525505066,0.03132203800810708,1.3370896966019093e-05,0.04138440638780594,0.028895709042747814,1.258141963286477e-05,0.0386306568980217,0.026972654231247447,1.2022782119690074e-05,0.03628115728497505,0.0254172051532401,1.1582020775158117e-05,0.03426586091518402,0.02413720137897938,1.1217188474244003e-05,0.03266248479485512,0.02306829747699556,1.0911668220657151e-05,0.03140565752983093,0.022164429020550516,1.0656237934277359e-05,0.030285336077213287,0.021391818891205484,1.0442904881823057e-05,0.029279600828886032,0.020725168524280427,1.0263654794972922e-05,0.028371412307024002,0.02014517763422595,1.0110950350347056e-05,0.027774520218372345,0.019636915671446965,9.978431322994045e-06,0.027441121637821198,0.01918867023454772,9.861195686517989e-06,0.02714850753545761
666,5,self_attn_after_gate,Horizontal,1,0.3759531414224988,0.1080379049479815,1.581423044204712,0.11351549672702002,0.0003485430439979639,0.17945002019405365,0.07757004167115877,9.720314846041e-05,0.11127918213605881,0.061966111321770954,5.4445059261674525e-05,0.08336029946804047,0.05337559887104564,3.8241171119628065e-05,0.06885844469070435,0.04791690314572955,2.901653399820398e-05,0.059888169169425964,0.04413704627326557,2.307339071858309e-05,0.053499236702919006,0.04136672539133874,1.9166047049079784e-05,0.05006211996078491,0.039256179616564794,1.65374357345738e-05,0.047612786293029785,0.03760227670390454,1.468981110578087e-05,0.045603279024362564,0.036278255165569366,1.3321763387984203e-05,0.04390222579240799,0.03519999147171066,1.2258136047853522e-05,0.04242820665240288,0.034308361421738355,1.1398163761655171e-05,0.041130099445581436,0.03356012530506603,1.0683108052762075e-05,0.03997563570737839,0.0329233402061084,1.0076994326065315e-05,0.03894355893135071,0.03237449936568737,9.556168658713168e-06,0.03817390650510788,0.031896259133068344,9.104099896372471e-06,0.037506476044654846,0.031475658809381815,8.708807307526971e-06,0.036914825439453125,0.03110286398302941,8.361297298421099e-06,0.03638618439435959,0.030770293747385342,8.054605500112085e-06,0.035910267382860184
666,5,self_attn_after_gate,Gaussian,1,1.0789530305635362,2.3159346771734373,6.74466609954834,0.20220213135083517,0.0013613857189430554,0.2967860996723175,0.13862951360051595,0.000416363558811966,0.20006389915943146,0.1067441085737849,0.0001873286090217442,0.1462518274784088,0.08708344837502828,0.00010546025863384552,0.1133907288312912,0.07364935073114577,6.731568092479986e-05,0.09247134625911713,0.06392253420892216,4.696096947635409e-05,0.07851288467645645,0.05657248346815034,3.500273482729936e-05,0.06868298351764679,0.05083050247695711,2.7379488898430827e-05,0.06210554391145706,0.046227417472336024,2.2165795219847608e-05,0.056637343019247055,0.042462848126888275,1.839328525502742e-05,0.052043743431568146,0.039335737684889446,1.5549464864768803e-05,0.04814446344971657,0.03670579354677882,1.3345310893675902e-05,0.044801823794841766,0.03447143018009171,1.1604274098575804e-05,0.04195496439933777,0.03255672983470417,1.0209523411107523e-05,0.03975376486778259,0.03090349371944155,9.078792466807875e-06,0.037777747958898544,0.029466214072373178,8.15195993751544e-06,0.03600004315376282,0.02820876379689527,7.384261029961582e-06,0.03439748287200928,0.027102142601968752,6.7420776808843224e-06,0.03295012563467026,0.026122864276643783,6.200032214760584e-06,0.03164070099592209
666,5,cross_attn,Vertical,1,0.46580289730003904,0.03343921664414624,0.9797199964523315,0.2224699403085406,0.0017788833797955537,0.3813595175743103,0.15980298994552522,0.0005309474674091905,0.2344837188720703,0.13052846964389558,0.00023805809148875847,0.1775888055562973,0.11378724825760675,0.00013482826590004114,0.1439172625541687,0.10275069434964468,8.992646700708404e-05,0.12547600269317627,0.09529197523518214,6.937704158998398e-05,0.11385904252529144,0.08990493322175647,5.774034037176351e-05,0.10872675478458405,0.08567256811592314,4.939765467248555e-05,0.10409964621067047,0.08221370348381618,4.2990938951641326e-05,0.09941405057907104,0.07940971260032957,3.843239832463992e-05,0.09535172581672668,0.0771445564570881,3.535916324937759e-05,0.09213139116764069,0.07530156002631264,3.334174120973471e-05,0.08969004452228546,0.07378899814590575,3.1995516791756166e-05,0.0878760814666748,0.0725383645603581,3.098396994583073e-05,0.08646199107170105,0.07149654443538378,3.0070549061262658e-05,0.08523096144199371,0.0706171787802189,2.9098666778098943e-05,0.08401960879564285,0.06985815354282894,2.8006822443098643e-05,0.08271889388561249,0.06918588517204163,2.687551909852031e-05,0.08132733404636383,0.06857911586051896,2.5854966074386348e-05,0.07994157075881958
666,5,cross_attn,Horizontal,1,0.5204711168531387,0.03013858914554375,1.1637896299362183,0.26523180376915706,0.0019463840072175963,0.4156048595905304,0.1931287062073511,0.0005816673482483035,0.26461440324783325,0.16016132029749097,0.0002447089161393106,0.2025822401046753,0.14180568451919254,0.000124562404005133,0.1705453097820282,0.13028266068015779,7.463627388056544e-05,0.15009135007858276,0.12239868465870146,5.0965966552929745e-05,0.1364520788192749,0.11660057755689772,3.673374710533929e-05,0.12865044176578522,0.11218302886164377,2.721149242527916e-05,0.12272927165031433,0.10873764966215406,2.07524580528834e-05,0.1184661015868187,0.10598976094098318,1.6254635773397647e-05,0.11512267589569092,0.10376980143880087,1.3026975296939074e-05,0.1124359741806984,0.10195389969481362,1.0641458964635987e-05,0.11014766991138458,0.10044443134277586,8.81071962085569e-06,0.10806141048669815,0.09916949224850488,7.356930140844001e-06,0.10605761408805847,0.09808837894409422,6.218082277861057e-06,0.10420570522546768,0.09717756296907153,5.380300055787123e-06,0.10262449085712433,0.0964124548056769,4.808040510219935e-06,0.10128993541002274,0.09576548186559526,4.419225249768417e-06,0.10006997734308243,0.09520919703774983,4.108967656584708e-06,0.09956962615251541
666,5,cross_attn,Gaussian,1,0.5160611186708722,0.05795437822910133,1.5126793384552002,0.221407232303468,0.0016924649966439233,0.3113670349121094,0.15289505145379476,0.0005907494784283595,0.2082250714302063,0.12090993471561916,0.0003005668773591763,0.16439035534858704,0.10285236402636483,0.00016607270826785646,0.13524143397808075,0.0909342731511782,0.00010149430199632535,0.11484058946371078,0.08259015063208247,7.048585196446962e-05,0.10283427685499191,0.07652138002098553,5.4691659818820324e-05,0.0959252119064331,0.0717954072687361,4.559669337271384e-05,0.08996932953596115,0.06790371824588094,3.8933776192405896e-05,0.08471169322729111,0.06472287876974969,3.383580714558236e-05,0.08029033243656158,0.06217444906868632,3.006825539201155e-05,0.07657212018966675,0.060112541097970235,2.7141934607410984e-05,0.07342776656150818,0.0584053010458038,2.4656396544060882e-05,0.07077954709529877,0.05696579009767563,2.2566280038342132e-05,0.06855583190917969,0.055748178313175835,2.0917308686387225e-05,0.0666661486029625,0.05471795690911157,1.9618938167461358e-05,0.06505583226680756,0.053840295958613595,1.8578009240548733e-05,0.06370007991790771,0.05308237914291639,1.7739451526255473e-05,0.06255844235420227,0.052418946392006345,1.7056267295972446e-05,0.06157880276441574
666,5,mix_ffn_after_gate,Vertical,1,1.1423431691669284,0.5927648252555965,3.5480425357818604,0.3000405021603145,0.00535087790549747,0.49242454767227173,0.14716340956233798,0.0006922090182556286,0.21660640835762024,0.0879817262055382,0.00013950772422564064,0.1197003573179245,0.060589693427558926,3.9609436357237134e-05,0.07683715224266052,0.04602526589518502,1.5235935128101936e-05,0.0551675483584404,0.03741610348815956,7.752232104883524e-06,0.04350101202726364,0.031934111186909295,5.061579823897935e-06,0.036721475422382355,0.028261597371763654,3.999400609689588e-06,0.03283622860908508,0.025711786208881274,3.5626923661751506e-06,0.03015642985701561,0.023893537945927135,3.384180008052777e-06,0.028261257335543633,0.022569149939550295,3.3154376754114543e-06,0.02689163200557232,0.021587292442009562,3.2926890628057373e-06,0.0258934386074543,0.020848349002855166,3.2877814516112633e-06,0.025279413908720016,0.020285053178668022,3.288532660006701e-06,0.02480446733534336,0.019850962277915742,3.2900445620633427e-06,0.02443893626332283,0.019513347319194248,3.290676567621819e-06,0.024160252884030342,0.019248724989001712,3.290112632939921e-06,0.023950207978487015,0.019039995879644438,3.288342033793631e-06,0.023793067783117294,0.01887455480616717,3.2850327163929136e-06,0.02367442101240158
666,5,mix_ffn_after_gate,Horizontal,1,0.6104263492992946,0.09982138279013063,1.5571327209472656,0.16964066809131986,0.0017132047916645174,0.2547718286514282,0.0835900271222705,0.0001614089476544225,0.10831671208143234,0.05383103819830077,2.8838628800546375e-05,0.0644223615527153,0.04078561315933863,9.064007939999615e-06,0.04777873679995537,0.034127148311762584,4.843813455327503e-06,0.0404869019985199,0.03034077315694756,3.658978752433211e-06,0.03622007369995117,0.028021419716496316,3.25970204693995e-06,0.033559057861566544,0.026528812501402127,3.11482353540402e-06,0.03184247016906738,0.025533724132747876,3.0648152782382297e-06,0.0307055301964283,0.024851803623494647,3.0517182710614965e-06,0.02993040345609188,0.024375437980606443,3.0518399842631366e-06,0.029387161135673523,0.0240403369423889,3.053860459185759e-06,0.02900370955467224,0.023804691368861805,3.052231471170829e-06,0.028734425082802773,0.02363921364858037,3.0461380607358225e-06,0.028545524924993515,0.02352340581516425,3.0372410835137585e-06,0.02841191180050373,0.02344258374992817,3.028648292536524e-06,0.028313694521784782,0.0233858170963469,3.0238958692786456e-06,0.028234554454684258,0.023344971446527377,3.0249999461125362e-06,0.028162870556116104,0.023314522224522773,3.030984818200724e-06,0.028093568980693817
666,5,mix_ffn_after_gate,Gaussian,1,0.6118960489356329,0.08455846699139437,1.4686616659164429,0.18064239609336097,0.002193451793535792,0.32155436277389526,0.08596403246361112,0.0002383322129054145,0.1330491006374359,0.050822343145098,4.5833130159331636e-05,0.07172274589538574,0.03468699726675238,1.2185363705264178e-05,0.045176923274993896,0.0264248059145988,4.5490939259407504e-06,0.0322125181555748,0.021844881897171337,2.4830587019193115e-06,0.025400597602128983,0.019128528704482412,1.7901042933020471e-06,0.021856678649783134,0.017426089841931586,1.4990285066377601e-06,0.02012188918888569,0.016312934487821566,1.3525475164014178e-06,0.018969886004924774,0.015561965353313893,1.2685770006050113e-06,0.018189527094364166,0.015043541316002135,1.216481046812316e-06,0.01771777868270874,0.014679469922113986,1.1833500671848687e-06,0.01738745905458927,0.01442107530162921,1.1626758488003485e-06,0.017148423939943314,0.014237261702498746,1.1501644648337306e-06,0.01697763241827488,0.014107041253102205,1.1426758253710861e-06,0.01685754954814911,0.014015560762749778,1.1378082827638549e-06,0.01677391305565834,0.013952214167349868,1.1336719023457114e-06,0.01671586185693741,0.013909419850697593,1.1289201895896143e-06,0.016675550490617752,0.013881710845799674,1.1228783369858177e-06,0.0166469793766737
617,3,self_attn_after_gate,Vertical,1,0.1695320698476973,0.0077927887156648,0.5370118618011475,0.06209986461769967,0.000110128233032149,0.08980973064899445,0.042204046001036964,2.727173116856067e-05,0.05242395028471947,0.03386821869819883,1.7409591760466423e-05,0.04280012100934982,0.029235582503061446,1.4031570807972559e-05,0.03779085353016853,0.026253918865843426,1.1906809839600085e-05,0.03448692709207535,0.02416813305564343,1.036178575816146e-05,0.032188624143600464,0.022630304778142582,9.241290739545347e-06,0.030536681413650513,0.021459133201648318,8.427697748170274e-06,0.02929651364684105,0.020544209916676794,7.818890968564892e-06,0.028326457366347313,0.01981332731093206,7.346177737696568e-06,0.027538813650608063,0.019217676867450042,6.966137598970407e-06,0.02687646634876728,0.018723166547715664,6.651013317107134e-06,0.026302050799131393,0.018305558430415297,6.383540448984679e-06,0.025793038308620453,0.01794757782703354,6.153432857260497e-06,0.025337500497698784,0.017636894529301023,5.954468794640422e-06,0.024929454550147057,0.01736459770195541,5.782468571363257e-06,0.024565191939473152,0.017124106072717242,5.634232435422469e-06,0.02424132637679577,0.01691043053177141,5.507090337138502e-06,0.023954175412654877,0.016719671882807263,5.398728564616349e-06,0.023699713870882988
617,3,self_attn_after_gate,Horizontal,1,0.20505442352048933,0.013254427918169694,0.7243746519088745,0.08830023036589699,0.00013856589261142032,0.12660887837409973,0.06717594618362094,3.2248739440897985e-05,0.07978499680757523,0.057114402807894205,1.8461287283893677e-05,0.06608732789754868,0.05088118907241594,1.4067173259515461e-05,0.05956459790468216,0.046622664268527715,1.1769185265981603e-05,0.05498643219470978,0.04357616940424556,1.0353827062521499e-05,0.05163542553782463,0.04132853288735662,9.409983199019773e-06,0.04916440322995186,0.03962590551329038,8.729469277029798e-06,0.0473090261220932,0.03830635795990626,8.202750855791046e-06,0.045881278812885284,0.037263944567669,7.776089728937774e-06,0.044751450419425964,0.03642650829657676,7.4204176341285164e-06,0.04383321478962898,0.035743183678104765,7.11750534797553e-06,0.04306923970580101,0.03517702576659974,6.854813240817501e-06,0.04242003709077835,0.03470057018456005,6.623426625278968e-06,0.04185765981674194,0.03429331973431602,6.4170788106986945e-06,0.041362419724464417,0.03394014607109721,6.2314645847445824e-06,0.04092071205377579,0.03362999120283695,6.063572683049553e-06,0.04052309691905975,0.03335475416055748,5.911219525828648e-06,0.040162861347198486,0.033108419694361235,5.772771803175595e-06,0.03983502835035324
617,3,self_attn_after_gate,Gaussian,1,0.39353560254214304,0.16481162953279122,1.8321465253829956,0.08335743188148453,0.00022578544720830456,0.12675213813781738,0.05599438274900118,5.1898297034378536e-05,0.0800623893737793,0.04372075034512414,2.384384677857179e-05,0.05919124558568001,0.03667123376258782,1.4413881046522538e-05,0.04779321327805519,0.03210752203114449,9.988121380889628e-06,0.040330901741981506,0.028946332751758515,7.54466787075547e-06,0.0360887348651886,0.02664833855889146,6.065111630168555e-06,0.03324378654360771,0.024913578604658444,5.110472033737794e-06,0.030984187498688698,0.023564365795916982,4.463614290279409e-06,0.029155801981687546,0.022490038817364073,4.0075993470013746e-06,0.027657393366098404,0.021618168387148116,3.6750526725762785e-06,0.026418041437864304,0.02089936738567693,3.4255060758474444e-06,0.025385692715644836,0.020298855379223824,3.233955802771228e-06,0.024521037936210632,0.01979149410885478,3.0845051670672032e-06,0.023794252425432205,0.01935870297962711,2.9666466347759915e-06,0.023208986967802048,0.018986471943439,2.8730866202140916e-06,0.022699324414134026,0.018664034881762097,2.7984850668603883e-06,0.022334113717079163,0.018382967050586427,2.738730762013594e-06,0.022063788026571274,0.018136556688991803,2.6905216564302336e-06,0.02183518186211586
617,3,cross_attn,Vertical,1,0.5723284773883366,0.11027632411094282,2.5852372646331787,0.24815251500833602,0.002010115676224447,0.3846598267555237,0.16573620812287407,0.0006206616498773308,0.2391582429409027,0.126348966762187,0.00027247145097354853,0.17490620911121368,0.10417311484851534,0.00014421224228154152,0.1393965482711792,0.09031397636447634,9.009747852400046e-05,0.11879032105207443,0.08092254542169117,6.447952848440061e-05,0.10455163568258286,0.07413425674987217,5.035761218429157e-05,0.0938245877623558,0.0689713444028582,4.1595278219345115e-05,0.08537280559539795,0.06492216961960943,3.5716076978974425e-05,0.07870807498693466,0.06172826395384849,3.140019940953708e-05,0.07445820420980453,0.05917209783007228,2.8267236188345532e-05,0.07127433270215988,0.057064460383521184,2.6235474657059705e-05,0.06965950131416321,0.055271871033168975,2.500956905501022e-05,0.06843379884958267,0.05373372314941315,2.4000041521428854e-05,0.06717967987060547,0.052435995271754646,2.291849141452055e-05,0.06574347615242004,0.0513595598084586,2.1919882596015917e-05,0.06425589323043823,0.05046260203160937,2.125878316955393e-05,0.06289204955101013,0.04968976720221459,2.109435752951931e-05,0.0617886446416378,0.04898923487653808,2.1341501739332533e-05,0.061011843383312225
617,3,cross_attn,Horizontal,1,0.9408205288743215,0.6561550663463288,5.7450995445251465,0.35340369906690383,0.003967475996782678,0.5085079073905945,0.24888878422124044,0.0012405492413642494,0.32542815804481506,0.19864042126943196,0.0005461184776885299,0.24683895707130432,0.17031283771234845,0.00028017907864058724,0.20399966835975647,0.1526837462470645,0.00016067348483875097,0.17749452590942383,0.14066437489929653,0.00010102389473199361,0.1602332592010498,0.1319204435225517,6.77149427584404e-05,0.14873969554901123,0.12528512354881044,4.721738359687501e-05,0.13988308608531952,0.12009960945163455,3.4152565207233434e-05,0.13288015127182007,0.11595182723942257,2.5631853735919835e-05,0.12722399830818176,0.11257058642213306,1.9927202792294534e-05,0.12258027493953705,0.10976944473527726,1.5993326027651573e-05,0.11870527267456055,0.1074181678039687,1.3175606858733148e-05,0.1154201328754425,0.10542307522088762,1.1061068794467167e-05,0.1126062273979187,0.10371373984075728,9.404185795791534e-06,0.11019612848758698,0.10223707864208827,8.082131079847475e-06,0.10815831273794174,0.10095490917326912,7.0466533263045356e-06,0.10645844042301178,0.09984130128508523,6.255209352387135e-06,0.10503116250038147,0.09887627973442986,5.64986386681128e-06,0.10380949079990387
617,3,cross_attn,Gaussian,1,0.5121933264391763,0.06403892965624064,1.2187846899032593,0.19871133376681616,0.0017102221237899065,0.3032797574996948,0.1297436889911455,0.0003487587379856758,0.18463343381881714,0.0990321274314608,0.0001507279196934098,0.13822488486766815,0.08219636302618753,8.11713490404158e-05,0.11160746961832047,0.07133911372650237,5.089608816135339e-05,0.09423096477985382,0.06403319040934245,3.525374678339049e-05,0.08285960555076599,0.05889544316700527,2.6223581610456644e-05,0.0750434398651123,0.05519041903908291,2.102695101684078e-05,0.06923086941242218,0.052460899014794636,1.8319391696464016e-05,0.06511874496936798,0.05036279943490785,1.7011314780905227e-05,0.06237129494547844,0.04870569688223657,1.6309207108597724e-05,0.060487814247608185,0.04740371430913607,1.5847258162780442e-05,0.05888760834932327,0.046383292606425666,1.5503716538845782e-05,0.05737279728055,0.04556669614144734,1.5199733899384894e-05,0.05619436874985695,0.044885547624693975,1.4853530225822882e-05,0.055291980504989624,0.04429145872829452,1.442226201287652e-05,0.05436960607767105,0.04375523251910058,1.3905266880632866e-05,0.05343017354607582,0.04325981485465216,1.3322242594312935e-05,0.05247977375984192,0.042794171661611584,1.2697350198567237e-05,0.05152076110243797
617,3,mix_ffn_after_gate,Vertical,1,0.7644772472835722,0.19458868858955683,2.186537504196167,0.21173569536398326,0.002534254885761098,0.3120404779911041,0.10850725334788126,0.00027029765184423773,0.14180389046669006,0.06962685186475043,5.8819226646162755e-05,0.08569929003715515,0.05039064680773114,1.93214388902987e-05,0.06041743606328964,0.03942626034693113,8.471808550547935e-06,0.046171512454748154,0.03261893115464657,4.773267947833127e-06,0.037443727254867554,0.02812183133903004,3.308379733815605e-06,0.031755611300468445,0.02500255261030462,2.6536895347151466e-06,0.027993157505989075,0.02275274983710713,2.3294584485940864e-06,0.025768566876649857,0.021078326221969392,2.1544224227447832e-06,0.024285471066832542,0.01980058757203912,2.0536709896973085e-06,0.023155372589826584,0.01880622176187379,1.993964822167081e-06,0.022284431383013725,0.018020429160623325,1.959686729155663e-06,0.021609988063573837,0.017391797051661544,1.94283200674267e-06,0.021087005734443665,0.016883364080318382,1.9381179842470873e-06,0.020678449422121048,0.01646724890267092,1.940232477908123e-06,0.020349636673927307,0.016121789606081113,1.9431155899489515e-06,0.020069759339094162,0.01583061841804357,1.9417563530293194e-06,0.019819948822259903,0.015582527891392745,1.9347493354026064e-06,0.019597716629505157
617,3,mix_ffn_after_gate,Horizontal,1,0.5867757423529549,0.09924566114853695,1.8738387823104858,0.18912773378311643,0.0016803839057714176,0.2703012228012085,0.10288443700188682,0.00021630958215198968,0.13182643055915833,0.06881308620647779,4.875472830465894e-05,0.08293654024600983,0.0520098852141509,1.576536899085685e-05,0.06068729981780052,0.04250406355611862,6.805710869479545e-06,0.04854360222816467,0.03663610548727096,3.859029061605575e-06,0.041384875774383545,0.03279863173762957,2.7819866472803914e-06,0.03680986166000366,0.03018372171809749,2.367567287478396e-06,0.03374382480978966,0.028344912217959525,2.206971752482626e-06,0.031609006226062775,0.02701878399839477,2.1484560712285158e-06,0.030075030401349068,0.026041913274971264,2.1318201846781465e-06,0.029039256274700165,0.025309256765814053,2.1320297450200555e-06,0.028276167809963226,0.024751447022907318,2.138140766278433e-06,0.027687735855579376,0.02432130617163484,2.144964021631651e-06,0.02722502499818802,0.023985882393187948,2.1501940459831067e-06,0.026880886405706406,0.023721952612201374,2.1535103559756225e-06,0.026610979810357094,0.02351311966776848,2.1555800801134e-06,0.026417987421154976,0.023347452755958314,2.1570394245403343e-06,0.02627069130539894,0.0232158817409996,2.1582057956227864e-06,0.026157723739743233
617,3,mix_ffn_after_gate,Gaussian,1,0.6092762601754022,0.11870759070790222,1.918846845626831,0.1740770913542263,0.0018837298150268535,0.27218300104141235,0.08688738747012048,0.00022613834980252914,0.11922724545001984,0.0535897057917383,4.8433652533437686e-05,0.06756767630577087,0.03766940584376691,1.507027873260246e-05,0.04573918506503105,0.02895166931880845,6.236981584430004e-06,0.034342210739851,0.02372714930347034,3.2734109646851245e-06,0.027545249089598656,0.020388274793587034,2.0841240998176747e-06,0.02341630309820175,0.01814950316671341,1.5318324721426197e-06,0.020854074507951736,0.016593813837047607,1.2450097032055244e-06,0.019250864163041115,0.015485232562891074,1.0852412578666206e-06,0.018077950924634933,0.014680365839647868,9.917717193923831e-07,0.017211567610502243,0.014086868185254316,9.347839632776113e-07,0.01656733825802803,0.013643320738559677,8.984863438695483e-07,0.016086474061012268,0.013307673827050224,8.735833153543517e-07,0.01572560705244541,0.01305043941274995,8.549088404946676e-07,0.015452580526471138,0.012851130320794053,8.406534854265943e-07,0.015246083959937096,0.012696140904038672,8.30438301438735e-07,0.01509167067706585,0.012576182077210101,8.236400594328585e-07,0.01497771218419075,0.012484001054886788,8.193991067178609e-07,0.0148946363478899
617,4,self_attn_after_gate,Vertical,1,0.3290051607385514,0.026692643211240277,0.8740001916885376,0.12134275786460393,0.0006873024678944368,0.18696630001068115,0.07535017961784014,0.00015741940084406183,0.11004862189292908,0.054735620875680256,5.986699708373104e-05,0.07488664239645004,0.043425322288558596,3.216744385006736e-05,0.05624586343765259,0.03651413484106934,2.1446804957908507e-05,0.04590697959065437,0.03197480090672061,1.6296625680471342e-05,0.041978903114795685,0.02882170458398168,1.3465998536343821e-05,0.039176274091005325,0.026530774931112926,1.1756117521882002e-05,0.037086840718984604,0.02480499916488216,1.0642171998031292e-05,0.035476818680763245,0.02346512908855128,9.86457337794562e-06,0.03419818729162216,0.022397462544696673,9.287174209119575e-06,0.03315480053424835,0.021527279818814898,8.835999401109312e-06,0.032282132655382156,0.020804163718980456,8.468489473023429e-06,0.03153621777892113,0.020193266815372875,8.158457270910323e-06,0.0308873038738966,0.01966996045990123,7.88922693376548e-06,0.03031521663069725,0.01921651374903463,7.650256382789859e-06,0.029805872589349747,0.01881994947140652,7.434882189320342e-06,0.029348980635404587,0.01847058930803859,7.23873289958512e-06,0.028936751186847687,0.018161046599584913,7.058748076872692e-06,0.028563231229782104
617,4,self_attn_after_gate,Horizontal,1,0.44919235744173563,0.052169358112547644,1.2231096029281616,0.17285212980849401,0.000987308640096567,0.2533816695213318,0.11299992080718751,0.00020358929747980815,0.14304761588573456,0.08725240400859288,8.428789446907448e-05,0.10521069914102554,0.07368351998073715,5.365177492626996e-05,0.09159195423126221,0.06551116929640846,4.2345106973554216e-05,0.08352059125900269,0.06008372650969596,3.6060485043339664e-05,0.07786044478416443,0.05621519684791565,3.1506795173837196e-05,0.07369092851877213,0.05331813620906028,2.7965817491209885e-05,0.07035676389932632,0.0510660195871005,2.5160995489394866e-05,0.06750389188528061,0.049263409264977014,2.2908604584217045e-05,0.06504909694194794,0.04778696206353959,2.1070911751831643e-05,0.06291843205690384,0.04655480367087182,1.9544635508229216e-05,0.06104947626590729,0.0455101714247749,1.8255696208172083e-05,0.05939345806837082,0.0446123822577416,1.7153718348113506e-05,0.05791538208723068,0.04383158595079467,1.6205045586359694e-05,0.056591589003801346,0.043145476766521966,1.5386092101606365e-05,0.05540582165122032,0.042537097006090104,1.4678299405505995e-05,0.054345447570085526,0.04199335528981118,1.4065563545176563e-05,0.05339923873543739,0.04150399565696716,1.3533306445053512e-05,0.05255637317895889
617,4,self_attn_after_gate,Gaussian,1,0.7847027556290702,0.518053700432765,3.2749288082122803,0.17831771241294014,0.001149581528167124,0.2793973684310913,0.10920173592037624,0.0001542868182261378,0.1375003159046173,0.07881715976529652,5.2555331021588626e-05,0.09864746034145355,0.06237306469489658,2.8238887523560856e-05,0.07559718936681747,0.05218398984935549,1.8182575090007153e-05,0.06278060376644135,0.04528482950159481,1.288143470101352e-05,0.05409836024045944,0.04032948784648426,9.702758620611018e-06,0.04862195998430252,0.036616261279772196,7.634318463121213e-06,0.0444144681096077,0.033741378358432224,6.2159520307791375e-06,0.04098112881183624,0.031455833967479446,5.2086850483419715e-06,0.038120485842227936,0.02959819436664619,4.4738266723249985e-06,0.035700079053640366,0.02805984513981948,3.9245303819156e-06,0.03373665735125542,0.02676551126771503,3.5040101403800965e-06,0.032033827155828476,0.02566167466815502,3.1742846937484634e-06,0.03053889237344265,0.02470939192507002,2.9096871906212684e-06,0.02921781688928604,0.023879750587400935,2.692772860907878e-06,0.02814329043030739,0.023150913712997285,2.511661637770623e-06,0.027263401076197624,0.022506165539934522,2.3582747452700452e-06,0.02648303657770157,0.02193255861481977,2.227142484036508e-06,0.025788184255361557
617,4,cross_attn,Vertical,1,0.4448958003804797,0.031561467337444506,1.0777769088745117,0.2141901727706667,0.0018360164556182387,0.34615015983581543,0.15097768297271122,0.0004501258192665584,0.2105259895324707,0.12289750126619188,0.00017762712351298678,0.16192004084587097,0.10690245789194865,9.087260670395448e-05,0.13569605350494385,0.09681289915054564,5.628476014161148e-05,0.1194014698266983,0.08991163271287131,4.070700811965867e-05,0.107961505651474,0.0851377954795247,3.4283986954250026e-05,0.10031652450561523,0.0815845246589373,3.165263796142958e-05,0.09621813893318176,0.07868577480789214,2.942079757699045e-05,0.09284559637308121,0.0762313927213351,2.6678566023434914e-05,0.08914840966463089,0.07421267895944535,2.4182782075215817e-05,0.08607380092144012,0.07259627928336461,2.2296545872806522e-05,0.08397388458251953,0.07129210304646265,2.0796641336918867e-05,0.08245532959699631,0.07020994861211095,1.948858767661981e-05,0.08104448020458221,0.06929480260799802,1.8416900389516795e-05,0.07978923618793488,0.06852267682552338,1.765098998952555e-05,0.07876608520746231,0.06787368395025768,1.7162440782203363e-05,0.07791416347026825,0.0673247403095639,1.693335593228318e-05,0.07718902826309204,0.06685434553831343,1.69756220959315e-05,0.07660600543022156
617,4,cross_attn,Horizontal,1,0.6868524319595761,0.06673832244165533,1.4021861553192139,0.2898566606971953,0.0028585620536902057,0.41810667514801025,0.19966818983592685,0.0006209302536925023,0.2696760296821594,0.16298100872645302,0.00022636056238028144,0.2195100635290146,0.14304168167568387,0.00010083336419668173,0.18307608366012573,0.1305103095041381,5.20187973150783e-05,0.15768882632255554,0.12192184891965654,3.0451156153958105e-05,0.1400546431541443,0.11585025938730391,1.992956542686643e-05,0.12842236459255219,0.11141020698206765,1.4259548088293787e-05,0.12100432813167572,0.10807197623782688,1.0958093577760442e-05,0.11624576151371002,0.1054717596797716,8.958566342835648e-06,0.11240512877702713,0.10332441566482423,7.4155742262976305e-06,0.10917395353317261,0.10143822490695924,5.930795082556433e-06,0.10676202178001404,0.09979683432787184,4.787251292694341e-06,0.10526207089424133,0.09844612956993164,4.044113428750227e-06,0.10373535752296448,0.09735058626485249,3.5260511277725947e-06,0.10230940580368042,0.09644068505555864,3.1299824323699784e-06,0.1010654866695404,0.09566959301157603,2.8150305119203165e-06,0.09999842941761017,0.095016462462289,2.566538950548227e-06,0.09906826168298721,0.09446059876964205,2.3668045364290932e-06,0.09825436770915985
617,4,cross_attn,Gaussian,1,0.44690339196295964,0.03802518920451822,1.200763463973999,0.19576047940386665,0.0016973805035450271,0.30001282691955566,0.13245656140266904,0.0004193880088160437,0.19016225636005402,0.10523129940506011,0.00018725215570159696,0.14202763140201569,0.08997379503552876,0.00010566503105038118,0.11474350839853287,0.08018466664685144,6.900198199391351e-05,0.09796876460313797,0.07332371388162885,4.8471786079277047e-05,0.0863439068198204,0.06816921128876625,3.601294467670291e-05,0.07848899066448212,0.06429047959427985,2.9348193186655923e-05,0.07352619618177414,0.061357723933363716,2.5504065521775463e-05,0.0695815309882164,0.059062403878049244,2.3377291184675852e-05,0.0671815425157547,0.05719122586269227,2.2535468503470994e-05,0.06577667593955994,0.05561445736222797,2.252113635201783e-05,0.06452048569917679,0.054256387232314976,2.2861046379915208e-05,0.06321804225444794,0.0530712211297618,2.318765405891355e-05,0.061838384717702866,0.05203305510064912,2.3285432606599226e-05,0.06055322289466858,0.05112993238227708,2.3103012304030626e-05,0.060809630900621414,0.05035498980728407,2.2709299970549304e-05,0.06083516776561737,0.04969717420282818,2.2191498006214386e-05,0.0606338232755661,0.049137276316445974,2.1581336071792115e-05,0.060203563421964645
617,4,mix_ffn_after_gate,Vertical,1,0.6393396012366764,0.09465023869510783,1.7014977931976318,0.19058268138813594,0.0023655802217772645,0.3056299686431885,0.09235452115535736,0.0002233916718601403,0.12747079133987427,0.057376225020677324,4.131904935499824e-05,0.07109393179416656,0.041441812224331354,1.3024335266548011e-05,0.04964195191860199,0.03312430450958865,6.898630325630836e-06,0.03951825946569443,0.028360439967068416,5.261465376423168e-06,0.0338834673166275,0.02542526372486637,4.727687168439424e-06,0.03048205003142357,0.023512672544235273,4.5019665644985785e-06,0.028320778161287308,0.022215906826276628,4.379561566113861e-06,0.02719831094145775,0.021310475580985585,4.306236205139971e-06,0.026399003341794014,0.02066312836749213,4.2629474228790116e-06,0.02582133561372757,0.02018996851430053,4.237390138110263e-06,0.02539476379752159,0.01983594536663048,4.217377451524577e-06,0.025067467242479324,0.019565795444779925,4.193805643751421e-06,0.024808712303638458,0.01935842207499913,4.1645168707035355e-06,0.02460584044456482,0.019200506812286754,4.132235509176207e-06,0.02445119060575962,0.01908181980252266,4.100214539861893e-06,0.024335945025086403,0.018993795893731572,4.07052315548968e-06,0.024251606315374374,0.01892930544203236,4.044566555233934e-06,0.02419159933924675
617,4,mix_ffn_after_gate,Horizontal,1,0.71790492629248,0.12635442388424678,1.98292875289917,0.22816715306705898,0.0026741090221993283,0.33287426829338074,0.11855179556305447,0.00029755985140230177,0.1542736291885376,0.076906761361493,5.752268447929006e-05,0.09320223331451416,0.05729742815333699,1.6008274204291868e-05,0.06708543002605438,0.04675402728811143,6.473524985724123e-06,0.053404271602630615,0.040509414873898975,3.817488024285305e-06,0.045457009226083755,0.036540207113065416,2.965993446953375e-06,0.04114343598484993,0.03388275886102328,2.663442696753582e-06,0.03843675181269646,0.032030407664558246,2.545074983694538e-06,0.03652171790599823,0.03069694417100104,2.489321698669566e-06,0.0351453460752964,0.0297134467178867,2.4538458200601574e-06,0.03412672132253647,0.028975369674818858,2.425924842327388e-06,0.03334273397922516,0.028413776751785053,2.402113577580734e-06,0.032724104821681976,0.027981094040331386,2.380806363545274e-06,0.03222953900694847,0.027643825119686504,2.3610381998391815e-06,0.03182995319366455,0.027378113053384282,2.342624077934571e-06,0.03150399774312973,0.027166893528330894,2.3262044538462636e-06,0.031236838549375534,0.026997946794070894,2.312660526937815e-06,0.03101840429008007,0.02686234445325912,2.3022150036339695e-06,0.03084075078368187
617,4,mix_ffn_after_gate,Gaussian,1,0.5813023235116687,0.0890580517579932,1.440185785293579,0.16152601334310712,0.0019503566600130528,0.2609025239944458,0.07591843942091578,0.0001914159027743819,0.1068635880947113,0.04605958604859927,3.4745630318499164e-05,0.058803170919418335,0.03262408574422201,9.5993072104696e-06,0.039296217262744904,0.02556341126679428,3.7976923615865748e-06,0.03016534075140953,0.02148197124165202,2.107325616276963e-06,0.02501356229186058,0.01897050165349529,1.5294189293302565e-06,0.021885396912693977,0.017354908428849684,1.3065625976722598e-06,0.020173881202936172,0.016280247489847834,1.2101232026285814e-06,0.019268132746219635,0.015546936260920668,1.1613432875148258e-06,0.018631193786859512,0.015038043024047973,1.1314010792861886e-06,0.018156539648771286,0.014682756574262702,1.1092488858404878e-06,0.017787955701351166,0.014435706497539603,1.0902755702302e-06,0.017493197694420815,0.01426546729450661,1.0737698452162174e-06,0.01725459285080433,0.014148459592390628,1.0618249641393048e-06,0.017066046595573425,0.01406616306612416,1.0567712040747652e-06,0.01692679524421692,0.014004506229881256,1.0584312069591244e-06,0.016833622008562088,0.013953903009967199,1.0637958227634877e-06,0.01677745208144188,0.013908786462649467,1.069049537823229e-06,0.01674560457468033
617,5,self_attn_after_gate,Vertical,1,0.46608559385178583,0.21267699128270423,2.320481300354004,0.10796626491679086,0.0004382185632953837,0.17092615365982056,0.0716996221315293,0.00010478464735451132,0.09948420524597168,0.05526869200051777,4.532216530723495e-05,0.07139693200588226,0.045664692622801616,2.937556655060513e-05,0.05623131990432739,0.039261055459815355,2.3186349067376984e-05,0.049063436686992645,0.03469734597537252,1.991877994856252e-05,0.04396839439868927,0.0313130711160955,1.787871546647265e-05,0.04082176834344864,0.02872973887456788,1.6511214602229e-05,0.03835434094071388,0.026711458606379374,1.5560905986424537e-05,0.03627745062112808,0.025102922988552896,1.4872094126816475e-05,0.034517962485551834,0.023797863355231662,1.4342078392846477e-05,0.03302235156297684,0.02272180864025676,1.3906778708650895e-05,0.03218737989664078,0.02182169221637268,1.3529535371763002e-05,0.03148500248789787,0.021059164940009988,1.3191140479649812e-05,0.030852612107992172,0.020406131943066914,1.2882297970909848e-05,0.030279014259576797,0.019841732723372325,1.2598785199133532e-05,0.029756953939795494,0.019350243052319874,1.233853808063921e-05,0.029280781745910645,0.01891959658158677,1.2100101119828728e-05,0.02884558215737343,0.018540325589359752,1.188193780102442e-05,0.02844700589776039
617,5,self_attn_after_gate,Horizontal,1,0.6397367228591253,0.45963819767996805,3.3648176193237305,0.1685859158871666,0.0006586070186820593,0.23810356855392456,0.11521723606283703,0.00020161021138728915,0.16056111454963684,0.08716740045282576,9.655877732020834e-05,0.11461947858333588,0.07086540817741364,5.650256225854729e-05,0.08753877878189087,0.06079130264974776,3.814346158177053e-05,0.07471615076065063,0.05424233715212534,2.8874980462308454e-05,0.06632189452648163,0.04976459013091193,2.3811121483176715e-05,0.06056267023086548,0.04653615823813847,2.0790276184476706e-05,0.056461893022060394,0.04408745201570647,1.879857090739847e-05,0.05339677259325981,0.04214888722414062,1.7351927641094866e-05,0.050982773303985596,0.040562725995504666,1.6217660302475167e-05,0.04930294677615166,0.03923309739265177,1.5279531967610428e-05,0.04792993515729904,0.038098678968492006,1.4475033064423225e-05,0.046699054539203644,0.03711795523053124,1.3767776561523142e-05,0.04558854550123215,0.03626125447806858,1.3135127891807769e-05,0.04458055645227432,0.03550640455195828,1.2562274864524258e-05,0.04365922510623932,0.03483631240115279,1.2039052343033836e-05,0.04281030595302582,0.03423757531813213,1.15582497569252e-05,0.042021699249744415,0.0336996206038055,1.1114554834008379e-05,0.04128430411219597
617,5,self_attn_after_gate,Gaussian,1,0.5586739215585921,0.4121131074439666,3.0937399864196777,0.13418658917385434,0.0005149378487332972,0.23038434982299805,0.09351867496494264,0.00018463664675724342,0.152153879404068,0.07253240847161838,9.57617590986813e-05,0.11266760528087616,0.059428261386023626,5.545759210139906e-05,0.08799586445093155,0.05061809736348334,3.547272997794272e-05,0.07185474783182144,0.044377405255559894,2.4829115904956056e-05,0.060964249074459076,0.03976314464613559,1.8664662500328234e-05,0.053379278630018234,0.03622667893530831,1.4780641717325746e-05,0.04783061146736145,0.03343471899510376,1.2129836277966935e-05,0.043514546006917953,0.031178580153556096,1.0198701064436253e-05,0.03997793048620224,0.02932297337859396,8.734847556613929e-06,0.03699437156319618,0.027775767362780042,7.603841223574997e-06,0.03444566950201988,0.026471141311857436,6.722408410120487e-06,0.03225601464509964,0.025360363402536938,6.032068281572226e-06,0.030367691069841385,0.024406441029102083,5.488871087894307e-06,0.028733329847455025,0.02358081005513668,5.0588916701644265e-06,0.027461979538202286,0.022861177545218242,4.715781756090539e-06,0.026596873998641968,0.022230001787344616,4.439168732360024e-06,0.0258440263569355,0.021673355754169208,4.213455433248941e-06,0.025187106803059578
617,5,cross_attn,Vertical,1,0.47804980429392013,0.036273113569571684,1.2466020584106445,0.23123760545064534,0.002021262821745845,0.3718973994255066,0.1646866992352501,0.0005689045687271798,0.2314940243959427,0.13461463898420334,0.0002597637030676519,0.17748373746871948,0.1174473116795222,0.00015187723215360547,0.1490735113620758,0.10600011843064475,0.00010321673131102244,0.1323423683643341,0.09790251037431141,7.653614888261506e-05,0.11977328360080719,0.0920211761480286,6.028130875097052e-05,0.1115516945719719,0.08752360537884728,4.977954839792752e-05,0.10656797140836716,0.08399431679456953,4.257273769437435e-05,0.10239331424236298,0.08119141854464061,3.734686719247499e-05,0.09892690181732178,0.0789293482426613,3.342907185017617e-05,0.09603378176689148,0.07707730716183073,3.0441770981406554e-05,0.09363426268100739,0.07555020517773098,2.816455442290444e-05,0.0916254073381424,0.07427439377421424,2.6458708705373734e-05,0.08989481627941132,0.07318155018110124,2.519614370638706e-05,0.08838379383087158,0.07222617583142386,2.4226988458026304e-05,0.0870809257030487,0.07139204897814327,2.343916191509736e-05,0.08597474545240402,0.070670880613819,2.2787648398318527e-05,0.0850435346364975,0.07005091484576936,2.226924827869379e-05,0.08427275717258453
617,5,cross_attn,Horizontal,1,0.5995765181760939,0.15031629736812815,2.749131202697754,0.29007475409242844,0.003709461018772946,0.5231067538261414,0.216855797739256,0.00106472939121726,0.3052219748497009,0.1783682909749803,0.0004262443582909545,0.23047512769699097,0.15530521694629912,0.00020500081558697604,0.19764363765716553,0.14069609036521305,0.0001122160825009103,0.1768285185098648,0.13069193479087618,6.83006896261406e-05,0.16149434447288513,0.12346686978661825,4.505679614766373e-05,0.1494303196668625,0.11807602017171799,3.190518417008657e-05,0.14024850726127625,0.11393545307810345,2.3945964031469218e-05,0.1330328732728958,0.11067262504781995,1.8705077691012045e-05,0.127049058675766,0.10805269236129428,1.4994388374666722e-05,0.12197774648666382,0.10592062511141338,1.2248967574748533e-05,0.11766624450683594,0.10415413017783846,1.0087962736356893e-05,0.11394272744655609,0.10264799803022355,8.300493549431017e-06,0.11080241948366165,0.10133878425473258,6.879889433760402e-06,0.10829205811023712,0.10020401860986437,5.812405671192381e-06,0.10627390444278717,0.09921397375208992,5.007045247490242e-06,0.10455930978059769,0.09833351156068226,4.376355863689202e-06,0.10302596539258957,0.09753667019189351,3.847636936411769e-06,0.10210612416267395
617,5,cross_attn,Gaussian,1,0.4208419043866415,0.03953098058192971,1.1975116729736328,0.1825769506986179,0.0012148774816472874,0.27208411693573,0.12967067590308567,0.00031557461631698497,0.1717422604560852,0.10484085894293255,0.00015671420850004244,0.1419219970703125,0.09031563855352856,0.00010108783033045641,0.12445107102394104,0.0807374638933984,6.66789828716446e-05,0.10925059020519257,0.07399319141866668,4.770451351829618e-05,0.09723590314388275,0.06887280349693602,3.553680829335144e-05,0.08713282644748688,0.06497051862497179,2.795911766711842e-05,0.07948407530784607,0.062047127693418476,2.3771741722508178e-05,0.0743849128484726,0.059810589821565716,2.142030159665079e-05,0.07081249356269836,0.05804464694053408,2.0002668886849876e-05,0.06796117126941681,0.05660439732055816,1.898435249137841e-05,0.06552213430404663,0.0554099367961051,1.8149382179861832e-05,0.0640994980931282,0.05440415849997884,1.7414165393914035e-05,0.06294717639684677,0.05354789538042886,1.6775707879914223e-05,0.061991699039936066,0.052819709929208904,1.6248349160381086e-05,0.06124599277973175,0.05220466864014429,1.581235425290342e-05,0.06066315621137619,0.05168481626444393,1.5421566228154537e-05,0.06016746908426285,0.051240217295430955,1.5037931391899919e-05,0.059692513197660446
617,5,mix_ffn_after_gate,Vertical,1,0.6486504867909446,0.11110287450307829,1.6749987602233887,0.1872346198984555,0.002334278520783282,0.3008365035057068,0.08993654402475508,0.00025738403557925996,0.12407158315181732,0.054792774693360406,4.794808028399325e-05,0.0691017210483551,0.03913459223177698,1.3831188511853305e-05,0.04608752578496933,0.031129837124830202,6.377918049388194e-06,0.03658796101808548,0.026624964875361277,4.373810281682175e-06,0.03184951841831207,0.023909706947585894,3.7486410023461267e-06,0.028991054743528366,0.02219068758662731,3.5371903476236628e-06,0.027167249470949173,0.021061309007188632,3.465906751812808e-06,0.02595389448106289,0.020296957255119367,3.445298664882954e-06,0.02512277290225029,0.0197670195724756,3.4410970533103044e-06,0.024545133113861084,0.01939251950927197,3.4371982671828906e-06,0.024144215509295464,0.019124118670348137,3.4266797492736665e-06,0.023867227137088776,0.01892997386554877,3.409425111735018e-06,0.023674730211496353,0.018789020529578603,3.3881648070089412e-06,0.023541323840618134,0.01868696268352251,3.364725820387518e-06,0.02345236949622631,0.018613624312574902,3.339208183885476e-06,0.023427467793226242,0.018561395003445565,3.310704500815781e-06,0.023412831127643585,0.018524371634518342,3.2782188150108204e-06,0.023396708071231842
617,5,mix_ffn_after_gate,Horizontal,1,0.7174471640397632,0.13910625812970306,1.8371084928512573,0.2182451824820231,0.0027927977020611523,0.3500467836856842,0.10941633215499302,0.0003141399263255909,0.15002372860908508,0.06918974729284408,6.126583381170141e-05,0.08571536839008331,0.05068969691083545,1.7754908341755636e-05,0.05886802077293396,0.04086206563644939,7.476212941049557e-06,0.0460752435028553,0.035095459412014675,4.463755620568355e-06,0.040071263909339905,0.0314722830459239,3.4714319805173845e-06,0.036357440054416656,0.029081779369522654,3.134208347277096e-06,0.033950358629226685,0.027445866622858577,3.0283108338300378e-06,0.03231852501630783,0.026295538370807964,3.0082065262407738e-06,0.031164003536105156,0.02547078091828596,3.019183602603124e-06,0.030329100787639618,0.024870629466715314,3.0391847729259848e-06,0.029720835387706757,0.024428289827136768,3.0592853320243215e-06,0.029273800551891327,0.02409848677260535,3.076429273371342e-06,0.02894243411719799,0.023850002459117343,3.0904956060130026e-06,0.028696419671177864,0.023661130240985324,3.1025692366496048e-06,0.028515547513961792,0.023516878396982237,3.113284576179382e-06,0.028385115787386894,0.02340686714483632,3.1222134555083753e-06,0.028293132781982422,0.02332357544865873,3.128867205981296e-06,0.0282299667596817
617,5,mix_ffn_after_gate,Gaussian,1,0.570850946600475,0.0788196099102513,1.4017531871795654,0.15734544266310949,0.0017861835472021419,0.2447039633989334,0.07218202889438659,0.00016446423790797158,0.09808993339538574,0.04272855776879522,2.626506176323673e-05,0.053223274648189545,0.030049852258156217,6.583098261995102e-06,0.03541044890880585,0.023741022195844425,2.689778402099633e-06,0.026970351114869118,0.020254211795945016,1.700588148071145e-06,0.022461270913481712,0.018180638196922484,1.3961633487113744e-06,0.020321153104305267,0.016884473817689077,1.2857265544422647e-06,0.019224565476179123,0.0160448985647351,1.239165872475858e-06,0.018533404916524887,0.015484857831209425,1.2181634565740307e-06,0.01808803901076317,0.015102077571172563,1.2106530207157883e-06,0.017791222780942917,0.01483698727356063,1.2103320498098393e-06,0.017586812376976013,0.014653246051498823,1.2128512939889405e-06,0.017446957528591156,0.014526711259451177,1.2158545789477088e-06,0.017356442287564278,0.014440639535822565,1.2179330558318793e-06,0.017304539680480957,0.014383173237244288,1.2180123590898347e-06,0.01728246919810772,0.014345789904750529,1.2154466604791849e-06,0.01728164404630661,0.014322383713627618,1.2102961708460506e-06,0.017292696982622147,0.014308709355573806,1.203327852918333e-06,0.017306609079241753
562,3,self_attn_after_gate,Vertical,1,0.30456932965252137,0.06366367700477364,1.378952980041504,0.08693813532590866,0.0002442817800622556,0.12910577654838562,0.058747427567603094,5.7632430166681464e-05,0.08147746324539185,0.045981001995858695,2.9450240272095837e-05,0.06559174507856369,0.03845878057773151,2.0335474491247018e-05,0.055502861738204956,0.03352083419523542,1.6075365038844876e-05,0.04847579821944237,0.030046789862570308,1.3593964747154185e-05,0.04341120645403862,0.02748649428406405,1.1974950329591715e-05,0.03961411863565445,0.02553756342875579,1.0840233120593867e-05,0.036626700311899185,0.024016004410528,9.988571596829832e-06,0.034177668392658234,0.022803268262318203,9.319383859216125e-06,0.03214915841817856,0.02181983245388856,8.784827559968208e-06,0.030487775802612305,0.021010103738970227,8.3518624055253e-06,0.029314419254660606,0.0203342338403066,7.993736647446206e-06,0.02848471887409687,0.019763167504043805,7.690419543205602e-06,0.0277722105383873,0.019275356571943986,7.428157331824394e-06,0.027155891060829163,0.018854506890333834,7.19803616097657e-06,0.026617785915732384,0.018488074165014995,6.994273452875639e-06,0.026142437011003494,0.018166300589366566,6.8126945994781675e-06,0.025717351585626602,0.01788159442089853,6.649882007421951e-06,0.02533341757953167
562,3,self_attn_after_gate,Horizontal,1,0.5380568719572492,0.3826669260956627,3.2827093601226807,0.1441505402326584,0.0006647504742302201,0.20345447957515717,0.10159794797026922,0.00015425951626492893,0.12641103565692902,0.08165802759310556,6.399469546508674e-05,0.09923131763935089,0.0702891790914157,3.732010239264061e-05,0.08455976843833923,0.06297896021888369,2.68939811925535e-05,0.0761348307132721,0.057814441503040374,2.152970425397508e-05,0.07036469876766205,0.05391498702386069,1.818943817400261e-05,0.06605832278728485,0.05083522230150208,1.591094811445958e-05,0.0626731812953949,0.048329038575055105,1.4288478114755268e-05,0.05992111563682556,0.04624893942049572,1.3094639771756765e-05,0.057626403868198395,0.044498982174055915,1.218562957359825e-05,0.055672645568847656,0.04301180158342634,1.1471487109545808e-05,0.053979694843292236,0.041737319872019785,1.0896545208464396e-05,0.0524916797876358,0.040636935640895176,1.0424281258928974e-05,0.05116942524909973,0.0396801909165723,1.0028741108026406e-05,0.04998486116528511,0.038842663168907166,9.69051650151663e-06,0.048916853964328766,0.038104576487389824,9.394889810698233e-06,0.047948695719242096,0.03744982310112507,9.130516207502261e-06,0.047066591680049896,0.03686525660847861,8.888570345048178e-06,0.04625875875353813
562,3,self_attn_after_gate,Gaussian,1,0.3322668954256981,0.11479932034944701,1.4588017463684082,0.07724423464091998,0.00029559917795552826,0.14144711196422577,0.05128032607691629,4.775042423818385e-05,0.07046709954738617,0.03986384648652304,1.6907718711311174e-05,0.052093107253313065,0.03368152128089042,9.419328252420922e-06,0.044106386601924896,0.029856043202536448,6.515535421134258e-06,0.038666170090436935,0.02724568885824983,5.090433639087474e-06,0.03476076200604439,0.02533612891085564,4.284370772328009e-06,0.03183834254741669,0.023873707427391932,3.777334788030116e-06,0.029581815004348755,0.022718342464594615,3.4307421195361295e-06,0.02779129147529602,0.021784355834362997,3.1801081388078208e-06,0.026338838040828705,0.02101572792208384,2.993598402533013e-06,0.025141138583421707,0.02037429442954442,2.8536166106136173e-06,0.02414437010884285,0.019833281163185362,2.7486414002853418e-06,0.023581629619002342,0.019373271037780103,2.6700262594577797e-06,0.023111995309591293,0.01897958058509089,2.611031604089297e-06,0.02271553874015808,0.01864070463038626,2.566506170497712e-06,0.022377651184797287,0.018347433191679773,2.5326417060708467e-06,0.022087279707193375,0.018092295509718713,2.506655837493207e-06,0.021835658699274063,0.017869176978747996,2.486488582071413e-06,0.02161557227373123
562,3,cross_attn,Vertical,1,0.5307885443880445,0.09964599741344361,1.7779829502105713,0.19908783360133095,0.001173233632958419,0.28441667556762695,0.13387502174055765,0.0003323035125446974,0.1814681738615036,0.10476783899560807,0.00012957936302736585,0.1358652263879776,0.08897152223757335,7.053024405655826e-05,0.10757239907979965,0.07890815228696853,4.9087290783579974e-05,0.09475750476121902,0.07167210347122616,3.588716817951404e-05,0.08479171991348267,0.06645923025078243,2.7361832181718346e-05,0.07757140696048737,0.06266717642309173,2.2805890228563036e-05,0.07495108246803284,0.05977822467684746,2.1022706851462012e-05,0.07396157830953598,0.05746576621655434,2.0468395475288965e-05,0.07275985181331635,0.055586127889534785,1.9911631527816088e-05,0.0707428827881813,0.05405171499365852,1.922276318760157e-05,0.06835871189832687,0.05278048983642033,1.8617797593106004e-05,0.0658927708864212,0.05171510506243933,1.831888180269867e-05,0.06359025835990906,0.05081496872599163,1.8386147941930455e-05,0.06179897114634514,0.05004649491064132,1.8654458296246335e-05,0.061602652072906494,0.04938256781962183,1.8920641387755e-05,0.06135214865207672,0.048802783919705287,1.908937937785831e-05,0.06099413335323334,0.048290541484242396,1.913908772340698e-05,0.0605190247297287
562,3,cross_attn,Horizontal,1,0.7036130343164716,0.2292342447814445,2.7578811645507812,0.28531371222602,0.0023675596956655403,0.3942524194717407,0.2052847243963726,0.0005711926471166629,0.2690904140472412,0.16832094462144942,0.0002233180993129459,0.21080777049064636,0.14760411542559426,0.00011576604622306367,0.18010112643241882,0.13437676027653708,6.980411892785977e-05,0.16052663326263428,0.12518926993722007,4.507197009035594e-05,0.14619600772857666,0.11854658287668986,2.9179808872321837e-05,0.13533751666545868,0.1136520586553074,1.9507037067359878e-05,0.12763911485671997,0.10990911615746361,1.4021914539224387e-05,0.12199467420578003,0.10693958744643227,1.094723957798866e-05,0.11779095232486725,0.10455035134440377,8.868205527825289e-06,0.11442577093839645,0.10260811791060463,7.294295807709429e-06,0.11165879666805267,0.10100107841075413,6.085322497073091e-06,0.1092957854270935,0.09965646645379445,5.14808069938942e-06,0.10722413659095764,0.09853240906719178,4.447993512673914e-06,0.10547663271427155,0.09758931150039037,3.924022078432503e-06,0.10400034487247467,0.0967894196510315,3.5059610537046387e-06,0.10265234112739563,0.09610045488391604,3.140489964449199e-06,0.10132467746734619,0.09550516520227705,2.822025362588655e-06,0.10022737830877304
562,3,cross_attn,Gaussian,1,0.9645530330756354,0.8645605053643614,6.2448954582214355,0.30932003827322097,0.004341979678799591,0.5073505640029907,0.20669390805183896,0.001328935921854949,0.3212255835533142,0.1573619931226685,0.00061972609055397,0.23388051986694336,0.12858581472010838,0.00034146146262130546,0.18505124747753143,0.10988841477840666,0.0002086593105923953,0.1533840000629425,0.0967594635865045,0.00013762012062242324,0.13129746913909912,0.08706770115901553,9.6412250116015e-05,0.11513831466436386,0.07966278658972846,7.118972282552922e-05,0.10305525362491608,0.07385030418397888,5.4988214922844295e-05,0.09389382600784302,0.06918493214817274,4.4063796806066665e-05,0.08680374920368195,0.06536810732786617,3.631930261204002e-05,0.08113794028759003,0.06219495614133184,3.0569652080152195e-05,0.07639606297016144,0.05952433544018912,2.6163619722700745e-05,0.0725376158952713,0.057255209379252936,2.2728394763784666e-05,0.06951020658016205,0.05531093342200158,2.0009276243315672e-05,0.06696011126041412,0.05363306562815394,1.7824080522670916e-05,0.06479430943727493,0.052177371959837654,1.6045493229846234e-05,0.06292189657688141,0.05091027016677554,1.4580578931713181e-05,0.06126703321933746,0.049805145651575115,1.336105577030271e-05,0.0597882904112339
562,3,mix_ffn_after_gate,Vertical,1,0.6729790133143229,0.12245990174247337,1.6459717750549316,0.1901954295379775,0.002355780965472928,0.29389578104019165,0.09352547131360524,0.00024474858488994294,0.1236824095249176,0.05838203418349463,4.889947747292269e-05,0.07185034453868866,0.04169586572855238,1.4876457945448934e-05,0.04859062656760216,0.032495368508592484,6.314780738940693e-06,0.036816805601119995,0.026948081713820262,3.6119541737749873e-06,0.02996908500790596,0.02339017808082558,2.632025671662833e-06,0.026342172175645828,0.02099942738219859,2.245974296899941e-06,0.024112049490213394,0.019334823454892826,2.0895732971755475e-06,0.02275799959897995,0.018141866558127932,2.028751150723646e-06,0.02178388275206089,0.0172642966554988,2.006645874480865e-06,0.0210533756762743,0.01660334626360545,1.9984639818247286e-06,0.020493805408477783,0.016096611581151447,1.9957051445613074e-06,0.020067663863301277,0.01570351164610613,1.99550839909908e-06,0.01974574103951454,0.015395840600369469,1.9955401195249204e-06,0.019503112882375717,0.015153138957444637,1.993807871187532e-06,0.019317911937832832,0.014960222123634247,1.9890459493735158e-06,0.019169384613633156,0.01480570144300896,1.981154835396084e-06,0.019040856510400772,0.014681206232616826,1.971686900257386e-06,0.018925130367279053
562,3,mix_ffn_after_gate,Horizontal,1,0.5384107974786607,0.07086584346738506,1.3071975708007812,0.15553159148447096,0.0014686560145564624,0.24302496016025543,0.07978435440195931,0.00013900483429309343,0.1060056984424591,0.0531464202536477,2.6258482011802408e-05,0.06420822441577911,0.04092300476299392,7.76076367716149e-06,0.046434130519628525,0.03439625317142123,3.622364807485984e-06,0.03800588473677635,0.030543929025057762,2.5475305083407473e-06,0.03352787345647812,0.028109473693701956,2.2642647042416576e-06,0.03112155944108963,0.026497040564815205,2.209636224171491e-06,0.029505085200071335,0.025393358446539394,2.2231417560916907e-06,0.028432175517082214,0.02461913973093033,2.255036761460447e-06,0.027705740183591843,0.024064975214146432,2.2889903204459845e-06,0.027183031663298607,0.023661088819305103,2.3192088301642158e-06,0.026797566562891006,0.02336180479162269,2.3420022678365514e-06,0.026508444920182228,0.0231373639156421,2.3552246016881784e-06,0.02629208378493786,0.022967997494907605,2.3602575788694405e-06,0.02613026276230812,0.022839624937328083,2.359207552421759e-06,0.026007747277617455,0.022741950693584624,2.3538050529176335e-06,0.02591429278254509,0.022667569241353443,2.346916535180684e-06,0.025844350457191467,0.022611327380651518,2.342583610955109e-06,0.025795385241508484
562,3,mix_ffn_after_gate,Gaussian,1,0.6289808026381901,0.11004694758170858,1.7530303001403809,0.18071000384432928,0.002095914541815008,0.2764671742916107,0.08877296769429767,0.00022828565530323407,0.11810078471899033,0.05508264538551134,4.7123624518640824e-05,0.06859123706817627,0.03911254016889466,1.4357110667213505e-05,0.04671140015125275,0.030321135732626157,5.818972250805812e-06,0.03528304398059845,0.02498324972296518,2.9879357239456643e-06,0.028507575392723083,0.021514441019722393,1.866878611121716e-06,0.02421797439455986,0.019147777841204687,1.3603007255687965e-06,0.02136201038956642,0.01747489423446712,1.1116306194071773e-06,0.019559402018785477,0.016260598017464555,9.836315697788886e-07,0.018299799412488937,0.01536012403962631,9.15791655632051e-07,0.01740635186433792,0.014679734890777913,8.780577676591874e-07,0.016789214685559273,0.014156222594754091,8.539312641194053e-07,0.016308682039380074,0.013746400866361837,8.356707896384028e-07,0.01591791957616806,0.013421868210628865,8.216564760708692e-07,0.015600383281707764,0.013164616736864287,8.119436466744915e-07,0.015352408401668072,0.01296175920241882,8.055676267364773e-07,0.015165244229137897,0.012802468302349249,8.011772961362805e-07,0.0150267593562603,0.01267760678652733,7.980246642035771e-07,0.014926029369235039
562,4,self_attn_after_gate,Vertical,1,1.1856363169730655,2.123484800148486,6.9083428382873535,0.2665001099544858,0.004879058626849116,0.5603336095809937,0.1655007049677864,0.0013457797556213182,0.3321157693862915,0.11806825122662953,0.0005057508077417033,0.2197200357913971,0.09142388840989461,0.00023168160976684167,0.15647944808006287,0.07456596869797934,0.0001222835093600073,0.11821866035461426,0.06308533954951498,7.167248489978012e-05,0.09354284405708313,0.05485088833504253,4.567363591535941e-05,0.07685059309005737,0.048706404332603724,3.12754281735419e-05,0.06513381004333496,0.04397442842286731,2.2832893889346536e-05,0.05665268003940582,0.040234569578416764,1.764574138978332e-05,0.050340279936790466,0.037213704149637906,1.4326156053877668e-05,0.046501293778419495,0.034727640982185094,1.2120224763049656e-05,0.04374001920223236,0.03264829247362084,1.0599434593119317e-05,0.04133826494216919,0.030884313204931835,9.511325769991145e-06,0.03921248018741608,0.029369215643595136,8.703630740052306e-06,0.03758526220917702,0.02805378929608398,8.08342987568055e-06,0.03627829998731613,0.026901091315916607,7.5939304119609205e-06,0.035139553248882294,0.025883000077945844,7.200246510868887e-06,0.03414537012577057,0.024977811331313753,6.880515926816833e-06,0.033275507390499115
562,4,self_attn_after_gate,Horizontal,1,0.46663335036663783,0.12445319923017234,1.8953940868377686,0.17612951378973704,0.0007908738724051743,0.24101315438747406,0.12147663391771771,0.00020986988666648435,0.16179293394088745,0.09640974433176101,9.965260783495855e-05,0.12387098371982574,0.08220839133811375,6.19012905914951e-05,0.10124059021472931,0.0730802793469694,4.5511131225586724e-05,0.08861945569515228,0.06670811991133387,3.734180194069384e-05,0.07998673617839813,0.06199713849595615,3.256660587285422e-05,0.07465334236621857,0.058370119759014676,2.92435831203822e-05,0.07182338833808899,0.05549456344710456,2.6631657300236246e-05,0.06932538002729416,0.053164156005969125,2.444991959474906e-05,0.06709370017051697,0.05124269810224336,2.258463955354204e-05,0.06509880721569061,0.04963570939643042,2.0980023454287014e-05,0.06331939250230789,0.04827508974879507,1.9598564820632456e-05,0.0617334246635437,0.047110393406852843,1.840807406698327e-05,0.06031717732548714,0.04610363666027311,1.7378952582002338e-05,0.05904780700802803,0.0452259336672132,1.6484907736509664e-05,0.0579058900475502,0.04445503640269476,1.5703706052995223e-05,0.05687588080763817,0.04377350021922399,1.5017136327701163e-05,0.05594500154256821,0.04316736728189483,1.4410322782403204e-05,0.055101990699768066
562,4,self_attn_after_gate,Gaussian,1,0.42683336564472746,0.11908682100690422,1.7975550889968872,0.12819840274159872,0.0009432590686679442,0.26699161529541016,0.07731825882007205,0.00019126729612856322,0.13861024379730225,0.05667570416652967,6.558922729615358e-05,0.08616399765014648,0.04591999303490397,3.2326763572603457e-05,0.06309080123901367,0.039342228352787,1.9537933743213124e-05,0.050872985273599625,0.034892342334228846,1.3239205988053117e-05,0.043273940682411194,0.03168120161290207,9.675041027139964e-06,0.03805221617221832,0.029259306186484913,7.480589797456599e-06,0.0347154401242733,0.027372530410214077,6.041103721819806e-06,0.03255092352628708,0.02586599820781322,5.044115503893438e-06,0.03079110011458397,0.024639857193780323,4.320384724096673e-06,0.029329463839530945,0.023626529182943088,3.7747883906745655e-06,0.02809647098183632,0.022778400205194005,3.3518100942504666e-06,0.02704395353794098,0.022060867576372056,3.017301979300551e-06,0.02613700181245804,0.02144816272433788,2.7490249249179026e-06,0.025349516421556473,0.020920704606743085,2.5317409476861723e-06,0.024661529809236526,0.02046336688929134,2.354480170516906e-06,0.024057544767856598,0.02006429312602868,2.2089787064338316e-06,0.023525375872850418,0.019714063447382715,2.088749513492393e-06,0.023055249825119972
562,4,cross_attn,Vertical,1,0.6385555054460254,0.18472583191611625,3.1888620853424072,0.27565007668638986,0.0023152630783502782,0.3750627338886261,0.1956214944994639,0.0006183724310058428,0.2544901371002197,0.15634933303272913,0.00027803082785047385,0.19733700156211853,0.1331201691239599,0.00015952557068177185,0.16445541381835938,0.11828684901434278,0.00010303712025722992,0.14496585726737976,0.10803278996830895,7.235720251804275e-05,0.13118264079093933,0.10061654389377624,5.629415257455399e-05,0.12076455354690552,0.09504850468938313,4.6843853372506224e-05,0.11265228688716888,0.09072831438647376,4.06349292307616e-05,0.10627920925617218,0.08731033156315486,3.619541823475535e-05,0.10227636247873306,0.084555408547795,3.2930540692613124e-05,0.09909766912460327,0.0822563970845843,3.069354562450147e-05,0.0963970422744751,0.08023442257018316,2.9081693966105004e-05,0.09382439404726028,0.07839979680757674,2.7427283614171526e-05,0.09137313067913055,0.07677435496496776,2.570845946502747e-05,0.08932673931121826,0.07538429174631361,2.434572888240263e-05,0.08770741522312164,0.07420537691740763,2.343033322546325e-05,0.08637379109859467,0.07319823741203263,2.2886630927535136e-05,0.08522839844226837,0.07232625220739652,2.2583705971417695e-05,0.08422918617725372
562,4,cross_attn,Horizontal,1,0.4985286725891961,0.043761927597034345,1.339303731918335,0.23827409318515233,0.001882656052192341,0.36741045117378235,0.17709579401546055,0.0004865494939509818,0.23451778292655945,0.14895685466509018,0.00019387950508898834,0.18802517652511597,0.13296221279435688,9.792865174870214e-05,0.15893462300300598,0.12261826615957987,5.4983081207101026e-05,0.14272703230381012,0.11556581194911685,3.332018786219552e-05,0.1317010223865509,0.11056352347608596,2.2016604922767098e-05,0.12369626760482788,0.10688415039626378,1.5743917111279567e-05,0.11847390234470367,0.10408643916958854,1.212045080837017e-05,0.11527997255325317,0.10190091944403118,9.674991667859216e-06,0.11265404522418976,0.10018375799769447,7.754068475681818e-06,0.1104910671710968,0.09882021801812309,6.255754663647882e-06,0.108696848154068,0.09768298682239321,5.112595291581308e-06,0.10727376490831375,0.09673503325099037,4.34104609655003e-06,0.10613499581813812,0.09597663664155537,3.7717721000144864e-06,0.10506308078765869,0.0953296438332588,3.3249189362451544e-06,0.10390115529298782,0.09471102390024397,3.0189280398369602e-06,0.10269680619239807,0.0941200444386119,2.7859813662532985e-06,0.1015806570649147,0.09360025539284661,2.552743110672099e-06,0.10059525072574615
562,4,cross_attn,Gaussian,1,0.6452674506202577,0.1935415941561915,3.182868003845215,0.2726009991906938,0.003104599880700908,0.40499135851860046,0.1863021987771231,0.000957005316052325,0.2703830301761627,0.14429624946344466,0.00043409629874070034,0.20625224709510803,0.11975430756334275,0.0002425018504990429,0.16785787045955658,0.10389621638589436,0.00015417877565156296,0.14353635907173157,0.0928464424279001,0.00010691830178561544,0.12663447856903076,0.0847962208920055,7.957386106893803e-05,0.1140366941690445,0.07874115426388997,6.259782581231474e-05,0.1041514128446579,0.07394015682595116,5.18261866939475e-05,0.09620927274227142,0.06994878654442137,4.439932538784974e-05,0.08965156972408295,0.06664263551670407,3.851400422598911e-05,0.08406225591897964,0.06397348660088721,3.450230441464334e-05,0.07951080799102783,0.061803084576413744,3.210118501865244e-05,0.07581974565982819,0.059996053162548274,3.059430966096686e-05,0.07269110530614853,0.05845676847393551,2.9288769882440153e-05,0.07032695412635803,0.057146373781419936,2.8000451838267098e-05,0.06886079907417297,0.05604654627423438,2.6970686894552384e-05,0.06773227453231812,0.055114750587751,2.6182878087348307e-05,0.0669327825307846,0.05429086154178968,2.5317657340371535e-05,0.06620901077985764
562,4,mix_ffn_after_gate,Vertical,1,0.663313049645651,0.11596660318523702,1.6002062559127808,0.18868820073585663,0.002323312146374731,0.29505038261413574,0.09347807154768989,0.00023433540869143235,0.12770864367485046,0.059177993841114496,4.5842618133087e-05,0.0737222209572792,0.04322634998058516,1.4315543255738195e-05,0.050966113805770874,0.034590284354866496,6.882381081867599e-06,0.04098324850201607,0.029460786827026852,4.723528805608543e-06,0.03518478199839592,0.02622688762725346,4.008879190470249e-06,0.03158941864967346,0.024096346682026273,3.755566917327411e-06,0.02924785390496254,0.02264082313530029,3.6686318447657968e-06,0.027670295909047127,0.02161338200999631,3.645045191209675e-06,0.0265934057533741,0.02086708535041128,3.6417930599383557e-06,0.025864358991384506,0.020314407047061694,3.64217018837936e-06,0.025367580354213715,0.01990120319856538,3.6419885244759066e-06,0.025008462369441986,0.019590414084848903,3.6404953251389943e-06,0.024729302152991295,0.019355059024833497,3.63750267512352e-06,0.024500379338860512,0.01917503105979117,3.6335323586223328e-06,0.02430325746536255,0.019035039380902334,3.630539591962486e-06,0.02412610501050949,0.018923449463077953,3.6318488791537484e-06,0.023965036496520042,0.018831818793264645,3.640394497824722e-06,0.023823704570531845
562,4,mix_ffn_after_gate,Horizontal,1,1.1459829286923484,0.6241752960268823,3.7702293395996094,0.2983303162313643,0.004430655307154407,0.443975031375885,0.15926466787618304,0.0005695798899077383,0.21358810365200043,0.1040508889016651,0.00012657409031770003,0.13023945689201355,0.07666716996639494,3.9610064206255806e-05,0.09053051471710205,0.06102874112271127,1.5798010393541883e-05,0.06886513531208038,0.0512417879487787,7.741949058366296e-06,0.056399714201688766,0.04472893015259788,4.6295264554071825e-06,0.04896777868270874,0.040204419739662656,3.3244321083723136e-06,0.04439009726047516,0.03695984019173516,2.7543314867641814e-06,0.04108428955078125,0.03457441884610388,2.504379015625546e-06,0.03864281624555588,0.032784342913637084,2.3972449642419276e-06,0.03680948540568352,0.03141789697110653,2.351774988762181e-06,0.03541337698698044,0.0303599787432523,2.3310307737452356e-06,0.034333981573581696,0.029531170037530717,2.3194467725146572e-06,0.033486317843198776,0.028875164332843963,2.310948721241399e-06,0.032811857759952545,0.028351165916001987,2.30336386157048e-06,0.0322696827352047,0.02792912352061461,2.2961233549204247e-06,0.031830161809921265,0.02758660501549168,2.2892882825978828e-06,0.031471140682697296,0.02730671889961712,2.2830315078104738e-06,0.031175684183835983
562,4,mix_ffn_after_gate,Gaussian,1,0.8763475607311915,0.32171160993956666,2.7520391941070557,0.23297367658880022,0.0031398136371099607,0.3687308430671692,0.11548372275299496,0.0003770802060510191,0.16164100170135498,0.07000019271222371,7.431942442157946e-05,0.09017449617385864,0.04840441249192707,2.052793238102979e-05,0.0588909387588501,0.036683795234513664,7.553875155566991e-06,0.042789869010448456,0.02968582274421813,3.6177276452665553e-06,0.03414616733789444,0.025206768707860084,2.206917678187234e-06,0.028723403811454773,0.022188600300559923,1.633357883529285e-06,0.025052448734641075,0.02007559048277991,1.3756218738359032e-06,0.022602342069149017,0.018554225874443848,1.2506563064491782e-06,0.02119963802397251,0.01743624128756069,1.186678536917341e-06,0.02017354778945446,0.016602106702824432,1.152767185089424e-06,0.019413264468312263,0.015972508294951348,1.1348591457681882e-06,0.0188459362834692,0.015493009313349687,1.1262901563130263e-06,0.018421776592731476,0.015125210692603436,1.123448317160289e-06,0.018104612827301025,0.014841469256059519,1.1236292381957551e-06,0.017865726724267006,0.01462174230624759,1.124348283989169e-06,0.01768113486468792,0.0144516419737585,1.1236859739000574e-06,0.0175321064889431,0.014320961687536467,1.120735839369631e-06,0.017406228929758072
562,5,self_attn_after_gate,Vertical,1,0.42558616068628097,0.1879263087632305,1.996990442276001,0.11350213334200875,0.00041801313517983186,0.16854512691497803,0.0790054098599487,0.0001377026279303879,0.10661216080188751,0.06131858591522489,6.870036105949657e-05,0.08156508207321167,0.05037247578776072,4.3426763957810824e-05,0.06699101626873016,0.043011484578961416,3.206077613138483e-05,0.05726487562060356,0.03779643549332543,2.6043983662518035e-05,0.050294600427150726,0.03395055172344049,2.24473635498152e-05,0.045069370418787,0.031019861115113137,2.0087168685881218e-05,0.041156843304634094,0.028726610547256847,1.84292811557315e-05,0.03835438936948776,0.026892717750299545,1.7201631810892684e-05,0.03606484457850456,0.025398905196833233,1.625157875996063e-05,0.03461025655269623,0.024162780818721606,1.549069743943723e-05,0.03363305330276489,0.023126311748037264,1.4867283410648907e-05,0.03276702016592026,0.022247745522430966,1.4348518284173598e-05,0.03198879212141037,0.02149626322918468,1.3911082454302891e-05,0.03128417581319809,0.0208485299750926,1.3537506490718457e-05,0.030643709003925323,0.020286466201974288,1.321454411542649e-05,0.030060045421123505,0.01979578026230373,1.2932061752299018e-05,0.02952677756547928,0.019364955361991648,1.268207548952669e-05,0.02903812564909458
562,5,self_attn_after_gate,Horizontal,1,0.23172436678220357,0.015884909167026534,0.8428643941879272,0.10096192608277003,0.0001895567025157439,0.13270829617977142,0.07247585010907007,6.987655910482263e-05,0.09067052602767944,0.05950550604907293,4.20404651405146e-05,0.07422506809234619,0.052158233014837144,3.116073293485482e-05,0.06738432496786118,0.04736278525420597,2.5792325785532764e-05,0.06264984607696533,0.04393596143003494,2.2290883063966604e-05,0.05856364220380783,0.041346178345737006,1.9512595071426504e-05,0.05479352921247482,0.03932963125407696,1.7272858030167804e-05,0.05147333815693855,0.037731315171907816,1.5511653570904053e-05,0.04869256913661957,0.03644549432728025,1.4119405146144904e-05,0.04640502482652664,0.03539626808866622,1.2990657409939543e-05,0.044516753405332565,0.034528125136617634,1.204987017766744e-05,0.042938124388456345,0.03379990943958835,1.124971230954172e-05,0.04191826656460762,0.03318085302672689,1.0563312571025588e-05,0.041121706366539,0.032647991819041114,9.976021250574311e-06,0.04040481895208359,0.03218434192240238,9.477936077858213e-06,0.039765458554029465,0.03177736273833683,9.059271282541755e-06,0.03919939696788788,0.0314176371764569,8.709145950157632e-06,0.0387001559138298,0.031097887468243404,8.416340288214579e-06,0.0382600799202919
562,5,self_attn_after_gate,Gaussian,1,0.20124234744007624,0.02375552190627804,0.8940415382385254,0.07368101286036628,0.00016903133525716555,0.11406604200601578,0.050931461451072545,4.453506335388826e-05,0.0718006044626236,0.04039714810630632,2.0439969462213952e-05,0.053624242544174194,0.03443059836706472,1.257481005778472e-05,0.04435345530509949,0.030655545167743214,9.096263521430187e-06,0.038052041083574295,0.028068967459220735,7.3180176570312674e-06,0.03447752073407173,0.026191791815180627,6.316268309000188e-06,0.03223962336778641,0.02476994696235846,5.692669331914947e-06,0.03050611913204193,0.02365739865317231,5.265273593727793e-06,0.029118385165929794,0.02276454129744144,4.9494192759519805e-06,0.027979567646980286,0.022033299452492168,4.704795532333205e-06,0.02702782303094864,0.021424372754399738,4.510272396729609e-06,0.026221856474876404,0.020910263224135316,4.35194363442405e-06,0.02553291991353035,0.020471162295767238,4.219105320973443e-06,0.02493986114859581,0.020092398209112978,4.103771372728974e-06,0.024426188319921494,0.019762836588871856,4.000470915669677e-06,0.023978672921657562,0.01947386772741401,3.90562470662294e-06,0.023586641997098923,0.019218718278266135,3.8168908083524025e-06,0.02324153482913971,0.018991965357036816,3.7327066404496146e-06,0.022936487570405006
562,5,cross_attn,Vertical,1,0.4506109196042258,0.056209933356868025,1.6418790817260742,0.21562791698508793,0.001021178554336083,0.31192299723625183,0.1608608178203068,0.00032987305952470234,0.19839385151863098,0.1332428055623221,0.00015965118416796505,0.1639489382505417,0.11676441014759124,9.399861758265196e-05,0.13989758491516113,0.10650902347905296,6.977653204954197e-05,0.12513120472431183,0.09927795992957221,5.65450123556856e-05,0.11411862075328827,0.09398940110963488,4.7714259943723784e-05,0.10701445490121841,0.09007550941573249,4.2331052991139985e-05,0.10229211300611496,0.08693880564163602,3.818645271533256e-05,0.09817760437726974,0.0842598955782633,3.423566948534252e-05,0.09501799941062927,0.08199861894051234,3.097357786411662e-05,0.09268975257873535,0.08013401925563812,2.8582160343325137e-05,0.09081901609897614,0.07859283685684204,2.683789720725119e-05,0.08935974538326263,0.07730502363235231,2.5505474971312115e-05,0.08820310980081558,0.07622162654759392,2.436842219333238e-05,0.08700922131538391,0.07531008207135731,2.3312589853790543e-05,0.08582109212875366,0.07453863062555828,2.2366411581383306e-05,0.0857158750295639,0.07386965304613113,2.1604265742521926e-05,0.08569841086864471,0.07326513020292161,2.108010093958579e-05,0.08560846000909805
562,5,cross_attn,Horizontal,1,0.41157891636803035,0.022100539987989273,0.9950771331787109,0.21344513954624297,0.0010527983840218828,0.3308340311050415,0.16529326850459689,0.00027862910915525647,0.20520168542861938,0.14200543257452192,0.00012368986499589041,0.16519223153591156,0.12897674065260661,7.000628255860024e-05,0.14663167297840118,0.12078152324945207,4.521776648903808e-05,0.13426971435546875,0.1150751608231711,3.124819889045802e-05,0.12652824819087982,0.11068194264930392,2.3708928996009443e-05,0.12214262783527374,0.10723881269731218,1.8227915144087185e-05,0.11851264536380768,0.10462843555779684,1.420344899951883e-05,0.11518349498510361,0.10258965596320137,1.1164347407771569e-05,0.1121225506067276,0.10095651566036164,8.879856284274446e-06,0.10934542119503021,0.09964472291961549,7.266143791618997e-06,0.10723643004894257,0.0985739499567047,6.1890475766538046e-06,0.1059088408946991,0.09766613396387251,5.433009830697186e-06,0.10470914840698242,0.09687602295288963,4.773800926840324e-06,0.10334929823875427,0.09618844706860799,4.150125373922016e-06,0.10187366604804993,0.09559194341538445,3.5905192241910767e-06,0.10083815455436707,0.09506718731588787,3.1061644674641685e-06,0.10009482502937317,0.09459121927382454,2.685339487787287e-06,0.09938421845436096
562,5,cross_attn,Gaussian,1,0.3737118717223879,0.019652610759150858,0.8709231615066528,0.1820469530565398,0.0011367982104649478,0.28320246934890747,0.13280628515141352,0.0003728511286609488,0.18922001123428345,0.10711199553712966,0.00017396081887306814,0.14116540551185608,0.09154085885910761,9.630270872336659e-05,0.11656996607780457,0.08168368479089132,6.24753373179693e-05,0.10397865623235703,0.07504381038366802,4.5855768240862236e-05,0.09514132142066956,0.07041608400288082,3.6756608586261164e-05,0.08857890963554382,0.06688806219469934,3.1722752054641495e-05,0.08409829437732697,0.06398939518701463,2.812492505509393e-05,0.08054829388856888,0.061642557796504766,2.4832912090099908e-05,0.07741325348615646,0.05980741067065133,2.2126794061359517e-05,0.0747101902961731,0.058360790745133444,2.005714846136057e-05,0.07236933708190918,0.05716460073987643,1.8379673195906458e-05,0.07020963728427887,0.056135317103730306,1.6944875776601273e-05,0.06823178380727768,0.05524568401631855,1.5792302809300672e-05,0.06653694808483124,0.054481123056676656,1.4940427339808974e-05,0.06513684242963791,0.05382234195158595,1.433519418996713e-05,0.0639767125248909,0.05324856138655117,1.3898284046926853e-05,0.06300044804811478,0.05274586959017648,1.3566543878117619e-05,0.06217258796095848
562,5,mix_ffn_after_gate,Vertical,1,0.7055104039018116,0.1319431015015051,1.760197639465332,0.20078810079703255,0.0028342936288038084,0.33540454506874084,0.09616847206202764,0.0002840274682569595,0.13760364055633545,0.05901303349269761,5.365931352445541e-05,0.07552806288003922,0.042215646377631595,1.6625234576428402e-05,0.0502980500459671,0.03343818209592312,8.080564282768676e-06,0.04037928581237793,0.028370081668808347,5.544470500023431e-06,0.03476423770189285,0.02522838916925211,4.654775047788134e-06,0.031292710453271866,0.023179509603078404,4.31550054737524e-06,0.029040198773145676,0.021792408581527454,4.1809469222940295e-06,0.027521437034010887,0.020826383390360408,4.1266914072589326e-06,0.026470456272363663,0.02013916726268473,4.101595165533959e-06,0.025733260437846184,0.019642909486142415,4.080440161669151e-06,0.02520877867937088,0.0192812630049293,4.053059988893042e-06,0.02482536807656288,0.019016736408784277,4.019812967119434e-06,0.024538513273000717,0.0188235386851288,3.9834136630206125e-06,0.024324171245098114,0.018683245006416525,3.9443159188502305e-06,0.02416636049747467,0.018582213315225783,3.901317856051779e-06,0.024051137268543243,0.018510016095307138,3.853135789003638e-06,0.023965056985616684,0.018458502943671885,3.7998114452166845e-06,0.023895686492323875
562,5,mix_ffn_after_gate,Horizontal,1,0.7063585415719047,0.12981875337086618,1.7209383249282837,0.2032127638184835,0.0026178926016098294,0.32089751958847046,0.10012003531058629,0.00026633087399624995,0.13709266483783722,0.06335896685246438,4.846398477217652e-05,0.07672183215618134,0.04690750043780085,1.432603218653717e-05,0.05417812243103981,0.03834945010760474,6.860454746330823e-06,0.04453658312559128,0.03339315247204569,4.763809364047502e-06,0.03905244171619415,0.030293576360221893,4.0475709644059e-06,0.03570307791233063,0.028242924413274206,3.76358030121411e-06,0.03352881595492363,0.02683040342988476,3.637077854144569e-06,0.03204541653394699,0.02583049861566415,3.571589645263132e-06,0.031004734337329865,0.02510849472194437,3.5299582273824746e-06,0.03026207722723484,0.024578712555387662,3.4985593330816015e-06,0.029723461717367172,0.024184986830703796,3.47355130917134e-06,0.029329493641853333,0.023889562913349698,3.454681165251885e-06,0.029043015092611313,0.02366650444529359,3.4415822287940876e-06,0.02883872017264366,0.023497682774350756,3.432382007649077e-06,0.028696684166789055,0.023370070708176448,3.4250998874698493e-06,0.028600284829735756,0.023273929214430233,3.419145634645042e-06,0.028536399826407433,0.02320177773279803,3.4148068899044828e-06,0.028494391590356827
562,5,mix_ffn_after_gate,Gaussian,1,0.6308995825903756,0.09687590885708545,1.5003716945648193,0.17786409788661534,0.002189643283684623,0.3060087561607361,0.0828235415475709,0.0002167593188521939,0.12349206954240799,0.04901524479427035,3.7685408123714385e-05,0.0666487067937851,0.03408382451605229,9.868142250997363e-06,0.043300434947013855,0.026528826870378993,3.915566901304932e-06,0.032024748623371124,0.02230434888412082,2.27850769216786e-06,0.02590460143983364,0.019758732634640876,1.7195345510231434e-06,0.022523462772369385,0.018138405379085315,1.4937573759089888e-06,0.02108040824532509,0.017065649600847374,1.390519257339629e-06,0.020070577040314674,0.01633525438725002,1.338681393117124e-06,0.019341377541422844,0.015827837799276625,1.3113010352725493e-06,0.01880640909075737,0.015469702138077645,1.2969771264689112e-06,0.018413107842206955,0.015213242717205531,1.2905367547189968e-06,0.01812397688627243,0.01502746580139039,1.2892992952710708e-06,0.01790964975953102,0.01489267134595485,1.2908512856213463e-06,0.01774890348315239,0.014796035275572822,1.2929105981162354e-06,0.017627250403165817,0.01472837801667906,1.2941156260408786e-06,0.01753481850028038,0.014682724569288512,1.293879071972794e-06,0.01746908575296402,0.014653655744734265,1.2919165086126945e-06,0.017475605010986328
499,3,self_attn_after_gate,Vertical,1,0.5325031332553379,0.4414138646687719,3.175502300262451,0.1283713560255747,0.00047530676055071214,0.1931729018688202,0.08678537169619212,0.00012847930744963886,0.1087479293346405,0.06708838169773419,6.280500353743049e-05,0.0861862301826477,0.05577635398459813,3.94900138740653e-05,0.07314974069595337,0.04840083964287289,2.8427970328827976e-05,0.06429979205131531,0.043128571399147546,2.230703230217168e-05,0.057610683143138885,0.039106278517653074,1.853507138710482e-05,0.05223090201616287,0.03589949839644962,1.6011368890268145e-05,0.0477655827999115,0.033266498367228205,1.4217109416151176e-05,0.043999601155519485,0.031061206870372334,1.2879568653988875e-05,0.040794067084789276,0.029188819318300203,1.183919202857633e-05,0.038046661764383316,0.027583921830805522,1.0997431194313548e-05,0.035676755011081696,0.026199012048660764,1.0295988115359035e-05,0.033620841801166534,0.024998059466717733,9.702904618104013e-06,0.031829915940761566,0.023952687868759745,9.199909368278668e-06,0.0302659310400486,0.02303985929087041,8.774074499401464e-06,0.029262365773320198,0.02224047907761165,8.414500823074545e-06,0.028540652245283127,0.021538480495413143,8.111435354422726e-06,0.02791055291891098,0.02092022139815584,7.856245103608293e-06,0.02735748142004013
499,3,self_attn_after_gate,Horizontal,1,1.007833146859729,1.2954431104170114,5.635067939758301,0.18560233842285853,0.0013302216752943356,0.2694513201713562,0.12152768612381011,0.0002233852583826563,0.16175517439842224,0.09547694583260824,8.136187259679218e-05,0.1243634819984436,0.08118498869358547,4.12137592402912e-05,0.09947998821735382,0.07210080520737738,2.7024647409298776e-05,0.08479723334312439,0.06575048779920926,2.118931537490362e-05,0.07659939676523209,0.06098330428912526,1.8293200118579784e-05,0.07180596888065338,0.057223573859248845,1.65473244324402e-05,0.06802093982696533,0.054162626228635276,1.531718525756437e-05,0.06492782384157181,0.051617052051283065,1.4364771219474796e-05,0.06233617663383484,0.0494668393262795,1.3592700230167478e-05,0.06012614071369171,0.047627888324241786,1.2954560789322284e-05,0.05821814388036728,0.046038711295714456,1.2422521301880802e-05,0.05655616149306297,0.044653167031587115,1.197565736468653e-05,0.05509781837463379,0.04343600677592414,1.1596399837443288e-05,0.05380859971046448,0.04235986413227187,1.1270083115306159e-05,0.05265917629003525,0.04140314424321765,1.0985208502383172e-05,0.05162464454770088,0.04054853852306094,1.073340886814775e-05,0.050684913992881775,0.039781955676892446,1.050883593236804e-05,0.04982453212141991
499,3,self_attn_after_gate,Gaussian,1,0.5591443610333261,0.3694543357770006,2.9195711612701416,0.09840693159235848,0.0003354149972095472,0.16392628848552704,0.06869017823584496,8.822114065245554e-05,0.0959305688738823,0.05353570374704543,4.087793802195616e-05,0.07205508649349213,0.044298874480383735,2.3394665822701742e-05,0.05876074358820915,0.03824783672416021,1.538676881755757e-05,0.05009469389915466,0.034040967593826944,1.1105565511106518e-05,0.043851692229509354,0.030968523185167993,8.511878392805363e-06,0.039829254150390625,0.028637867450477587,6.797838605164057e-06,0.03713395446538925,0.026819172566608776,5.612991840178882e-06,0.03488772362470627,0.025368246737690198,4.778434657252986e-06,0.03300466015934944,0.02418902170445238,4.182659450811794e-06,0.031416501849889755,0.023215003902949984,3.750114853603356e-06,0.030067231506109238,0.0223990340258867,3.4298743861030534e-06,0.028912555426359177,0.02170700612404044,3.1880121199669942e-06,0.027917999774217606,0.02111378867947866,3.0018689567300887e-06,0.027056623250246048,0.020600513599458196,2.8561468103274814e-06,0.02630695514380932,0.020152755081653595,2.7404044937477735e-06,0.025651542469859123,0.01975929636567358,2.647420190072224e-06,0.025075988844037056,0.01941129095142796,2.57211370270306e-06,0.024568449705839157
499,3,cross_attn,Vertical,1,0.4632173611058129,0.044385501387301934,1.0789432525634766,0.19340531244164422,0.0009192156354921998,0.31349194049835205,0.13486287790158438,0.0001794927455980115,0.1873941719532013,0.1069709344042672,8.607467965982427e-05,0.13955867290496826,0.0908597500787841,5.2540359752206264e-05,0.11274585127830505,0.0807225972650543,4.027118672049277e-05,0.09940248727798462,0.07359840496191902,3.514448197488811e-05,0.09068135917186737,0.06840222376206564,2.9853372317117712e-05,0.08312152326107025,0.06458374467634019,2.566940946116467e-05,0.07808367908000946,0.06165986768310032,2.2886700873942675e-05,0.07415492832660675,0.059340068094787146,2.0923112395386376e-05,0.07093147188425064,0.05748218244739941,1.9459082948982607e-05,0.06823836266994476,0.055975574408731764,1.8359240165776665e-05,0.06595595926046371,0.05473331894193377,1.7501791752774343e-05,0.06400616466999054,0.05369504470200766,1.6854388259004257e-05,0.062325071543455124,0.052820881089520835,1.6403225927474474e-05,0.06086045876145363,0.052081298792646044,1.6100107308296595e-05,0.059578828513622284,0.05145069737992589,1.5887312312766457e-05,0.05878525972366333,0.05090806319836586,1.5714131142759442e-05,0.058757442981004715,0.05043734414946465,1.5557978284228074e-05,0.05872127413749695
499,3,cross_attn,Horizontal,1,0.6028050903290038,0.15176714601292518,2.655452013015747,0.26543521975714063,0.0020528279575253183,0.3673509359359741,0.1977680247454416,0.0005463650017930984,0.25864923000335693,0.16555860449397375,0.00022138964050003252,0.2029343992471695,0.14675581762714993,0.00011545856682551748,0.1769748330116272,0.13467918691181002,6.86797685023418e-05,0.15880322456359863,0.1263772930417742,4.499939063763722e-05,0.1449836939573288,0.12034753331589321,3.2140572476704876e-05,0.1388522982597351,0.11564727541473177,2.4640079376997466e-05,0.13414043188095093,0.11182881702506353,1.9418674985185295e-05,0.12933917343616486,0.10876996365804521,1.542509852666586e-05,0.12467139959335327,0.10634029159943263,1.2484548093318963e-05,0.120667465031147,0.10437321781166016,1.0318085838621745e-05,0.11732396483421326,0.1027482044365671,8.71650605421874e-06,0.11456064879894257,0.1013902218805419,7.532115332365824e-06,0.11228448152542114,0.10025279105655731,6.65691815633258e-06,0.11040884256362915,0.09928765786545617,6.010037821742696e-06,0.10889488458633423,0.09843304694171935,5.5049164427001275e-06,0.10769551992416382,0.09763512653963906,5.034340008255747e-06,0.10662801563739777,0.09689235415250536,4.56406403704571e-06,0.10551049560308456
499,3,cross_attn,Gaussian,1,0.5175350045874005,0.06666227946866324,1.4817390441894531,0.20782036890113165,0.0017553630569681223,0.3106866478919983,0.13745924120857603,0.0004520446400269975,0.19337372481822968,0.10439739246217031,0.0001651294907397357,0.13557060062885284,0.08587917638203454,7.80707942240573e-05,0.10368657112121582,0.07445508419048219,4.597752737242517e-05,0.08959656953811646,0.0669440950547892,3.161638351103345e-05,0.07946465164422989,0.06170251356467368,2.448301037218624e-05,0.07369861751794815,0.05791514952267919,2.140497904345024e-05,0.07080875337123871,0.05511701964433231,2.0253950034446515e-05,0.06888120621442795,0.05292420491339669,1.909051716793145e-05,0.06660978496074677,0.05110575779089852,1.7077656237389888e-05,0.06373677402734756,0.04962847979059295,1.5159428863371456e-05,0.06109485775232315,0.0484795861300968,1.3804454163703914e-05,0.0590357668697834,0.047574687571752636,1.2752494062837922e-05,0.05724846199154854,0.04682468883101902,1.1777941012405257e-05,0.056649357080459595,0.04616319334932736,1.0854694857089971e-05,0.05581461638212204,0.04555602454476886,1.0119366899314269e-05,0.05461385101079941,0.04499378037594613,9.6756817775799e-06,0.05319414287805557,0.04447787349659299,9.489243456984366e-06,0.051767341792583466
499,3,mix_ffn_after_gate,Vertical,1,0.7476729083628881,0.2169257126825414,2.6522586345672607,0.2148364261975364,0.0023420104827742132,0.32933855056762695,0.1129383256747609,0.00029330527970073707,0.151505246758461,0.07231938348166526,6.740710245474118e-05,0.08999963104724884,0.051966261118650436,2.237012602486686e-05,0.061226796358823776,0.04031582844872323,9.766271759144477e-06,0.04633779078722,0.033048530153575395,5.413152501609616e-06,0.037328965961933136,0.028229536813875987,3.67530736685254e-06,0.03153473138809204,0.024882901726024493,2.900181416167802e-06,0.028339706361293793,0.022474515118769238,2.5221804175091157e-06,0.0261289831250906,0.020693036180640025,2.32441663642531e-06,0.024482980370521545,0.019346909124463324,2.2171061323765978e-06,0.023244637995958328,0.01831236987241677,2.1605450483897947e-06,0.02230795845389366,0.017505869476331606,2.1348417253477273e-06,0.02159736678004265,0.01686863796341987,2.1273299363022282e-06,0.021052878350019455,0.016357818928857643,2.127250031603004e-06,0.020622219890356064,0.015941835511180145,2.1257936900537703e-06,0.020264368504285812,0.015598310867235773,2.1194619683427573e-06,0.01995873637497425,0.015312314994396671,2.110537917276718e-06,0.019702237099409103,0.015073680969339514,2.1026995824245212e-06,0.01949457824230194
499,3,mix_ffn_after_gate,Horizontal,1,0.7842969113872165,0.20559016441318465,2.6791155338287354,0.25332113201656037,0.0030867044163943435,0.3829996883869171,0.13746515129293715,0.000425642537330815,0.18020391464233398,0.09024666308883637,9.777424488070903e-05,0.10972972214221954,0.06653274045813651,3.0626352262117656e-05,0.0769786685705185,0.052979553739229836,1.2461177791885477e-05,0.05969284474849701,0.044506510039643635,6.494915412599006e-06,0.0507177859544754,0.038860967353222864,4.241914947696981e-06,0.04469498246908188,0.03492348652983469,3.305446008849512e-06,0.04046562314033508,0.03208375142680274,2.892894340225826e-06,0.03738990053534508,0.029982580285933282,2.7060083288384658e-06,0.035088203847408295,0.02839549057303913,2.6209281592691874e-06,0.03332424908876419,0.027176013807692224,2.5829372138818605e-06,0.03194768726825714,0.026225754843344763,2.5671260929971337e-06,0.030860353261232376,0.025476775560823697,2.5616804005671707e-06,0.029993459582328796,0.024880686952244668,2.5606868680614e-06,0.029295839369297028,0.024402163361036587,2.561148598254603e-06,0.028729375451803207,0.024014948882044307,2.5615657693763503e-06,0.02826584503054619,0.023699200431269312,2.5613125804332466e-06,0.027883995324373245,0.02343984368065047,2.56049568005101e-06,0.027567099779844284
499,3,mix_ffn_after_gate,Gaussian,1,1.1075585673725794,0.6868092154791231,4.379151344299316,0.2924185423623948,0.004436036404896416,0.43135204911231995,0.15458087895124678,0.0005881554406448583,0.20618528127670288,0.09869678448590022,0.00013301665852586523,0.12323049455881119,0.07036818906901375,4.206282366775507e-05,0.0841936469078064,0.05379560063519175,1.6896889982428356e-05,0.06241879612207413,0.04312029404063073,8.110830287476295e-06,0.04873207211494446,0.03578595870307514,4.492186676069722e-06,0.039646781980991364,0.030522795541891978,2.8147486963365664e-06,0.03360471874475479,0.02662961116977154,1.967830238807065e-06,0.029523836448788643,0.02368526134107794,1.51210940774225e-06,0.026465296745300293,0.02142038687117516,1.2541377434586732e-06,0.024288157001137733,0.01965458259459526,1.1015918618323875e-06,0.02264624834060669,0.018262751075246976,1.0076730849613522e-06,0.021318498998880386,0.0171556943022306,9.47513036921211e-07,0.02023402228951454,0.01626828581922584,9.073369752209356e-07,0.01934112422168255,0.015551981294438952,8.791441857085677e-07,0.01860170066356659,0.014969991993099924,8.58038728313232e-07,0.017986904829740524,0.014494169414753006,8.410031889328984e-07,0.017473699524998665,0.014102955127046221,8.264062351371616e-07,0.017043031752109528
499,4,self_attn_after_gate,Vertical,1,1.1190435803598828,1.7464114018974668,5.733376979827881,0.19607588317659166,0.0018133631678979843,0.29860448837280273,0.12239147935594831,0.00040243992421813175,0.1703457534313202,0.08927102576172541,0.00016753815389776016,0.11458174884319305,0.07082386705137435,8.967875798187633e-05,0.09183841943740845,0.059283685234804005,5.604647505578768e-05,0.07686063647270203,0.05139992723152751,3.929024636545263e-05,0.06639112532138824,0.04566248648223423,3.0040786182081838e-05,0.05929059535264969,0.04129661412702666,2.44653048947742e-05,0.05400654673576355,0.037865074233166755,2.0832617801108377e-05,0.04970159754157066,0.035100459815963866,1.8300020667275902e-05,0.04611882567405701,0.03282873444850483,1.64293425891324e-05,0.04348485544323921,0.030931438541128523,1.4981462964508485e-05,0.04175836592912674,0.029325231229738583,1.3820106502779882e-05,0.040246475487947464,0.027949822652671073,1.2862571499346522e-05,0.03891429305076599,0.02676047600569233,1.2054872558407594e-05,0.03773315250873566,0.025723238313008868,1.135991346295121e-05,0.03667943924665451,0.02481183507257984,1.0751586781653656e-05,0.03573364019393921,0.024005613186293177,1.021144099808662e-05,0.034879375249147415,0.023288066454586528,9.726424189267496e-06,0.03410252556204796
499,4,self_attn_after_gate,Horizontal,1,0.3596670450199218,0.03452155734405455,1.138789415359497,0.14740958135752452,0.0005267730206497677,0.19517245888710022,0.10374654108096683,0.00012292336921237984,0.1277896910905838,0.08401843302306675,5.7580421342589956e-05,0.10081012547016144,0.07258055820351555,3.5667811587725284e-05,0.08932863920927048,0.06514677612317933,2.633758220343721e-05,0.08221791684627533,0.059968622135264535,2.1781526584034888e-05,0.07674601674079895,0.056182766894972515,1.925787505817902e-05,0.07248881459236145,0.05330951641949396,1.7701433290462265e-05,0.06915472447872162,0.05106368962497938,1.6644078368493256e-05,0.06648755073547363,0.0492678697383593,1.5860672804125415e-05,0.06429926306009293,0.04780525962511698,1.523295249788342e-05,0.06245555728673935,0.04659487011413726,1.469685649105198e-05,0.0608607679605484,0.045578475864160625,1.4222502808332439e-05,0.0594533234834671,0.044713534887820955,1.3799946383135176e-05,0.058199651539325714,0.04396872949742135,1.3425503142653718e-05,0.05708121135830879,0.0433207115838452,1.3094587549618384e-05,0.05608341842889786,0.042751758640247675,1.2801092093731583e-05,0.055191971361637115,0.04224820795749861,1.2538740676796986e-05,0.05439300835132599,0.04179937581694315,1.2302157514998974e-05,0.05367392674088478
499,4,self_attn_after_gate,Gaussian,1,0.22506078805715318,0.010074643559557804,0.6025738716125488,0.09197982779097935,0.00037067614158546017,0.15233169496059418,0.05987421630157365,8.067082935464533e-05,0.0855245590209961,0.04575840194546987,3.281533051832515e-05,0.06100120395421982,0.038082524838428645,1.8474729324557476e-05,0.05036284029483795,0.03329628046661142,1.197602854417237e-05,0.043617598712444305,0.030028345772907847,8.456257860791786e-06,0.0393885113298893,0.027667163176432488,6.390849005601734e-06,0.03602597117424011,0.02589283511042595,5.097624271025399e-06,0.033364515751600266,0.024518139246437285,4.241297777596128e-06,0.03125306963920593,0.023426301511270658,3.6476568459382163e-06,0.02956637367606163,0.022540859611971036,3.2198524493334003e-06,0.02820456773042679,0.02180996197201903,2.9014899845915794e-06,0.027091655880212784,0.021197690879778255,2.658789437742572e-06,0.026172831654548645,0.020678779553799403,2.4706811222480856e-06,0.025409188121557236,0.02023501655766888,2.3229938094143384e-06,0.024771327152848244,0.019852770108079152,2.2054992612663292e-06,0.02423507533967495,0.01952143915234104,2.1106289185324075e-06,0.023779932409524918,0.019232536680878154,2.0329000507561595e-06,0.023388944566249847,0.018979133949393316,1.9684642616233596e-06,0.02304871380329132
499,4,cross_attn,Vertical,1,0.43506285335336414,0.02687469283621923,1.0598359107971191,0.21228730039937155,0.0012719625905988903,0.34509289264678955,0.15481420807422153,0.0003839176231027372,0.2283768653869629,0.1272492834499904,0.0001543760125864081,0.16841007769107819,0.11107712250853342,8.432200524325114e-05,0.13831119239330292,0.10085227553333555,5.4926378195808874e-05,0.12112805247306824,0.09396647638271725,4.086835777130183e-05,0.10949147492647171,0.08911606101762681,3.303561553017267e-05,0.10267781466245651,0.08548546050276075,2.8639263276679484e-05,0.09766607731580734,0.0825634536052507,2.568520170164444e-05,0.09315982460975647,0.08016448716322581,2.3315811612914384e-05,0.0901482105255127,0.07826944239555843,2.1704848434605816e-05,0.08842277526855469,0.07677624043491152,2.0861775744123634e-05,0.08711186051368713,0.07553017931798148,2.0514807928865256e-05,0.08611994981765747,0.07443208957002276,2.0232258342785405e-05,0.08533333986997604,0.0734701222843594,1.9832968171887702e-05,0.08457834273576736,0.07265130205759926,1.9400476655228858e-05,0.08382704108953476,0.07195314220965855,1.9021425254479274e-05,0.0831255242228508,0.07134333442127894,1.8787956754861177e-05,0.08251553028821945,0.07080421253802284,1.8685090277538878e-05,0.08199238777160645
499,4,cross_attn,Horizontal,1,0.4865613111427852,0.04825045805146795,1.4858896732330322,0.23917187111718313,0.001273501806286538,0.3289127051830292,0.17770065107042826,0.0003396953104983395,0.21961870789527893,0.14973669629248362,0.00013191121043669416,0.17913377285003662,0.1341452564275454,6.410958501689179e-05,0.15634649991989136,0.12436985520143358,3.6113312225318745e-05,0.1418904960155487,0.11773441093308586,2.331162766956539e-05,0.13190299272537231,0.11292220876803474,1.672512785994912e-05,0.12458647042512894,0.1091850647141063,1.258031439638617e-05,0.11879071593284607,0.1062443136932358,9.66888763193599e-06,0.11462242901325226,0.10393656707472271,7.725091545626527e-06,0.11128740012645721,0.1020664165890406,6.393384873641947e-06,0.1086168959736824,0.10052410288462563,5.444926144032025e-06,0.10638363659381866,0.09925088641189393,4.738003959836337e-06,0.10440830886363983,0.09817329687731606,4.1645363995229345e-06,0.10263431072235107,0.097229636732548,3.683749866219516e-06,0.10122282803058624,0.09643450675029604,3.330145681994557e-06,0.10027482360601425,0.09578488033915324,3.047713135496258e-06,0.09921356290578842,0.09522087221580838,2.7438416486431184e-06,0.09843730926513672,0.09467704736051105,2.3972237865662887e-06,0.09786748141050339
499,4,cross_attn,Gaussian,1,0.6314441916488466,0.17665790861408362,2.760843276977539,0.23763246786972833,0.002784725752733156,0.37298914790153503,0.16231490423281988,0.000732834929907239,0.23020049929618835,0.12754111867102366,0.0003195647941043508,0.16916102170944214,0.10762594462860198,0.00016736040511696677,0.13695041835308075,0.09464972016830293,9.942672809305538e-05,0.11781920492649078,0.0855992382007932,6.526930114953166e-05,0.10521635413169861,0.07890401437642082,4.69238415697072e-05,0.09582401812076569,0.07375206887012437,3.63545775541912e-05,0.08834144473075867,0.06977908898677145,2.9842978811518863e-05,0.08254890888929367,0.06665652724249023,2.5766080495338795e-05,0.07831598818302155,0.06411220121478277,2.328474330534491e-05,0.07485464215278625,0.061974389330735284,2.16682535453683e-05,0.07212481647729874,0.06020334203328405,2.0542574430602546e-05,0.07014816999435425,0.05872362662875463,1.9635812753641878e-05,0.06895092129707336,0.05741967633366585,1.8510378872869385e-05,0.0676395520567894,0.056220808672526525,1.716033343066318e-05,0.06600745767354965,0.05514941459137296,1.6031823442168618e-05,0.06445353478193283,0.05424123417053904,1.523116562939282e-05,0.0632890909910202,0.053482574839440605,1.4691478037111449e-05,0.06242106482386589
499,4,mix_ffn_after_gate,Vertical,1,0.9185347741558438,0.333122985733173,2.821290969848633,0.2392183125965179,0.0035394457424464333,0.3872649669647217,0.11878357413742277,0.00037995876121220873,0.16146579384803772,0.07450126785607565,7.867121966676417e-05,0.09193345159292221,0.053443084101355266,2.4672939463401153e-05,0.06242265924811363,0.04188594352158289,1.0982400769906078e-05,0.04736810922622681,0.034936297537078935,6.660352269442529e-06,0.04002640023827553,0.03046745667973208,5.0665937520040184e-06,0.03544952720403671,0.027441040716237493,4.409185464151369e-06,0.032436758279800415,0.02530844710649006,4.113096726220023e-06,0.03036026656627655,0.023759960389089962,3.967538776047097e-06,0.02887432463467121,0.022609092472564606,3.890828723968827e-06,0.027779091149568558,0.02173696635734467,3.850341626337733e-06,0.02695300430059433,0.021064181442535114,3.831342839729003e-06,0.02631990611553192,0.020535699431858366,3.824757113714121e-06,0.025831978768110275,0.02011284294227759,3.822859269911394e-06,0.025457873940467834,0.01976908663553851,3.819383131791617e-06,0.02517172321677208,0.019486961147141834,3.810948738965129e-06,0.024947136640548706,0.019254673538463458,3.797071789780612e-06,0.024760987609624863,0.019063281604931467,3.7788264475301944e-06,0.024598976597189903
499,4,mix_ffn_after_gate,Horizontal,1,0.7642285644061981,0.18963359245853192,2.2166171073913574,0.21221427217362418,0.0029082404023218454,0.35688498616218567,0.1069409323353616,0.0002762805842504645,0.15225277841091156,0.06955727804747838,5.0783033677305293e-05,0.08792595565319061,0.05213750236564212,1.4817255714444384e-05,0.06036344915628433,0.04266024972238238,6.418458685192941e-06,0.04770997166633606,0.03700615075372514,3.944379908611806e-06,0.0415986031293869,0.03342617433222513,3.0854834678438754e-06,0.037813760340213776,0.031064657790083734,2.7462217660010986e-06,0.035398367792367935,0.02945905994801294,2.5950957777827658e-06,0.03375835716724396,0.028341419640041533,2.5180803912215167e-06,0.03261401504278183,0.027548897597524855,2.472479086143768e-06,0.03179548680782318,0.026978684825793145,2.4415658143050377e-06,0.03119729831814766,0.02656342914061887,2.418549938846367e-06,0.03075328841805458,0.02625777276735457,2.4005444515867932e-06,0.030420344322919846,0.026030574821763568,2.386326283739145e-06,0.03016892448067665,0.025860148881162916,2.3752571196745914e-06,0.029977209866046906,0.025731361012846704,2.3665007033608325e-06,0.029828030616044998,0.025633675356705982,2.3588628254461552e-06,0.029709292575716972,0.025559648546198056,2.351465620453823e-06,0.029614288359880447
499,4,mix_ffn_after_gate,Gaussian,1,0.5683395022910739,0.0901536579413254,1.5119531154632568,0.1503385424850479,0.0017067629501961651,0.2537795305252075,0.07021102658103383,0.00016424073920273276,0.10111138969659805,0.04247197449680359,2.8732974515808533e-05,0.05476223677396774,0.030290171474454893,7.815388226135239e-06,0.03613973781466484,0.024092244398262765,3.2547794032368174e-06,0.02718900889158249,0.020602488032882175,1.9896213717618656e-06,0.02393343672156334,0.018485147712959185,1.5630178332838641e-06,0.021970234811306,0.017129137136396907,1.3916568392130226e-06,0.02067234367132187,0.01622907193525443,1.309857054013633e-06,0.01976795122027397,0.015621185849701602,1.2636096145793172e-06,0.01911388523876667,0.0152091435821993,1.2335594731457786e-06,0.018626846373081207,0.01492950620336665,1.2150859673562191e-06,0.018260356038808823,0.014736451075545378,1.2090979852071118e-06,0.017991770058870316,0.014596416969739255,1.2137285565179178e-06,0.017804566770792007,0.014487135697097059,1.2219897736075303e-06,0.01767771691083908,0.01439612184370321,1.2263572056678134e-06,0.01758842170238495,0.014317664820405225,1.2232711026363814e-06,0.017519038170576096,0.01424984574790985,1.2135209475994318e-06,0.01745990477502346,0.014192437191331198,1.2001149876930258e-06,0.017407890409231186
499,5,self_attn_after_gate,Vertical,1,0.26902038095489383,0.07961161729262888,1.570633888244629,0.08325570129922458,0.00020815820959929615,0.11062774062156677,0.056927392880121865,6.282818227514447e-05,0.07448653876781464,0.04418392343417046,3.1769680422492574e-05,0.05853336304426193,0.036940863888178556,2.2309172845072303e-05,0.05003601685166359,0.03235589517723946,1.8585417123612678e-05,0.044205039739608765,0.029223575448942562,1.673611903174253e-05,0.040022313594818115,0.026967337709807214,1.5644641786204914e-05,0.03695745766162872,0.02527395828020951,1.4906543188175811e-05,0.03467381373047829,0.023956966689891286,1.4348884884271658e-05,0.03292392939329147,0.022900641644521366,1.3893765356471957e-05,0.03153253346681595,0.02203196807513161,1.350685762648637e-05,0.03076333925127983,0.021304236370183173,1.3172258709321596e-05,0.03019433468580246,0.02068649483696809,1.2880639225698685e-05,0.029687730595469475,0.020157029955751367,1.2625426519420934e-05,0.029231799766421318,0.019699715831804843,1.2401752411164962e-05,0.02881794050335884,0.019302012561450876,1.2205786533182159e-05,0.02843991480767727,0.01895381705391975,1.203421735931845e-05,0.02809312380850315,0.01864678195367257,1.1883888881914488e-05,0.02777412161231041,0.01837393647385022,1.1751636768299864e-05,0.027480410411953926
499,5,self_attn_after_gate,Horizontal,1,0.28817088310680694,0.04480720555266991,1.1369075775146484,0.1056238469623384,0.0001950433910669963,0.14038214087486267,0.07459986150737792,6.0528687701873645e-05,0.09338318556547165,0.060206481211242224,3.35852228717747e-05,0.07570038735866547,0.052298110569753344,2.460172004654869e-05,0.06541487574577332,0.04732240606395025,2.0280824045783557e-05,0.058589279651641846,0.04385366142978744,1.7672383000300904e-05,0.05368775501847267,0.041281589439937046,1.5930837795709515e-05,0.05000562220811844,0.039304630032607486,1.4671601935981022e-05,0.04730543866753578,0.03774518909908477,1.3678705905338994e-05,0.04572175815701485,0.03648915978532935,1.2840150924582967e-05,0.04439549893140793,0.035458824848608364,1.2098383431747104e-05,0.043255820870399475,0.03459869239420172,1.1426690520571267e-05,0.042259663343429565,0.0338685257094247,1.081742792652566e-05,0.04138302803039551,0.03323947611664023,1.0271907075846596e-05,0.040611229836940765,0.0326911158682335,9.791987721496574e-06,0.0399320125579834,0.03220882181019064,9.376131513514659e-06,0.03933342918753624,0.03178181845162596,9.01940338870777e-06,0.038804031908512115,0.0314018666330311,8.714874731231775e-06,0.03833351284265518,0.031062445056343837,8.454954923644365e-06,0.037913091480731964
499,5,self_attn_after_gate,Gaussian,1,1.2144164861667723,2.6789055731821714,6.887335777282715,0.18144529537549095,0.00122109372876128,0.2526074945926666,0.12274867769271608,0.0002905918681096699,0.16128265857696533,0.09473658128390236,0.00013051558787353262,0.12848860025405884,0.07795238518525684,7.702033683853314e-05,0.10481636226177216,0.06656842856180101,5.212701225183366e-05,0.08743636310100555,0.058298973100525994,3.7987434694447776e-05,0.07473155856132507,0.05204184022214678,2.9043054565929184e-05,0.0652649849653244,0.0471716977892414,2.3024200494354668e-05,0.05811332166194916,0.043294856709147254,1.8797923477738374e-05,0.05333823710680008,0.04014767327952006,1.5729767059577485e-05,0.04942928999662399,0.03754757173241131,1.3436469455569846e-05,0.046147093176841736,0.035365493702036996,1.1675636823006802e-05,0.04333602637052536,0.03350875160050771,1.029020435361118e-05,0.0408928357064724,0.031909815819254,9.176945600843323e-06,0.038746707141399384,0.030518770395290284,8.267155438014243e-06,0.03684695437550545,0.02929819319101553,7.514533295688016e-06,0.03515568748116493,0.02821960799869091,6.8872770920266185e-06,0.033643580973148346,0.027261020201775763,6.362845812962986e-06,0.032287515699863434,0.02640512857645277,5.924399199977141e-06,0.031249554827809334
499,5,cross_attn,Vertical,1,0.3763750983136041,0.02067076476682037,0.8819514513015747,0.18427796283411602,0.0007227798314101827,0.25899773836135864,0.13762028917433725,0.00019139703861087667,0.17270398139953613,0.11604767198127414,9.810602848196715e-05,0.14947324991226196,0.10405381709810287,6.662659462994455e-05,0.13460955023765564,0.09656650774062626,4.946937063191128e-05,0.12016555666923523,0.0913794684031653,3.681516152629685e-05,0.10688330233097076,0.08771789487865236,3.0146452529049856e-05,0.09823451936244965,0.08496384819348653,2.6653694045911512e-05,0.09495840221643448,0.08277124131009692,2.4532541081816303e-05,0.09265930950641632,0.08100365610822799,2.2971029520383565e-05,0.09073510766029358,0.07956233620643616,2.1760229379141198e-05,0.08930792659521103,0.078365539629308,2.075801355643864e-05,0.08817066252231598,0.07734976224009953,1.991228185232771e-05,0.08721587061882019,0.07647192821143166,1.9275373572098244e-05,0.0863540917634964,0.0757070913437813,1.8892895675573305e-05,0.08555232733488083,0.07504125802762925,1.874068196245282e-05,0.08481796085834503,0.07446405055030944,1.875756268647887e-05,0.08416567742824554,0.07396415975831803,1.8881087021601006e-05,0.08360378444194794,0.07352813333272934,1.905394950860129e-05,0.08313202857971191
499,5,cross_attn,Horizontal,1,0.6641364930168031,0.24958302252516718,3.835054397583008,0.2954075305707871,0.0029507615868641745,0.46311184763908386,0.22051002676524814,0.001011221118405561,0.3232962489128113,0.1827858111688069,0.00043673518036934045,0.24635618925094604,0.1607383449399282,0.00022216087317797,0.2006310224533081,0.14634518585507833,0.0001320969794713601,0.17217960953712463,0.13628597119970928,8.938151652911815e-05,0.15512683987617493,0.12867257223715858,6.669634930211407e-05,0.14532850682735443,0.12275781234105428,5.129387035634596e-05,0.13806287944316864,0.11814920462313153,3.966918455865702e-05,0.13180890679359436,0.11447258222670782,3.100124175398105e-05,0.1264360100030899,0.11147750594786235,2.4551890848970444e-05,0.12188509106636047,0.10900730462301345,1.9795765097193797e-05,0.11883767694234848,0.10695286899332017,1.6286040122743676e-05,0.11637060344219208,0.10521861213067221,1.3600701257141935e-05,0.11428704857826233,0.10371024540019413,1.1371308461188345e-05,0.11225932836532593,0.10234297752853423,9.40049354920448e-06,0.1099981814622879,0.1010798757511472,7.774199340968334e-06,0.107622891664505,0.09993930929709995,6.568040892607151e-06,0.10548368096351624,0.09893567966563362,5.680397273229024e-06,0.10366042703390121
499,5,cross_attn,Gaussian,1,0.6921988678356957,0.5255042309108502,5.615224838256836,0.27909459575774176,0.004701241326530878,0.5826954245567322,0.19429126098042443,0.001323872927626325,0.3157176971435547,0.15250081580782693,0.0005594860464389327,0.2293332815170288,0.128395805756251,0.00030250532222054707,0.18071523308753967,0.11268896290234157,0.00018593584647046854,0.14890410006046295,0.10162320508370323,0.00012391001405825437,0.12772400677204132,0.09344235488346644,8.784871056667614e-05,0.11579158902168274,0.08716892616616355,6.604681109273295e-05,0.10642553120851517,0.08220857192599584,5.230973796411563e-05,0.09894368797540665,0.07819826274164139,4.30113779119457e-05,0.09280575811862946,0.07490549023662295,3.6413831155701154e-05,0.08771757036447525,0.0721667908605129,3.1589270824318136e-05,0.08519704639911652,0.06986630234926466,2.798156931906476e-05,0.08304518461227417,0.06792062591938745,2.5240838207353995e-05,0.08124297857284546,0.06626807029048602,2.3130157297943148e-05,0.07973572611808777,0.0648584890933264,2.147745445895966e-05,0.07841223478317261,0.06364052541672237,2.011836660561414e-05,0.07710635662078857,0.06255961688501495,1.8903631623974665e-05,0.075701043009758,0.06158233380743435,1.7821199654197307e-05,0.07428021728992462
499,5,mix_ffn_after_gate,Vertical,1,0.6248930862971714,0.08165330878266004,1.5040156841278076,0.18821021228555648,0.0025054494306576314,0.338395357131958,0.08990394773464354,0.0002474828945376301,0.1361687183380127,0.05498653171317918,4.44907141663063e-05,0.07330003380775452,0.03936340352372518,1.3217122825365747e-05,0.047861941158771515,0.03129959606107265,6.6743085334863825e-06,0.037120141088962555,0.026712883766444904,5.026674257396098e-06,0.03253404423594475,0.023920443559449816,4.570663218400447e-06,0.029727041721343994,0.022134684794952,4.44915413612915e-06,0.027926091104745865,0.02094988873790181,4.431056616522328e-06,0.026726001873612404,0.020141017697160205,4.446824132848027e-06,0.025905093178153038,0.01957615856672563,4.470109593199651e-06,0.025336984544992447,0.019174807971077307,4.486094152301627e-06,0.024942606687545776,0.018886057674766532,4.4873714191701784e-06,0.024661876261234283,0.018676616813218784,4.474851798391935e-06,0.024447623640298843,0.018524411799652234,4.453942454567025e-06,0.024272870272397995,0.018414554481823293,4.42819747907629e-06,0.024125967174768448,0.01833626784620777,4.397388565189124e-06,0.024000056087970734,0.01828113848727847,4.359351256583985e-06,0.02388998493552208,0.018242276391930996,4.312231270657433e-06,0.02379286289215088
499,5,mix_ffn_after_gate,Horizontal,1,0.7967057928206429,0.20280999556563128,2.2867064476013184,0.2333074924018648,0.003239067765312915,0.3800513446331024,0.11795272429784139,0.00038733126692030203,0.16856956481933594,0.07327466428516403,7.702034069807521e-05,0.09419473260641098,0.05229000173627384,2.1716148876204164e-05,0.06136328727006912,0.04125304153514287,8.884780231545821e-06,0.04838258773088455,0.034949697672374665,5.356529088688204e-06,0.04154059290885925,0.03111080834198566,4.250549493604389e-06,0.037419967353343964,0.028649862205225324,3.856323577481349e-06,0.03478875756263733,0.02700589065040861,3.6974174170188502e-06,0.03300803154706955,0.025871726373831432,3.6259213527683756e-06,0.03175102174282074,0.02506952995937022,3.588445292314911e-06,0.03084501251578331,0.024490432665934637,3.5639170246085866e-06,0.030180539935827255,0.02406515195847504,3.5443474140716966e-06,0.02968490496277809,0.02374830697145727,3.527868313323382e-06,0.029311027377843857,0.023509525797433324,3.5150068719171523e-06,0.029028525575995445,0.023328183573626336,3.5058038654281183e-06,0.02881632000207901,0.023189986508990092,3.499308065420365e-06,0.028658319264650345,0.023084676780161403,3.4949367324449532e-06,0.02854262664914131,0.02300469491571661,3.4927707915853017e-06,0.028461042791604996
499,5,mix_ffn_after_gate,Gaussian,1,0.8700235831359077,0.2826344115441574,2.7830076217651367,0.23826285108687387,0.003774974625101882,0.40453842282295227,0.11573012516139046,0.00041323000163715563,0.17447902262210846,0.06958889298968846,8.19089102318306e-05,0.09805281460285187,0.047780612335791665,2.2811529061481063e-05,0.0635436549782753,0.03602337245903318,8.314413058930381e-06,0.04557044804096222,0.029104238228192403,3.941194682602334e-06,0.035349711775779724,0.02477212418757734,2.4082929041415362e-06,0.029146719723939896,0.021933300272812917,1.8046505788491846e-06,0.02517712675035,0.02000784386126768,1.5451293545854643e-06,0.02308286353945732,0.018666337998140426,1.4261438899328144e-06,0.021802078932523727,0.017710988232422443,1.3686027329401016e-06,0.020865831524133682,0.017017913420522023,1.3390835383387696e-06,0.020163889974355698,0.016507016657482065,1.3224610204521274e-06,0.019623344764113426,0.016125052753421996,1.3112929840512101e-06,0.019196439534425735,0.01583566219501552,1.3016058888402943e-06,0.018852943554520607,0.015613374551610342,1.291394385424942e-06,0.01857488602399826,0.015440079161808604,1.2802568924791985e-06,0.018351290374994278,0.015303052813997345,1.2691420197090827e-06,0.0181732140481472,0.015193773862270136,1.2595306682226081e-06,0.01804012432694435
428,3,self_attn_after_gate,Vertical,1,0.7016282353609328,0.9463782053103043,4.40754508972168,0.13962587938895302,0.0006805212616118101,0.20800122618675232,0.09890455184947877,0.00022633213647444079,0.15176725387573242,0.07835056668236143,0.00011667093528080101,0.11766938120126724,0.06571922534041935,7.016842214365453e-05,0.09580575674772263,0.05711945926859265,4.6699428697132915e-05,0.08066724240779877,0.05079012056664815,3.363903229901312e-05,0.06951766461133957,0.04586754455452874,2.5929688754932965e-05,0.060958437621593475,0.041897160784592706,2.1181029228334586e-05,0.05421353131532669,0.03861767981970121,1.8136696048574268e-05,0.048806559294462204,0.03586420017693724,1.60990104918521e-05,0.04441804438829422,0.0335241500879564,1.4668425975525658e-05,0.041482940316200256,0.031516259861370875,1.3611273604420938e-05,0.03962015360593796,0.029779644594306036,1.2789219021571032e-05,0.03795871511101723,0.028267649342379873,1.212079893242455e-05,0.03645043820142746,0.02694398590496608,1.1559381439915133e-05,0.03508242219686508,0.025780085149028943,1.1079044935621681e-05,0.033845867961645126,0.024753046828129933,1.0664626276711943e-05,0.03273233771324158,0.023844081967596024,1.0305439455722934e-05,0.03173180669546127,0.023037414258671184,9.992544963568164e-06,0.030832983553409576
428,3,self_attn_after_gate,Horizontal,1,0.2422574337512728,0.033850821787890374,0.8912732005119324,0.0889485783520199,0.00017803696522269278,0.1276969015598297,0.06740841340451013,4.7051560426697386e-05,0.08457361161708832,0.05749505433061766,2.3760100359919532e-05,0.06861230731010437,0.05180273524352482,1.722736878208919e-05,0.062369585037231445,0.04807089316466498,1.4626827181881354e-05,0.058084871619939804,0.04541068258030074,1.3231743485795837e-05,0.054905280470848083,0.04341582279829752,1.2360967116060514e-05,0.05263039469718933,0.04186009597920236,1.178935319580627e-05,0.05109448730945587,0.04060543908013238,1.13869845521636e-05,0.049806348979473114,0.03956435999226949,1.1060800313723922e-05,0.04871538281440735,0.038681838661432266,1.0753363367568428e-05,0.047790996730327606,0.037923720413966786,1.0442888427670367e-05,0.047007739543914795,0.03726796728987542,1.0131887414606239e-05,0.046340569853782654,0.0366987499689299,9.831237731971866e-06,0.04576662927865982,0.03620334785609018,9.54958825160853e-06,0.04526759684085846,0.0357709452805538,9.29064068456452e-06,0.044829852879047394,0.0353922431194593,9.054400907377495e-06,0.04444321617484093,0.03505926508279074,8.839232250623006e-06,0.044099606573581696,0.03476518655698451,8.643107980973308e-06,0.04379213601350784
428,3,self_attn_after_gate,Gaussian,1,0.3762362387681764,0.23780601021014727,2.549194812774658,0.08864984744124943,0.00019397565711754192,0.12209661304950714,0.06286661391929975,5.0359324496785315e-05,0.07893107831478119,0.050827781655012616,2.63112926374722e-05,0.06345877051353455,0.04361969741090896,1.6592433208496565e-05,0.05382077023386955,0.0387728689681916,1.1442453717499028e-05,0.047818198800086975,0.0352453144474162,8.42521065064967e-06,0.043475523591041565,0.03252852270527491,6.583499775937515e-06,0.04004368185997009,0.030350364922058014,5.439491642872045e-06,0.03728952258825302,0.02855415784177326,4.720960758838141e-06,0.03504674509167671,0.027043674555089738,4.262888265140529e-06,0.033194996416568756,0.025756182030789436,3.96348180234758e-06,0.03164537250995636,0.024648467019673378,3.7603527698313392e-06,0.03033214993774891,0.023689194597185603,3.615820044477107e-06,0.029207248240709305,0.02285454451801285,3.5074758810163104e-06,0.028235187754034996,0.022125664063625865,3.4222668859878817e-06,0.027389058843255043,0.021487111669211162,3.3527474825157835e-06,0.02664744108915329,0.020925885894232325,3.294683994794888e-06,0.02599222958087921,0.020430852348605793,3.2454393282993137e-06,0.025407489389181137,0.019992434257079684,3.20296320072008e-06,0.024879127740859985
428,3,cross_attn,Vertical,1,0.42092589821134296,0.027367989295687165,0.9259371757507324,0.18965286205685328,0.001091842773806857,0.3272428512573242,0.1344265089858146,0.00038687794823779215,0.2107442170381546,0.10654817864535347,0.0002019405095648469,0.14619162678718567,0.09008960449506366,0.00011227582960068294,0.1178995668888092,0.0797774629696967,6.88803540095224e-05,0.1002550795674324,0.07294690886896754,4.869173249914043e-05,0.09201797097921371,0.06805267214538559,3.667479160249024e-05,0.08552839607000351,0.06448403113181629,3.0212819416329957e-05,0.08011558651924133,0.06178886147718581,2.6672683720783838e-05,0.07589894533157349,0.059675310280114885,2.4688395686328058e-05,0.07269352674484253,0.057992980416331975,2.34240910488358e-05,0.07018886506557465,0.05663202904046528,2.262423482709659e-05,0.06853552162647247,0.05549926239819754,2.2052044784362133e-05,0.06820981204509735,0.05453220305461732,2.1425290265191537e-05,0.06794467568397522,0.05370531958483514,2.0730768391218684e-05,0.06742693483829498,0.05300192966584175,2.0064347738055784e-05,0.06666021049022675,0.05240031929006652,1.9385127076556375e-05,0.06566072255373001,0.0518808105280475,1.86574794101068e-05,0.06447412073612213,0.05142944838319506,1.793348113383939e-05,0.06324759125709534
428,3,cross_attn,Horizontal,1,0.5001146641988603,0.05219308577610566,1.5493733882904053,0.23059198898928507,0.0010743812889504479,0.33447033166885376,0.1736904564830992,0.00035520006987359147,0.24399036169052124,0.14745213883736777,0.00016795152739337694,0.1970641165971756,0.13233300818810387,9.153751818935807e-05,0.16951614618301392,0.12210033514669963,5.2445628063831205e-05,0.14941741526126862,0.1151532530784607,3.192162813862931e-05,0.135774627327919,0.1103517757285209,2.1657613644135708e-05,0.1264549195766449,0.1068140941243323,1.548595454274312e-05,0.11945479363203049,0.10409115574189595,1.1514383767779786e-05,0.11415699869394302,0.10193972585220186,8.96348390423978e-06,0.11009793728590012,0.10020242394909026,7.261099270958899e-06,0.10692659020423889,0.09878834431606626,6.032066468558769e-06,0.10459304600954056,0.09763115041312717,5.159365134877719e-06,0.10302698612213135,0.09667998895285622,4.559069610054725e-06,0.10191404819488525,0.09590160539225927,4.178576601010746e-06,0.10091222822666168,0.0952622379575457,3.968260715952681e-06,0.10005256533622742,0.09471384506850015,3.838238606821904e-06,0.09930557012557983,0.09421880093831865,3.6875507960719757e-06,0.09857597202062607,0.09377568144173849,3.4904465625908074e-06,0.0980595201253891
428,3,cross_attn,Gaussian,1,0.46768344938755035,0.059335940059615844,1.565913200378418,0.19122729485943205,0.0008814251247539433,0.272076815366745,0.13133453199314693,0.0002568116341116656,0.17392969131469727,0.10390113944572116,0.00012985940874019446,0.13510280847549438,0.08840786334541109,7.837309915876654e-05,0.11526471376419067,0.07832206951247321,5.156845979222014e-05,0.09988038241863251,0.07132276413696152,3.644214814165947e-05,0.08802232146263123,0.06639221612186659,2.8181142622646132e-05,0.07912547886371613,0.06279992560545604,2.33555859623598e-05,0.07230544090270996,0.06010791269086656,2.0804486722892265e-05,0.06945089995861053,0.058016532825099096,1.9650203157261003e-05,0.06703439354896545,0.056239865128956144,1.895344376706961e-05,0.06525634229183197,0.05461123154040367,1.8037981826289528e-05,0.06521530449390411,0.05310646414993301,1.675849541902195e-05,0.06440609693527222,0.051771205628202074,1.5441608186569462e-05,0.06302717328071594,0.05063885320273657,1.4356219709243575e-05,0.06151719018816948,0.04969702832519062,1.3455727603386154e-05,0.06008348613977432,0.048901455979498604,1.2557911218618228e-05,0.0586426816880703,0.04820496760427006,1.1613190993784031e-05,0.0570412203669548,0.047579375406106315,1.0792594716839034e-05,0.05531494319438934
428,3,mix_ffn_after_gate,Vertical,1,0.6574238292754643,0.14182786131127154,1.8221197128295898,0.1792206092486306,0.0022000456475938916,0.2800772488117218,0.08647015998287806,0.0002311962985250908,0.11724308133125305,0.052510299557258215,4.130839691712626e-05,0.06431625783443451,0.03702118064439486,1.0931942749049583e-05,0.042482707649469376,0.028880791176879216,4.489311132332537e-06,0.03332655504345894,0.02412951190675062,2.8657534697378007e-06,0.02809814363718033,0.021124801968061734,2.424194653738292e-06,0.024888798594474792,0.019107605966310653,2.3052026565576283e-06,0.023221373558044434,0.017692522264070927,2.2721625600309033e-06,0.021985702216625214,0.01666824890684987,2.260769585593198e-06,0.021065354347229004,0.0159111600517044,2.257323255594592e-06,0.02038709819316864,0.015343856229077257,2.2573875990598376e-06,0.01988166570663452,0.014914410100096748,2.2561127970534372e-06,0.019486747682094574,0.01458630786233005,2.2498567146974115e-06,0.019154444336891174,0.014333634430335628,2.240475732915289e-06,0.018867820501327515,0.014138528678034033,2.2332255888955134e-06,0.018632590770721436,0.013988504289752908,2.229365766085636e-06,0.018448475748300552,0.013873945951225266,2.226283892563433e-06,0.01830381155014038,0.013786870513170485,2.221804428601414e-06,0.0181853249669075
428,3,mix_ffn_after_gate,Horizontal,1,1.0200227744995602,0.4176251912421958,3.3544816970825195,0.282052429659026,0.004332211096253456,0.431329607963562,0.14804942965034454,0.0005186430450652503,0.19469411671161652,0.09583599486994365,0.00010810886821564207,0.11507602035999298,0.07026875090031397,3.2280465861947335e-05,0.0801992267370224,0.055837287257115044,1.2903669424661381e-05,0.06205403059720993,0.04685731356342634,6.7556485769424175e-06,0.052469607442617416,0.04087325286061045,4.511072130311326e-06,0.046138565987348557,0.036678524421794076,3.6125145829262478e-06,0.0417393334209919,0.033620458953673875,3.228340319326673e-06,0.03855489194393158,0.031320258324581476,3.053402085462161e-06,0.03616324067115784,0.0295464490200319,2.964999160710986e-06,0.03430672734975815,0.02815236287221076,2.912920582173101e-06,0.03283223509788513,0.027041661449604563,2.8789151938765957e-06,0.03164874017238617,0.026147681953651563,2.856651595366757e-06,0.030692996457219124,0.02542208463308357,2.842662359846537e-06,0.029915377497673035,0.024829033703084976,2.8343816571056667e-06,0.029277823865413666,0.024341562289803748,2.8299084834870064e-06,0.02875194139778614,0.02393903707464536,2.8278480382237474e-06,0.02831617370247841,0.02360546707160889,2.827257462314287e-06,0.027953635901212692
428,3,mix_ffn_after_gate,Gaussian,1,0.6293986917488159,0.12884795084845196,1.6597294807434082,0.15915354826147593,0.0019220568352589832,0.2646156847476959,0.07438055804324528,0.00017407119026795602,0.10446896404027939,0.04490939752450065,3.110546799815058e-05,0.05729472637176514,0.03156870124595506,8.288651279636486e-06,0.03773344308137894,0.024559826841430057,3.1062900831871866e-06,0.028033198788762093,0.02049151822806351,1.6112621715605264e-06,0.023074299097061157,0.01796390497613521,1.1043534664616225e-06,0.020239945501089096,0.016317151782531587,9.144027062121847e-07,0.01857348158955574,0.01520358706040988,8.384214243615864e-07,0.01756441406905651,0.014426718539898358,8.065430377645588e-07,0.016857633367180824,0.013870873163262057,7.903697203007198e-07,0.016341716051101685,0.013467587826270905,7.793102802770753e-07,0.015958737581968307,0.013173922245937681,7.716326159667334e-07,0.015680158510804176,0.012959144181675382,7.667101314217136e-07,0.015479698777198792,0.012800472108499399,7.63467942381739e-07,0.015347303822636604,0.01268092699585453,7.617289469854119e-07,0.01526121236383915,0.012588104380974694,7.622616222643357e-07,0.01518150232732296,0.012514156792017202,7.656987122184661e-07,0.015099640935659409,0.012455349181970906,7.712876794685672e-07,0.01502992957830429
428,4,self_attn_after_gate,Vertical,1,0.9203073436778689,1.2428886356050093,5.0246710777282715,0.20212795289735946,0.0015754280800381608,0.2828673720359802,0.13090957854948346,0.0005160783973296404,0.18726468086242676,0.09386019160350163,0.00020240749489305125,0.13183775544166565,0.07258717662521771,9.322931684556362e-05,0.09755605459213257,0.05948846172245722,5.16451477356475e-05,0.07630796730518341,0.05086697218200517,3.402634569008397e-05,0.06270450353622437,0.04483514497914012,2.558670210366941e-05,0.05489933863282204,0.040391695079585864,2.0992613607697773e-05,0.049978435039520264,0.03697974953268256,1.8168562848441624e-05,0.04606832191348076,0.03427261696566665,1.6230984686064348e-05,0.04284448176622391,0.03206839164098104,1.4774453985709283e-05,0.04012831673026085,0.030236399451655054,1.360414916536235e-05,0.03780708461999893,0.02868862674822883,1.2623518537110388e-05,0.03614167124032974,0.02736366581585672,1.1782682575027167e-05,0.035057611763477325,0.026217274338243498,1.1053476039222714e-05,0.03411006182432175,0.02521664873948173,1.041762023776295e-05,0.033274345099925995,0.024336843618324826,9.861359915495201e-06,0.032530542463064194,0.02355843885905213,9.37322787958028e-06,0.03186225891113281,0.0228660155442499,8.943284005458322e-06,0.031255610287189484
428,4,self_attn_after_gate,Horizontal,1,0.4343059588046301,0.1559197560344125,2.399451732635498,0.17325474014357914,0.0005572205332167613,0.22447778284549713,0.12433865477168371,0.0001766904552512992,0.15244179964065552,0.09999755036736292,8.39101900009542e-05,0.11766909062862396,0.08579119046529134,5.2436834114733695e-05,0.10077449679374695,0.07648334699490714,3.853886425319941e-05,0.09131786227226257,0.06989325813594319,3.0458040286912402e-05,0.08415283262729645,0.06498090089077041,2.504890489697486e-05,0.07866988331079483,0.06118892334283344,2.1394823169113462e-05,0.07444177567958832,0.0581835468137075,1.894959976185543e-05,0.07110020518302917,0.05574978692900567,1.730055083982747e-05,0.06838458776473999,0.053742781813655584,1.6166723028948373e-05,0.06611941009759903,0.05206119470180027,1.5367563797215444e-05,0.06418311595916748,0.050632018773328694,1.4788420977339302e-05,0.06248996779322624,0.0494017694441099,1.4355903700188548e-05,0.06098092347383499,0.04833113319343991,1.402267000771022e-05,0.05961896479129791,0.04739117273499095,1.3757691542081526e-05,0.05838383361697197,0.046560270623082205,1.3539938668510382e-05,0.05726507678627968,0.04582174453470442,1.3354298919484706e-05,0.05625564232468605,0.045162256393167705,1.3189379943696354e-05,0.05534826219081879
428,4,self_attn_after_gate,Gaussian,1,0.7017758377487697,0.5838519024507405,3.714118480682373,0.1593605667825729,0.0010616645532102603,0.23468150198459625,0.0977771117810219,0.00023665248292816725,0.13212400674819946,0.07127040524094824,9.422477270439427e-05,0.0931926742196083,0.056921517624268454,4.576369058933016e-05,0.07099716365337372,0.04811405697985301,2.5369545510589714e-05,0.05853016674518585,0.04218798213534885,1.568278052195513e-05,0.05007082223892212,0.037932528153298395,1.0637749581643463e-05,0.0452316477894783,0.034733108673540375,7.790617678524116e-06,0.04168292135000229,0.03224361040407703,6.0681006984836534e-06,0.038923606276512146,0.030253507965613925,4.964677470230277e-06,0.036672983318567276,0.02862788795951813,4.224125846595563e-06,0.03477323055267334,0.027276565986020223,3.706107595327508e-06,0.033132731914520264,0.026136850612977193,3.3287706194514407e-06,0.03169408440589905,0.02516367741756969,3.042613764810944e-06,0.03041815757751465,0.024323785854947,2.817285521229179e-06,0.02931077778339386,0.0235921312714853,2.634135726421426e-06,0.028447039425373077,0.02294955464700858,2.481765919317222e-06,0.02768046408891678,0.02238120957617722,2.3532342835381985e-06,0.026997048407793045,0.02187547575505007,2.244210838694225e-06,0.026385340839624405
428,4,cross_attn,Vertical,1,0.6041382645803784,0.12102143354095497,1.9885302782058716,0.2603587879547997,0.0027372179639632583,0.43128544092178345,0.18302796047831338,0.0006700374053514198,0.24922074377536774,0.14802604547095677,0.0002721592845239661,0.18629103899002075,0.12818957605059184,0.00014529543769061713,0.1585601270198822,0.11537119001150131,9.163458482889436e-05,0.14177484810352325,0.10645173797531733,6.882953029044094e-05,0.1318170130252838,0.09983067380057441,5.671498973916975e-05,0.1251038759946823,0.09462057113174409,4.7828194669913195e-05,0.11878323554992676,0.09037796538027507,4.002793170907308e-05,0.11268593370914459,0.08700789416593219,3.438912706344857e-05,0.10799343883991241,0.08435486008723576,3.086424137881546e-05,0.10431364178657532,0.08222340709633297,2.871747542468392e-05,0.10104712098836899,0.08046613609980023,2.7211121519444014e-05,0.09808330982923508,0.07901130049001603,2.5839685380253092e-05,0.09568879008293152,0.07782558505497282,2.4465161389947515e-05,0.09381051361560822,0.0768260970002129,2.2851705708827207e-05,0.09216608107089996,0.07591634066331954,2.103128998033934e-05,0.09052786976099014,0.0750419803791576,1.938093058728209e-05,0.08895815908908844,0.07420979546649116,1.8198132049595123e-05,0.08764354884624481
428,4,cross_attn,Horizontal,1,0.510574092467626,0.042188529975462276,1.4225324392318726,0.2545807907978694,0.0012301558872874888,0.3413149118423462,0.19092504703809346,0.00038964725323742036,0.24144166707992554,0.1582821969475065,0.00018726931458052583,0.19630225002765656,0.13979406572050518,9.967597962946867e-05,0.1674622893333435,0.12843099591277896,5.825840277005137e-05,0.14860108494758606,0.1208779142489509,3.6355780754365294e-05,0.13547593355178833,0.11548816814782127,2.466981410957848e-05,0.12597201764583588,0.11149091427288359,1.807780689311339e-05,0.12077043950557709,0.10836713027859492,1.440682813418058e-05,0.11760582029819489,0.10578367445203993,1.2115260085619687e-05,0.11510045826435089,0.10367036729104935,1.0169348734496577e-05,0.11259306967258453,0.1019681990146637,8.545365263775149e-06,0.11021271347999573,0.10055922752334959,7.1092878087210255e-06,0.10794909298419952,0.0993575629970384,5.951607379521618e-06,0.10602457821369171,0.09833486697503499,5.089394140073257e-06,0.10448504984378815,0.09746336511203221,4.457350865486113e-06,0.10322421044111252,0.09670361817356139,4.018896275393753e-06,0.10211220383644104,0.09603486482113127,3.702410095171365e-06,0.10104183107614517,0.095453761163212,3.434820303159179e-06,0.10007072240114212
428,4,cross_attn,Gaussian,1,0.42202638775583295,0.03220572737091696,0.977281928062439,0.18712974741818414,0.0012483231668128057,0.25415632128715515,0.12835134140082768,0.00030544607628746285,0.16730928421020508,0.10231594942391865,0.00012763817599525799,0.13007797300815582,0.08792437400136675,7.337889492182309e-05,0.10783268511295319,0.07864500747786628,4.778905109670527e-05,0.09415099024772644,0.07269686407276563,3.506397645342782e-05,0.08555074781179428,0.0682963692834453,2.796173862559108e-05,0.07945086061954498,0.06492060736294776,2.4781584584985185e-05,0.07545255869626999,0.062424183837951175,2.312201746549572e-05,0.0725102573633194,0.06046230706667143,2.2017944326667392e-05,0.07065367698669434,0.058789857618865515,2.077679336581044e-05,0.06905847042798996,0.057345426804016504,1.9484140516241074e-05,0.0673040822148323,0.0561380030380355,1.844607375355035e-05,0.06572280079126358,0.055130600751865474,1.7651997713078053e-05,0.06450529396533966,0.05426791416747229,1.6967163261395778e-05,0.06355197727680206,0.05351405194590962,1.633155505707338e-05,0.06261417269706726,0.052858162257406444,1.5774657539362658e-05,0.061544738709926605,0.05229359664141186,1.5321542672576348e-05,0.06040206179022789,0.051806088773504136,1.497121251129761e-05,0.059282444417476654
428,4,mix_ffn_after_gate,Vertical,1,0.7201915283997854,0.18510330417346427,2.037860870361328,0.18927162649139526,0.0023522651623612816,0.31418144702911377,0.0929346749233821,0.0002498918415828228,0.13066451251506805,0.05728375982670557,4.8474819949017636e-05,0.07229899615049362,0.04081449636982547,1.3948102502781146e-05,0.047194041311740875,0.032169612390654426,6.255202953139602e-06,0.037350304424762726,0.02718314566900806,4.253919990509524e-06,0.032150328159332275,0.024095158462250042,3.6690767513934665e-06,0.029014253988862038,0.022080789334953776,3.4714797203877787e-06,0.027030665427446365,0.02072122749236841,3.3937119243214963e-06,0.025717975571751595,0.01978238509406173,3.35944402421963e-06,0.024805473163723946,0.01912110968537274,3.3412903593613438e-06,0.024150777608156204,0.01864615934235709,3.32950762818956e-06,0.02366681396961212,0.01829739398367348,3.3217500687813555e-06,0.023295676335692406,0.0180346237288581,3.3173019886157375e-06,0.02300497516989708,0.017832054135700066,3.313789883033919e-06,0.022780533879995346,0.01767429095944242,3.3076282810142423e-06,0.022611822932958603,0.017551752797786205,3.2963075276150247e-06,0.02248578518629074,0.017457188920132698,3.27886407440058e-06,0.02239087224006653,0.017384520391859705,3.2553572129911577e-06,0.022319873794913292
428,4,mix_ffn_after_gate,Horizontal,1,1.1924231326769268,0.6608671977723531,3.9056544303894043,0.31258723683773526,0.005324909205979153,0.48940956592559814,0.16185791979706476,0.0006386724047500144,0.22007842361927032,0.10271961691360625,0.00013128180037178376,0.1273805797100067,0.0743013247847557,3.819099777484126e-05,0.08643993735313416,0.05867498172890572,1.4924997624190799e-05,0.06557285040616989,0.049175230934033316,7.534836177404976e-06,0.05449938401579857,0.04297734720129815,4.747384488029939e-06,0.04716099053621292,0.038726356471814806,3.5635261531987806e-06,0.04273146763443947,0.03570088442592394,3.016092507998418e-06,0.039731450378894806,0.03348515428129643,2.7460909160080675e-06,0.03754714876413345,0.03182480963213103,2.6065487388011855e-06,0.03590233623981476,0.030556625553539822,2.5324769522385598e-06,0.03464346006512642,0.02957184195873283,2.4930079434717036e-06,0.03366679698228836,0.028795928768222293,2.4725126269294784e-06,0.032899610698223114,0.02817662947234653,2.4625971020451683e-06,0.03229009360074997,0.027676566075237972,2.458535827976084e-06,0.031800877302885056,0.027268528051319577,2.4575739655049797e-06,0.031404539942741394,0.026932392446767716,2.4581083121182177e-06,0.031080592423677444,0.02665306766709638,2.4592352213621852e-06,0.030813537538051605
428,4,mix_ffn_after_gate,Gaussian,1,1.0801308836255754,0.5796909523137184,3.6864728927612305,0.26409555900664555,0.004302576237983407,0.4236879348754883,0.13225352551255906,0.0005209139098172198,0.18918052315711975,0.081413253787018,0.00011170091591829286,0.10955461859703064,0.056872126188070055,3.35457299523901e-05,0.0733262449502945,0.04326216722764666,1.2965440405618482e-05,0.053918272256851196,0.03495577533566763,6.1947483693588605e-06,0.04230029881000519,0.029526577109382265,3.5842612414505157e-06,0.034774672240018845,0.0257940407073687,2.4487506870346247e-06,0.029601499438285828,0.02313072509354069,1.909596344966122e-06,0.026122629642486572,0.021176975752626146,1.6382890932944483e-06,0.024340899661183357,0.019712326663827138,1.4964092393394943e-06,0.023027071729302406,0.01859461595969541,1.420509773764939e-06,0.02201669104397297,0.017728655288616817,1.3797189199669739e-06,0.021232374012470245,0.017048848305074943,1.3579662158918492e-06,0.02061726525425911,0.01650917021528123,1.34595704421447e-06,0.020125824958086014,0.01607718522704783,1.3378001617558354e-06,0.01972189173102379,0.015730017485717934,1.32994310652567e-06,0.019380513578653336,0.015451161323913507,1.3205314689684309e-06,0.019086450338363647,0.015228062262019467,1.3086952310681752e-06,0.018829703330993652
428,5,self_attn_after_gate,Vertical,1,0.27589995674197637,0.07206345517652474,1.5107226371765137,0.08404205284184879,0.0002260626276550137,0.11881664395332336,0.05763896909498033,6.312212062116107e-05,0.07572900503873825,0.045017820620347586,3.390945202300195e-05,0.05946164205670357,0.03765152601732148,2.4543743627684456e-05,0.050127752125263214,0.0329383553434459,2.086722060129129e-05,0.04485492780804634,0.029692927996317547,1.8851279533663028e-05,0.04098191484808922,0.02731960104216659,1.7457873349814304e-05,0.03796333074569702,0.025506571260473086,1.6411579565338036e-05,0.03590463474392891,0.024077486779008592,1.5601988455518437e-05,0.03429655730724335,0.022927249205254373,1.4961112639036264e-05,0.03301280736923218,0.02198775836990939,1.4440232002229984e-05,0.03197258710861206,0.021210845323309066,1.4007686359386564e-05,0.031120430678129196,0.020561038072974908,1.3644233095593849e-05,0.03041587397456169,0.020011779556553515,1.3337392669935643e-05,0.029829051345586777,0.019542894636591274,1.3077915483191439e-05,0.02933768555521965,0.01913879124359006,1.2857783178456641e-05,0.02892414852976799,0.01878726049252446,1.26692912314159e-05,0.028573140501976013,0.0184787419136791,1.2505158305462512e-05,0.028270898386836052,0.01820583234999388,1.2359182190937536e-05,0.028005702421069145
428,5,self_attn_after_gate,Horizontal,1,1.5211418093669982,4.851496642018062,8.587457656860352,0.19247742505773666,0.0010484736953540012,0.2938612103462219,0.14672764532622837,0.0004020078464829704,0.1969631016254425,0.11838829174401268,0.0001941944624076835,0.1493416428565979,0.09951688301941705,0.00011333232818436078,0.1236390471458435,0.08654278575901002,8.015610048929082e-05,0.11001291871070862,0.07728915247652265,6.457596648786348e-05,0.09933783113956451,0.07041120073861545,5.543558232703033e-05,0.09073913842439651,0.06509250514800587,4.8846567683712144e-05,0.08369901031255722,0.06083761155605316,4.351781397819919e-05,0.07785826176404953,0.057340037550718065,3.9018069107614486e-05,0.07295254617929459,0.05440367220176591,3.517703061117839e-05,0.0687844306230545,0.051897818725260475,3.189713357804898e-05,0.06520573794841766,0.04973165832814716,2.910067735074815e-05,0.06210450828075409,0.04783959456142925,2.6717689360283943e-05,0.05939522385597229,0.04617264653955187,2.4684968241249526e-05,0.05701145902276039,0.04469319178708016,2.294661486417701e-05,0.05490050092339516,0.04337171317329482,2.145412141443926e-05,0.05301975831389427,0.042184691757909835,2.0165661432364887e-05,0.05133424326777458,0.04111318757373189,1.9045262985881893e-05,0.04981502890586853
428,5,self_attn_after_gate,Gaussian,1,0.22010645128431774,0.025690322341384835,0.9664034247398376,0.07931920507597545,0.00018700445848219936,0.11898715049028397,0.054014712276439815,5.3836497490121775e-05,0.07142272591590881,0.0428551465627693,2.5669805004146382e-05,0.05317879468202591,0.03659023578086543,1.5271128887436226e-05,0.04383566230535507,0.03256923468813064,1.0460433693491472e-05,0.039022523909807205,0.029794207641056607,7.989452367789162e-06,0.03552863374352455,0.027778792121107617,6.606637571507635e-06,0.03289015591144562,0.02625329467275786,5.74911179205125e-06,0.030858414247632027,0.025058631740865252,5.159487052942004e-06,0.029253212735056877,0.024096238826002394,4.719143787679703e-06,0.027949601411819458,0.02330239046187628,4.3746433830478344e-06,0.026866264641284943,0.02263471232874999,4.102978040994315e-06,0.02595321461558342,0.022064703827102978,3.892773953422343e-06,0.02526901476085186,0.021573017011322672,3.733911266905532e-06,0.024843810126185417,0.021145956058587347,3.614398643475638e-06,0.02446523681282997,0.0207730523414082,3.522152766521482e-06,0.024119390174746513,0.020445807171719416,3.4473094982683845e-06,0.02379818633198738,0.020157158640878543,3.382910466710903e-06,0.02349710650742054,0.01990122800426824,3.324468568577632e-06,0.023270167410373688
428,5,cross_attn,Vertical,1,0.3615457794022939,0.021777281848116566,0.99017733335495,0.1939184114573494,0.0008803574157484792,0.27116596698760986,0.15093476124226102,0.000320306976724412,0.20510780811309814,0.12844634375401906,0.00015987686103480174,0.17617356777191162,0.11495659133744618,9.893398194704319e-05,0.1567610502243042,0.10589119862942468,6.589560337563832e-05,0.14058348536491394,0.09920968990477305,4.576157786403842e-05,0.1260298788547516,0.09447248563880012,3.577251844346623e-05,0.1162007749080658,0.0910139928261439,3.0471355257112255e-05,0.10929186642169952,0.08828704614960958,2.7691082805372615e-05,0.10456807911396027,0.08609309946260756,2.5836691899737504e-05,0.1011151373386383,0.08436302249393766,2.4445317795763457e-05,0.09842389822006226,0.08296630093975672,2.3575907115460252e-05,0.09695642441511154,0.08176597562574205,2.31317358195601e-05,0.09580715000629425,0.08068221334427123,2.2773514365685238e-05,0.09426607936620712,0.07969314995266143,2.2281561137299176e-05,0.09283328056335449,0.07879819058709675,2.1649369904157014e-05,0.09186626225709915,0.0779989417346697,2.0955198323426158e-05,0.09088538587093353,0.07729288214255893,2.027002476182605e-05,0.08989210426807404,0.07667257128253815,1.9640630711419074e-05,0.08890078961849213
428,5,cross_attn,Horizontal,1,0.47977389868289705,0.07432053619555515,2.0155866146087646,0.24587997131877476,0.00173660567255698,0.3807491064071655,0.18710309219738794,0.0004281938874143561,0.25361770391464233,0.15807702640692392,0.00018233736628510167,0.20146054029464722,0.14083281407753626,9.558000652649702e-05,0.16762441396713257,0.12971515279440654,5.7692036684311895e-05,0.14721214771270752,0.12193980044315732,3.86361385823644e-05,0.13397756218910217,0.11622545406931922,2.7746052549204295e-05,0.12532219290733337,0.11183797189640621,2.161849682397254e-05,0.11971959471702576,0.10837948381427735,1.7877934054911025e-05,0.11699512600898743,0.10564694600918936,1.4872308075668797e-05,0.11449204385280609,0.10345770465949225,1.2360371070841e-05,0.112066850066185,0.10167787413275431,1.0297830997901326e-05,0.10992227494716644,0.10021815673699455,8.6452627672943e-06,0.10808052867650986,0.09901454500735753,7.356507565906586e-06,0.10645721107721329,0.09800803614041162,6.335235118519837e-06,0.10488341748714447,0.09713762986754614,5.495506164859552e-06,0.10344981402158737,0.09636405476975063,4.7898947763936e-06,0.10221241414546967,0.09568273264264303,4.200306880286659e-06,0.10112246870994568,0.09508623466605232,3.7220399558591365e-06,0.10019361227750778
428,5,cross_attn,Gaussian,1,0.6272770559030866,0.48073862435941705,5.030298709869385,0.24909099108643,0.0024166847072838835,0.39569342136383057,0.18568795493670873,0.0010119663072332419,0.26905184984207153,0.14958207013588104,0.0005201028203937718,0.217751145362854,0.12683825833456858,0.0003070369730691025,0.18353167176246643,0.11148934882311594,0.00020296026640340392,0.1593092381954193,0.10062917854104723,0.00014530526184302803,0.1411760449409485,0.09263763848751311,0.00010949638165744596,0.12697619199752808,0.08655982641946702,8.553105819877888e-05,0.1157253310084343,0.08180697569771418,6.859940266007999e-05,0.10670994967222214,0.07800537513362037,5.6199152419289784e-05,0.09942169487476349,0.07491052304468458,4.686881964923826e-05,0.09346285462379456,0.07235345380410316,3.9681326641663114e-05,0.08850038796663284,0.07021174041761293,3.4072330902239e-05,0.08431719243526459,0.06839397378147595,2.972271424142485e-05,0.08081988990306854,0.06683880528287282,2.638081391952418e-05,0.0779489129781723,0.0655067843932008,2.376889792803901e-05,0.07559958100318909,0.06435778583326036,2.1646803736207884e-05,0.07411575317382812,0.06333898646490914,1.985278811221026e-05,0.0725698322057724,0.062395445115509485,1.8351468385345162e-05,0.07148316502571106
428,5,mix_ffn_after_gate,Vertical,1,0.8240051638512385,0.2204492248092321,2.308666944503784,0.243754367979746,0.003529491197465729,0.3862230181694031,0.11918322564590544,0.00040608913029276474,0.16757473349571228,0.07192155304882261,7.64042201388247e-05,0.09199274331331253,0.050042735501414255,2.1692978592212894e-05,0.06015856936573982,0.038479746156741705,9.284974014011986e-06,0.045543987303972244,0.03176161218138914,5.882444243615112e-06,0.03857747092843056,0.027578422444916907,4.873387122824556e-06,0.03421153128147125,0.024835236400129305,4.595435717138776e-06,0.031342051923274994,0.02296298641770605,4.554610555677071e-06,0.029388073831796646,0.02164466531267242,4.588327726584569e-06,0.028016002848744392,0.020693432066648726,4.639899867753237e-06,0.02702169120311737,0.01999338988273863,4.689958449118514e-06,0.026282604783773422,0.019469500548901068,4.733442498945732e-06,0.02572518028318882,0.019071564876607487,4.769198683691748e-06,0.025303643196821213,0.01876518264826801,4.795311210699437e-06,0.024988383054733276,0.01852653800909008,4.8086192016268185e-06,0.024756640195846558,0.018339263334397286,4.807304361156284e-06,0.024585194885730743,0.0181921941361257,4.793190754779972e-06,0.024450870230793953,0.018077531400772315,4.770800634920273e-06,0.0243372805416584
428,5,mix_ffn_after_gate,Horizontal,1,0.647917702084496,0.10006570565600294,1.6457322835922241,0.19460163395556193,0.002227036887627109,0.3126646876335144,0.09670657108700464,0.00023691311514904102,0.1344391405582428,0.060896390309882545,4.326432317968574e-05,0.07612732797861099,0.04477896671446543,1.250691515336705e-05,0.05177639052271843,0.036458058194035574,5.956402475421618e-06,0.042639732360839844,0.03171630868954318,4.292728133858277e-06,0.037495583295822144,0.02880741445909417,3.829874471812864e-06,0.03440447896718979,0.026921102156241734,3.7000313083918355e-06,0.03244328498840332,0.025646661925646994,3.6725969193570055e-06,0.031146198511123657,0.024759861123230722,3.6806251462176425e-06,0.030264999717473984,0.024129562198169648,3.7029490920239214e-06,0.029655903577804565,0.023674353158899715,3.7321647911261582e-06,0.029227277263998985,0.02334105403768638,3.764501492456922e-06,0.028914758935570717,0.02309355042165234,3.7961398533862652e-06,0.028672076761722565,0.022906940371271164,3.82267233309935e-06,0.02847074344754219,0.022764377916852634,3.8405861745741504e-06,0.028300326317548752,0.02265487617206952,3.8485790464223276e-06,0.02816149964928627,0.02257124257702676,3.84769731895722e-06,0.02805483713746071,0.02250839193307218,3.840690192603429e-06,0.027975698933005333
428,5,mix_ffn_after_gate,Gaussian,1,0.7776428148860023,0.21386440964958983,2.273125171661377,0.204387760588101,0.0029797054495193888,0.33031296730041504,0.09654365870214644,0.00031036585980336344,0.1385830044746399,0.05766354796905366,5.7816212519891743e-05,0.07621030509471893,0.039992615757953556,1.5543046966142066e-05,0.05034946650266647,0.03076782603822057,5.7149759970692945e-06,0.038291897624731064,0.025455781923873082,2.84503596642867e-06,0.031205445528030396,0.022174274726282982,1.864968651101548e-06,0.026743970811367035,0.02004499783709882,1.4990757863069703e-06,0.023809894919395447,0.01861414768629604,1.3585712408664485e-06,0.0218205563724041,0.01762706891352695,1.3060105620011031e-06,0.020433440804481506,0.01693150917038558,1.287715015071262e-06,0.019434724003076553,0.016432050068581863,1.2821271289483609e-06,0.018948156386613846,0.016067436378863122,1.2809345382643095e-06,0.01866922900080681,0.01579830189427686,1.2806160095447352e-06,0.01846371404826641,0.015598894510832097,1.2796127033624679e-06,0.018314402550458908,0.01545150363669982,1.2778520379752524e-06,0.018210753798484802,0.015343237505663954,1.2761899903507481e-06,0.018145063892006874,0.015264126220865855,1.2758111166024473e-06,0.01810968853533268,0.015206130472795358,1.277684663898754e-06,0.018094822764396667
345,3,self_attn_after_gate,Vertical,1,0.3530714576916089,0.14575661475437804,2.0875356197357178,0.09222164868362366,0.0003002133155569846,0.12439535558223724,0.06137080254062774,8.04200290087236e-05,0.07704459875822067,0.0474569434447894,4.020902060487409e-05,0.061526089906692505,0.03973458305237785,2.681133400647565e-05,0.05290161818265915,0.034853811154053324,2.0764210768926004e-05,0.04696420952677727,0.031470782966131254,1.7383169576572964e-05,0.042643506079912186,0.028968613269546674,1.5180172814867524e-05,0.039322178810834885,0.027033993560406897,1.3645027025546163e-05,0.03674650937318802,0.025492274571978855,1.2536945229103225e-05,0.03509606048464775,0.024236848814383385,1.1707471215685261e-05,0.03371557593345642,0.0231971453047461,1.1064023001827054e-05,0.032544687390327454,0.022323662888199564,1.0548485576222961e-05,0.03153827413916588,0.021580280440430793,1.0123663018671184e-05,0.030663248151540756,0.020940001551357525,9.765947117606462e-06,0.02989664301276207,0.02038251438606826,9.460879044249625e-06,0.029223021119832993,0.01989259257439583,9.19953955456709e-06,0.02863072231411934,0.019458787900114818,8.975627818013417e-06,0.02810918167233467,0.019072318331353248,8.783832788584936e-06,0.02764834836125374,0.018726257060373588,8.619307399750814e-06,0.027239058166742325
345,3,self_attn_after_gate,Horizontal,1,0.25263433146571357,0.03883109355182871,1.306581735610962,0.09436511685923925,0.00019663001142892873,0.12408582121133804,0.07005179342296389,3.4692247407440894e-05,0.08374032378196716,0.060135371509998564,1.901187278950182e-05,0.06911705434322357,0.054545078190073135,1.5696596966095338e-05,0.06241704523563385,0.050791865539929225,1.4322944344509431e-05,0.059701330959796906,0.04801712060968081,1.349220032101714e-05,0.05761219933629036,0.04585933596605346,1.2937593970338739e-05,0.05594489723443985,0.04413010073559625,1.2569930544475191e-05,0.054573461413383484,0.04271492243759216,1.2299970472850161e-05,0.05336616188287735,0.04153948980900976,1.2044832029080458e-05,0.052249662578105927,0.04055238136696437,1.177223539115548e-05,0.05122140049934387,0.039714235635030834,1.1483694461704344e-05,0.050292663276195526,0.03899399273925357,1.1187983384633425e-05,0.04946103319525719,0.03836756170032516,1.0893186285230677e-05,0.04871281981468201,0.03781674447513762,1.0606844821188808e-05,0.04803001135587692,0.03732824757222145,1.0336673005335091e-05,0.04739661142230034,0.03689262844503872,1.0089456521010235e-05,0.046802885830402374,0.036503133467502065,9.868864921773797e-06,0.04624580591917038,0.036154627386066646,9.674508801335847e-06,0.04572600498795509
345,3,self_attn_after_gate,Gaussian,1,0.6973939069679805,0.47839079659342804,2.6864094734191895,0.11315923787298657,0.0007662322550698854,0.20858615636825562,0.07366606131905601,0.0001628366172824917,0.11991654336452484,0.05602866434861743,6.693513523904024e-05,0.08732564747333527,0.04588511864107753,3.464233176901223e-05,0.06762251257896423,0.03945803157393894,2.1441104362623673e-05,0.05502614378929138,0.03510833383789138,1.4982336722271688e-05,0.047096338123083115,0.031998648086474055,1.129468890946335e-05,0.04199680685997009,0.029670021984548794,8.946696111052234e-06,0.038031503558158875,0.027859736736568195,7.352170906590204e-06,0.03577692061662674,0.026410132587429077,6.233455189953516e-06,0.03401711583137512,0.02522146042495493,5.4364122857477155e-06,0.03252255916595459,0.02422760220037566,4.86168079303744e-06,0.03124682419002056,0.023383362603092952,4.439692133157613e-06,0.030149750411510468,0.022657156670613895,4.12191979788924e-06,0.029194356873631477,0.022026206174540142,3.875713537277789e-06,0.0283498577773571,0.021473460372478242,3.6795504222485993e-06,0.02759326621890068,0.02098573859603632,3.51936595228891e-06,0.02690834552049637,0.02055258330489908,3.3860663073840146e-06,0.026283815503120422,0.020165521858466998,3.2738611138392622e-06,0.025711940601468086
345,3,cross_attn,Vertical,1,0.41775898540776873,0.0432002966636184,1.1075310707092285,0.17228201410127064,0.0007151915790006774,0.2573956549167633,0.12180857218447186,0.00018741707050593426,0.15865148603916168,0.09943466479816133,9.019628241766277e-05,0.121933214366436,0.08649335293069718,5.6239985884904525e-05,0.10515017807483673,0.07824697700284776,4.196450049128677e-05,0.09315929561853409,0.0727209590730213,3.4666879533989005e-05,0.08371676504611969,0.06876825352036764,3.130318053423889e-05,0.08063332736492157,0.06576893123842421,2.8827195704106333e-05,0.07810373604297638,0.06342710170244413,2.6550688084239013e-05,0.07525351643562317,0.06153223350171059,2.4613579300965362e-05,0.07316656410694122,0.059909746228229435,2.2729930387720312e-05,0.07100223749876022,0.05849427641147659,2.1067391969896726e-05,0.06875284016132355,0.05729486728234896,1.9863085418125667e-05,0.06746885925531387,0.05629823274082608,1.9043423783695175e-05,0.06638136506080627,0.05546388183794324,1.847413683172989e-05,0.06535813957452774,0.05475342669893825,1.8049809553997118e-05,0.06444256007671356,0.05414605868004617,1.7716968035069477e-05,0.063717782497406,0.05363221460628131,1.748967178462786e-05,0.06322161108255386,0.053196125915126194,1.7414052273268958e-05,0.06295125186443329
345,3,cross_attn,Horizontal,1,0.4453852841305354,0.04733101854029568,1.4732985496520996,0.20771683941757868,0.0008648685646917818,0.26582762598991394,0.16129989437167608,0.00026446974019721773,0.19564825296401978,0.13949703496126903,0.00011796481752229666,0.16356658935546875,0.12701973886716933,6.157067901895982e-05,0.14513656497001648,0.11903401487876498,3.5987125038438214e-05,0.13305917382240295,0.11352925463801339,2.284903137115802e-05,0.12437175214290619,0.10947405369508834,1.576341411022641e-05,0.11804172396659851,0.10642296773573709,1.1487692444242435e-05,0.11314167082309723,0.10395622939344436,8.888158407711306e-06,0.11056406795978546,0.10199992890868868,7.418293914769598e-06,0.10866766422986984,0.10050907127913974,6.647934036925872e-06,0.10704606026411057,0.09928977560429346,6.1284746702244465e-06,0.10663789510726929,0.09820946684432408,5.610915425415829e-06,0.10611827671527863,0.09725199935455171,5.085001435201146e-06,0.10509182512760162,0.09643747267268953,4.642304647560922e-06,0.10404366254806519,0.09574837852565068,4.282145329492852e-06,0.10314163565635681,0.09515894358120268,3.961781965905303e-06,0.10236872732639313,0.09465760997836552,3.6989554641877176e-06,0.10178102552890778,0.0942374263254423,3.5348483802829985e-06,0.10144306719303131
345,3,cross_attn,Gaussian,1,0.4412912901431795,0.07706495970552021,1.7130982875823975,0.17804098886156838,0.0011828200173356726,0.2832822799682617,0.12405267618005238,0.0003209678893317382,0.17296954989433289,0.09874749136349512,0.00013553889105990052,0.1315549612045288,0.08444648200557345,7.471806873414004e-05,0.10551336407661438,0.075797438621521,4.9289220242946434e-05,0.09337250888347626,0.070051556423543,3.923601394013978e-05,0.08506801724433899,0.06607394192426924,3.49488435895905e-05,0.0798003226518631,0.06305593334966236,3.227510035732982e-05,0.0755133181810379,0.06050210534816697,2.908094725842336e-05,0.07543809711933136,0.05821930090822871,2.5058603510345353e-05,0.07407058775424957,0.056180486425993936,2.103955179975974e-05,0.07161535322666168,0.0544181132600421,1.7904086844551824e-05,0.06880998611450195,0.05295387383491274,1.5814863482267504e-05,0.06622934341430664,0.051753208928164984,1.437217461434814e-05,0.06392528861761093,0.05074808539615737,1.3228167964623202e-05,0.061702046543359756,0.049876572534678476,1.229245650747391e-05,0.05959052965044975,0.049106183624456796,1.158812371483495e-05,0.057939231395721436,0.04843030006639541,1.1132312527337825e-05,0.05737246200442314,0.04784391323725382,1.0905706328383994e-05,0.056860554963350296
345,3,mix_ffn_after_gate,Vertical,1,0.6526020817340367,0.13516356549107753,1.8185864686965942,0.16956034834895814,0.0020256460642471097,0.26312536001205444,0.08055349374337802,0.00017889501632792993,0.10774944722652435,0.049329496742714016,3.2311595527123427e-05,0.06305333971977234,0.03505999101178041,9.786422906743205e-06,0.043169088661670685,0.02741169287926621,4.653848550604721e-06,0.03256568685173988,0.02286478445406944,3.1298597919404194e-06,0.026632210239768028,0.01996992182518755,2.6069190441511874e-06,0.02405882254242897,0.01803637899103619,2.4186463268804947e-06,0.022311599925160408,0.016697858046326373,2.349391993127526e-06,0.021089084446430206,0.015745528944073214,2.3245233923586677e-06,0.02021448314189911,0.015053565244353006,2.3142918387932623e-06,0.019566725939512253,0.01454253499174402,2.3070454040093814e-06,0.01906154304742813,0.01416051835708675,2.3025948138387137e-06,0.018658313900232315,0.013872027471070253,2.3023907922933117e-06,0.018338888883590698,0.013652075333372942,2.3032588997512785e-06,0.018082179129123688,0.013482661075180485,2.302079805191154e-06,0.017868736758828163,0.013350496452952188,2.2998367672669916e-06,0.01768876053392887,0.013246193173385802,2.3011772130658224e-06,0.017542514950037003,0.013163806101869024,2.3095994929976944e-06,0.01743166148662567
345,3,mix_ffn_after_gate,Horizontal,1,0.5755973524517484,0.10632007898293815,1.4207847118377686,0.14759706741287595,0.001457740598514502,0.23898571729660034,0.07514586932365856,0.00012856716112346237,0.10035693645477295,0.04984663131218108,2.357869276336687e-05,0.059589214622974396,0.03825934278586554,7.35991956529581e-06,0.0447426438331604,0.032129058762202185,3.975407664336162e-06,0.03740447759628296,0.028571965586807992,3.1545531364288266e-06,0.03327631205320358,0.0263685200304266,2.9286242879087214e-06,0.030766915529966354,0.02494528517127037,2.849536248166557e-06,0.029124967753887177,0.023998805129575352,2.81448195081718e-06,0.02814871445298195,0.023352342820356763,2.8014664666710524e-06,0.027556944638490677,0.022899005562067032,2.810729556731411e-06,0.02716580592095852,0.02257455326616764,2.833624889248186e-06,0.02689852938055992,0.022340517343273237,2.8579923484438205e-06,0.02670132741332054,0.022171075204535137,2.8789476531630153e-06,0.026548385620117188,0.02204685823784934,2.8948125979774337e-06,0.02642545849084854,0.021953689998814037,2.904622347989801e-06,0.026324613019824028,0.021882590970822742,2.9087736388176484e-06,0.026242734864354134,0.021828923315282852,2.9086817088466555e-06,0.026177801191806793,0.02179006833050932,2.906269189402946e-06,0.026127276942133904
345,3,mix_ffn_after_gate,Gaussian,1,0.7957645271505628,0.2591818376229337,2.250673770904541,0.18988634563154644,0.0022940720626951523,0.300254762172699,0.09428200291262732,0.0002461476718868714,0.1272495985031128,0.058189025947025845,4.867312564860145e-05,0.0728607177734375,0.04091256253776096,1.3764384333253566e-05,0.0490289144217968,0.031451898582634474,5.23253669037419e-06,0.03665778040885925,0.02576397442155414,2.6129009420086336e-06,0.029426105320453644,0.022100081903830407,1.6560301013822117e-06,0.024829674512147903,0.019614806605709925,1.2540182039368528e-06,0.022032156586647034,0.01786294552896704,1.065022867539135e-06,0.020236175507307053,0.016591268458536694,9.692923203600685e-07,0.018993953242897987,0.01564664943587212,9.185159235955815e-07,0.018150154501199722,0.01493214765593173,8.904415072338773e-07,0.01751115545630455,0.014384410654505094,8.740232021775554e-07,0.01702107861638069,0.013960790953465871,8.638197788882914e-07,0.016641739755868912,0.013631136038355411,8.570835765063405e-07,0.016345571726560593,0.013373165701826414,8.522115745856852e-07,0.016112610697746277,0.01317003716729463,8.482459282112475e-07,0.015928462147712708,0.01300853369609704,8.448320810563936e-07,0.015781894326210022,0.012878046962358648,8.423002599281395e-07,0.015663575381040573
345,4,self_attn_after_gate,Vertical,1,0.28250805312205873,0.04609082199663744,1.2375080585479736,0.10094545284907024,0.00037694576872921326,0.17773693799972534,0.06912989760675127,0.0001312594340610431,0.11011511832475662,0.05347792425798991,6.590230408661321e-05,0.07340704649686813,0.04427505207676736,4.219429255890072e-05,0.057863134890794754,0.0382921097888833,3.1627711394996135e-05,0.049750179052352905,0.03410625954469045,2.570846118693096e-05,0.04429280757904053,0.0310206212517288,2.1766468420353153e-05,0.04164929687976837,0.02865689712029601,1.8873826957707265e-05,0.03931921720504761,0.02679226441042764,1.6641396112453102e-05,0.037296850234270096,0.025287549854034468,1.4870720392837302e-05,0.035560958087444305,0.024051288852379435,1.3442842404534597e-05,0.034080870449543,0.023020817469509822,1.227865163644549e-05,0.032822661101818085,0.022151569111479655,1.1321800172420272e-05,0.03175351396203041,0.021410677995946672,1.0529768375791698e-05,0.030843939632177353,0.020773225390012303,9.869364608277174e-06,0.030068261548876762,0.020219994708895683,9.314571557057099e-06,0.029404282569885254,0.01973600271675322,8.845288311260105e-06,0.02883264236152172,0.019309488908639028,8.446221734272977e-06,0.028336305171251297,0.018931167540214365,8.105690986988987e-06,0.02790045365691185
345,4,self_attn_after_gate,Horizontal,1,0.2785299311554621,0.021686856429561554,1.0004198551177979,0.13448825750559096,0.00045590544397514007,0.20583628118038177,0.09853248380952412,0.00013673204778598267,0.13340331614017487,0.08105095121122542,6.453451869671023e-05,0.09843358397483826,0.07085180873908693,3.9951836746602776e-05,0.08551161736249924,0.06432403440749834,2.9326136764347745e-05,0.07765662670135498,0.05984737528931527,2.3950242370096685e-05,0.07264541834592819,0.056593096977661524,2.0899256711014213e-05,0.06915992498397827,0.05411136191752222,1.898030230242654e-05,0.0664445012807846,0.052152831107378006,1.7663342794409473e-05,0.06419020146131516,0.05057100644187322,1.6709025932723246e-05,0.062294915318489075,0.049269963647164995,1.5986129254948124e-05,0.060694076120853424,0.04818296905547854,1.5411871597270644e-05,0.059333108365535736,0.047261804046611934,1.4931024916556379e-05,0.0581660196185112,0.04647056261698405,1.4507819890833379e-05,0.057154010981321335,0.0457821548694656,1.4122840922207286e-05,0.056266091763973236,0.045176304640277984,1.3768827016074595e-05,0.0554797537624836,0.04463797192724924,1.3444310902229097e-05,0.05477935075759888,0.044155884415857376,1.3148683518204849e-05,0.05415330454707146,0.04372136200231219,1.2880385467170463e-05,0.05359213799238205
345,4,self_attn_after_gate,Gaussian,1,0.1717151172813915,0.004924196166634094,0.3997088074684143,0.07739606978637832,0.0001623243327038737,0.10582154989242554,0.054098919329662175,4.684366339884361e-05,0.06893192231655121,0.04276896451437284,2.28212538769785e-05,0.055273570120334625,0.03614168377622726,1.3673774194462842e-05,0.04617246612906456,0.031862409844521496,9.360317116521787e-06,0.04031416028738022,0.028911884785408064,7.051338634074734e-06,0.03628315031528473,0.026774907277690038,5.66452408249679e-06,0.03331499546766281,0.02516585768806556,4.750044866018649e-06,0.031030971556901932,0.023913873063903007,4.105807554530384e-06,0.029231637716293335,0.022913043342885516,3.6324630027891977e-06,0.02779032289981842,0.022095683666448745,3.2748567233050653e-06,0.02671734243631363,0.021416486373969486,2.9992042886183996e-06,0.025895392522215843,0.020843879925826238,2.7834486226381354e-06,0.025203896686434746,0.020355153326240796,2.612392529666252e-06,0.024616651237010956,0.01993354531152854,2.475093637167281e-06,0.024113325402140617,0.019566455885531412,2.363461875250557e-06,0.023677758872509003,0.01924427906199107,2.271470144987891e-06,0.02329706773161888,0.018959598497502388,2.1946610000288435e-06,0.022961175069212914,0.01870659679647476,2.1297446550202416e-06,0.02266237884759903
345,4,cross_attn,Vertical,1,0.8181218055505601,0.8085191410898235,6.38759183883667,0.2952578379994347,0.0040185029318884815,0.4450560212135315,0.21337429895287469,0.0012024573801473768,0.30638396739959717,0.1722582715844351,0.000544737504637695,0.23206166923046112,0.14824466324514812,0.0002969978154210561,0.19018784165382385,0.13283472248013056,0.00018723240488588186,0.16504211723804474,0.12211974426394417,0.00012868068774435874,0.15246674418449402,0.11427824447552364,9.405194791951777e-05,0.14162348210811615,0.10821538158352413,7.194843218578195e-05,0.13170048594474792,0.10326394438743591,5.6414987319241573e-05,0.12271145731210709,0.09910507180861064,4.468528959275073e-05,0.11541321873664856,0.09562915989330836,3.6214566528007445e-05,0.10964728891849518,0.09272441859283144,3.0236663454009884e-05,0.1049041897058487,0.09026234526009787,2.5913104089906366e-05,0.1009259894490242,0.08814252416292827,2.272853114234447e-05,0.09815673530101776,0.08629485976601405,2.038935172815261e-05,0.09638067334890366,0.08467596059753782,1.86785377080635e-05,0.09484821557998657,0.08325372707276117,1.74059823178098e-05,0.09352008998394012,0.08199828461049095,1.6428207035103467e-05,0.09235907346010208,0.08088278498441454,1.5649623005885805e-05,0.09132806956768036
345,4,cross_attn,Horizontal,1,0.41625097299379016,0.021922543778342112,0.8141584396362305,0.21314955254395804,0.0010435787083009416,0.2917908728122711,0.1634741716441654,0.0003277982468827923,0.20936840772628784,0.13976808850254333,0.00014261793127216607,0.17102199792861938,0.12705512226574003,7.789146694823719e-05,0.14884312450885773,0.11924604113612856,4.6595672229727047e-05,0.13675366342067719,0.11374307222782619,3.165149153835034e-05,0.1290970742702484,0.10957877219669403,2.2663927669775066e-05,0.12224934995174408,0.10662443640213164,1.733521200963318e-05,0.1176765114068985,0.1042902779484552,1.3939307960714464e-05,0.11402003467082977,0.10240742800727723,1.1580172900306207e-05,0.11100682616233826,0.10091444518831041,1.0066611366634106e-05,0.10922536998987198,0.09961510603390043,8.86914335161346e-06,0.10779140889644623,0.09843110092102535,7.588735372223086e-06,0.10592383146286011,0.09742637416200033,6.391582165896629e-06,0.10417120158672333,0.09658757585381704,5.367063493274505e-06,0.1025974377989769,0.09584610578086641,4.476250991629375e-06,0.10111648589372635,0.09519726511031862,3.7417785958107175e-06,0.0998566597700119,0.09464653593207163,3.2024751600922435e-06,0.09902295470237732,0.09415928298045718,2.8168927585476494e-06,0.09839949011802673
345,4,cross_attn,Gaussian,1,0.42789750794569653,0.036833123191344075,1.1482844352722168,0.19705636018798464,0.0015007999206679687,0.30401846766471863,0.13584534587368133,0.0003554677458087919,0.18982726335525513,0.10697144198985327,0.00012494826288638976,0.13684703409671783,0.09119840226476154,5.9831390837416105e-05,0.11094212532043457,0.08172617415114054,3.8883385839210144e-05,0.09750423580408096,0.07541993130294103,3.09082241850618e-05,0.08890959620475769,0.07092409338506442,2.7470979994417155e-05,0.08245036005973816,0.06745015782496286,2.352572078069372e-05,0.07851126044988632,0.06487915877785001,2.0523945110414202e-05,0.07608789205551147,0.06291386112570763,1.8970496573226088e-05,0.0734453871846199,0.061237595265819914,1.8259040216577545e-05,0.070305734872818,0.05969525099037185,1.768301102900747e-05,0.06773703545331955,0.05825441029100191,1.6989072541602617e-05,0.06622947752475739,0.05693078916224222,1.6242105225962138e-05,0.06516487151384354,0.055760229095107035,1.5564824717194925e-05,0.06383448094129562,0.054768409579992294,1.5038056013695732e-05,0.062437012791633606,0.05394772806810954,1.4658198947217225e-05,0.06117868423461914,0.05326642716924349,1.43485258447139e-05,0.06032903119921684,0.05268849941000106,1.4021913164689366e-05,0.05981951951980591
345,4,mix_ffn_after_gate,Vertical,1,0.8596096762589046,0.23363070971218186,2.5954630374908447,0.24620579490585934,0.0036088361034653663,0.37697431445121765,0.12241649225590721,0.00041507091516997184,0.16889400780200958,0.07532653827515859,8.334145414980821e-05,0.09650343656539917,0.0529728185326334,2.477239016932136e-05,0.0639638751745224,0.040757805345550416,1.0198109285810126e-05,0.04682866483926773,0.033438693170273114,5.6821669281943524e-06,0.0389002189040184,0.028750446521573596,4.082794755535989e-06,0.03396948426961899,0.025589510887151674,3.466605808912371e-06,0.030655788257718086,0.02336893082847671,3.215210603433384e-06,0.028340615332126617,0.02175672251790289,3.1042172819410123e-06,0.026683878153562546,0.020557029675396663,3.045523664054292e-06,0.02548355609178543,0.019649208272023808,3.0063129521225355e-06,0.02459854632616043,0.018953760583249348,2.9756050245765062e-06,0.02393132634460926,0.0184152496623851,2.949575788872725e-06,0.023421335965394974,0.017993723530144917,2.926829145292173e-06,0.023025311529636383,0.017659482605282276,2.907228136757958e-06,0.022706331685185432,0.017390117211829103,2.8914833853154376e-06,0.022434622049331665,0.01716926389388622,2.8799301299664935e-06,0.022194957360625267,0.016985946216635288,2.8712674709394763e-06,0.02198689803481102
345,4,mix_ffn_after_gate,Horizontal,1,1.1051548780902984,0.4457475325410555,3.3221065998077393,0.31304657364648486,0.005430499042082081,0.4975305199623108,0.1646315042698194,0.0006607550133987948,0.22577570378780365,0.10635626990170706,0.0001503897863287189,0.1352086365222931,0.07706979059037708,4.8049071690247584e-05,0.0938495472073555,0.060355820471332186,1.9213277124878825e-05,0.07125994563102722,0.050024291707409754,9.348753375108086e-06,0.05754758417606354,0.043243587844901614,5.476638734543256e-06,0.04856976121664047,0.038577467676192995,3.7857100651492883e-06,0.043285757303237915,0.03524322293343998,2.9881987335435444e-06,0.03975670039653778,0.03278867870805755,2.593829383402836e-06,0.03716857358813286,0.030939014125911015,2.393674792572706e-06,0.03521939367055893,0.02951941860928422,2.2913966244154483e-06,0.03371671959757805,0.0284141017094491,2.241509729442415e-06,0.032583922147750854,0.027543577350794324,2.2216587000726487e-06,0.031706877052783966,0.02685156591709644,2.2200226101153477e-06,0.031013693660497665,0.02629714607009812,2.2296497001707513e-06,0.030463384464383125,0.025849988861452965,2.24564000489179e-06,0.030026283115148544,0.025487496680210508,2.264095964319731e-06,0.02968023344874382,0.0251928460562513,2.2823038663292794e-06,0.02940664440393448
345,4,mix_ffn_after_gate,Gaussian,1,0.5981205853204878,0.11039480999113091,1.5113576650619507,0.14586848339864186,0.0018058391402485852,0.2439679503440857,0.06662424263500032,0.00014787569405735952,0.09450796246528625,0.040859974152038965,2.490367193888716e-05,0.052607111632823944,0.029678643725457646,7.101950673445802e-06,0.035626381635665894,0.023934333747814573,3.161970492913267e-06,0.027213802561163902,0.020662957122401585,2.051393248432576e-06,0.023400401696562767,0.018666708664525123,1.6844936909659755e-06,0.02163197658956051,0.017385720304908262,1.5414323117832e-06,0.020478559657931328,0.01652711975787367,1.477398124415395e-06,0.019944094121456146,0.015924157412160956,1.4475659586274652e-06,0.019547689706087112,0.01548140234358254,1.4283022494406892e-06,0.019174326211214066,0.015148078401883444,1.407225313632286e-06,0.01880481094121933,0.014897178370682966,1.3832281391959406e-06,0.0184559915214777,0.014711136722730266,1.3593197583967123e-06,0.018271949142217636,0.01457571733506426,1.3378716399737447e-06,0.018159199506044388,0.014478411702882676,1.3198739197011906e-06,0.018081434071063995,0.014408263303930796,1.3054511125348477e-06,0.018034592270851135,0.01435614638917503,1.2943725832944685e-06,0.01801219768822193,0.014315147071130692,1.2863090307076793e-06,0.01800602674484253
345,5,self_attn_after_gate,Vertical,1,0.3082475378399804,0.10819357701925437,1.7460837364196777,0.08416963368654251,0.00019463465522545365,0.11830662190914154,0.05677772922411797,6.969665542248409e-05,0.0760878399014473,0.04436591492285804,4.5050346579977225e-05,0.06060251221060753,0.03738390642499167,3.508647325807235e-05,0.05203227326273918,0.032927688832084336,2.9493001160219663e-05,0.046940214931964874,0.02984840233647634,2.5989743818448323e-05,0.042831823229789734,0.027604900862252903,2.3588699990611273e-05,0.03994925320148468,0.02590322864079286,2.1788621993127348e-05,0.03805471584200859,0.024570156095756426,2.035115570725786e-05,0.036491915583610535,0.023497697586814564,1.9159520107607624e-05,0.03514688462018967,0.02261558077519848,1.815449125042199e-05,0.03396441787481308,0.0218767984105008,1.730279897104051e-05,0.03291900455951691,0.021249066934817366,1.6580875559153073e-05,0.031997062265872955,0.020709414759443864,1.5968424604042746e-05,0.031187761574983597,0.02024087216705084,1.5447541392009406e-05,0.030480174347758293,0.019830511587243232,1.5003065970834925e-05,0.029863253235816956,0.019468231141448966,1.4622506019087714e-05,0.029326269403100014,0.0191459535133271,1.4295637368475536e-05,0.028858941048383713,0.018857070422243504,1.4013972936204016e-05,0.0284513421356678
345,5,self_attn_after_gate,Horizontal,1,0.43709913913219695,0.2857293787569898,2.7196216583251953,0.14296196483903462,0.00040128951824143624,0.19336317479610443,0.10506843113236958,0.0001643371424720003,0.14196479320526123,0.083950993324083,9.851112050551715e-05,0.11235445737838745,0.07113237655352032,7.184069111939426e-05,0.09374645352363586,0.06287073929394994,5.7625043352743085e-05,0.08422565460205078,0.05717152309796167,4.844321810506011e-05,0.077556312084198,0.05296550194422404,4.184811109423476e-05,0.07248605787754059,0.04968843076910291,3.6770942129567254e-05,0.06846168637275696,0.04703701967521319,3.267619853606481e-05,0.06514493376016617,0.04483731759209481,2.9296977833293762e-05,0.06232285499572754,0.04298081964490905,2.6481769904169368e-05,0.05986848846077919,0.04139476375920432,2.4125642366455692e-05,0.057710252702236176,0.040027462330365936,2.2149873916974598e-05,0.05580209195613861,0.03884033045716702,2.0492946873245446e-05,0.054105520248413086,0.0378033294091149,1.910359701554372e-05,0.0525827556848526,0.03689230978488922,1.7935732073517224e-05,0.05119629576802254,0.03608749978362568,1.6946203283880218e-05,0.049911968410015106,0.035372666571111905,1.6095929708645496e-05,0.04870384931564331,0.034734611591649436,1.535279139180742e-05,0.04755762219429016
345,5,self_attn_after_gate,Gaussian,1,1.107237626635839,2.2754758497103027,5.909906387329102,0.1307131683542615,0.0004438864989072124,0.18590405583381653,0.09536445791286136,0.00012175091214025291,0.12611553072929382,0.07687259240755959,5.982475631948367e-05,0.10201222449541092,0.06460695228879414,3.640049041899309e-05,0.08374479413032532,0.05591540990604295,2.5175691923618687e-05,0.07010938972234726,0.049556741697920695,1.9059800266422098e-05,0.05999774858355522,0.044785418089420076,1.53859011502389e-05,0.05478101968765259,0.04111765076716741,1.2987714983675018e-05,0.050827257335186005,0.038231861555860155,1.130873286565522e-05,0.047446198761463165,0.03591096486955408,1.006144267992767e-05,0.044533319771289825,0.034005993888491674,9.088278538234983e-06,0.042016271501779556,0.03241298043183864,8.298784277527381e-06,0.03983813524246216,0.03105815068360359,7.638843748113973e-06,0.03794962167739868,0.02988840515414874,7.074978046488808e-06,0.03630650043487549,0.02886509664711498,6.585910000881475e-06,0.03486952185630798,0.02795982996504458,6.15769410945629e-06,0.03378447890281677,0.02715154468185372,5.780747189196277e-06,0.03282579034566879,0.026424396605718704,5.447950290496528e-06,0.03194065019488335,0.025766243330306478,5.153593212959355e-06,0.031121615320444107
345,5,cross_attn,Vertical,1,0.31557802406568375,0.014688084628584284,0.7922179102897644,0.1766372099518776,0.0006793518570047661,0.24538671970367432,0.14011758778776442,0.0002570142193852725,0.1698872298002243,0.12133358229720403,0.00011848017860279757,0.14172053337097168,0.11069514082064705,7.949297280795899e-05,0.12830860912799835,0.10304607983146395,5.309804957266428e-05,0.11710360646247864,0.09755756268425593,3.707158249432601e-05,0.11094558238983154,0.09360235929489136,2.960934171592462e-05,0.10554714500904083,0.09046366065740585,2.56383090790972e-05,0.10002972185611725,0.08792043039723048,2.2149331427725417e-05,0.09773339331150055,0.08591886065782063,1.9378430965180365e-05,0.0948641449213028,0.08429837226867676,1.759148088217293e-05,0.09190618991851807,0.08289119648554968,1.645071109752838e-05,0.08991831541061401,0.08164440580303707,1.5643059949871553e-05,0.0888436883687973,0.08057093005331736,1.5091611527098576e-05,0.08802688121795654,0.07966109341572201,1.4769969763405341e-05,0.08749416470527649,0.07888536687408175,1.460206219026628e-05,0.08714709430932999,0.07821894638122075,1.4488744797332968e-05,0.08683907985687256,0.07764955586384213,1.4379685280819675e-05,0.08649800717830658,0.07716622771251769,1.4271314722413857e-05,0.08612962067127228
345,5,cross_attn,Horizontal,1,0.5179332397759907,0.20117486702830012,3.353074550628662,0.2345308968945155,0.0011831450470580543,0.333307147026062,0.1859971301423179,0.00041097077198784835,0.24149024486541748,0.1613538714628371,0.00022287667222419485,0.19697019457817078,0.1459863211900469,0.0001399860560166116,0.1684492975473404,0.13535427562301122,9.3655458431104e-05,0.15804125368595123,0.12757188223657154,6.63827445422642e-05,0.14850805699825287,0.12148330750919524,4.7756094186510406e-05,0.13859470188617706,0.1167536312862048,3.472519532461714e-05,0.13178090751171112,0.11308978793639986,2.6131960880927588e-05,0.1262698769569397,0.11016640516500624,2.018298710295322e-05,0.121726855635643,0.10777365652814744,1.5856086836095486e-05,0.11782676726579666,0.10578287014412502,1.2675032082017506e-05,0.11451690644025803,0.10410537322362264,1.031980722279768e-05,0.11173386871814728,0.10266701735201336,8.543382260202261e-06,0.10959099233150482,0.10141815694551619,7.1663025012316135e-06,0.10809633135795593,0.1003348586105165,6.070272698060272e-06,0.10670487582683563,0.09939543465300212,5.197002191406901e-06,0.105410635471344,0.09857192540925647,4.508728972912072e-06,0.10425533354282379,0.09783536633328786,3.964307912728221e-06,0.10327881574630737
345,5,cross_attn,Gaussian,1,0.4389041007038147,0.17416838806252477,3.10823392868042,0.1924558108051618,0.0014910582897118077,0.27488887310028076,0.14809447775284448,0.0005750775123425509,0.19751428067684174,0.12336931673307268,0.00031228285219517303,0.159170463681221,0.1080288535782269,0.0002056695770129858,0.14079609513282776,0.09756414048255437,0.00014485751565555393,0.12568898499011993,0.08992871512023229,0.00010511219604331638,0.1116570234298706,0.08417473047498673,7.876661348350876e-05,0.10073480010032654,0.07976522817025108,6.0997951202973794e-05,0.09512482583522797,0.07626870783075454,4.8153745835595444e-05,0.09095656126737595,0.07338307987129877,3.8785458011459124e-05,0.08731210976839066,0.07096699725777383,3.23390246508655e-05,0.08400954306125641,0.06895221184406962,2.784139893003726e-05,0.08112307637929916,0.06725359755376029,2.444734557504826e-05,0.07858563959598541,0.06579738264046019,2.177183969737432e-05,0.07634860277175903,0.06454167361297304,1.971353857670481e-05,0.07443074882030487,0.06346589315032201,1.8213758159145416e-05,0.07282084226608276,0.06254141570793258,1.720004479673177e-05,0.07145793735980988,0.06171564379381755,1.6517130163835674e-05,0.07026101648807526,0.060927692859891865,1.582490521345274e-05,0.06937378644943237
345,5,mix_ffn_after_gate,Vertical,1,0.5563619028008173,0.06685896750170958,1.233945608139038,0.15564728232603225,0.0016246574683129846,0.253496915102005,0.0730826747086313,0.00014108174705207955,0.10085758566856384,0.04513151299149271,2.5094451888971413e-05,0.055685363709926605,0.032976287224936104,8.83012829219969e-06,0.03932809457182884,0.026828604558157543,5.626009875929036e-06,0.033161915838718414,0.023400109823024463,4.896254776666702e-06,0.02965383790433407,0.021350109003602513,4.725900726065986e-06,0.027533860877156258,0.020061654792655082,4.678955750043364e-06,0.02619735524058342,0.019222687161158002,4.653079429543996e-06,0.025305408984422684,0.01866217265053401,4.628028395276492e-06,0.024681102484464645,0.018279526648776873,4.5933882760649075e-06,0.02423206903040409,0.018010910807384387,4.542661585071173e-06,0.02390459179878235,0.017814474875136974,4.47948036087329e-06,0.023666847497224808,0.01766373205279547,4.417450448711523e-06,0.023492271080613136,0.017543858153715966,4.370369470095155e-06,0.023353371769189835,0.01744786612985153,4.342314603604391e-06,0.023235870525240898,0.017372405762592004,4.328419732544673e-06,0.023137535899877548,0.017314738490515284,4.3221294637736455e-06,0.02306061051785946,0.017271834100404428,4.319541158039387e-06,0.0230055283755064
345,5,mix_ffn_after_gate,Horizontal,1,0.6700159935724168,0.10098472871855523,1.6385822296142578,0.19966312060280453,0.002379160620973173,0.31493186950683594,0.0982316674457656,0.00025119553678615807,0.13211867213249207,0.06166051570621748,4.5368836237906805e-05,0.07799485325813293,0.045369245052810696,1.309556907096782e-05,0.05405014753341675,0.036919301109654565,6.363028845136001e-06,0.043649256229400635,0.03203070308599207,4.646101815913238e-06,0.03837563097476959,0.02898749466689806,4.14647826144293e-06,0.03511739522218704,0.026997178526861326,3.989080456953682e-06,0.0329899899661541,0.025648180129272596,3.938235265849072e-06,0.03154982253909111,0.024708077991529118,3.9237385070791885e-06,0.030550958588719368,0.024037628597210325,3.922383907410791e-06,0.02984273061156273,0.02355013923749091,3.926855113966097e-06,0.029327793046832085,0.023189503433448926,3.9348247549162125e-06,0.028942156583070755,0.022918056460126998,3.94304545209229e-06,0.028640147298574448,0.022710222603073194,3.947123507464056e-06,0.02839149348437786,0.022548876880180268,3.944026103366234e-06,0.02818187139928341,0.022422868994966386,3.934230168920984e-06,0.02800738997757435,0.0223249008376447,3.921023142573544e-06,0.0278666689991951,0.02224981030892758,3.9079301899387645e-06,0.02775757759809494
345,5,mix_ffn_after_gate,Gaussian,1,0.759124271453373,0.21845113170356198,2.18249249458313,0.20686443646748862,0.002514559594152583,0.32759955525398254,0.10349597202406989,0.00030092885132304646,0.14515596628189087,0.064240871677323,6.473413409017907e-05,0.08407516777515411,0.04554589335171003,1.939694915978347e-05,0.05648107826709747,0.035318486629024384,7.427725692350398e-06,0.04185284674167633,0.029168797183840994,3.6051045082877124e-06,0.03333638235926628,0.025222202112513876,2.2293517554004846e-06,0.028694752603769302,0.022572030239398518,1.697302871481642e-06,0.025599636137485504,0.02073244011354825,1.4839805432340013e-06,0.023470912128686905,0.01942295350489162,1.3981616334719046e-06,0.022063758224248886,0.018472815213340616,1.3639303208794428e-06,0.021136300638318062,0.01777273344082965,1.3488489319960047e-06,0.020428286865353584,0.017249694966252834,1.3390198724910804e-06,0.01998414844274521,0.01685361751902198,1.3295207734707464e-06,0.0196639746427536,0.016549369335056296,1.3198731806864558e-06,0.0194193497300148,0.01631185734674098,1.3110179663935342e-06,0.01922549493610859,0.016123327456178175,1.303373992192628e-06,0.019061148166656494,0.015971866879789604,1.2966898852532271e-06,0.01891227252781391,0.015849919280125982,1.2909110551228354e-06,0.018773499876260757
249,3,self_attn_after_gate,Vertical,1,0.2788241211147535,0.0761616520178081,1.5566356182098389,0.08264648742855542,0.00020836942174513363,0.11842147260904312,0.05604046861094142,5.764296301155381e-05,0.07269853353500366,0.043826507079222844,3.434018824619139e-05,0.05701795220375061,0.03706166174794946,2.6900676306301404e-05,0.04869677126407623,0.03273297195869779,2.3034131273855017e-05,0.04290464147925377,0.02969649262608044,2.0389236430452037e-05,0.039017196744680405,0.027458959510402073,1.8388185808710958e-05,0.03625042364001274,0.025758782106022986,1.6855895135150583e-05,0.03404688462615013,0.02443177785192217,1.567557476445101e-05,0.03235211223363876,0.02336882801342105,1.4747915631728772e-05,0.031257882714271545,0.02249607083106798,1.3998146718783787e-05,0.03033226728439331,0.021763708486798265,1.337669545520866e-05,0.02960103005170822,0.021138657978366292,1.2852450465373441e-05,0.029003992676734924,0.02059873255590598,1.240459327690823e-05,0.028476784005761147,0.020128164440393448,1.2017883004274717e-05,0.028006814420223236,0.019714979676618463,1.1680603183030023e-05,0.027584653347730637,0.0193497570941136,1.138346772032907e-05,0.027203381061553955,0.019024949047773604,1.1118994783599182e-05,0.02685777097940445,0.01873439649445197,1.088120110459019e-05,0.026543667539954185
249,3,self_attn_after_gate,Horizontal,1,0.3675142290100219,0.23547979557564228,2.6789093017578125,0.10089394923240419,0.00021568969744442502,0.14157497882843018,0.07753888292918129,5.3011529995016005e-05,0.09644527733325958,0.06686840632132121,2.7615291818228045e-05,0.07942024618387222,0.06037852049820007,1.9730220681546143e-05,0.07184254378080368,0.05599978891393495,1.657426022717933e-05,0.06675027310848236,0.052836271387244026,1.51081327863624e-05,0.06316593289375305,0.05042546721441405,1.4317718802686017e-05,0.060509730130434036,0.04851194902781456,1.3787725857476181e-05,0.05842101201415062,0.046946084333790675,1.3354162333304362e-05,0.05668298900127411,0.04563506952826939,1.298211551188694e-05,0.055195216089487076,0.044518084102679815,1.2670566966072383e-05,0.05391864478588104,0.04355267790101823,1.2411653899288609e-05,0.05282578617334366,0.042707780937826824,1.2193313718486734e-05,0.05188794434070587,0.04196025401590362,1.2004369283596985e-05,0.051077164709568024,0.04129274680264412,1.1835423926805121e-05,0.05036809295415878,0.04069216336522784,1.1678973145173642e-05,0.04973885044455528,0.040148523532681994,1.1529920161246317e-05,0.0491720475256443,0.03965409377974177,1.1385839512452487e-05,0.0486554279923439,0.039202710997963706,1.1246197031323181e-05,0.048180922865867615
249,3,self_attn_after_gate,Gaussian,1,0.08656492829322815,0.0012122586780617566,0.19238430261611938,0.04047787573838991,3.9856671272540116e-05,0.057522378861904144,0.031040277598159655,1.3449370226104093e-05,0.04131486266851425,0.026921193514551436,8.35925236254339e-06,0.035072095692157745,0.024493112273159482,6.340521096744843e-06,0.032504692673683167,0.022915897950057,5.342928483893384e-06,0.030612792819738388,0.021811903173488283,4.7393183385125014e-06,0.029147515073418617,0.020995511008160456,4.329139321166257e-06,0.02797892317175865,0.020363717709505368,4.024570512461926e-06,0.02703172340989113,0.0198574484813781,3.7861993215617762e-06,0.026254769414663315,0.019441208757814906,3.595103355599612e-06,0.025611521676182747,0.019092542193238696,3.440722904583894e-06,0.025075022131204605,0.018796501962083673,3.316046374276939e-06,0.024624401703476906,0.01854262299953945,3.215627557393625e-06,0.02424299716949463,0.018323226270103264,3.1348385061924723e-06,0.02391749620437622,0.018132463274967103,3.0696486918552974e-06,0.023637477308511734,0.017965746718266652,3.0165908212668625e-06,0.023394975811243057,0.0178193918444098,2.972777309683271e-06,0.023183945566415787,0.01769038000040584,2.9358962143830907e-06,0.02299969084560871,0.017576194323954127,2.9041674876010728e-06,0.022838393226265907
249,3,cross_attn,Vertical,1,0.3408144660412319,0.024820708387273068,1.1791589260101318,0.1659237743606643,0.0008310961974917559,0.2511163651943207,0.12090208062103816,0.0002522669359691589,0.17654135823249817,0.09958934772109228,0.00011059850350134876,0.13613879680633545,0.08725070208311081,5.979215335918281e-05,0.11175244301557541,0.07947772575749291,3.8254455778958035e-05,0.09663783013820648,0.07427466045769435,2.7444084655606147e-05,0.08689822256565094,0.07036002193178449,2.115336875144895e-05,0.08204692602157593,0.06724089798000124,1.8135826855918253e-05,0.07907666265964508,0.06483989847557885,1.6804799231292778e-05,0.07646995782852173,0.06297794380594814,1.6254369839352147e-05,0.07448530942201614,0.0615065854693216,1.612503796430798e-05,0.07300345599651337,0.06031962419076571,1.621953995773823e-05,0.0718533992767334,0.059342148225931896,1.642969136900667e-05,0.07093304395675659,0.05851837034736361,1.6700026810054057e-05,0.0701770931482315,0.05780827709370189,1.6995455338083382e-05,0.06952773034572601,0.05718566619214557,1.7292648524294298e-05,0.06894654035568237,0.056633813513649836,1.7577925274569055e-05,0.06841489672660828,0.05614147234767202,1.784519431250755e-05,0.06792587786912918,0.055700275928728164,1.809304338476655e-05,0.06747704744338989
249,3,cross_attn,Horizontal,1,0.3609303834419402,0.03657156944065932,1.328244924545288,0.18300143924970474,0.0005879502813418592,0.24412742257118225,0.14589255740718235,0.00014185608561371492,0.1736774444580078,0.12898986065198506,6.24922507896513e-05,0.14559423923492432,0.11945747986199363,3.408740656566366e-05,0.13189180195331573,0.11323861730477167,2.066037281209705e-05,0.12357981503009796,0.10895426074663798,1.3648689078285757e-05,0.1172066479921341,0.10587556601043731,9.45337525295588e-06,0.11265475302934647,0.10349287790438486,6.6648844632477084e-06,0.10951266437768936,0.10146970692135039,5.472189810358731e-06,0.1080942153930664,0.09982574151621924,4.830334905708647e-06,0.10653652995824814,0.0985575190612248,4.250554873537819e-06,0.10513009876012802,0.09753966981929446,3.7426838559477458e-06,0.1038462296128273,0.096683569252491,3.320440225923394e-06,0.10245763510465622,0.09595552216919642,2.988595186302495e-06,0.10101845860481262,0.09530692843217699,2.7385325166625944e-06,0.09965255856513977,0.09470820083977684,2.5963502158165687e-06,0.09851767122745514,0.09418524636162652,2.568914851586775e-06,0.09806166589260101,0.09375971449272973,2.616513114407231e-06,0.09822817146778107,0.09342236533051446,2.6650066062687766e-06,0.09831492602825165
249,3,cross_attn,Gaussian,1,0.5037370522816976,0.1344524627407276,2.477271556854248,0.1987526932406047,0.001127701884665024,0.28916776180267334,0.14282574374524373,0.00038292603152987876,0.18920959532260895,0.1142245748686412,0.0001891557682327627,0.1454726755619049,0.09690069253482515,0.00011730646832862704,0.12537913024425507,0.08539316862348527,8.064109545498517e-05,0.1086912453174591,0.07706026484568913,5.796304320043304e-05,0.09583624452352524,0.0709986596826523,4.262206902691552e-05,0.08716945350170135,0.06665171730139899,3.310108664353217e-05,0.08135857433080673,0.06345578915779553,2.696300748112205e-05,0.07762068510055542,0.06105840371714698,2.320683064950371e-05,0.07532641291618347,0.059241455521375413,2.108473098822577e-05,0.07397416234016418,0.05779518163393414,1.9744478951717414e-05,0.07309946417808533,0.05649255287079584,1.8192569163218022e-05,0.0718451738357544,0.05520433879324368,1.6027173862395788e-05,0.06972387433052063,0.05395998592887606,1.3911795224793348e-05,0.06719633936882019,0.05285386161671744,1.239259434021359e-05,0.06492913514375687,0.051926484715843955,1.1344008324169625e-05,0.06308528780937195,0.051159470622974726,1.049822453591599e-05,0.06146933510899544,0.05051462766196993,9.746325733659302e-06,0.05986086279153824
249,3,mix_ffn_after_gate,Vertical,1,0.6429649132584768,0.1344697241571547,1.7389144897460938,0.16428280160540626,0.0019266334585460495,0.2556760013103485,0.07934610090321964,0.00017468137242398574,0.1064983606338501,0.04924858272785232,3.139093990939465e-05,0.061273861676454544,0.03520515507885388,9.112062925253402e-06,0.04172394424676895,0.02752125103558813,4.1541291435893665e-06,0.03152042254805565,0.02287451887414569,2.829787024063786e-06,0.026505086570978165,0.019880393815655557,2.4684188027443393e-06,0.02354450896382332,0.017869178190945634,2.3980043924170155e-06,0.02170676551759243,0.016473690018294348,2.4137387441562863e-06,0.020398259162902832,0.015477910874381898,2.447682490759699e-06,0.019431553781032562,0.01474890603669106,2.481293546017471e-06,0.01870155707001686,0.01420254601786534,2.513524210030991e-06,0.01815769262611866,0.013785793283392512,2.543827629258126e-06,0.017756808549165726,0.013464077996710936,2.5716959402255195e-06,0.017454147338867188,0.013213207575655172,2.597069293968632e-06,0.01721375808119774,0.013016073210608391,2.617868958489796e-06,0.017011156305670738,0.012860904832089704,2.63296177622921e-06,0.01683637872338295,0.012739964036477936,2.6453620205276558e-06,0.016720343381166458,0.012647649761111964,2.6592525365432445e-06,0.01664065010845661
249,3,mix_ffn_after_gate,Horizontal,1,0.7310066639430939,0.1681689962378611,2.002446174621582,0.19933019010793596,0.0023967967164961394,0.2935086488723755,0.10167592137105881,0.0002496362762511301,0.13348287343978882,0.06547254536833082,4.7660701877169206e-05,0.08010264486074448,0.04851304390837276,1.3713639009843955e-05,0.05676170438528061,0.03932634918462662,6.070928769543568e-06,0.04539941996335983,0.03382898846434222,3.992822258579641e-06,0.038885049521923065,0.03031363542236033,3.3612120698701266e-06,0.0348663255572319,0.027956111179221244,3.164396767131739e-06,0.03223559260368347,0.026312616964181263,3.113089158444651e-06,0.03059399127960205,0.025128512155442012,3.115743630975181e-06,0.029467344284057617,0.02425168330470721,3.137957072934521e-06,0.028644772246479988,0.02359076033508967,3.155712315709833e-06,0.028028283268213272,0.023088652463186355,3.1599869801425773e-06,0.02756468951702118,0.02270416785327215,3.155182142563064e-06,0.027212293818593025,0.022406489277879398,3.1451587434668176e-06,0.026939723640680313,0.02217306261734357,3.1345657419316996e-06,0.02672664262354374,0.02198757506197407,3.128983814268521e-06,0.026560062542557716,0.021839015097135588,3.129284373792943e-06,0.026427555829286575,0.021720311796617885,3.1319432326398925e-06,0.026317715644836426
249,3,mix_ffn_after_gate,Gaussian,1,0.9284939070542654,0.3598283902647821,3.015017032623291,0.2228551483343518,0.0032666467822498524,0.3604000508785248,0.10998732182714674,0.0003516743759854446,0.1543715000152588,0.06790356728292647,7.553538218852357e-05,0.08742081373929977,0.04750965115806413,2.356115222793372e-05,0.05757157877087593,0.03615218022513011,9.519714783860674e-06,0.0420251339673996,0.029234790110162327,4.737589680462305e-06,0.03305427357554436,0.024745343223450674,2.8144509703000815e-06,0.027617577463388443,0.021688547488006336,1.9456548093630596e-06,0.024588685482740402,0.019527214830593456,1.5149651240709416e-06,0.02243712916970253,0.0179517971026519,1.2829106879098112e-06,0.0208593662828207,0.0167744251204625,1.1496474510435782e-06,0.019675400108098984,0.015876386403327898,1.0693820345826243e-06,0.018775198608636856,0.015181061826528066,1.0177891680398022e-06,0.018083663657307625,0.014637440945657472,9.816948606608353e-07,0.017545701935887337,0.014209166080469177,9.54683873081961e-07,0.017122406512498856,0.013868985653278373,9.336774876100902e-07,0.016787327826023102,0.013595829717814922,9.172893587372279e-07,0.0165218748152256,0.013373282797161549,9.05327125978289e-07,0.01631227135658264,0.01318948334526448,8.981442388749728e-07,0.016148731112480164
249,4,self_attn_after_gate,Vertical,1,0.221127211456261,0.012543478866754287,0.5278260707855225,0.08327332209973108,0.0002567107395873767,0.13077020645141602,0.05599271458765817,7.188675076851754e-05,0.07846732437610626,0.04371886392907491,3.9002137606167065e-05,0.059155285358428955,0.03667294843092797,2.6688582872046526e-05,0.049033936113119125,0.032075629406978216,2.025748751493044e-05,0.042630188167095184,0.02887415380350181,1.6616303105493515e-05,0.0386880561709404,0.026537919830944803,1.443246767285845e-05,0.03574090451002121,0.024761232621376476,1.3014482931973069e-05,0.033494364470243454,0.023367969112263784,1.202412166004584e-05,0.03172893077135086,0.02225030665951116,1.128378206527455e-05,0.030297555029392242,0.02133703086939123,1.0692790946683725e-05,0.029111752286553383,0.020578477916026874,1.0194995885885643e-05,0.028118642047047615,0.01993932876558531,9.760508235197442e-06,0.027280405163764954,0.019394290618716725,9.372695273419536e-06,0.026674190536141396,0.01892484375645244,9.021465258807848e-06,0.0262464489787817,0.01851694563788081,8.700544984839005e-06,0.025858720764517784,0.01815960653835819,8.40648745604026e-06,0.025504492223262787,0.017844073119617644,8.137971561352205e-06,0.025179337710142136,0.017563343728109013,7.8948249151134e-06,0.024880265817046165
249,4,self_attn_after_gate,Horizontal,1,0.2350265130637184,0.009813280088838272,0.6139422655105591,0.1121825845468612,0.0001598393885177084,0.15002530813217163,0.0863682445552614,5.186098405928397e-05,0.10927628725767136,0.07408635046273943,3.6159380522965856e-05,0.09375665336847305,0.06655079824110818,2.9337660795169333e-05,0.08377538621425629,0.061494958069589406,2.5212237631127112e-05,0.07706567645072937,0.05790749050322033,2.2470199911919402e-05,0.07229605317115784,0.05523719289709651,2.049200534615098e-05,0.06864872574806213,0.05316855870778599,1.9013435392304765e-05,0.06574082374572754,0.05151486662881715,1.7883611008129483e-05,0.0633668452501297,0.05016044716513346,1.7005550765565646e-05,0.06139892339706421,0.04902973091081968,1.6315463211183923e-05,0.05975092947483063,0.04807104057972393,1.5768707210672354e-05,0.05836181342601776,0.047247619382918826,1.5331401509880705e-05,0.057185351848602295,0.04653243383481389,1.4976499836497782e-05,0.05618441849946976,0.04590509465289495,1.4682222106328685e-05,0.055328287184238434,0.0453499470438276,1.4431303869465871e-05,0.05459121614694595,0.044854838105421214,1.421065387145662e-05,0.05401355028152466,0.044410229734485114,1.4010881093290496e-05,0.05349644273519516,0.044008551727211666,1.3825660381023683e-05,0.05302556976675987
249,4,self_attn_after_gate,Gaussian,1,0.8246485077672534,1.1391500504745855,5.369719505310059,0.1498057416507176,0.0010196281101981651,0.25708630681037903,0.09739782826768027,0.00025629295819734604,0.14952602982521057,0.07393124806029457,0.00010946281262124716,0.10728216171264648,0.06041033713827058,5.5323732088202884e-05,0.0816987007856369,0.05162219667718524,3.178647427867279e-05,0.06584300845861435,0.045454267648950455,2.023933840162186e-05,0.05597463995218277,0.04090939740103389,1.3991179531943323e-05,0.04874124750494957,0.03744280616205836,1.0353141730152822e-05,0.04334712028503418,0.03472419842959396,8.114219250098471e-06,0.03955788165330887,0.032540043254220295,6.672368291392829e-06,0.03687473013997078,0.030747142221246446,5.703764176463758e-06,0.03471110016107559,0.029247338247914163,5.024738726610958e-06,0.03293323889374733,0.027972214958733983,4.5279797403199145e-06,0.031443845480680466,0.026873264195663587,4.149678911765884e-06,0.030171388760209084,0.025915414774938236,3.85116345940019e-06,0.029266776517033577,0.025072751862425652,3.6084135815821057e-06,0.028560856357216835,0.02432568690606526,3.406068276352212e-06,0.02790790982544422,0.023659073673780003,3.2340473114677723e-06,0.02729979157447815,0.023060930508469777,3.0855619583245818e-06,0.02673116698861122
249,4,cross_attn,Vertical,1,0.3687351653500209,0.02369557726785016,0.9097579717636108,0.18892064241189804,0.0010441296220558014,0.2763729393482208,0.14170415545739826,0.0002808157901944978,0.18362733721733093,0.12086300930333516,0.0001227268549804502,0.14181850850582123,0.10871531471373543,7.241126040571583e-05,0.126834437251091,0.1010194421997146,5.196645990118355e-05,0.11659581959247589,0.0952565490253388,3.8318166565208215e-05,0.11090217530727386,0.0911535257621417,3.068134961366229e-05,0.10657814890146255,0.08817783542095668,2.7003530470976907e-05,0.10292315483093262,0.0857474755436655,2.4323098124461035e-05,0.09988869726657867,0.08378765341781434,2.215871807306512e-05,0.09722241014242172,0.08222641772221005,2.0772007979140688e-05,0.09490974247455597,0.0809454618701859,1.977827456468959e-05,0.09292274713516235,0.0798849527324949,1.8922253198933933e-05,0.09124934673309326,0.07901020892082698,1.8279576526724668e-05,0.08986305445432663,0.07826810507547288,1.7969450961275267e-05,0.08876445889472961,0.07761588527096643,1.7961223048380573e-05,0.08808271586894989,0.07703110575675964,1.8088574388169183e-05,0.0874357745051384,0.07650480703228996,1.8195118699347797e-05,0.08674519509077072,0.07603280802094747,1.8209411075583642e-05,0.08606384694576263
249,4,cross_attn,Horizontal,1,0.5345145371698198,0.10360288702498324,2.1964917182922363,0.2571576691809155,0.0019025469229065326,0.3589959740638733,0.18971482794436198,0.0004700042773973742,0.24913181364536285,0.15763052753985873,0.00018256823191024646,0.1907275915145874,0.1395869640603898,8.969758912648808e-05,0.16650141775608063,0.1284166615870264,4.9218817092081335e-05,0.15025633573532104,0.12093043303678906,2.9906124151373604e-05,0.13869132101535797,0.11567485001352099,1.9603255551945486e-05,0.13006651401519775,0.11177954160504872,1.3958031176395857e-05,0.12378142774105072,0.10878412555607539,1.0612405636749797e-05,0.11915460228919983,0.10641973548465306,8.408667857016231e-06,0.11533288657665253,0.10450751180686647,7.033560373415702e-06,0.11212612688541412,0.10286245483254629,6.017200700347997e-06,0.10933524370193481,0.10139907234244877,4.928011098373021e-06,0.10702544450759888,0.10014497027510688,3.991944098519181e-06,0.10520341992378235,0.09908621521696212,3.3271661401172875e-06,0.1036398708820343,0.09818110579536074,2.8486756118782254e-06,0.10233276337385178,0.09739997438968175,2.491004383597433e-06,0.10143522918224335,0.09671878767391992,2.2101952438198506e-06,0.10058820247650146,0.09610640517775974,1.9854032445815076e-06,0.09980442374944687
249,4,cross_attn,Gaussian,1,0.5799625813961029,0.34740780829240436,4.370711326599121,0.22987313710507892,0.0017023635745450473,0.34697088599205017,0.16581728853403577,0.0006422880547825208,0.23671603202819824,0.13261639054805513,0.0003308981370622422,0.1822502315044403,0.11204810144882353,0.00018442381094546488,0.15075957775115967,0.09841036240732859,0.00011362343746231596,0.1288599967956543,0.08900125596731429,7.567183105253446e-05,0.11299395561218262,0.0822182766028813,5.459407181851702e-05,0.1014166921377182,0.07718714385751695,4.209921854676414e-05,0.09259282052516937,0.07330379469527139,3.385211823993186e-05,0.08594872057437897,0.07014341232559038,2.7867822672374203e-05,0.08143187314271927,0.06749950337504583,2.351314901082321e-05,0.07782569527626038,0.06532580263557888,2.0760704164948056e-05,0.07493986934423447,0.06353617625104056,1.9131538789097288e-05,0.07252024114131927,0.06203415711957311,1.8171165233024148e-05,0.07037974894046783,0.06075165870170745,1.75169947769915e-05,0.06868834048509598,0.05964707187007344,1.6968672141175912e-05,0.06751783192157745,0.05869717505716142,1.6534924438960902e-05,0.06646786630153656,0.057868155931669565,1.6078267423508235e-05,0.06548773497343063,0.05711150204851514,1.5372174878819238e-05,0.06451454758644104
249,4,mix_ffn_after_gate,Vertical,1,0.7795182755069127,0.19352346890149869,2.3296947479248047,0.2319595818481748,0.0031495422086198284,0.3621852397918701,0.11614530592683762,0.00038201439355867406,0.16028735041618347,0.07141819418895812,8.110342207776765e-05,0.09093251824378967,0.04993078834007657,2.5173642308395156e-05,0.05975908041000366,0.03809946612824523,1.0514409997209785e-05,0.04589349031448364,0.03099297321150227,5.78685899596236e-06,0.03800282999873161,0.026448960756025618,4.022288884434232e-06,0.03292744234204292,0.023396840792090173,3.276887589066974e-06,0.029501691460609436,0.021262824890159425,2.926244008053593e-06,0.027107559144496918,0.01972098518458624,2.7438945469445713e-06,0.025404207408428192,0.018579520004254484,2.6384779535747684e-06,0.02418006956577301,0.017721482094318147,2.5703015846717962e-06,0.023274555802345276,0.017069601128616975,2.521362230565167e-06,0.022579330950975418,0.01656969092668049,2.483781047511663e-06,0.022030718624591827,0.01618251336058454,2.4542654214398348e-06,0.021583469584584236,0.015878429325918358,2.4318277704159185e-06,0.02120489627122879,0.015635060220365486,2.415643787139282e-06,0.020879704505205154,0.015437325004429098,2.403458297966484e-06,0.02060677669942379,0.015276693517253512,2.39271601826006e-06,0.020384585484862328
249,4,mix_ffn_after_gate,Horizontal,1,0.6616123162564778,0.12588911367292582,1.8066096305847168,0.18320557711616395,0.002163186671608028,0.2876666188240051,0.09164350349751729,0.0001975992223695424,0.12367208302021027,0.05977453640292561,3.4640430381279755e-05,0.07302261888980865,0.045361449912426965,1.0388109058879662e-05,0.05160435661673546,0.03765702188488037,5.041106707092269e-06,0.04285565763711929,0.033097801877865714,3.5140402531938748e-06,0.03822452574968338,0.030209313930263593,2.98536020591946e-06,0.035308271646499634,0.02828257947805382,2.7643713212098674e-06,0.03334787115454674,0.026944217848635856,2.656500353252993e-06,0.031971026211977005,0.025985505372758896,2.6032569093141975e-06,0.0309893898665905,0.025284482166171074,2.5737175624336165e-06,0.030271708965301514,0.024762941820044366,2.551955303044692e-06,0.029724206775426865,0.024368184544737378,2.530558476613628e-06,0.029289275407791138,0.024064819461533,2.506395098327373e-06,0.028935734182596207,0.02382905352565031,2.4806552993863935e-06,0.028649182990193367,0.02364496635420928,2.4560964908750484e-06,0.02842077985405922,0.023501475859019492,2.434130320599721e-06,0.02824188396334648,0.02339017651383839,2.4149449709378343e-06,0.028103148564696312,0.02330436995105138,2.3981297625520386e-06,0.02799578383564949
249,4,mix_ffn_after_gate,Gaussian,1,0.7013135561867366,0.15840615328167548,1.9462497234344482,0.19575487834120553,0.0025214960644760628,0.3173268735408783,0.09605643945553946,0.0002790477484662064,0.13257236778736115,0.05818067869496724,5.43241614288121e-05,0.07378507405519485,0.040307953480690245,1.4442942323251707e-05,0.04824192076921463,0.030824763079484303,5.227414101026901e-06,0.03539629280567169,0.025352224707603455,2.696934949607266e-06,0.02909555658698082,0.021983202399005964,1.8978683276748304e-06,0.026000453159213066,0.019801828832853408,1.6052452228118038e-06,0.02388303354382515,0.018333707640450152,1.4775896611952014e-06,0.022353580221533775,0.01731638398967565,1.4135147132232872e-06,0.021211985498666763,0.016592172684059256,1.3842598403359928e-06,0.02035781554877758,0.01605891641820707,1.3798282240736387e-06,0.019739441573619843,0.01565020238714559,1.387788894837061e-06,0.0193113312125206,0.01532756562329947,1.3950474472307737e-06,0.019018709659576416,0.015072009230535182,1.3972174131466573e-06,0.018814269453287125,0.01487323170202592,1.3973598306325872e-06,0.018670862540602684,0.014722311588388586,1.398926474435445e-06,0.018575014546513557,0.014609746117558744,1.4024921051132343e-06,0.018517106771469116,0.014525936399069097,1.4062584568894643e-06,0.01848766952753067
249,5,self_attn_after_gate,Vertical,1,0.35127741216667113,0.21089713730546492,2.4726665019989014,0.07890714415245587,0.00021297247902563502,0.13026227056980133,0.05645010821403019,8.137126997508174e-05,0.08266332745552063,0.0457899094455772,5.0651146289658156e-05,0.06470566987991333,0.0393061006057357,3.730626326592978e-05,0.053872495889663696,0.03492532939546638,3.055424533300608e-05,0.04676292464137077,0.03176951121598009,2.671176897435345e-05,0.04261648282408714,0.02938854537667736,2.427461711722337e-05,0.03948500379920006,0.02752746470154278,2.257840180843516e-05,0.03703073412179947,0.02603433955283392,2.1311937336599194e-05,0.03505856171250343,0.024812665901013782,2.0315514774226875e-05,0.03350827842950821,0.02379709659587769,1.949882444114136e-05,0.032503075897693634,0.02294141287723231,1.8807613524397598e-05,0.0316225066781044,0.022211948705334512,1.8207930519109425e-05,0.030847012996673584,0.021583668444128262,1.7677663258623178e-05,0.030161920934915543,0.021037657715616716,1.7201959567153034e-05,0.029555844143033028,0.02055942364746616,1.677079425005507e-05,0.02901969850063324,0.02013767512130832,1.6377463322974756e-05,0.028545912355184555,0.01976346138805624,1.6017410095043366e-05,0.02812788635492325,0.01942957319792301,1.5687337001251077e-05,0.02775983139872551
249,5,self_attn_after_gate,Horizontal,1,0.16111360111879924,0.002896434812303232,0.4226059019565582,0.08452193356222576,0.00012298930127939067,0.11454881727695465,0.06093913328553003,4.475174969774506e-05,0.07710094004869461,0.05048540530223695,2.9904209541337078e-05,0.06348036974668503,0.044975494581555565,2.4427539134232794e-05,0.05581628531217575,0.04157319233294517,2.131059022601071e-05,0.05182749032974243,0.03923562993960721,1.930912617292997e-05,0.049494676291942596,0.03751644728675721,1.7908835140264407e-05,0.04765404760837555,0.03619397653355485,1.6854060169720275e-05,0.04610667750239372,0.03514232507182492,1.6005329647551047e-05,0.04476744681596756,0.03428378775124512,1.5288276346419005e-05,0.04358942434191704,0.03356801907694529,1.4662642710521152e-05,0.04254264757037163,0.03296112304642087,1.410571641934858e-05,0.0416087843477726,0.032439537494192046,1.3603531058757777e-05,0.040775641798973083,0.03198639312315555,1.3146636312335687e-05,0.04003295302391052,0.03158920905774548,1.2728261541101914e-05,0.039370689541101456,0.031238445805178747,1.2343355310976508e-05,0.0387791246175766,0.03092661195449413,1.1987824695697797e-05,0.03824923187494278,0.030647713365772412,1.165812750646437e-05,0.037772901356220245,0.030396894093543764,1.1351128356318459e-05,0.03734302520751953
249,5,self_attn_after_gate,Gaussian,1,0.11714715073032984,0.0028596514218428297,0.3548712134361267,0.05481874221374118,5.972198391840241e-05,0.07245278358459473,0.04097262604369058,1.8114197954210976e-05,0.049256063997745514,0.03438454629882934,9.606210131610074e-06,0.03970961645245552,0.03057593246182752,7.01395502901535e-06,0.03622188791632652,0.028116848083242538,5.943466770651382e-06,0.03393786400556564,0.026379035904057442,5.3451732804453874e-06,0.032361917197704315,0.025070924489271073,4.9579769459849345e-06,0.03116447478532791,0.024046805465505236,4.683806754885201e-06,0.030178021639585495,0.023222373591528997,4.475155044009537e-06,0.0293219406157732,0.022544114421757442,4.30630942939163e-06,0.02855518087744713,0.02197613531634921,4.162262990503382e-06,0.027855852618813515,0.021493326517797652,4.034358619088646e-06,0.027211656793951988,0.021077512186907586,3.917843353834059e-06,0.026615148410201073,0.020715210645917862,3.8102490310534152e-06,0.026061449199914932,0.020396257676775494,3.7103619372017742e-06,0.025547070428729057,0.02011290183734326,3.6175598255438444e-06,0.025069355964660645,0.019859169033311662,3.5314681170545437e-06,0.024626092985272408,0.019630401291781,3.451781138476513e-06,0.024215318262577057,0.019422915660672717,3.3781968886906e-06,0.023835159838199615
249,5,cross_attn,Vertical,1,0.5263016635463351,0.3125926126107734,4.033343315124512,0.2267740998003218,0.0013333706284664006,0.34196072816848755,0.1816240203759027,0.0005462943997255619,0.2599674463272095,0.1558950020680352,0.0002906151965145518,0.21514222025871277,0.13935129947605587,0.00018216660982372514,0.1884988248348236,0.12761601699250086,0.00012044943390424603,0.16763196885585785,0.11913076397918519,8.489289666269665e-05,0.15197281539440155,0.11276055919745612,6.438887283194305e-05,0.14052969217300415,0.10780582718905948,5.129247869222138e-05,0.13153360784053802,0.10387953193414778,4.256570150320217e-05,0.12434072047472,0.10072468505019233,3.712295354118293e-05,0.11894828081130981,0.09809641942145332,3.344486045230498e-05,0.11486638337373734,0.0958088988822604,2.995646452488923e-05,0.11116747558116913,0.09379770748672031,2.6244737055755467e-05,0.10735201835632324,0.09207967727903336,2.3181446594826008e-05,0.103908009827137,0.0906250278155009,2.1043403557902395e-05,0.10164092481136322,0.08934744317380208,1.940785026793499e-05,0.09962847828865051,0.08815686180004997,1.7804114646540746e-05,0.09774371236562729,0.08702448294276283,1.6218041792320743e-05,0.09594906121492386,0.08598672314768746,1.494589031843779e-05,0.09412375092506409
249,5,cross_attn,Horizontal,1,0.30106070093692294,0.016722648003225933,0.987911581993103,0.17954400915002067,0.0007446168551097709,0.2647319436073303,0.1455340412637544,0.0002148783522496219,0.18824170529842377,0.12926070120126482,9.712077381579674e-05,0.1534823626279831,0.11940446850799379,5.343277916267381e-05,0.13861122727394104,0.11305999744033056,3.3180552479813584e-05,0.12862414121627808,0.10858033289985052,2.16101299240338e-05,0.12035588175058365,0.10535373101158747,1.5593903706849264e-05,0.11474621295928955,0.10291337623955711,1.1611438503733453e-05,0.11011317372322083,0.10103736356610343,8.626882512487238e-06,0.10758200287818909,0.09955284874590617,6.490449332272608e-06,0.10578622668981552,0.09825651016500261,4.8202701774273925e-06,0.10362043231725693,0.0971072195541291,3.6503333046426817e-06,0.10152285546064377,0.09615703908697007,2.9293617469520305e-06,0.10001304745674133,0.09537984383484674,2.4966776437724204e-06,0.09898597002029419,0.09472472197006619,2.213191191708381e-06,0.0982080027461052,0.0941553542774821,1.980610508031809e-06,0.09742873907089233,0.09366275807694784,1.784234426370353e-06,0.09674946963787079,0.09323922946812614,1.6272231183608573e-06,0.09624922275543213,0.09286849756562521,1.461013666092672e-06,0.09564226865768433
249,5,cross_attn,Gaussian,1,0.28344416996789357,0.009870173608799689,0.6089317798614502,0.15539925036922334,0.0007186840699712007,0.22412897646427155,0.11862827884772467,0.0002696035107784159,0.15582142770290375,0.1004805357919799,0.00013998284313893747,0.1299828290939331,0.08903102671343183,8.171937574907773e-05,0.11591582000255585,0.08130388210217158,5.030608772791308e-05,0.10273726284503937,0.07627736528714497,3.454492576809941e-05,0.09471398591995239,0.07266029810148572,2.5702561401735072e-05,0.08857571333646774,0.07000142873989211,2.067167176063808e-05,0.08449247479438782,0.0679577084642554,1.79238678271799e-05,0.08165068924427032,0.06617657219370206,1.5815246349741462e-05,0.07861422002315521,0.06456532134186654,1.3889867780071898e-05,0.07537693530321121,0.06316585365741972,1.2397588978237936e-05,0.07259881496429443,0.06197930984790363,1.1340549111309948e-05,0.0704432800412178,0.06097662437056738,1.054630644522517e-05,0.0687294602394104,0.06013116914601553,9.882796248408272e-06,0.06719695776700974,0.05941731222565212,9.310537072032657e-06,0.06576288491487503,0.05880780861018196,8.817688349448593e-06,0.06520094722509384,0.058275475979797424,8.400239513681918e-06,0.06486926972866058,0.05780064172687985,8.05849996509767e-06,0.06433819234371185
249,5,mix_ffn_after_gate,Vertical,1,0.6946681444607083,0.13266579818115518,1.8844947814941406,0.20765777003197444,0.0022828586384810562,0.3085629940032959,0.10258603651845266,0.0002573641392799718,0.13663099706172943,0.06326903875858064,5.033974595239716e-05,0.07783807814121246,0.04506295316276096,1.6530911537233057e-05,0.053700193762779236,0.035244957736087226,8.641514823337716e-06,0.0421455055475235,0.029393660141125558,6.251031958567568e-06,0.03577809780836105,0.025674251189071035,5.405578261980087e-06,0.031807877123355865,0.023201721853443553,5.081342650950826e-06,0.029217887669801712,0.021502062619205505,4.94307322021547e-06,0.027487628161907196,0.020302569818875148,4.8617031958403145e-06,0.026314619928598404,0.01943860049285586,4.795665386126555e-06,0.025494594126939774,0.018806310385347358,4.737309649524429e-06,0.024903086945414543,0.018337296854172434,4.683042125035217e-06,0.02447155863046646,0.017984405721700382,4.629702545601391e-06,0.02414914220571518,0.017713971524721102,4.578490274723628e-06,0.023891480639576912,0.017501979194108456,4.536419071886214e-06,0.023667093366384506,0.0173323376340762,4.511024324447871e-06,0.023467164486646652,0.017195250528554123,4.502269958169223e-06,0.023298239335417747,0.017084734691750435,4.502755860136691e-06,0.02316344529390335
249,5,mix_ffn_after_gate,Horizontal,1,0.6198501728829884,0.11965339584386317,1.9100346565246582,0.16631499772507047,0.0016035182109087006,0.2577829957008362,0.08534435975173163,0.0001546228031306704,0.11231544613838196,0.0561608321491688,3.4305052026183374e-05,0.0677233412861824,0.042280016319146234,1.2573179519890792e-05,0.04987044632434845,0.03475556342256448,7.049598483010875e-06,0.04148329049348831,0.03034254074806259,5.31208206893721e-06,0.03653963655233383,0.027607060909744293,4.658237956276129e-06,0.033652544021606445,0.02583678380127937,4.372049420459501e-06,0.03180675208568573,0.02464929690200185,4.228093240306415e-06,0.030586188659071922,0.023828056537442736,4.145546296846841e-06,0.02975454553961754,0.023245969432450476,4.098622667508587e-06,0.02917511947453022,0.02282653967775996,4.079370337906871e-06,0.02876870706677437,0.022520854300449766,4.080215491447838e-06,0.028479401022195816,0.02229530787065862,4.092975659567562e-06,0.02826414257287979,0.022126242843648745,4.109328276299988e-06,0.028094224631786346,0.021997296295705297,4.122134796725055e-06,0.027955573052167892,0.02189803176692554,4.1277345053828636e-06,0.027843769639730453,0.02182217196576179,4.1258950884477235e-06,0.027755646035075188,0.021765227828707014,4.1174297590731945e-06,0.027686763554811478
249,5,mix_ffn_after_gate,Gaussian,1,0.543929869693423,0.08336273958865079,1.3067244291305542,0.1376207656567059,0.0012579636874780976,0.22157180309295654,0.06548120566303768,0.00010438384484462642,0.09100937843322754,0.040945153092108076,1.8158695424778298e-05,0.05192532762885094,0.03001081609418468,5.2430491277000656e-06,0.03588759899139404,0.02439984114515403,2.499748913561726e-06,0.02808530256152153,0.021244894801860766,1.7603452203337492e-06,0.02386295422911644,0.01935207045504025,1.524363374711312e-06,0.02191970869898796,0.018159766459748858,1.4424821843420824e-06,0.021015428006649017,0.017375381826053537,1.4154668770705922e-06,0.020462926477193832,0.016833561797818496,1.4057146390609633e-06,0.020078323781490326,0.01644162025066122,1.3933261613963835e-06,0.019744548946619034,0.016152973242458842,1.3728701727010828e-06,0.019422125071287155,0.015944346992505923,1.349710024166842e-06,0.019122518599033356,0.01579857354481069,1.3288544346422771e-06,0.018860552459955215,0.015699380387862522,1.3116189243770918e-06,0.01864010840654373,0.015632164324559862,1.2977030866018155e-06,0.018459457904100418,0.015584755526293837,1.2864512374448074e-06,0.01831463910639286,0.015547813877226814,1.2770867855013284e-06,0.018199678510427475,0.01551510463099158,1.2687998366510633e-06,0.018107224255800247
136,3,self_attn_after_gate,Vertical,1,0.2318225661440501,0.021443260061742898,0.7778850793838501,0.0745475303440813,0.00017967378076410721,0.10448312759399414,0.05107707199123171,4.9929520832487127e-05,0.06876552104949951,0.04101570062930622,3.0680276905067795e-05,0.05555066838860512,0.03535415622450057,2.4941464056743286e-05,0.047748155891895294,0.03169318628571336,2.1970769465741857e-05,0.04230789095163345,0.029127987663424205,2.0018731469274498e-05,0.03841276839375496,0.027230707366788197,1.8578090583216838e-05,0.03553268685936928,0.025765263578957982,1.7416684680168942e-05,0.03359212726354599,0.02459548165400823,1.6446952828102563e-05,0.03239293396472931,0.02364028984355548,1.5654680290089336e-05,0.03142063692212105,0.022846994685038688,1.5021664723406978e-05,0.030681323260068893,0.022178314182729947,1.4517035013751723e-05,0.030055060982704163,0.021607611505758195,1.4110420968584633e-05,0.029514413326978683,0.021115561548088278,1.3775654002096476e-05,0.029039200395345688,0.020687521686629642,1.349281027082179e-05,0.02861770987510681,0.020311915936569374,1.324881512231583e-05,0.028244249522686005,0.019979596256263672,1.3035297326013971e-05,0.027914345264434814,0.019683507670249258,1.2846009662595145e-05,0.027622438967227936,0.019418192894331048,1.2675550077238543e-05,0.027362419292330742
136,3,self_attn_after_gate,Horizontal,1,0.4846589577103418,0.4649800840054738,3.2989325523376465,0.11783148194589312,0.00030695469163320195,0.1551358848810196,0.08773207617184473,5.973983196730921e-05,0.10674026608467102,0.07562482830077882,3.2728470594295495e-05,0.0887320339679718,0.06856470135232759,2.549348720888533e-05,0.07911334931850433,0.0636543081629844,2.232125131538611e-05,0.07342604547739029,0.05997571579757191,2.0587065594753402e-05,0.0694890171289444,0.05709541198753175,1.9472719959047694e-05,0.06644037365913391,0.054765910915439094,1.865723668080244e-05,0.06396546959877014,0.052833691416751774,1.799907162880143e-05,0.06187950819730759,0.05119962251139066,1.7432749357851326e-05,0.06007577106356621,0.049797670649630685,1.6937475560313606e-05,0.05851268023252487,0.04858160651628933,1.651211297238068e-05,0.057341255247592926,0.047517088907105584,1.615326588775416e-05,0.05630869418382645,0.04657752427553374,1.5851454795767318e-05,0.0553877167403698,0.04574183232727505,1.559435179643361e-05,0.05455734580755234,0.0449929970006148,1.536801184994404e-05,0.05380130559206009,0.044317157850379034,1.515723797899424e-05,0.05310647934675217,0.043703186370077585,1.4947458683009603e-05,0.052462656050920486,0.04314258180203892,1.4728269247462264e-05,0.05186300352215767
136,3,self_attn_after_gate,Gaussian,1,0.2512994208742702,0.06772141159742721,1.6878806352615356,0.07524096723350268,0.00016712083830472413,0.1093285083770752,0.05236186051652545,3.569758126843614e-05,0.06812095642089844,0.04253788221450079,1.637710967668826e-05,0.052241042256355286,0.03697838445031454,1.1243397585058138e-05,0.045380257070064545,0.03332926001813677,8.915919056085906e-06,0.04107149690389633,0.030716616128172194,7.501433548729407e-06,0.03826102614402771,0.028736094071988075,6.526641571917477e-06,0.036459147930145264,0.027174316790132297,5.817826944736532e-06,0.03498801589012146,0.025908217750607976,5.290644629913536e-06,0.03374098241329193,0.024862371119005338,4.896703166642776e-06,0.03266622871160507,0.023988231720905456,4.606741856934405e-06,0.03174198791384697,0.02325197465954319,4.399934274811035e-06,0.03095412626862526,0.022627559505284778,4.2566108548729435e-06,0.030284520238637924,0.02209420484446344,4.158471941850454e-06,0.029712948948144913,0.021635421536981114,4.09102368666675e-06,0.02922116219997406,0.021238061732479503,4.043804674343311e-06,0.028794124722480774,0.020891537091561725,4.0094502591797e-06,0.02841980755329132,0.020587277820422537,3.982634704534165e-06,0.028088532388210297,0.020318394556405054,3.959380696884593e-06,0.02779224142432213
136,3,cross_attn,Vertical,1,0.33636332527985646,0.03285841114458922,1.078966498374939,0.16952469306332724,0.0008972483446217255,0.25517261028289795,0.12658921629190445,0.0002617656423888258,0.17048493027687073,0.10529442675529964,0.00011780689870558634,0.13314054906368256,0.09299435395570028,7.602699097440764e-05,0.11444251239299774,0.08495747286175924,5.1536042571483545e-05,0.10134586691856384,0.07936317532781571,4.1245411625883975e-05,0.09548691660165787,0.07516978527345354,3.761548439780222e-05,0.09455696493387222,0.07203093845219839,3.48952905870129e-05,0.09262657910585403,0.06972291350128158,3.228034678365313e-05,0.08932463824748993,0.06784330574529511,2.9591032466224667e-05,0.08525247871875763,0.0661784220664274,2.729124664507665e-05,0.08158057928085327,0.06470963613144935,2.5574734092464858e-05,0.07908133417367935,0.06348984073551875,2.4344671456878924e-05,0.07748328149318695,0.06251684730015104,2.343309293841954e-05,0.07628781348466873,0.06173147503582258,2.2658435768589625e-05,0.07522721588611603,0.061064121269044425,2.1931678147194525e-05,0.07422850281000137,0.06046734785749799,2.1244743243960587e-05,0.0733325406908989,0.05992969160988217,2.0618315513149015e-05,0.07257282733917236,0.0594593689200424,2.0083214528166875e-05,0.07193529605865479
136,3,cross_attn,Horizontal,1,0.30949982030997203,0.02232833131888611,0.8751652240753174,0.16910241899036227,0.000499952051681939,0.22959600389003754,0.1420324339516579,0.0001959107234084253,0.1749880313873291,0.12715434424933933,7.758982908465566e-05,0.1467471718788147,0.11805680926356997,4.4278133595058944e-05,0.13608841598033905,0.11161008973916371,2.851354083189235e-05,0.1281750649213791,0.10754285208762639,2.0138892652635833e-05,0.12231273204088211,0.10478076658078603,1.5240328957596246e-05,0.11719255149364471,0.10270893325408299,1.1976157100304508e-05,0.1125861406326294,0.1009431452978225,9.306543596605806e-06,0.10905815660953522,0.09945460101441732,7.163256392868e-06,0.1064070612192154,0.0982797262924058,5.4821751526980545e-06,0.10430002212524414,0.09729361167502781,4.3224446178389614e-06,0.10262929648160934,0.09641274029300326,3.601912316665112e-06,0.10168060660362244,0.09563386180098095,3.1378373288736833e-06,0.10083481669425964,0.09497573001990242,2.7965333091719886e-06,0.10012838244438171,0.09442931011555687,2.5388491280487722e-06,0.09956586360931396,0.09397998369402355,2.3131420988802963e-06,0.09907093644142151,0.09361647920949119,2.1135265284310685e-06,0.0986848846077919,0.09331801592830628,1.959664582029501e-06,0.09835153073072433
136,3,cross_attn,Gaussian,1,1.063810745401988,3.294009693825227,11.430957794189453,0.2440093881081021,0.0022316232874170475,0.40306010842323303,0.18081785229936478,0.0007656761706161787,0.2820212244987488,0.1478643642058448,0.00040303140032378284,0.21905288100242615,0.1268145873669594,0.0002487514898405743,0.17888528108596802,0.11205860688572838,0.00016740583218972233,0.14997074007987976,0.10118691812432001,0.00012083381048049844,0.12878990173339844,0.09290224041730638,9.176067925845758e-05,0.11365357786417007,0.08639203437737056,7.245041104609076e-05,0.10521367192268372,0.0811650509399081,5.925617623255673e-05,0.097988061606884,0.07691278119408895,5.0036156042660435e-05,0.09245269000530243,0.0734147522894163,4.338391096011815e-05,0.08811289817094803,0.07049814789068132,3.842919434091399e-05,0.08453131467103958,0.068030810722756,3.4584444622517867e-05,0.08154380321502686,0.06591334519168687,3.138758609251205e-05,0.07893286645412445,0.06407471888122104,2.8585484409940327e-05,0.07654356956481934,0.06246675527285016,2.6153651627305952e-05,0.07439355552196503,0.06105725887039351,2.4131607569546028e-05,0.07253382354974747,0.0598190293780395,2.2508292412026137e-05,0.07093934714794159,0.05871991931446015,2.1214112921741982e-05,0.06951841711997986
136,3,mix_ffn_after_gate,Vertical,1,0.8501483750721764,0.22397054170325464,2.53448486328125,0.2462686893958894,0.0033677758583480853,0.37044239044189453,0.12487006364833741,0.00039617579262584855,0.16361553966999054,0.07739780701342083,8.378578126213436e-05,0.09376119077205658,0.05391855768504597,2.5104870998649275e-05,0.06231875345110893,0.04065530640738351,9.934389141878767e-06,0.04564439132809639,0.03249144574834241,5.198216438157331e-06,0.036874234676361084,0.027153549006297475,3.579227138574007e-06,0.03124012053012848,0.02349454170418164,3.0231005639278085e-06,0.0274418406188488,0.02088840361980219,2.8515033392139966e-06,0.02478567697107792,0.018975099755658045,2.8197328268238426e-06,0.022864103317260742,0.01753419903772218,2.838449919527108e-06,0.02154720015823841,0.016424485319663607,2.87368394133534e-06,0.020546266809105873,0.015552991986392982,2.912722157338052e-06,0.0197717547416687,0.014856729257319654,2.9512223017812144e-06,0.019162023440003395,0.014292267047696643,2.9874057586253482e-06,0.01867242529988289,0.013829758065560508,3.0208640771797317e-06,0.01827142760157585,0.013448589614459447,3.0528044962105775e-06,0.01793995499610901,0.013133842778939104,3.084491325806012e-06,0.017667289823293686,0.012873884364371263,3.1152420429318265e-06,0.017444882541894913
136,3,mix_ffn_after_gate,Horizontal,1,0.7506465467195662,0.17340992266886057,1.9490575790405273,0.2102257495834714,0.0023199248414234306,0.31418144702911377,0.11030511416140057,0.00024704226828469296,0.142200767993927,0.07259648931877953,4.97864002262598e-05,0.0871586799621582,0.054014999478582355,1.4796003989324864e-05,0.061868853867053986,0.0435233200708079,6.254619112361625e-06,0.04814869165420532,0.03709411893099073,3.745166497179774e-06,0.04147433862090111,0.03289579141825911,2.937250897508142e-06,0.037242092192173004,0.03001793086647041,2.6887729755535567e-06,0.03440254554152489,0.027971362429005758,2.6381480846167757e-06,0.032397642731666565,0.0264740658717023,2.6579385141867273e-06,0.030928941443562508,0.02535349222284461,2.7001637178684938e-06,0.029825696721673012,0.024498729478745235,2.747675745239198e-06,0.028976527974009514,0.023835640725871875,2.798008171537974e-06,0.02831120789051056,0.023314230439681855,2.850445225492528e-06,0.027785664424300194,0.02290046209144214,2.9005855712413088e-06,0.027370724827051163,0.0225697478486432,2.9445268476483974e-06,0.027046620845794678,0.022303078855787004,2.9799789706063032e-06,0.0268000029027462,0.022085789620639788,3.005226583258641e-06,0.026618152856826782,0.021908179339435365,3.018417728752455e-06,0.02648112177848816
136,3,mix_ffn_after_gate,Gaussian,1,1.0282623067734733,0.3975167704484259,3.289505958557129,0.3007706122265922,0.004584948041489948,0.4613046944141388,0.16417791398744735,0.0006195202303322167,0.22098754346370697,0.10692836320589459,0.00016259077250631234,0.13663572072982788,0.076462793917883,5.771369194819582e-05,0.09521524608135223,0.058215136506727765,2.4811391748249793e-05,0.07154138386249542,0.046416934579610825,1.2298459017171808e-05,0.05661928653717041,0.03837086928505746,6.904718986187933e-06,0.04656950384378433,0.03266208491746395,4.366154654773232e-06,0.0394834466278553,0.028485407343222982,3.0842252624283357e-06,0.03431257605552673,0.02535355043789697,2.393340681845721e-06,0.030429577454924583,0.022957545956448902,1.992664731220651e-06,0.02743716537952423,0.021093966173274175,1.738930115074697e-06,0.02507229708135128,0.01962488747778393,1.5660273252489778e-06,0.02316470257937908,0.018454143186173742,1.4456302448835403e-06,0.021614747121930122,0.01751222832512761,1.3626453337759157e-06,0.02071031741797924,0.01674748354014896,1.30498562781498e-06,0.020058777183294296,0.016121179693275027,1.2628788553552273e-06,0.019522909075021744,0.015603990427085332,1.2289643204579435e-06,0.019070617854595184,0.015173395814758444,1.1983258247376449e-06,0.018678903579711914
136,4,self_attn_after_gate,Vertical,1,0.24652183789109428,0.061757960187598084,1.5278546810150146,0.07840774622228411,0.00019722967251571143,0.11465038359165192,0.05393878654355094,6.599076802924976e-05,0.07805560529232025,0.04270486409465472,3.7505808760489204e-05,0.05948134511709213,0.036528483949719914,2.808489108063077e-05,0.04983314126729965,0.03258534639127671,2.356936437703812e-05,0.04424489662051201,0.029808706943950956,2.1002521426079336e-05,0.04087219014763832,0.02770844285213758,1.927247889636647e-05,0.038891665637493134,0.026041357704098263,1.7986076806581837e-05,0.03730127215385437,0.024675209755225788,1.6971703508362484e-05,0.03592894226312637,0.02353016505875285,1.6141888891659904e-05,0.034696631133556366,0.022556175256059283,1.5452248515546277e-05,0.03358294069766998,0.021720255237250102,1.4873520685219348e-05,0.03258531913161278,0.020997789599710985,1.4377854125404404e-05,0.031697098165750504,0.020368865942434658,1.394060221257645e-05,0.030906258150935173,0.019817375533637546,1.354367595240375e-05,0.030199619010090828,0.01933045902599891,1.3175438687344685e-05,0.02956497110426426,0.01889791114935799,1.2829197668201789e-05,0.028991682454943657,0.018511647018530066,1.2501524412134258e-05,0.02847079001367092,0.01816524575567908,1.2190830141649696e-05,0.02799493446946144
136,4,self_attn_after_gate,Horizontal,1,0.1843544917683753,0.006509446215736943,0.5226398706436157,0.10205984837006009,0.00014679062494312348,0.13974116742610931,0.08203379868988007,5.550722767660435e-05,0.10508552193641663,0.0718320928632267,3.861969293120681e-05,0.09075010567903519,0.06541112656631166,3.15757238510338e-05,0.08193795382976532,0.060999567369146954,2.7501858140084376e-05,0.07608483731746674,0.0577866304370146,2.4776684264268807e-05,0.07196418941020966,0.055331992074137644,2.2621845672086976e-05,0.06882588565349579,0.05338242443071471,2.075931871228292e-05,0.06626953184604645,0.05178861793071505,1.914240012350033e-05,0.06410913169384003,0.050460963140404415,1.7787707696079646e-05,0.062259405851364136,0.04934091611750542,1.6683845008303692e-05,0.060664236545562744,0.048386273935200674,1.5794354115765948e-05,0.05927842855453491,0.04756506278164803,1.5078140926978063e-05,0.058066487312316895,0.04685239925507515,1.449769531009883e-05,0.057000599801540375,0.04622873953647084,1.4021165352178659e-05,0.056058403104543686,0.04567880520508403,1.3622921908443372e-05,0.05522146821022034,0.04519069531843776,1.3283633802476605e-05,0.05447462201118469,0.044755011619556515,1.2989513028020015e-05,0.053805578500032425,0.04436413583064836,1.2730975474102312e-05,0.05320458114147186
136,4,self_attn_after_gate,Gaussian,1,0.6115920598071719,0.9226647445557612,4.410408973693848,0.10128711341392427,0.0003264059105276735,0.15048626065254211,0.07253363864525916,9.606562856351498e-05,0.0970478355884552,0.058604103941766045,4.665385736607785e-05,0.07463175058364868,0.050085897306128155,2.7952566849575534e-05,0.060851044952869415,0.04422148441274961,1.871539720031701e-05,0.05419965088367462,0.039898731878825595,1.3416719819813073e-05,0.04920951649546623,0.03657047627937226,1.0145308167448493e-05,0.04511578381061554,0.03392673422774625,8.059680951846678e-06,0.04178794473409653,0.031774701994089855,6.698351576437773e-06,0.03907910734415054,0.029987734816377124,5.779404400541101e-06,0.03685298562049866,0.02847996090967504,5.127205589375892e-06,0.03499636799097061,0.027191816223046138,4.63563168085029e-06,0.03342133015394211,0.02608077148241656,4.244545243761072e-06,0.032062627375125885,0.025115199298376127,3.9222247419727735e-06,0.03087387979030609,0.024270568634309465,3.652071396620892e-06,0.029822885990142822,0.023527315714293055,3.424174410374233e-06,0.028886787593364716,0.022869623280943385,3.2312637860144364e-06,0.0280483178794384,0.022284590801785863,3.0671996647284997e-06,0.02729349210858345,0.02176161083791937,2.9264260180916958e-06,0.02661019377410412
136,4,cross_attn,Vertical,1,0.3305679176534925,0.021465309168959484,0.891669511795044,0.1682314889298545,0.0007323543523427012,0.2260139286518097,0.12744202015418854,0.00016143723056799922,0.17483583092689514,0.1099192090923824,6.564065508686017e-05,0.14314739406108856,0.10044854642852905,3.424384728118488e-05,0.12205903232097626,0.09470633429194254,2.3699319134298823e-05,0.1100856363773346,0.09057017356630355,1.8962944613507666e-05,0.10157817602157593,0.08763897620023244,1.671947724952435e-05,0.0977514386177063,0.08537530851742578,1.535193821868537e-05,0.09438858926296234,0.08359349247009035,1.4334073689201983e-05,0.0918557271361351,0.08221294648117489,1.366583493874577e-05,0.09060925245285034,0.08114211178488201,1.3301336771463601e-05,0.09009160101413727,0.08027224999571604,1.3054738063472752e-05,0.08968208730220795,0.07953031952418978,1.2804038900936844e-05,0.08924946933984756,0.07888809946321305,1.2543582889481358e-05,0.08880959451198578,0.07833514717363176,1.2309880795044703e-05,0.08840084075927734,0.07786217201796788,1.2126652365549966e-05,0.08804400265216827,0.07745786697145492,1.1998880176774865e-05,0.08774332702159882,0.07710989919446763,1.191911555307612e-05,0.0874919518828392,0.07680678935278029,1.1874755592776459e-05,0.08727788925170898
136,4,cross_attn,Horizontal,1,0.4780884065798351,0.11311305812062081,2.4158482551574707,0.22529529082396674,0.0013945725899328866,0.32307368516921997,0.17827589053010184,0.0005042750061105181,0.24603241682052612,0.15429012832187472,0.0002532920497712911,0.2021877020597458,0.1392926654172322,0.0001425993695918126,0.17383627593517303,0.1292121833752072,8.549114205749435e-05,0.15438339114189148,0.12193163697208677,5.505311189789185e-05,0.14151550829410553,0.11649970639319647,3.65189853879281e-05,0.1333974450826645,0.11234766315846216,2.5415666711381778e-05,0.12702152132987976,0.10905285250572931,1.8397623618899203e-05,0.1216358095407486,0.10641436811004366,1.373387636129019e-05,0.11698544025421143,0.10427780839658919,1.0601343578079167e-05,0.11335580050945282,0.10251818136090324,8.372886631931642e-06,0.1104588508605957,0.10105854781374099,6.728459676457903e-06,0.10814273357391357,0.09983205334061668,5.5348562939299785e-06,0.10635502636432648,0.09875426536041593,4.743989570735038e-06,0.10506060719490051,0.09775723008409379,4.138300651685871e-06,0.10395759344100952,0.09686265507387737,3.542984378175867e-06,0.1026044487953186,0.09609947933091058,3.034244632403826e-06,0.10123343765735626,0.09544829551189665,2.641442504820671e-06,0.10005985200405121
136,4,cross_attn,Gaussian,1,0.28018640123662497,0.011168493883565236,0.6992229223251343,0.1551427235679021,0.0007483715540931435,0.24379301071166992,0.11637000029995329,0.000284170834951507,0.1702306866645813,0.09715203727994647,0.000137030373021558,0.13072025775909424,0.08597793572005771,8.423713585240688e-05,0.10945068299770355,0.07863630153357036,6.012534310708625e-05,0.09807389974594116,0.07322909730294394,4.4054152628740716e-05,0.0890113040804863,0.0694667183690601,3.447529717379621e-05,0.08300022780895233,0.06647043734315843,2.7732528063852768e-05,0.07743816077709198,0.06403062273822134,2.3029668225462268e-05,0.07373297959566116,0.06212446909575235,1.9918950201565236e-05,0.07097413390874863,0.060552222920315604,1.737696936652668e-05,0.06862711906433105,0.059243860403223644,1.5280368299844923e-05,0.06665505468845367,0.05818743767246368,1.3767991532952945e-05,0.06490887701511383,0.057337793329405404,1.2773127196842278e-05,0.063298799097538,0.056669908206141185,1.2407820537101733e-05,0.062421053647994995,0.05615643323177383,1.25067741598277e-05,0.062118396162986755,0.05574356853252366,1.284339249784278e-05,0.06198880821466446,0.055375224422840846,1.3243995384551071e-05,0.061890263110399246,0.055028777333006026,1.3576595904617633e-05,0.06173489987850189
136,4,mix_ffn_after_gate,Vertical,1,1.1590562027598184,0.6323459536122209,4.450316429138184,0.3121903311638605,0.004954219930543749,0.4720291793346405,0.16493370892509582,0.0005432716553292689,0.2164030373096466,0.10672898330385723,0.00012830787157444025,0.13172239065170288,0.07655094989708491,4.4174053573104e-05,0.09126170724630356,0.05856371753745609,1.9110374281185917e-05,0.06757565587759018,0.04691379487751022,9.80116420560491e-06,0.052407000213861465,0.038947972868170054,5.862092343064124e-06,0.043516356498003006,0.033279120005548946,4.037225523001329e-06,0.03775685653090477,0.029118455798616483,3.1321171124097965e-06,0.03358127176761627,0.0259903103467964,2.6610435557499153e-06,0.03047913871705532,0.023592097803004204,2.408920585774304e-06,0.02812441624701023,0.021722770044727932,2.2740102436240746e-06,0.026300886645913124,0.020243902262004596,2.203376122845529e-06,0.02486506476998329,0.019058189251356654,2.1652058262020273e-06,0.02372431382536888,0.018097355754839048,2.1407344786931677e-06,0.022815676406025887,0.017313110863878614,2.122276610519246e-06,0.022087162360548973,0.016669451643431945,2.1080507726569057e-06,0.02149496227502823,0.016138410491366235,2.0976452595047855e-06,0.02100631408393383,0.01569818715668387,2.091130746041975e-06,0.020596738904714584
136,4,mix_ffn_after_gate,Horizontal,1,0.7042617689049433,0.13249833010201684,1.7970995903015137,0.2144624020845171,0.002368861249902249,0.31970492005348206,0.11468297621560475,0.0002929389535670206,0.15294983983039856,0.07490362498968367,6.282389994233393e-05,0.09367580711841583,0.055267720350197384,1.9432292538778672e-05,0.06582316011190414,0.04435016404068659,8.379960102489235e-06,0.05070728808641434,0.037784764336215124,4.94540123950275e-06,0.04311797395348549,0.03359255759370706,3.6845366835022493e-06,0.038768965750932693,0.03077795185030453,3.1529240112908884e-06,0.035853639245033264,0.02880245660032545,2.8945171331396243e-06,0.03379276022315025,0.02735982702246734,2.7437040276836877e-06,0.03227011859416962,0.026274375469675138,2.638297168230886e-06,0.031109653413295746,0.025443904013151213,2.5615637143945658e-06,0.03021455742418766,0.02480064243787811,2.5079143105763354e-06,0.02952372282743454,0.024295569116634035,2.468845188134513e-06,0.028985444456338882,0.02389388537359616,2.436934374940352e-06,0.028562180697917938,0.023570760611503844,2.4079512449190454e-06,0.028230100870132446,0.023308612081030057,2.380481255866695e-06,0.027971789240837097,0.02309506930529125,2.3545870639014303e-06,0.027772407978773117,0.022920799101628954,2.3314079545734698e-06,0.02761910669505596
136,4,mix_ffn_after_gate,Gaussian,1,0.9118807997022357,0.3448273884043114,2.9329710006713867,0.25313539850333383,0.0033287266302013717,0.4059930443763733,0.13149882001536234,0.00043723092402312677,0.18466608226299286,0.0825365147893391,0.00010022130427017145,0.10776327550411224,0.058181268769124196,3.188637915749397e-05,0.07275164127349854,0.04442677652788541,1.2889874367668048e-05,0.05415972322225571,0.03594800761886059,6.398149458427201e-06,0.04308537766337395,0.03037733194373903,3.82840252989555e-06,0.0359225794672966,0.026542031605328833,2.683609230290619e-06,0.031023433431982994,0.023807276513368364,2.1290576712157575e-06,0.027552543208003044,0.02180582882156448,1.8480561967650233e-06,0.02511308155953884,0.020311129471612354,1.700614260320009e-06,0.023653864860534668,0.01917363398723186,1.6230936387483335e-06,0.022504281252622604,0.01828995787553371,1.5866655449862893e-06,0.021597886458039284,0.017586814165706673,1.5716924941290472e-06,0.02089502103626728,0.01701474574113649,1.55986705988837e-06,0.020355485379695892,0.01654494842070909,1.5425943190929287e-06,0.019935231655836105,0.016161944983260974,1.523963109382569e-06,0.019603630527853966,0.015854094177484512,1.5104565150914458e-06,0.019346632063388824,0.015609152230714995,1.5039173728945185e-06,0.01915648765861988
136,5,self_attn_after_gate,Vertical,1,0.4110689259001187,0.3760308255569357,3.057168483734131,0.0845196961410462,0.00020286584621300732,0.12244246155023575,0.05829324017441462,7.009368696778101e-05,0.0840136855840683,0.04684384504244441,4.628538511261227e-05,0.06807093322277069,0.04052543832314393,3.7391936401172926e-05,0.058556631207466125,0.036387347157985445,3.229321913576391e-05,0.052005503326654434,0.03340704845530646,2.9002061324101058e-05,0.047329410910606384,0.03114186641242769,2.675847838297511e-05,0.043876007199287415,0.029358085629249377,2.513281223778809e-05,0.04121648520231247,0.027915701299669252,2.387674904213123e-05,0.039084531366825104,0.02672424637490795,2.285395436320114e-05,0.03732077032327652,0.025722509457005396,2.1992948051147297e-05,0.03582978621125221,0.024867688290893086,2.1255974761003172e-05,0.034559279680252075,0.024129032822591916,2.0620759505805415e-05,0.0338820219039917,0.023483911543966285,2.0071453492922605e-05,0.03327212110161781,0.022915302568839654,1.959516992524836e-05,0.03271777182817459,0.022410168164661005,1.9180906010277475e-05,0.032209623605012894,0.021958387368136927,1.8819544977424927e-05,0.03174017369747162,0.021552030233636735,1.8503912041294134e-05,0.031303517520427704,0.021184839943926486,1.8228456205850354e-05,0.030895452946424484
136,5,self_attn_after_gate,Horizontal,1,0.15825752878472918,0.003946933141819525,0.4455540180206299,0.08791618616808028,0.00011196922896887699,0.10775391757488251,0.06513687903209338,4.839108432486912e-05,0.08058349788188934,0.05381496646811092,3.299141019049557e-05,0.06937827169895172,0.047640772388568,2.7385541600782366e-05,0.06309618800878525,0.04391707920484127,2.5011595091890975e-05,0.058755308389663696,0.04139011985962353,2.3655349082194056e-05,0.05543866753578186,0.03952853207195562,2.2708089982753958e-05,0.05279193073511124,0.03808483046789964,2.1937136131745847e-05,0.05070628598332405,0.036927786404414784,2.124921153823215e-05,0.04941397160291672,0.03597908505489902,2.0608666745207127e-05,0.04826955497264862,0.03518763970997599,1.9999221168477805e-05,0.047244299203157425,0.03451765027074587,1.941048692757262e-05,0.04632246494293213,0.033942798921276655,1.8835588215401834e-05,0.04549404978752136,0.033443516504669944,1.8274765999357878e-05,0.044749122112989426,0.033005360040872816,1.7735749248359765e-05,0.044076234102249146,0.03261758393001935,1.7227740004914987e-05,0.04346428066492081,0.03227196882168452,1.6755981524370516e-05,0.0429038479924202,0.03196206304525572,1.632115646806229e-05,0.042387403547763824,0.031682702757063363,1.59211666176969e-05,0.04190896451473236
136,5,self_attn_after_gate,Gaussian,1,1.1142596015854487,2.8303936204727127,6.546506881713867,0.10053037970312058,0.000211624684507135,0.1433970034122467,0.07616682522117145,6.505334585246397e-05,0.10059607028961182,0.06296531081436173,3.860122197410688e-05,0.0824735015630722,0.05425164582473891,2.746313316326109e-05,0.07202322036027908,0.04815408557889953,2.0979857975594474e-05,0.06450216472148895,0.043694850353021474,1.667800791270162e-05,0.05849331617355347,0.04030238464474678,1.3651588809203221e-05,0.05354880541563034,0.037636335880037335,1.144731828794689e-05,0.049487028270959854,0.035485816823821216,9.797474213424164e-06,0.045986950397491455,0.03371353468133344,8.533190284339058e-06,0.043078839778900146,0.03222627163169876,7.54483303846262e-06,0.04066053777933121,0.03095867700638279,6.759528953550658e-06,0.03860186040401459,0.029863669995277647,6.1276897574199985e-06,0.03682843595743179,0.028906492043345694,5.614616282503105e-06,0.03528277948498726,0.02806098008203128,5.1953027212712725e-06,0.033921048045158386,0.027307212323186888,4.851229177408526e-06,0.032710663974285126,0.026629983491840818,4.568203023034093e-06,0.03162813559174538,0.026017762099703152,4.334708900239894e-06,0.030657116323709488,0.02546176751927724,4.141011996155353e-06,0.030005186796188354
136,5,cross_attn,Vertical,1,0.2582870762026499,0.006589068511505635,0.5453723669052124,0.1603245601531059,0.000702874688703809,0.24281097948551178,0.13007982512788166,0.0002326705755900213,0.16694983839988708,0.11407053163127294,0.00011093570704415698,0.13961252570152283,0.10502900904606259,6.805892361400666e-05,0.12580019235610962,0.09934996837188327,4.367125187362065e-05,0.11512802541255951,0.09532138906301015,2.986555383659793e-05,0.10870508849620819,0.09235638545619117,2.1994859503399178e-05,0.10391823947429657,0.09016089023105682,1.7625186633340494e-05,0.10021800547838211,0.08840067448124053,1.4751990017228179e-05,0.09724219888448715,0.08697034785198787,1.2616411794585546e-05,0.09457628428936005,0.08582015678523079,1.1121071783805404e-05,0.09223393350839615,0.08489303066143913,1.0100500233348467e-05,0.09077508747577667,0.08415423842176559,9.466563472905014e-06,0.09011462330818176,0.08355162162629384,9.097041002793181e-06,0.0896393358707428,0.08302589470431918,8.84973580669888e-06,0.08905410766601562,0.08255717737807168,8.686137288144855e-06,0.08872917294502258,0.0821521867598806,8.626539121817596e-06,0.08844909071922302,0.08180363547234308,8.650109574993893e-06,0.08818558603525162,0.08149919185846571,8.718593536738076e-06,0.0879124253988266
136,5,cross_attn,Horizontal,1,0.43001400194470846,0.17329827893121003,3.0309243202209473,0.19576995122054267,0.0008327504382688385,0.27498769760131836,0.1591095645276327,0.000261355777231661,0.20029190182685852,0.1406291856888741,0.0001241275395621328,0.16578707098960876,0.1293058805758991,7.130854998390396e-05,0.14880605041980743,0.12178331719977516,4.667785348857877e-05,0.13729654252529144,0.11647255044607889,3.34991614745866e-05,0.1291818618774414,0.11248711236412563,2.5199981533454883e-05,0.12331859767436981,0.1093329226686841,1.9298504352350686e-05,0.1188390925526619,0.10681800343214519,1.534831112981508e-05,0.11542919278144836,0.10482125043395966,1.2556680578785643e-05,0.11322061717510223,0.10318730700583685,1.0393321697860157e-05,0.11134970188140869,0.10179328918457031,8.682696131500484e-06,0.1094769686460495,0.10058452070705474,7.3930620200157475e-06,0.10777725279331207,0.09954223261466102,6.465585127149384e-06,0.10637108981609344,0.09861813048048625,5.750900859162771e-06,0.10500065982341766,0.09777852171470248,5.030501702080401e-06,0.10345115512609482,0.09702690761713754,4.258697343654469e-06,0.10193032771348953,0.09637364827924305,3.606155131554096e-06,0.10070660710334778,0.09580601136835795,3.094539393304124e-06,0.09974023699760437
136,5,cross_attn,Gaussian,1,0.25059970361845835,0.019530330154308127,0.8954373598098755,0.13755783060240367,0.0006164315429145219,0.20680713653564453,0.11046736923948167,0.000264026059804187,0.17079713940620422,0.09541927739268258,0.00013650584424543553,0.14722783863544464,0.08640788353624798,7.930779072401711e-05,0.12906000018119812,0.08018228352542907,4.814562587110183e-05,0.11331748962402344,0.07566708314513403,3.220158759981161e-05,0.10147362947463989,0.07238693298801543,2.4056576993616417e-05,0.09312646090984344,0.06984470962058931,1.9158605676336347e-05,0.0864594504237175,0.06782431693540679,1.585939996546135e-05,0.08076785504817963,0.06620351349314053,1.4046057111044652e-05,0.07628145813941956,0.06483832350562489,1.2960397334193841e-05,0.07267124950885773,0.06368924157013969,1.1966569939556484e-05,0.07037395238876343,0.06276369195372339,1.1169518153067307e-05,0.0698644369840622,0.062008345943121684,1.0614693478968942e-05,0.06907537579536438,0.06135361186332173,1.0092517698308482e-05,0.0681670680642128,0.06077041837667662,9.526481785627252e-06,0.06749501079320908,0.06027390423511702,9.027675039207571e-06,0.06679742783308029,0.05984999937197519,8.597980020208461e-06,0.06616412103176117,0.05946690346750002,8.213074396776145e-06,0.0655418336391449
136,5,mix_ffn_after_gate,Vertical,1,1.2808639870749579,0.8794913413296142,4.587546348571777,0.3415027949072066,0.004582127642417431,0.4881863296031952,0.18856050381584774,0.0006616965948696696,0.24613863229751587,0.12260106418813978,0.00016347544208159716,0.15045537054538727,0.0876078349020746,5.309555915492163e-05,0.10216176509857178,0.06681171816492838,2.1248109222279083e-05,0.0747976303100586,0.05348703135100622,1.0604724346009204e-05,0.060161441564559937,0.044462462916733725,6.7300906075035734e-06,0.05060945451259613,0.038083335236897546,5.236869383304421e-06,0.04389624297618866,0.0334189755930787,4.6447003613538325e-06,0.03915822505950928,0.029914743607006376,4.415569535099956e-06,0.03568393737077713,0.02722350371971963,4.335659568142671e-06,0.033007822930812836,0.025119274884225832,4.313115872951337e-06,0.030904296785593033,0.023450245134650716,4.309995088251273e-06,0.02921433188021183,0.022111278677743578,4.313892038097344e-06,0.027834158390760422,0.021026965201137556,4.321486694925518e-06,0.026705972850322723,0.020141455211809704,4.330913103014164e-06,0.025854289531707764,0.01941262711844747,4.340047011306777e-06,0.025159284472465515,0.01880840906902911,4.346453213484491e-06,0.02458273619413376,0.018304196910725698,4.347575209126598e-06,0.024096321314573288
136,5,mix_ffn_after_gate,Horizontal,1,0.6087329316706884,0.08059734998024916,1.6877729892730713,0.2082358631822798,0.0016994809916844537,0.30728644132614136,0.11522935212604583,0.00022974198439753142,0.14994893968105316,0.0759529247879982,5.33946865279256e-05,0.09183866530656815,0.05588711715406842,1.7650584404317906e-05,0.06607723236083984,0.0444260493866981,8.121194402202509e-06,0.05143970996141434,0.03736987024072617,5.1376541731358e-06,0.043478481471538544,0.03278212592242256,4.114841831642504e-06,0.03885721415281296,0.02967109956911632,3.7538553601549647e-06,0.03576388210058212,0.027490743509833774,3.638010453103893e-06,0.033620595932006836,0.025921452110485424,3.6162856245809447e-06,0.032090798020362854,0.02476600454085403,3.629141167347551e-06,0.030967937782406807,0.023898248191154194,3.6540357760021407e-06,0.0301275122910738,0.0232348944991827,3.682942051970935e-06,0.029499609023332596,0.022718980790130676,3.7099372887347058e-06,0.029035966843366623,0.022310586823594002,3.7268285296079567e-06,0.028686504811048508,0.021983431179135565,3.7299032764436527e-06,0.028404608368873596,0.021721495433695732,3.725249400235626e-06,0.028166376054286957,0.021513303534852132,3.7211162893493748e-06,0.02796625718474388,0.02134862645632691,3.7211480790641575e-06,0.02779838815331459
136,5,mix_ffn_after_gate,Gaussian,1,1.3281330759563144,1.1196047673217449,5.318421840667725,0.3478723688731118,0.004215588767661071,0.5060091018676758,0.19798794033981504,0.0006966925072488499,0.26422107219696045,0.13039548837003254,0.00019260970249084354,0.1668596863746643,0.09362303713957469,6.962827549456601e-05,0.11617076396942139,0.07138532329173315,3.012805544606266e-05,0.08632375299930573,0.05699014237948826,1.5059931564736913e-05,0.06732551753520966,0.0471929017276991,8.610813781711365e-06,0.054590724408626556,0.04025113665395313,5.580244861860439e-06,0.04570094496011734,0.035166858148480216,4.02724793296312e-06,0.039275847375392914,0.031339898557653505,3.1648463988904376e-06,0.034492313861846924,0.028393772356803456,2.6511966304687315e-06,0.03107776679098606,0.026083772026357196,2.327550701167572e-06,0.028815001249313354,0.024245880189396087,2.115158543772075e-06,0.0271524079144001,0.02276654254704241,1.972029612657211e-06,0.025822874158620834,0.021564352488706983,1.8736302859665751e-06,0.02475099265575409,0.020579296592918652,1.8045930454719711e-06,0.02387911081314087,0.01976630020709265,1.7549968629356953e-06,0.023163478821516037,0.01909096125099394,1.7182606896044117e-06,0.022570494562387466,0.01852662317336552,1.6898810063523846e-06,0.02207385003566742
