timestep,position,component,gradient_type,kernel_size,epoch_0_mean_loss,epoch_0_var_loss,epoch_0_max_loss,epoch_1_mean_loss,epoch_1_var_loss,epoch_1_max_loss,epoch_2_mean_loss,epoch_2_var_loss,epoch_2_max_loss,epoch_3_mean_loss,epoch_3_var_loss,epoch_3_max_loss,epoch_4_mean_loss,epoch_4_var_loss,epoch_4_max_loss,epoch_5_mean_loss,epoch_5_var_loss,epoch_5_max_loss,epoch_6_mean_loss,epoch_6_var_loss,epoch_6_max_loss,epoch_7_mean_loss,epoch_7_var_loss,epoch_7_max_loss,epoch_8_mean_loss,epoch_8_var_loss,epoch_8_max_loss,epoch_9_mean_loss,epoch_9_var_loss,epoch_9_max_loss,epoch_10_mean_loss,epoch_10_var_loss,epoch_10_max_loss,epoch_11_mean_loss,epoch_11_var_loss,epoch_11_max_loss,epoch_12_mean_loss,epoch_12_var_loss,epoch_12_max_loss,epoch_13_mean_loss,epoch_13_var_loss,epoch_13_max_loss,epoch_14_mean_loss,epoch_14_var_loss,epoch_14_max_loss,epoch_15_mean_loss,epoch_15_var_loss,epoch_15_max_loss,epoch_16_mean_loss,epoch_16_var_loss,epoch_16_max_loss,epoch_17_mean_loss,epoch_17_var_loss,epoch_17_max_loss,epoch_18_mean_loss,epoch_18_var_loss,epoch_18_max_loss,epoch_19_mean_loss,epoch_19_var_loss,epoch_19_max_loss
999,12,self_attn_after_gate,Vertical,1,0.18856883865027202,0.01760069422548663,0.8724827766418457,0.07429103630166205,0.00026279331726026454,0.12362569570541382,0.05265517473693878,0.00011091151347631151,0.08474414050579071,0.04185745445272279,6.037151233775356e-05,0.064217709004879,0.03542211660671802,3.6619816298353446e-05,0.051077183336019516,0.03119400610762929,2.5264002541616966e-05,0.04205133020877838,0.028203078501281283,1.935348960761409e-05,0.03732597082853317,0.025982569163990398,1.5956608531210663e-05,0.0348379909992218,0.02427530043300182,1.3775890961231292e-05,0.033207740634679794,0.022923126875881165,1.2236413886800066e-05,0.031875886023044586,0.021825090287223695,1.1082459073533543e-05,0.030768204480409622,0.020914725175807402,1.018794577970777e-05,0.029825029894709587,0.020146803812138618,9.48035733794095e-06,0.029002079740166664,0.019489602200568668,8.911639637516088e-06,0.02826748415827751,0.01892036000000579,8.447416934269948e-06,0.02759920433163643,0.01842239000908439,8.062308879721862e-06,0.026982534676790237,0.01798322099068808,7.737602754222935e-06,0.02640828862786293,0.017593271645998197,7.459458969545068e-06,0.025870755314826965,0.017244998336074843,7.217612783990192e-06,0.02536648139357567,0.01693229331442761,7.004522910039608e-06,0.024893391877412796
999,12,self_attn_after_gate,Horizontal,1,0.3113827984484415,0.06859482328335946,1.6644375324249268,0.12395032921007701,0.00026327876041780927,0.16945844888687134,0.09976265023625086,7.892752272513232e-05,0.13079486787319183,0.08792906514708958,4.2803174782166526e-05,0.11294538527727127,0.08020258091744922,2.9986661854486673e-05,0.10165011882781982,0.07457993179559708,2.345290276234336e-05,0.09288730472326279,0.07025757834078773,1.952568422489421e-05,0.08555501699447632,0.06680785923723191,1.6996999485945757e-05,0.07937010377645493,0.06397976809077793,1.534920768865487e-05,0.0741720125079155,0.061614635208296395,1.4299912595360476e-05,0.0698297917842865,0.05960615606061996,1.3654819608253835e-05,0.0667923092842102,0.0578796812702739,1.3267756188756591e-05,0.06540293991565704,0.05638011539029696,1.3035361975307392e-05,0.06417442858219147,0.055065250526818016,1.2889877879420582e-05,0.06306212395429611,0.05390224901456681,1.2787805456976754e-05,0.06203697994351387,0.052865415220222776,1.2701538828466387e-05,0.061080679297447205,0.051934548195392366,1.261447138638855e-05,0.06018193066120148,0.05109367294917031,1.2518034437111856e-05,0.059334173798561096,0.05033000203825179,1.2409530832082886e-05,0.05853394418954849,0.04963312055619936,1.2289995333691185e-05,0.057779476046562195
999,12,self_attn_after_gate,Gaussian,1,0.10573468457848306,0.0012749190066583453,0.20891666412353516,0.0534319140253559,0.00017519047310364638,0.10139541327953339,0.03694623176540647,4.3406681241694455e-05,0.05772710591554642,0.02966169850339019,1.8751423062631664e-05,0.04173023998737335,0.02580579902444567,1.121859417860611e-05,0.03447370231151581,0.023413422325300793,8.08158720785499e-06,0.030201753601431847,0.021758244919871526,6.404923139124551e-06,0.028106234967708588,0.02052764885777992,5.361730261039561e-06,0.026344794780015945,0.01956686135085802,4.648082105516302e-06,0.02487177401781082,0.018791319551094185,4.1253072057248695e-06,0.024050164967775345,0.01815008885034966,3.7240416965478926e-06,0.023396022617816925,0.01761011417127318,3.4072209105370803e-06,0.022801633924245834,0.017148555093814456,3.153121728005399e-06,0.02226642146706581,0.016748835273560077,2.947779107211698e-06,0.021787036210298538,0.016398581350961373,2.781552158933942e-06,0.021357860416173935,0.016088451850154097,2.6473665648756776e-06,0.02097230963408947,0.015811369074360718,2.5396916558119204e-06,0.020623989403247833,0.015561937280590571,2.4539640628807144e-06,0.020307350903749466,0.015335999118785063,2.3863028786505933e-06,0.020017828792333603,0.015130305086218175,2.333384923121638e-06,0.019751697778701782
999,12,cross_attn,Vertical,1,0.4460530039809999,0.0724109861621822,1.349079966545105,0.19256489309999678,0.0013388025853200455,0.3322105407714844,0.14923855780609072,0.0004319786044952148,0.21648955345153809,0.12806719009365355,0.0001787483034348214,0.162011057138443,0.11538593234523895,9.655838995720962e-05,0.14029479026794434,0.10741774903403388,5.583210321032635e-05,0.1262732744216919,0.10232215906892504,3.59353489641592e-05,0.11715053021907806,0.09897253177468739,2.472036830978783e-05,0.11189588904380798,0.09653476412807192,1.7876625358574772e-05,0.1082804799079895,0.09480319562412444,1.3579752773379428e-05,0.10554395616054535,0.09341711420861501,1.0693265256562706e-05,0.10321827232837677,0.09240480606991147,8.871828277185161e-06,0.10149173438549042,0.09159361724815672,7.533163927639424e-06,0.10040593147277832,0.09082808593908946,6.638180127369539e-06,0.09982544183731079,0.09019738116434642,6.328055058919772e-06,0.09912540018558502,0.08975133690096083,6.468372190521752e-06,0.09839138388633728,0.08944029668493876,7.004141374875939e-06,0.09785236418247223,0.08920314482280187,7.624425786992187e-06,0.09722010046243668,0.0889829613623165,7.882405590460685e-06,0.09647417068481445,0.08877156059893351,7.695374864717623e-06,0.09581224620342255
999,12,cross_attn,Horizontal,1,0.5812602487821428,0.21771493133696834,3.2528975009918213,0.22682323129404158,0.003003717978879017,0.39291754364967346,0.17064858086052395,0.0008173056502094425,0.2513747215270996,0.14496152126599873,0.0003018223930913083,0.19777745008468628,0.13026605853958736,0.00013579524234038373,0.16922470927238464,0.12088958150337613,7.343800883013031e-05,0.150421142578125,0.11449071930514441,4.514989973364998e-05,0.13752174377441406,0.10987066099094966,3.0262973530516597e-05,0.12818804383277893,0.10645348022854517,2.2084875657711886e-05,0.12084555625915527,0.10378440457677084,1.6766007553512105e-05,0.11484649032354355,0.10161256175192576,1.258567582019147e-05,0.11037105321884155,0.0998966574432358,9.620839850505216e-06,0.10698676109313965,0.09853258622544152,7.535020352731907e-06,0.10486704111099243,0.09738474126373019,5.958117169549862e-06,0.10307684540748596,0.09642062572732804,4.763585086111747e-06,0.10179302841424942,0.0956309935639775,3.8983238274640704e-06,0.10106783360242844,0.09494561985844657,3.2783324700688437e-06,0.10035904496908188,0.0943253364354845,2.7503492926235406e-06,0.09945042431354523,0.09377698659423798,2.3165635851618772e-06,0.09857117384672165,0.0933097435368432,1.9956297115163046e-06,0.09787629544734955
999,12,cross_attn,Gaussian,1,0.6249800525487416,0.2630080992134901,3.6027889251708984,0.211951768587506,0.002663963935486791,0.34883934259414673,0.14367478459127367,0.0007430955855758761,0.20596864819526672,0.11274913970440154,0.0003294006222314504,0.1648315042257309,0.095525028804938,0.0001764419494848407,0.13833558559417725,0.08484899134389938,0.00010253553467553409,0.1180143803358078,0.0777581228268525,6.624393878781677e-05,0.10340797156095505,0.07254615402410901,4.7280848754993996e-05,0.0930771753191948,0.06870229749215974,3.610590389044091e-05,0.08575214445590973,0.06583748278873307,2.8973058000412025e-05,0.08049088716506958,0.06362590489406435,2.4023978300842957e-05,0.07685911655426025,0.06189026234168855,2.047232683147222e-05,0.07379664480686188,0.06049479514596954,1.8011908123736705e-05,0.07124890387058258,0.05934679437251318,1.6450528147724648e-05,0.06917259097099304,0.05838625056166497,1.5307143160318887e-05,0.06765581667423248,0.05758720866981007,1.431011350735953e-05,0.06653574854135513,0.05694642532912512,1.369811602986638e-05,0.06554784625768661,0.056437715533233825,1.3463648650757914e-05,0.06489397585391998,0.056013351631542994,1.332483327613022e-05,0.06476111710071564,0.055649071281391474,1.3006130321511907e-05,0.06445951759815216
999,12,mix_ffn_after_gate,Vertical,1,0.8271088813032422,0.2051975495188676,2.3935468196868896,0.2663766611663122,0.003115352755035108,0.37769824266433716,0.14415246603034793,0.0005586087172839121,0.18868157267570496,0.08935018877188365,0.00014562583432085335,0.1108786016702652,0.06063816436226406,4.8539527347169287e-05,0.07241856306791306,0.04400102545817693,2.0433714005085693e-05,0.051747970283031464,0.03359095518669439,1.0570326092203374e-05,0.039704978466033936,0.026700658014132864,6.44182139959422e-06,0.03241724520921707,0.02194233522528694,4.4293170238522775e-06,0.027316872030496597,0.01854446870348756,3.3357015084868924e-06,0.02352900058031082,0.01605275029405242,2.6942621074162325e-06,0.021070726215839386,0.014186191150829905,2.2967122563439373e-06,0.01948639750480652,0.012763629002230508,2.037065984770029e-06,0.01826826110482216,0.011664443634568698,1.8554689859954008e-06,0.017293263226747513,0.010806000717575587,1.719357102822028e-06,0.01648012362420559,0.010129867417235223,1.6123122866795228e-06,0.015780823305249214,0.009593539265176606,1.5272618348775926e-06,0.015168885700404644,0.009164711379165214,1.4623521077892441e-06,0.014638407155871391,0.008817630265617655,1.4153158657147093e-06,0.014195887371897697,0.008532555500370643,1.3804157743753842e-06,0.013842468149960041
999,12,mix_ffn_after_gate,Horizontal,1,0.8682719894817897,0.24903070530704574,2.3539938926696777,0.24420988370501806,0.0033844609620577596,0.37571287155151367,0.12125556135461443,0.00042128828370505437,0.1612834483385086,0.07295701037796717,9.071303166510555e-05,0.09088502824306488,0.04939675271984131,2.7960329449251195e-05,0.0614713579416275,0.03616661720332645,1.1216352973336334e-05,0.04466885328292847,0.028076776879883948,5.564042982887967e-06,0.034656401723623276,0.022796192132527867,3.2653544096383933e-06,0.028273390606045723,0.0191702392129671,2.1965534113336623e-06,0.023986414074897766,0.016579373355304437,1.630211137847287e-06,0.02092786878347397,0.014678392189717481,1.287905228895443e-06,0.018592238426208496,0.013262143550765894,1.0678557669737008e-06,0.016769135370850563,0.012193030263814662,9.235600705171906e-07,0.015362853184342384,0.01137474708495632,8.301850015425469e-07,0.014299467206001282,0.010738761445123052,7.721523893955889e-07,0.013509534299373627,0.010236517807084417,7.333868102539066e-07,0.012913886457681656,0.00983585702580592,7.026620993440366e-07,0.012447310611605644,0.009514966536135901,6.763126608144196e-07,0.012072421610355377,0.009256903466487687,6.537678138509168e-07,0.011766364797949791,0.009048002417243663,6.355823529521807e-07,0.011513912118971348
999,12,mix_ffn_after_gate,Gaussian,1,0.8583296811769879,0.1781350453796175,2.1731176376342773,0.277352520870784,0.0038409900836399932,0.40954649448394775,0.14510533828583974,0.0005859318304140567,0.19514527916908264,0.0887477934833557,0.00014865898350187627,0.1136661246418953,0.05985658722264426,5.0510301172488894e-05,0.0757710337638855,0.043213623383688546,2.108424284073163e-05,0.05447772890329361,0.03283225384259981,1.0333813305994894e-05,0.04130775108933449,0.02600175343335621,5.733788547857496e-06,0.03256756439805031,0.02134957735145849,3.536335614180363e-06,0.026574667543172836,0.018092402168327852,2.4207748799108914e-06,0.022416427731513977,0.01575129326905996,1.8108697008415995e-06,0.019463252276182175,0.01402948625267498,1.4455528935970332e-06,0.017303481698036194,0.012737038027909067,1.206325026166042e-06,0.01567690446972847,0.01174923928365821,1.0405782277341878e-06,0.014428649097681046,0.010983977496387467,9.259430671933951e-07,0.013469642959535122,0.010385624325228117,8.489017125897937e-07,0.012734847143292427,0.00991407839492673,7.979115079944203e-07,0.012168330140411854,0.009539873117492312,7.648655447904736e-07,0.011747794225811958,0.00924146171688797,7.452135478146661e-07,0.011413658037781715,0.009003244798689608,7.362489767984962e-07,0.011231987737119198
999,13,self_attn_after_gate,Vertical,1,0.18298073349490998,0.016278350696435486,0.8371822834014893,0.07228678518107959,0.0001895713270150529,0.11839279532432556,0.05089038030968772,6.300993313549614e-05,0.0789387971162796,0.04122851108984342,3.785253673580379e-05,0.0603233203291893,0.03549565182673552,2.730621418416101e-05,0.050288207828998566,0.03162671507350982,2.1625222346491767e-05,0.043570682406425476,0.028879000879232845,1.834949564932245e-05,0.038691483438014984,0.02684359314541022,1.6284403481463306e-05,0.03508536517620087,0.025289568222231336,1.4866438675315799e-05,0.03398953750729561,0.02407017181671801,1.3805701894395418e-05,0.03325226157903671,0.023085530315126692,1.2965093416710513e-05,0.03260066360235214,0.022268522057741408,1.2278893986232198e-05,0.03201425448060036,0.02157446535097228,1.1707895273670157e-05,0.031480878591537476,0.020972832431277587,1.122425491710354e-05,0.03099178895354271,0.020442476703061,1.0806668060306298e-05,0.03053988516330719,0.019968730353173755,1.0439010168246725e-05,0.03011920116841793,0.019541447287395833,1.0109664253187247e-05,0.0297248438000679,0.01915349917752402,9.810746935065552e-06,0.029353100806474686,0.018799635995593336,9.537135224515354e-06,0.029001206159591675,0.01847572389635302,9.285560181561626e-06,0.028667140752077103
999,13,self_attn_after_gate,Horizontal,1,0.37280979799845865,0.17854764324980227,2.8598580360412598,0.1178895521258551,0.0003100444141540699,0.15323075652122498,0.08088006091023249,0.00010272893165654279,0.10303112119436264,0.06305354543858105,6.80607517618715e-05,0.08441667258739471,0.052900947630405426,5.511125132920182e-05,0.0729454755783081,0.046318015822815514,4.5182291394386724e-05,0.06453469395637512,0.0416980634724337,3.7083807148433916e-05,0.05776975676417351,0.038289096176860826,3.088227685134453e-05,0.05228748172521591,0.0356785435347803,2.6254899068260907e-05,0.04849328473210335,0.033619483755457966,2.2817167991683734e-05,0.04613161087036133,0.03195518222711389,2.022738226351497e-05,0.04422307386994362,0.030582146393874333,1.823129727820327e-05,0.04263124614953995,0.029430128988765535,1.665971278761705e-05,0.041274867951869965,0.02844985119170613,1.53994409721563e-05,0.04010491073131561,0.027605510006348293,1.4369765833646137e-05,0.039087578654289246,0.02687048716914086,1.3511615828372471e-05,0.03819664940237999,0.02622467131605224,1.2781906141980759e-05,0.037411052733659744,0.02565265866735625,1.2149823890278956e-05,0.03671423718333244,0.025142495564761617,1.1594203903628887e-05,0.0360938161611557,0.024684756343799925,1.1101474161658174e-05,0.035540662705898285
999,13,self_attn_after_gate,Gaussian,1,0.3424300351549709,0.16121161081889077,2.662346363067627,0.08822915632100332,0.0002477171575681389,0.13840463757514954,0.05939655656379367,7.430525690257044e-05,0.07989105582237244,0.04702745032097612,4.259085491009836e-05,0.06249745935201645,0.039883324994690834,2.8899941828820936e-05,0.052574023604393005,0.035113212194234605,2.0894169914775948e-05,0.04706589877605438,0.031701669422170474,1.5966631236100797e-05,0.04305186867713928,0.02915517734511504,1.2855012916174869e-05,0.03977389633655548,0.02718820505672031,1.0800827329300137e-05,0.03705454617738724,0.025623081281544672,9.351369067255682e-06,0.03478801250457764,0.024343638015644892,8.24614993131206e-06,0.03288984298706055,0.02327273055792801,7.34486852380908e-06,0.03127921745181084,0.02236004156016168,6.585705616284044e-06,0.02988492324948311,0.021572521725107752,5.944666659768366e-06,0.02865639142692089,0.020886898011205687,5.406902497345005e-06,0.027562618255615234,0.020285446433320878,4.958021861844082e-06,0.026583928614854813,0.01975402357204566,4.584231539682884e-06,0.025705650448799133,0.019281030854298956,4.273325774213503e-06,0.024915127083659172,0.018856816319009616,4.014973501405915e-06,0.02420070394873619,0.018473391539402424,3.800393608705756e-06,0.02355172112584114
999,13,cross_attn,Vertical,1,0.7837662588036249,0.4240292796739246,4.27669620513916,0.22741404152105724,0.0031097925526512257,0.40394002199172974,0.165551495812242,0.0009425025736829584,0.2538204491138458,0.1381040071211164,0.0004455628958255598,0.1967463493347168,0.12279665730302296,0.00024143206166511158,0.16424807906150818,0.11347653184618268,0.00014680104480710825,0.1479535847902298,0.10733602018583388,9.99126272166415e-05,0.13807760179042816,0.10300719288606493,7.428628350670155e-05,0.12983928620815277,0.09983567006531216,5.8599278217440466e-05,0.1231209933757782,0.0974476013391737,4.8374068254210384e-05,0.11784829199314117,0.09556635717550914,4.147235361698761e-05,0.11378172039985657,0.09398750606037322,3.666033328797951e-05,0.11057377606630325,0.09259261569333455,3.305806014468205e-05,0.10777006298303604,0.09135574894765067,3.0091738941623884e-05,0.10510650277137756,0.09028812959080651,2.766549986529488e-05,0.10262852162122726,0.08938842124882199,2.5841762459915055e-05,0.10043665766716003,0.08864002544728536,2.4552421729181184e-05,0.09855127334594727,0.08801926707937605,2.3654779096889112e-05,0.0970807671546936,0.08750095987130725,2.3035021325615995e-05,0.09585398435592651,0.0870648223965887,2.2640880325050927e-05,0.09553783386945724
999,13,cross_attn,Horizontal,1,0.6069589779963569,0.15545656042424894,2.0503997802734375,0.2194785847077294,0.004503640100685892,0.5876084566116333,0.15759958208553373,0.0008467909347385782,0.30094635486602783,0.13262042947231778,0.00020778592475291922,0.18591776490211487,0.11982080494127577,7.189962309239235e-05,0.14007215201854706,0.11261880220401854,3.647428860294062e-05,0.12802070379257202,0.10807886270303575,2.2705472662851018e-05,0.12043081969022751,0.10499378707673815,1.616590564359684e-05,0.11572258174419403,0.10281285773667079,1.2805543432551446e-05,0.11298102140426636,0.10116927101025505,1.073130193845523e-05,0.11066462099552155,0.0997999684205131,9.132705019753202e-06,0.10855090618133545,0.09856696344084209,7.683254387095311e-06,0.10649259388446808,0.09748228012569367,6.402137264104035e-06,0.10455140471458435,0.09659731943929006,5.333970608225793e-06,0.10288697481155396,0.09590103157929011,4.4565441069161095e-06,0.10154558718204498,0.09534479855071931,3.735989166150902e-06,0.10046593844890594,0.09488541597411745,3.1549768935094435e-06,0.09954187273979187,0.09449523604578441,2.7022381048913077e-06,0.09868468344211578,0.09415208217170504,2.343825515965488e-06,0.09785395860671997,0.09383175900531193,2.0398796168654296e-06,0.09703192114830017
999,13,cross_attn,Gaussian,1,0.5886307649669194,0.2004350703102282,2.424799919128418,0.17054780407084358,0.0014411725857477566,0.2898068428039551,0.12034239915628282,0.0003409733236936242,0.17970891296863556,0.09802959043355215,0.00012667689173511396,0.1351577341556549,0.0857625554005305,6.32883943513822e-05,0.1116601973772049,0.07865433548651045,3.9542301187502004e-05,0.09864198416471481,0.07435125904896903,3.0340216897730544e-05,0.09051252901554108,0.07160439253562972,2.738234717896398e-05,0.08550265431404114,0.0698174260083645,2.7927701320119006e-05,0.08694657683372498,0.06864273051420848,3.0210575640650317e-05,0.08838512748479843,0.06779682866874195,3.2795701338495336e-05,0.0895574688911438,0.06710392242622754,3.505829250531787e-05,0.09037184715270996,0.06648318989882393,3.684958852487783e-05,0.09086722135543823,0.0659083824545618,3.818072545005842e-05,0.09111640602350235,0.06537303783827358,3.909799598255485e-05,0.09117848426103592,0.06487659441809805,3.964861674987142e-05,0.09109361469745636,0.06441919505596161,3.9872070515172505e-05,0.0908890813589096,0.06400148712453388,3.980508280375072e-05,0.0905865803360939,0.06362419705542308,3.948533069420361e-05,0.09020612388849258,0.06328865921213514,3.8956251438496046e-05,0.08976826816797256
999,13,mix_ffn_after_gate,Vertical,1,0.9195639656649696,0.23528013756271993,2.9124958515167236,0.29822222273501137,0.0037748381858570515,0.41792741417884827,0.16267668254791745,0.0006054926658356202,0.21491026878356934,0.10283002600310341,0.0001636125698195615,0.1324419230222702,0.07081961034545822,5.729536312689208e-05,0.08798976242542267,0.05191105509561206,2.480723295560292e-05,0.06340290606021881,0.03984086375151362,1.2648835344812177e-05,0.04880145937204361,0.03171660653537228,7.398896719669683e-06,0.03899426758289337,0.026036950005661873,4.877118018818916e-06,0.03211008384823799,0.02194939503475787,3.5560607156636885e-06,0.027129285037517548,0.01893761343071385,2.8048710165617945e-06,0.023446278646588326,0.01667455297022585,2.3487895705367545e-06,0.020681563764810562,0.014944398849611245,2.0593471493656393e-06,0.018829932436347008,0.01360141196184688,1.8657579932111422e-06,0.01767617091536522,0.012546383775770664,1.7262110879351972e-06,0.016752615571022034,0.011709577004824365,1.6177442020680714e-06,0.01599663868546486,0.011039583884652645,1.5276948007871267e-06,0.015356210991740227,0.010497649584615987,1.4516435472991088e-06,0.01479252241551876,0.010055128603227555,1.3938928533301903e-06,0.014292823150753975,0.009691181873518324,1.358539800031849e-06,0.0138632170855999
999,13,mix_ffn_after_gate,Horizontal,1,0.9705452010745094,0.2631798262565803,2.749208688735962,0.3076649192306731,0.003962008441465392,0.42998480796813965,0.16780188265773985,0.0005775776521305293,0.2135208547115326,0.1079117338808756,0.00015478987612300738,0.1343548595905304,0.07603471359563252,5.907337708637148e-05,0.09497705101966858,0.05698922010404723,2.7491071973873552e-05,0.07068696618080139,0.04473898559808731,1.4662570811364167e-05,0.05465427041053772,0.03640772934470858,8.723126835196266e-06,0.043753139674663544,0.03049243430769633,5.6819035358521156e-06,0.03645828738808632,0.02616027733754544,3.987842008174921e-06,0.03125075250864029,0.022908215248395526,2.9758101085324332e-06,0.02732909470796585,0.02041551580149976,2.3319186393785183e-06,0.024317804723978043,0.018471357456984975,1.8954513676385699e-06,0.021951280534267426,0.01693300882147418,1.5826931543965193e-06,0.02004448138177395,0.01570211256307269,1.3536777965692555e-06,0.018576614558696747,0.014709419127376307,1.1872921033327458e-06,0.017539571970701218,0.013903350495393313,1.0673652260265018e-06,0.016707509756088257,0.013243056597217681,9.817791317610507e-07,0.01603366993367672,0.012694852086641485,9.220241641207883e-07,0.015482347458600998,0.012231509452537885,8.80235538212485e-07,0.015021643601357937
999,13,mix_ffn_after_gate,Gaussian,1,0.716030514429486,0.12409463386490685,1.7717711925506592,0.23148282510893686,0.002772847982312642,0.3554551303386688,0.12310639958059977,0.00045276879820256235,0.17062416672706604,0.07600128461444189,0.00012125351393741433,0.10201862454414368,0.05120612994309456,4.057961981090377e-05,0.06643170863389969,0.03693452447889343,1.6556456500636282e-05,0.046151064336299896,0.0281751263472769,8.197589541097228e-06,0.03513775393366814,0.022490694350193418,4.755868318877544e-06,0.028062235563993454,0.018648732675328142,3.0579195338417093e-06,0.02297908626496792,0.01598574346788819,2.135002382203732e-06,0.019483167678117752,0.014093892131414678,1.6133463827812316e-06,0.01713678427040577,0.012714123767283227,1.3089893131891157e-06,0.015414850786328316,0.011680390271875594,1.1238695091360953e-06,0.014330945909023285,0.010889871045947075,1.0026333067962822e-06,0.013546288944780827,0.010278316436424142,9.165098962878014e-07,0.012926640920341015,0.009800622269274696,8.504645333590247e-07,0.012420516461133957,0.009423318185976573,7.965985438462317e-07,0.012004034593701363,0.009122255598268812,7.52468974848327e-07,0.011668295599520206,0.008881815598301944,7.181029343495944e-07,0.011402945965528488,0.008691969379368756,6.92442531734753e-07,0.011193836107850075
999,14,self_attn_after_gate,Vertical,1,0.4559289940765926,0.05053189291999865,1.4137511253356934,0.17046120455340733,0.002129677663188345,0.30578821897506714,0.10836791897576953,0.0007693933387765685,0.19706544280052185,0.07935479082285411,0.00040516208757877256,0.1441519558429718,0.06267602623455108,0.00023482599463047076,0.11006483435630798,0.0519226880537139,0.0001457575332672745,0.0896611288189888,0.04440692702810916,9.532844690674758e-05,0.07408507168292999,0.03889987384161306,6.568447408957287e-05,0.061731353402137756,0.03475491729165826,4.7789972872259274e-05,0.05289110541343689,0.031571774551319695,3.654572679382418e-05,0.04760415479540825,0.029076010905324468,2.9097524447994804e-05,0.043479032814502716,0.027076621998160605,2.389950914288852e-05,0.04020003229379654,0.025441537478140423,2.0111163017610195e-05,0.037545494735240936,0.024079389219719267,1.7259765445727065e-05,0.03536228835582733,0.022926401169527145,1.5065834322495052e-05,0.03354296088218689,0.021937295735355408,1.3353998640689657e-05,0.03201017901301384,0.0210792063513682,1.2007288404053064e-05,0.030706608667969704,0.020327723540720485,1.0943555329775786e-05,0.029588304460048676,0.019664312505887613,1.0102503087447553e-05,0.02862050011754036,0.019074549942853906,9.437735819830517e-06,0.027774948626756668
999,14,self_attn_after_gate,Horizontal,1,0.8907857125713712,0.5197402858650052,4.780020713806152,0.2856849313728393,0.004505065077026614,0.45757198333740234,0.20038805050509317,0.0017262424325648958,0.3135901391506195,0.15945375131236184,0.0008722105871216549,0.24589437246322632,0.13467750118838417,0.00047102760258345704,0.2013445496559143,0.11842543087781422,0.00027863685537780826,0.16744503378868103,0.10707942987718279,0.00018231861919950376,0.14430376887321472,0.09864515054320531,0.00012930673302327623,0.13012072443962097,0.09203770484716173,9.663442695494923e-05,0.11965973675251007,0.08668986282178334,7.452830887998774e-05,0.11112287640571594,0.08227803546284872,5.871293967190157e-05,0.10383562743663788,0.07858780050088489,4.7089803650612653e-05,0.09755567461252213,0.07546520150370067,3.8459456714729226e-05,0.09213501214981079,0.07279530640632387,3.2035006916042264e-05,0.08744145184755325,0.0704902159197936,2.7251512344427192e-05,0.08334928005933762,0.06848168846160646,2.3689506459874154e-05,0.0797468051314354,0.06671636457008029,2.1037928007741824e-05,0.07654406130313873,0.06515236033333673,1.906681904483991e-05,0.07384201884269714,0.06375669912686424,1.7605311567406933e-05,0.07179117947816849,0.06250320646970992,1.6524759073038322e-05,0.07055673748254776
999,14,self_attn_after_gate,Gaussian,1,0.5720132832962369,0.16132058596168417,1.97412109375,0.1790689376611558,0.0033755140136366127,0.3990953266620636,0.11363768400180907,0.000969892706656763,0.22697120904922485,0.08452372649122798,0.00043815303096708143,0.16121098399162292,0.06859991427451845,0.0002610313505004358,0.12839798629283905,0.05845350523789724,0.0001725539598388331,0.10809217393398285,0.05125472700548551,0.00011890702749045775,0.09235256910324097,0.04579817678128916,8.392068347279532e-05,0.07970170676708221,0.04150437152693196,6.0747094717912536e-05,0.06950266659259796,0.03805101024253028,4.531531746833171e-05,0.06131595000624657,0.03522869376909165,3.4929255607393016e-05,0.05472761392593384,0.03288824894716815,2.786759180033658e-05,0.049386873841285706,0.030918898770496958,2.3029788967916653e-05,0.0450277253985405,0.029237075841852596,1.967667258330207e-05,0.041454389691352844,0.027780441360341177,1.728719878718655e-05,0.03851647675037384,0.026503752384866987,1.549502616521958e-05,0.036089178174734116,0.025374722622689746,1.4060107494057886e-05,0.03406539931893349,0.02437001032133897,1.2842419668690351e-05,0.03270060941576958,0.023472099018002315,1.1770905965139247e-05,0.03171761333942413,0.022667268852865886,1.0814923236059958e-05,0.03095388412475586
999,14,cross_attn,Vertical,1,0.3594897651956195,0.04752322959824429,1.138554573059082,0.1548614493674702,0.001404314102232696,0.2590789794921875,0.12234342299283497,0.00038283272790020755,0.18735721707344055,0.10979604933943067,0.0001819026746764681,0.15496067702770233,0.10375175696043741,0.0001134116120569,0.1377229541540146,0.10025069377725086,7.948338707340284e-05,0.12715208530426025,0.09757543946542437,5.943760582354761e-05,0.12064014375209808,0.09553729411628512,4.6089724003404055e-05,0.11407601833343506,0.09398457431603992,3.6966181654787104e-05,0.10950403660535812,0.09278144060619294,3.064971130436309e-05,0.1065613180398941,0.09182948985743145,2.5979853814960797e-05,0.1043345034122467,0.09104920699009819,2.2456501033865933e-05,0.10218309611082077,0.09038298707159739,1.9789014017355463e-05,0.10031180083751678,0.08980699131886165,1.7861488675014886e-05,0.099383145570755,0.08933389245990724,1.6638287656736744e-05,0.09852035343647003,0.08897566736217528,1.6015629713719708e-05,0.09772934019565582,0.08871885992231823,1.5828151789491578e-05,0.09698450565338135,0.08853564541491252,1.5916695104812703e-05,0.09644470363855362,0.08839793113015947,1.6148799599476104e-05,0.09619084000587463,0.0882877546643454,1.6442640283677528e-05,0.0958728939294815
999,14,cross_attn,Horizontal,1,0.8777107752504802,1.5428538765804507,8.65384292602539,0.21031757574232798,0.0050649027015986945,0.41688254475593567,0.163807682929531,0.0020464589898969324,0.3216456472873688,0.14172631454846216,0.0009573661464667504,0.2667520046234131,0.12865820503424083,0.0004890047219887141,0.2242298275232315,0.120167323284679,0.00027203360612766984,0.19015377759933472,0.11429730814600748,0.00016168883077984547,0.16349680721759796,0.10998961861644473,0.00010203159968266735,0.143721342086792,0.1067252881706707,6.798921403006664e-05,0.1305355429649353,0.10421753402740236,4.765769430362031e-05,0.12450781464576721,0.10224229026408423,3.495990372765852e-05,0.11939094215631485,0.10063962768467646,2.6721783856924163e-05,0.1152133047580719,0.09931463866479813,2.1222372098211267e-05,0.1129102110862732,0.09821843899904735,1.733826180354736e-05,0.11070644855499268,0.09731712795439221,1.4370867680543444e-05,0.10843424499034882,0.09657517915207242,1.199535703616174e-05,0.10686307400465012,0.09595427342823573,1.0038089190483991e-05,0.10542125999927521,0.09541468996377218,8.426288898955049e-06,0.1038115918636322,0.09492805422771544,7.188923791006275e-06,0.1023859828710556,0.09448992650187205,6.301744092828306e-06,0.10245940834283829
999,14,cross_attn,Gaussian,1,0.42921382815591874,0.11507916772895418,1.4093239307403564,0.14190831934175793,0.0023770865069510194,0.311253160238266,0.09791505336761475,0.0004451582734041434,0.16907909512519836,0.08166046239553935,0.00015816588894583815,0.11233289539813995,0.07365936478452077,7.645622599373573e-05,0.09597554057836533,0.06862797239233577,4.6314809246138874e-05,0.08551934361457825,0.06526404583737963,3.240993558020885e-05,0.07872653007507324,0.06299452625569843,2.498736665803229e-05,0.07460126280784607,0.06136375103914549,2.102414853648288e-05,0.07160702347755432,0.060121246391818636,1.857443882610682e-05,0.07070069760084152,0.05916322253289677,1.7077438036320194e-05,0.07008315622806549,0.05840724174465452,1.621681637393537e-05,0.0695197582244873,0.0577809697105771,1.5633072241912723e-05,0.06895928084850311,0.057262833570204084,1.5200499261708393e-05,0.06838684529066086,0.056869908398579035,1.5056000823430963e-05,0.06788531690835953,0.056589914278851614,1.510427546865079e-05,0.06748832762241364,0.056392130515878165,1.510765716900811e-05,0.06715806573629379,0.05624334342659466,1.4946275598908946e-05,0.06682430952787399,0.05612052368029716,1.4711985013171833e-05,0.06643013656139374,0.05601439418064223,1.4530548941922498e-05,0.06597670167684555
999,14,mix_ffn_after_gate,Vertical,1,1.2081954753588116,0.666812854396466,4.466300010681152,0.3923709037758055,0.005014688123108603,0.5265127420425415,0.2336576067739063,0.0010582291731691983,0.29183655977249146,0.1563326505914567,0.00035452674327530787,0.1923978179693222,0.11138043966558245,0.00014276139088752838,0.13549908995628357,0.08308556924263637,6.610232521683053e-05,0.0998421311378479,0.0642749352587594,3.426170165192886e-05,0.0762825459241867,0.05123157568630718,1.947101582136355e-05,0.06012541800737381,0.04187940498666158,1.195957757166984e-05,0.04897642880678177,0.03498691817124685,7.880443698569192e-06,0.041118551045656204,0.02979006760177158,5.554768882831919e-06,0.03518257290124893,0.025797028242359087,4.1707950038876996e-06,0.030620303004980087,0.022679180586858402,3.3096537968896272e-06,0.02706245705485344,0.020209907687136104,2.7474544016949554e-06,0.02426188625395298,0.018229117853537438,2.3622382883429467e-06,0.02229057252407074,0.016621730674708648,2.0874273050721193e-06,0.02067950740456581,0.015304059056299073,1.88624243768584e-06,0.01934734359383583,0.014214461270187582,1.7366890176256896e-06,0.01823083683848381,0.013306577423853534,1.623843499525289e-06,0.017282702028751373,0.012544785788844503,1.5367846896287471e-06,0.01646745204925537
999,14,mix_ffn_after_gate,Horizontal,1,0.8047605014982677,0.17341671728905858,2.047638177871704,0.24761873885752664,0.002871055175525893,0.34611809253692627,0.1333738165715384,0.00040604025512858187,0.17066067457199097,0.0859669487154673,0.0001049192393287845,0.1053299754858017,0.06120754009674466,3.813386227516936e-05,0.07277332246303558,0.046466991009693294,1.7134881889583758e-05,0.05424990877509117,0.036979686380142256,9.038341782843049e-06,0.042925164103507996,0.030561728964722347,5.498934747295014e-06,0.03540199622511864,0.02603433665538591,3.7518961837906636e-06,0.03013698384165764,0.02272747832513045,2.8053491191245516e-06,0.02655561827123165,0.020247520080634525,2.2561929802346887e-06,0.02389046549797058,0.018354634754359722,1.9152922308782877e-06,0.0218702033162117,0.01688938754950724,1.6922886334664558e-06,0.020311158150434494,0.015739544442603514,1.5404862824406557e-06,0.01909244805574417,0.01482538404386668,1.4326213656201414e-06,0.01812732219696045,0.01408989161312107,1.3513150288069988e-06,0.017348622903227806,0.013492978665800322,1.2872620985087634e-06,0.01671118289232254,0.013006180997878786,1.2362559115115282e-06,0.016189079731702805,0.01260834475535722,1.1950269751498879e-06,0.015762880444526672,0.012283646250291476,1.160383341669062e-06,0.015414596535265446
999,14,mix_ffn_after_gate,Gaussian,1,0.827162294160752,0.21065695066725246,2.6460013389587402,0.2554673571435232,0.003567820882727781,0.3911396265029907,0.1353261475525205,0.0005491822600668821,0.1886748969554901,0.085124999757797,0.0001441495747313337,0.1107819676399231,0.05910739196198327,5.1642379641412306e-05,0.07425199449062347,0.04383735926378341,2.3166917159128952e-05,0.0550396665930748,0.03413206575408814,1.2307744977622693e-05,0.042708076536655426,0.02761869111822711,7.421274657320559e-06,0.03436566889286041,0.023061223948995273,4.936326602625594e-06,0.028544146567583084,0.01976530197712164,3.537761769039338e-06,0.02438594587147236,0.017318477898481347,2.6873565742427572e-06,0.021357912570238113,0.015464338902679701,2.144016610949108e-06,0.019107941538095474,0.014035719106831247,1.7833625209978177e-06,0.01740438863635063,0.012918296890954176,1.5324039583619324e-06,0.016089029610157013,0.012032111796240011,1.346558712998218e-06,0.015046386979520321,0.01132122999323266,1.2023388671654734e-06,0.014196820557117462,0.010746743456120528,1.092255543695193e-06,0.013497811742126942,0.010280548018359002,1.0114666647636683e-06,0.012926574796438217,0.009900799228085412,9.522135949972702e-07,0.01245936844497919,0.00959010190138268,9.079424843615243e-07,0.012072060257196426
982,12,self_attn_after_gate,Vertical,1,0.4352895603293464,0.25804404996933805,2.7369542121887207,0.12132211656324447,0.0006098382674805487,0.17672288417816162,0.08163636437957249,0.00022362590315635979,0.11925775557756424,0.06209168583154678,0.0001191329980585976,0.09049838781356812,0.051051988902073055,7.556097890075611e-05,0.07364259660243988,0.044119906626523486,5.362707760958904e-05,0.06228811293840408,0.03938891407516268,4.133337126534214e-05,0.0540681928396225,0.03594553813574806,3.3473113199613965e-05,0.04870416969060898,0.03330990896811561,2.786994061895579e-05,0.044969797134399414,0.031213576742817484,2.3704199929270132e-05,0.04192228242754936,0.02949860730459766,2.0602011275263445e-05,0.03940201550722122,0.02806628205709987,1.8292780674716973e-05,0.03730323910713196,0.02685106276637978,1.6556094355734975e-05,0.03554462268948555,0.02580722773240672,1.5224542195083458e-05,0.034061238169670105,0.0249014464872224,1.4177730213102692e-05,0.03290310129523277,0.024108395660443913,1.3330433213033711e-05,0.03189616650342941,0.02340819417602486,1.2622261719603907e-05,0.030995968729257584,0.022784917245781612,1.2010466974173152e-05,0.030231667682528496,0.02222576527486718,1.146559420986299e-05,0.029509421437978745,0.021720531884403455,1.0968672222229547e-05,0.028825504705309868
982,12,self_attn_after_gate,Horizontal,1,0.18253391898340648,0.0030019628938691423,0.35571762919425964,0.11072638950177602,0.00011352444102500328,0.13500766456127167,0.0908552919115339,4.777535368858467e-05,0.10491597652435303,0.08005998886766888,3.154243636788594e-05,0.09163297712802887,0.07329275187045808,2.4713108108501357e-05,0.08462263643741608,0.06866951901761312,2.1087779778351187e-05,0.07953409850597382,0.06532781973244652,1.90516914608967e-05,0.07559047639369965,0.06280436260359627,1.786053812014877e-05,0.07242065668106079,0.060829362639832116,1.7123027437339556e-05,0.06981063634157181,0.05923633803687398,1.663597957179286e-05,0.067623570561409,0.057918281545714725,1.629502081899807e-05,0.06589074432849884,0.05680422455308929,1.6044529290195027e-05,0.06491201370954514,0.055845836798350014,1.58525140472572e-05,0.06401669979095459,0.055009329188910744,1.5698837104854318e-05,0.06318764388561249,0.05427046965748545,1.5570176199985932e-05,0.06241618096828461,0.05361141660620296,1.54574185649437e-05,0.06169712543487549,0.05301873663824702,1.5354545816442783e-05,0.06102650612592697,0.052482037317185176,1.5257428364378548e-05,0.060412853956222534,0.05199313814204837,1.5163447408766684e-05,0.05992598831653595,0.051545460959748615,1.507088468964132e-05,0.059463001787662506
982,12,self_attn_after_gate,Gaussian,1,0.19508116089162372,0.016100435344749184,0.7387043237686157,0.073728316182655,0.00030936028508989473,0.1453857123851776,0.04968683871011886,8.925573130453746e-05,0.0924689918756485,0.038927183116948795,4.043874779093143e-05,0.06540108472108841,0.033004941418766975,2.4301678706088736e-05,0.0505540668964386,0.02927387606293436,1.690074798097622e-05,0.0413152277469635,0.026707927149439616,1.2806867110091433e-05,0.03581209480762482,0.024831286468912684,1.0239505181425273e-05,0.03308507800102234,0.02339448534425289,8.475954294031085e-06,0.030813854187726974,0.02225414506854519,7.1895913206256825e-06,0.028746597468852997,0.02132273515656827,6.219623985280456e-06,0.026869673281908035,0.020544173742925362,5.476689970415518e-06,0.025364575907588005,0.01988133705324597,4.903533955935873e-06,0.024388626217842102,0.01930900737051926,4.458380671745571e-06,0.023572929203510284,0.01880948774753109,4.108846741344303e-06,0.022875148802995682,0.018369839674541876,3.829952643478798e-06,0.02226526476442814,0.01798021975195124,3.603012719727763e-06,0.021722637116909027,0.017632885156051506,3.4144467822239347e-06,0.02123342826962471,0.01732160375704841,3.254615524405261e-06,0.020788440480828285,0.017041278012569935,3.116773731652559e-06,0.020381487905979156
982,12,cross_attn,Vertical,1,0.4797618313441201,0.06220302195603059,1.178261160850525,0.20062272558136593,0.001436871866114078,0.3060377538204193,0.14833798271323007,0.0003876767364548803,0.2102569341659546,0.12592698882023493,0.00014996053380081053,0.15941748023033142,0.11437837164553386,7.718054630559904e-05,0.13585665822029114,0.10755508416701877,4.687009329639392e-05,0.12357586622238159,0.10300033515880978,3.179445883027034e-05,0.11539503186941147,0.09967921118414591,2.2246228023918934e-05,0.11055021733045578,0.09736519602556078,1.6514426951228517e-05,0.10651101917028427,0.0955884304075014,1.2512516075225434e-05,0.1034015491604805,0.09428474437149745,1.0256556975823928e-05,0.10148899257183075,0.0933500485760825,9.178167068168657e-06,0.10055951774120331,0.09259443150626288,8.506078897004187e-06,0.0997595563530922,0.09194014079514004,7.87371023539004e-06,0.09897282719612122,0.09139140908207212,7.423080487699501e-06,0.09876136481761932,0.09092391991899126,7.133541137782162e-06,0.09861673414707184,0.09052023102366735,6.952825400301067e-06,0.09849277138710022,0.09017018559906217,6.8469006334099975e-06,0.09837326407432556,0.0898664201062823,6.797461495163619e-06,0.09825922548770905,0.08960249097574324,6.793517632480113e-06,0.098154716193676
982,12,cross_attn,Horizontal,1,0.5658944523523725,0.2111294573790339,3.2805984020233154,0.23730774886078304,0.0021058577111828297,0.4039803147315979,0.17822763891447158,0.0005714666628165728,0.25788506865501404,0.15055095132381197,0.0002697036435224249,0.19619867205619812,0.13470784515615494,0.00015877707351479855,0.16829608380794525,0.12451291403600148,0.00010168033561518057,0.15054120123386383,0.11746606242562098,6.786319744675338e-05,0.13813990354537964,0.11235602010810186,4.677543241389454e-05,0.12893782556056976,0.10850963244835536,3.308361778611404e-05,0.12193772196769714,0.10552035650563618,2.4046090738685093e-05,0.11744603514671326,0.10315586188955912,1.7934901244728865e-05,0.11372238397598267,0.10125169039718689,1.3510245896337693e-05,0.11058371514081955,0.09969202866629949,1.0264919333737811e-05,0.10785715281963348,0.09839561983706459,7.963968941717278e-06,0.10549376904964447,0.09731883011640065,6.324519321891202e-06,0.103504478931427,0.09639652463651839,5.09647722164099e-06,0.10186027735471725,0.09558161963073034,4.119614678419304e-06,0.10038956999778748,0.0948862571801458,3.316299872966715e-06,0.09938302636146545,0.09429729540669729,2.6840474182427087e-06,0.09848766028881073,0.09378677003440403,2.1916721225642963e-06,0.09769785404205322
982,12,cross_attn,Gaussian,1,0.4155173138493583,0.0406920327786754,1.0970090627670288,0.16503124743226974,0.0010990525669573078,0.29952841997146606,0.11275493708394822,0.0002959074904914294,0.19439652562141418,0.09131988575534215,0.0001578177722276059,0.1541062593460083,0.08059739297817624,9.909566376791852e-05,0.1301308423280716,0.07422837071002476,6.763887684685511e-05,0.11230233311653137,0.06996233802702692,4.78407335670736e-05,0.09839741885662079,0.06686495871297897,3.7569823583594185e-05,0.0875881016254425,0.06445667035286388,3.0290868474056017e-05,0.08003159612417221,0.06271638869056625,2.610137506777221e-05,0.07481876015663147,0.06143444001911178,2.4013529799599803e-05,0.0710223987698555,0.060490392089363125,2.2299152647292604e-05,0.06961123645305634,0.05977999081923848,2.0470658680874657e-05,0.06840027868747711,0.05922847477689622,1.9073405315208305e-05,0.06774561107158661,0.05882013447227932,1.8469342827263477e-05,0.06762446463108063,0.0584706583666423,1.830820127418387e-05,0.0676722452044487,0.05810943080319299,1.8217855562379486e-05,0.06760305166244507,0.0577333067499456,1.8065177783330413e-05,0.06738496571779251,0.05736819051560901,1.7868283070845863e-05,0.06709272414445877,0.05703169391268775,1.7662957164266888e-05,0.06678485870361328
982,12,mix_ffn_after_gate,Vertical,1,0.9591849219231379,0.2609181517011554,2.819021463394165,0.3003795894365462,0.004135716826748138,0.45641276240348816,0.16384620846263945,0.0006342124756058337,0.21707935631275177,0.10376793796580935,0.00017326348855158655,0.12922458350658417,0.07141771551872057,6.247956076076651e-05,0.08519735932350159,0.05211102619530663,2.6960880394324188e-05,0.060992635786533356,0.039810349189099814,1.3529288361597921e-05,0.04675532504916191,0.03160227773090204,7.814508285698533e-06,0.0378350093960762,0.025926877995805134,5.128740552452033e-06,0.03165164589881897,0.02188851243801533,3.751426130861811e-06,0.02722373604774475,0.018945353312624827,2.984440660125652e-06,0.02397417463362217,0.016757587621372843,2.5238563616570105e-06,0.02154882811009884,0.015105329128721404,2.2310881458559164e-06,0.019942425191402435,0.013840344512746447,2.037078679001863e-06,0.01879080757498741,0.012859447519221003,1.9042934399849993e-06,0.01790664903819561,0.012089769932485762,1.8121166571590433e-06,0.017231635749340057,0.011479218002586137,1.7492343095387724e-06,0.016724059358239174,0.010990175522036023,1.7081106243816104e-06,0.016344795003533363,0.010595369788389358,1.6812535320944964e-06,0.01605069637298584,0.01027484561893202,1.6612756271774342e-06,0.015803921967744827
982,12,mix_ffn_after_gate,Horizontal,1,0.7168525987201266,0.13096622888746265,1.8663809299468994,0.2227821328810283,0.0024053518042696917,0.33843398094177246,0.11433117304529462,0.00034203802220396915,0.1558048278093338,0.06934438894192378,8.419868609067156e-05,0.08905572444200516,0.04669997657811831,2.758514326744123e-05,0.0593874566257,0.03400367193870128,1.0956249831673146e-05,0.04369812458753586,0.02639860763318009,5.31734872270341e-06,0.034084469079971313,0.021602909952875168,3.1691160323263364e-06,0.02792096883058548,0.01845406856210459,2.2607145078357306e-06,0.023812267929315567,0.016325338876673152,1.84243896561231e-06,0.021039079874753952,0.01484676320401449,1.633390371831824e-06,0.01916184276342392,0.013788875266318284,1.5263319183368075e-06,0.017871491611003876,0.013002435381095561,1.471891458538647e-06,0.01695946976542473,0.012390661230754284,1.4354244945807412e-06,0.01627824455499649,0.011901385328244595,1.401718004682379e-06,0.015742197632789612,0.011511881909673177,1.375043419943518e-06,0.015318573452532291,0.011206963676072303,1.3588279105741836e-06,0.014988921582698822,0.01097089976131443,1.3498731916679255e-06,0.014730335213243961,0.010789723992939032,1.3447784095001846e-06,0.014521777629852295,0.010652953137954077,1.3425426859351769e-06,0.014349627308547497
982,12,mix_ffn_after_gate,Gaussian,1,0.8482810533235944,0.1807109229434813,2.248476028442383,0.26728385284779566,0.0031513375065581693,0.3813098073005676,0.14203031751371564,0.0004944740926359811,0.18660438060760498,0.08787933488686879,0.0001342091268316622,0.11271148175001144,0.059433725263391225,4.859285547660162e-05,0.07498375326395035,0.04297009122277063,2.1292103244876836e-05,0.05323566123843193,0.032779992838937136,1.0744669607614666e-05,0.039781272411346436,0.026144623933803467,6.142258551816817e-06,0.03132852166891098,0.02164724868323122,3.9364045147406e-06,0.02578476443886757,0.018504157292819214,2.7807337824559814e-06,0.02251826599240303,0.01625553041046101,2.1250205280598703e-06,0.020177721977233887,0.014614329259428713,1.7293440982382121e-06,0.01845364458858967,0.013394958221368373,1.478267841567309e-06,0.017149660736322403,0.012474351695605687,1.312580777081687e-06,0.016137678176164627,0.011769296808375252,1.200123383097903e-06,0.015334485098719597,0.01122331325083025,1.1224236118779228e-06,0.01469079963862896,0.010797502606042795,1.0685073678394115e-06,0.014177372679114342,0.01046372437110496,1.0314951344120755e-06,0.013770975172519684,0.010200922998289267,1.0068638125514604e-06,0.013451038859784603,0.00999317838559075,9.916717623437783e-07,0.013200744986534119
982,13,self_attn_after_gate,Vertical,1,0.11506194999766728,0.001810192570441768,0.27214354276657104,0.05972267243833769,0.0001187711031442174,0.08817300945520401,0.04594633639568374,5.276660217127297e-05,0.0695899948477745,0.039033707615638534,3.4367702725429e-05,0.05895160138607025,0.03480395464788354,2.7205933550066283e-05,0.05214627832174301,0.031916320264812496,2.335599908822345e-05,0.047086045145988464,0.029810797511821703,2.079103835496305e-05,0.04302429407835007,0.028203677829532398,1.8874251326666753e-05,0.04012038931250572,0.026933942995374164,1.7377659606166595e-05,0.03807365894317627,0.025902854663039012,1.619429046967514e-05,0.03637448325753212,0.02504644004835023,1.5254945038941113e-05,0.035180773586034775,0.02432149693015076,1.4505754406424726e-05,0.034357838332653046,0.023697901664981768,1.3903410516499314e-05,0.03366205468773842,0.023154100432755457,1.3413853505757703e-05,0.03306255489587784,0.02267430934108912,1.3011113929998322e-05,0.03253709524869919,0.022246725310290618,1.2675753182080594e-05,0.03206974267959595,0.021862343131076722,1.2393323752898037e-05,0.031649067997932434,0.021514183871211515,1.2153059354194869e-05,0.03126683458685875,0.02119675058398455,1.1946771083830229e-05,0.03091701865196228,0.0209056640871697,1.1768199683080663e-05,0.030595149844884872
982,13,self_attn_after_gate,Horizontal,1,0.28491591437468455,0.0745042784997497,1.8203999996185303,0.1084806662466791,0.0002739452725787646,0.15788649022579193,0.08039803418611723,0.00011037431778921726,0.11000583320856094,0.06493598057164086,6.335787803579236e-05,0.08824111521244049,0.05538678287513672,4.52035915366893e-05,0.07494592666625977,0.049009791737984094,3.6761644950695446e-05,0.06612308323383331,0.04451833535281439,3.2197697971089396e-05,0.059716012328863144,0.04120464155834819,2.932074966015119e-05,0.054798610508441925,0.038664992336952496,2.7256878598814336e-05,0.050927214324474335,0.03665802899807218,2.5641562977940122e-05,0.04783442243933678,0.03503264303481768,2.431359770014716e-05,0.04532427340745926,0.033689623935118554,2.3197866322934344e-05,0.043248534202575684,0.03256050612600077,2.2251480588852962e-05,0.04150145500898361,0.0315965163329291,2.143984176978214e-05,0.04018682986497879,0.030762262287594024,2.073124875436742e-05,0.039520274847745895,0.030031736082737407,2.0098113241138366e-05,0.038924578577280045,0.029385629745702895,1.9519207723246614e-05,0.038371458649635315,0.028809407430272254,1.8980660192083023e-05,0.0380152091383934,0.028291863995412038,1.847507866322463e-05,0.037711624056100845,0.027824113766352337,1.7999431871500443e-05,0.037423476576805115
982,13,self_attn_after_gate,Gaussian,1,0.5870076822383063,0.6271854834326928,4.087313652038574,0.13418369066147579,0.0007724370522702808,0.22536936402320862,0.08765943697284138,0.00023824169419979385,0.12725695967674255,0.06527134379933751,0.00011857744472605111,0.0899825319647789,0.05250105403718494,6.842251606000543e-05,0.06943570077419281,0.04450856373896674,4.362545635688149e-05,0.0609525665640831,0.03912563663389948,3.000169918762701e-05,0.05465176701545715,0.03529236950571575,2.1883978438868775e-05,0.049441736191511154,0.032442513912443134,1.6795026749618394e-05,0.045242294669151306,0.030249190324592213,1.3498217649347582e-05,0.04190375655889511,0.02851206691019119,1.1290792914982933e-05,0.03924904018640518,0.027102445237456807,9.748807328561032e-06,0.037113532423973083,0.02593429862625069,8.615301841220712e-06,0.03536360338330269,0.02494796250192892,7.736781506517757e-06,0.03389720991253853,0.02410087391497597,7.023529383611885e-06,0.032638080418109894,0.023362153076699803,6.424223686308336e-06,0.03152947872877121,0.02270936182448788,5.909999277817847e-06,0.030530333518981934,0.022126380028942273,5.464491142544791e-06,0.029613245278596878,0.021601720875690855,5.077648551770936e-06,0.028763024136424065,0.021127102039163074,4.742161034743872e-06,0.02797364816069603
982,13,cross_attn,Vertical,1,0.4994399462427412,0.09424475866636566,1.9598804712295532,0.1905416806065847,0.0017859400442546405,0.42643973231315613,0.1437453156898892,0.0005679779610955741,0.2688645124435425,0.12409266001648372,0.00029547311390825797,0.2178257703781128,0.11245434009839618,0.00016093708661912487,0.18225383758544922,0.1050638227708756,9.0119166618101e-05,0.15377750992774963,0.10028596222400665,5.625546857006347e-05,0.134828120470047,0.09695650317839213,3.832391122875392e-05,0.12183913588523865,0.09446870594743699,2.831349165984151e-05,0.1127592921257019,0.09256821173051047,2.2897611883552972e-05,0.10662781447172165,0.09112951585224696,1.9782160280895572e-05,0.10236509144306183,0.09004705493885373,1.7840397672635556e-05,0.09946275502443314,0.08922710695437022,1.6630322955415715e-05,0.09826988726854324,0.08859094634415611,1.5945115052557576e-05,0.0972384661436081,0.0880856311747006,1.5631890559859496e-05,0.09636001288890839,0.08768215550789757,1.55655816201522e-05,0.09573215991258621,0.08736193996100199,1.5667834835565767e-05,0.09584439545869827,0.08710853779126727,1.590056141818869e-05,0.09595358371734619,0.0869064950753772,1.623026946751657e-05,0.09604339301586151,0.08674301715597274,1.6622615259618607e-05,0.0961051881313324
982,13,cross_attn,Horizontal,1,0.5379928251107534,0.16418077320422708,2.936844825744629,0.20016183928837852,0.0011867325812645313,0.3391708433628082,0.14810615304916624,0.0002833744509273342,0.19140174984931946,0.1275052229563395,0.0001258132639855602,0.16010534763336182,0.11683165542190037,6.865177705107616e-05,0.13904091715812683,0.110364317302666,4.2359949073025036e-05,0.12630707025527954,0.10609824340494853,2.8527673502965526e-05,0.1193614974617958,0.10312415210027544,2.0356351357194763e-05,0.11432421952486038,0.10093284102659376,1.5073662746351181e-05,0.11085723340511322,0.09923710437521102,1.1422313543020071e-05,0.10836774855852127,0.09789270245366627,8.803202976329851e-06,0.10633139312267303,0.09678344984376241,6.849617495903691e-06,0.1043485775589943,0.09584721686348083,5.363880554690435e-06,0.10243721306324005,0.09507773130659074,4.245535173886941e-06,0.10074463486671448,0.09447908874541994,3.4451089475751072e-06,0.09922444075345993,0.09402244810074095,2.8865357626332073e-06,0.0981179028749466,0.09366392557110105,2.496036885635494e-06,0.09775692224502563,0.09337190893434343,2.218819747051332e-06,0.09754952788352966,0.09313345345712844,2.0073746864338222e-06,0.09739527106285095,0.09294450531403224,1.8359915011962561e-06,0.09736369550228119
982,13,cross_attn,Gaussian,1,0.44500542775033014,0.06591958933027176,1.3595967292785645,0.16197106455053603,0.0015721967374023882,0.32398712635040283,0.11791020773705982,0.0005771253568570429,0.19477039575576782,0.09894863433308071,0.00030991930065613413,0.1526520997285843,0.08829085144495206,0.00018957753719905007,0.1297309845685959,0.08125523501445377,0.00012079571076722349,0.11420229822397232,0.07635573297739029,8.09663307030388e-05,0.10359378159046173,0.07286784478596278,5.8844780833443836e-05,0.0950683057308197,0.07029423241813977,4.6737370834180336e-05,0.0877077579498291,0.06829394955956747,3.9604290319931136e-05,0.08166679739952087,0.0666452610776538,3.438450500422135e-05,0.07869421690702438,0.06525296629184768,3.0091443411932436e-05,0.07730254530906677,0.06408934685445968,2.666123324677848e-05,0.0761701762676239,0.0631291711377719,2.4078276358763692e-05,0.07534609735012054,0.06233390361543686,2.2229266458698385e-05,0.07478511333465576,0.061659767573315,2.094347091687529e-05,0.07438258826732635,0.0610707432386421,2.0024863926317868e-05,0.07400941103696823,0.060549429189118126,1.9305225910579505e-05,0.0735718235373497,0.06009553970089034,1.869788757226334e-05,0.0730573982000351,0.0597137524376786,1.81910435724644e-05,0.07251356542110443
982,13,mix_ffn_after_gate,Vertical,1,0.9266056541412596,0.2540124806898344,2.5584330558776855,0.2722646142282183,0.0033846132912966793,0.38804471492767334,0.14850685508951308,0.0005439183436028983,0.20143760740756989,0.09511487966492063,0.0001551216888482232,0.1264977753162384,0.06659817447264989,5.907097079769633e-05,0.08719773590564728,0.04967421523871876,2.746463520104977e-05,0.06471829116344452,0.03888347709462756,1.5014634166901108e-05,0.05080867558717728,0.031625962476172144,9.362251129592273e-06,0.04152805358171463,0.02654245761888368,6.486391629846237e-06,0.03502869978547096,0.02286805389892487,4.879835987502335e-06,0.030357500538229942,0.02014333305377809,3.913877567068475e-06,0.02691301517188549,0.018077275035755028,3.2873853211416426e-06,0.024283364415168762,0.016480713875757322,2.8509956761366335e-06,0.02220897004008293,0.01523038601532342,2.5387420940192047e-06,0.020553894340991974,0.014243664086929389,2.3188234128693514e-06,0.019253317266702652,0.013461393629392934,2.168023467560632e-06,0.018254641443490982,0.012838950587643517,2.069000085700464e-06,0.017498666420578957,0.012341351174409427,2.0092138291990534e-06,0.016918059438467026,0.011939339147555449,1.975309728663013e-06,0.01642715185880661,0.01160735601470584,1.9494179689561544e-06,0.015922190621495247
982,13,mix_ffn_after_gate,Horizontal,1,0.9070556045524658,0.18613450012292898,2.384502410888672,0.31696837336298017,0.003959757410278343,0.44410133361816406,0.17788073065735044,0.0006785568947783696,0.23023316264152527,0.11581712594581028,0.00019851080000240988,0.14349326491355896,0.08169887971783442,7.358342528632871e-05,0.0994964987039566,0.06105399380127589,3.2611263028826526e-05,0.07383701205253601,0.04776642158154457,1.681704033329069e-05,0.057533226907253265,0.03878305201965665,9.869394757823069e-06,0.04655846953392029,0.032454897546105914,6.4383293685471075e-06,0.03889816254377365,0.027861252752324893,4.555282380919304e-06,0.03340153023600578,0.02446612748243506,3.454630434450252e-06,0.029345935210585594,0.021918714815188967,2.7866347817146887e-06,0.026287952437996864,0.01997551088413549,2.3633878520479184e-06,0.02394736371934414,0.018465925983729817,2.075836239428739e-06,0.022127006202936172,0.017270694058092815,1.8620658993093618e-06,0.02067895606160164,0.016309091466523352,1.6966521883100054e-06,0.0195013377815485,0.01552812202227494,1.5730921350516796e-06,0.018536314368247986,0.014891028906854372,1.483948392545666e-06,0.01774708554148674,0.01436954615489831,1.4183567723227354e-06,0.01710175722837448,0.013940966170695093,1.3673496155499873e-06,0.016728365793824196
982,13,mix_ffn_after_gate,Gaussian,1,0.6918675473758152,0.11970770176950869,1.7040936946868896,0.21412121232539888,0.0024168582649622583,0.3411756157875061,0.11095976486565574,0.0003753539792955365,0.1528853476047516,0.06912437749523966,0.00010707925766769569,0.0894165188074112,0.04777762423905115,4.01828666269261e-05,0.06079646944999695,0.0354748380089563,1.8143816028613984e-05,0.045332856476306915,0.027819113539797918,9.48626279742921e-06,0.03596939891576767,0.02277659633684726,5.613042766801934e-06,0.030044466257095337,0.019316062242502256,3.7002309133262055e-06,0.02586790919303894,0.01688261412911945,2.673457162735493e-06,0.02281782776117325,0.015146847681275435,2.091230628087917e-06,0.0206567645072937,0.013893107114921487,1.7476050593326479e-06,0.019148167222738266,0.012981192696662177,1.5380016610403509e-06,0.01807180792093277,0.012318931771294466,1.408789638333097e-06,0.01725788228213787,0.011841291473025367,1.3305352863298904e-06,0.016574466601014137,0.011496575430981697,1.2832580128082933e-06,0.0159197635948658,0.01124120434184396,1.2517781356577122e-06,0.0152362622320652,0.011041244743244043,1.2290460578689947e-06,0.014525874517858028,0.01087366065217389,1.2169629942949978e-06,0.014571521431207657,0.010724181605000344,1.22021114686872e-06,0.014570319093763828
982,14,self_attn_after_gate,Vertical,1,1.4030690458085802,1.9859469393624467,7.833878040313721,0.36204308247755446,0.00876427441213638,0.6065114140510559,0.22516411578371412,0.002827187529791221,0.3417288064956665,0.1615139308666426,0.0013486763631650786,0.23954617977142334,0.12563601680218228,0.0007679208918412463,0.19295433163642883,0.10318206658675558,0.00048421997274581546,0.15940336883068085,0.08793392369434946,0.0003243175050863178,0.13471359014511108,0.07688329587616617,0.0002265478012277337,0.11633546650409698,0.06847979045576519,0.00016404908453737893,0.10242769122123718,0.061864562746551305,0.00012306232225766558,0.09168057888746262,0.056521896745950456,9.570682650664341e-05,0.08318100869655609,0.05211972995173363,7.716551644743488e-05,0.0762963742017746,0.04843317847403269,6.439006492786316e-05,0.0705891102552414,0.04530422469334943,5.541075115007388e-05,0.06575600802898407,0.04261836912187319,4.893598722904941e-05,0.06158638745546341,0.040290159808974414,4.4109982664508616e-05,0.057932570576667786,0.03825405565282655,4.036426504734371e-05,0.0546901635825634,0.03645867242344788,3.732557139370288e-05,0.051784418523311615,0.03486324861527435,3.475596528008293e-05,0.04916101321578026,0.03343534457778174,3.250978293230937e-05,0.046815335750579834
982,14,self_attn_after_gate,Horizontal,1,0.576074895404634,0.08334109657381424,1.7665348052978516,0.24930766532345425,0.002209369038987201,0.37621551752090454,0.17712194247851296,0.0005949815353664223,0.25422361493110657,0.14418355139001968,0.0002787702541941712,0.20072722434997559,0.12467067724182493,0.00016680841110748454,0.16158561408519745,0.11152467084309411,0.00012128089158842153,0.14166630804538727,0.10198523246106647,9.834561103246128e-05,0.12684185802936554,0.09475997823571401,8.348323741837478e-05,0.11672475934028625,0.08911830245975465,7.18204041851103e-05,0.11077475547790527,0.08460553782799887,6.184564425795405e-05,0.10556851327419281,0.08092289086845186,5.315975388217691e-05,0.10081890225410461,0.07786669475691659,4.5664478197854885e-05,0.09647704660892487,0.07529380846591223,3.929345358745477e-05,0.09251747280359268,0.07310090225840372,3.3949345835682435e-05,0.08891957998275757,0.07121167160452359,2.950770335813361e-05,0.08566153049468994,0.06956872048359068,2.5836690777749866e-05,0.082720547914505,0.06812811288095656,2.2813214652368213e-05,0.08007340133190155,0.06685560066548604,2.0330778249563247e-05,0.07769645005464554,0.06572399158326406,1.8299443745500562e-05,0.07556512951850891,0.06471138222823067,1.6642571270275284e-05,0.07365451753139496
982,14,self_attn_after_gate,Gaussian,1,0.484701827404991,0.053850623699952374,1.0977685451507568,0.17998385216508592,0.0022761494861863536,0.32904404401779175,0.11594063658562917,0.000653111934905778,0.18765774369239807,0.08733569872048166,0.00031141327025363725,0.1307121217250824,0.07086441175095619,0.0001735441101849152,0.10442353039979935,0.06013858466157838,0.00010702756721726352,0.08641261607408524,0.052573536360074606,7.080567718107017e-05,0.07329162210226059,0.046918542316508674,4.965348525256685e-05,0.06339530646800995,0.04249450256900182,3.659702996468109e-05,0.05575251579284668,0.03891058195204962,2.811747109783386e-05,0.051426324993371964,0.035934511838214736,2.236499615501893e-05,0.04769228398799896,0.033422935074047436,1.8316992880461013e-05,0.04425099492073059,0.031281785182063544,1.537202369540204e-05,0.04112359881401062,0.029444520376504413,1.315894832898785e-05,0.0383247472345829,0.02786076521234853,1.144312889225099e-05,0.03585069626569748,0.02649045315763307,1.0074804916606924e-05,0.03368181735277176,0.02530070205056478,8.957715639368719e-06,0.03178856149315834,0.02426404659710233,8.029243079288796e-06,0.03013734333217144,0.023357317886418767,7.247908636481856e-06,0.028852198272943497,0.022560912583555495,6.585475638876856e-06,0.02779262140393257
982,14,cross_attn,Vertical,1,0.32964767586617244,0.05308381728509143,1.302682638168335,0.14926971542456793,0.0015439301508626457,0.3208082318305969,0.12212336264432423,0.00040378500838304197,0.19890396296977997,0.1108412059053542,0.00017525312353222636,0.15796279907226562,0.10442901438190824,8.847057175446652e-05,0.13588812947273254,0.10023236570377199,5.5678764299510784e-05,0.12433887273073196,0.0975024743922173,3.945523883221303e-05,0.11905543506145477,0.0955571774688978,2.9491581990519744e-05,0.11434794962406158,0.09402363499005635,2.3179869283767692e-05,0.11068952828645706,0.09293419394701247,1.9004809356233075e-05,0.1079026311635971,0.09216290759661841,1.6348402819721162e-05,0.10570785403251648,0.09161020661630327,1.4703041205343158e-05,0.10406987369060516,0.0911925161878268,1.3650027282949242e-05,0.10291828215122223,0.09086552723532632,1.2967549417816641e-05,0.10212154686450958,0.09060471126484493,1.2541159786944429e-05,0.10150402039289474,0.09038696307984609,1.2300773050381635e-05,0.10089920461177826,0.09019701324758075,1.2222342484215342e-05,0.10024600476026535,0.0900293029253445,1.2309517826040673e-05,0.09956412017345428,0.08988356507486767,1.2581504101713872e-05,0.09889014065265656,0.08976031071136868,1.3071982804697658e-05,0.09877327084541321
982,14,cross_attn,Horizontal,1,0.4338224187256798,0.10204536185290665,1.7680091857910156,0.1762044257114804,0.0018516788875004055,0.33356621861457825,0.1407254883457744,0.0005147042839305681,0.22134551405906677,0.12458017231926086,0.00020674990688672053,0.17122679948806763,0.11560829586925961,0.00010464771238292757,0.15474532544612885,0.10957591472164033,6.0399728008035605e-05,0.13917768001556396,0.1057548721631368,3.874470906431668e-05,0.12747694551944733,0.10319120496038407,2.6933459504618018e-05,0.11866909265518188,0.10142336655703801,2.0029416106030546e-05,0.11257322132587433,0.10016568655532504,1.5735321944878997e-05,0.1109832376241684,0.09913071540613023,1.2828468765696524e-05,0.10876819491386414,0.09809616539213392,1.0519580925605125e-05,0.10615371912717819,0.0970367497158429,8.363934157508261e-06,0.10380636900663376,0.0960530105327803,6.4496613722307965e-06,0.10202722251415253,0.09522688507087647,4.970149632770468e-06,0.10068261623382568,0.09456667410475868,3.886951565007878e-06,0.09956404566764832,0.09402581954759265,3.0771237519076555e-06,0.09858264029026031,0.09355200886253327,2.482016549727148e-06,0.09774209558963776,0.09313125695501055,2.0699925908996046e-06,0.0970374047756195,0.09277226598489852,1.7989982768442273e-06,0.09644895046949387
982,14,cross_attn,Gaussian,1,0.3266591368213532,0.06040030176515004,1.2273881435394287,0.12131348429691224,0.001117613443058968,0.23755022883415222,0.09157902753305813,0.00035302722579764843,0.1594204157590866,0.07862859698278564,0.00016713209602165752,0.1293368637561798,0.07178492335573075,9.822377040251001e-05,0.11144429445266724,0.06777112049952386,6.704210547188397e-05,0.10094131529331207,0.06523960172420457,5.052903010488472e-05,0.09390367567539215,0.06350876006578642,3.956190522468016e-05,0.0885201245546341,0.0622523126029779,3.1907501401687386e-05,0.08428403735160828,0.061283362467610646,2.7067487678747652e-05,0.08085697144269943,0.06045918261247968,2.414154094613444e-05,0.07762318849563599,0.059767731421050574,2.222163627834334e-05,0.07452967762947083,0.05922160616942814,2.0840871409811456e-05,0.07241010665893555,0.05878345272134221,2.00060001516032e-05,0.07204101979732513,0.05840360544740208,1.9569347739691607e-05,0.07165683805942535,0.05804901410426412,1.9159944541568363e-05,0.07103171944618225,0.057708376811610326,1.8584060026250687e-05,0.07017394155263901,0.05738635414413044,1.7983935157970914e-05,0.06926494836807251,0.057089459328424366,1.7515784257014156e-05,0.06842255592346191,0.05682113630667565,1.7207985166542518e-05,0.0676635131239891
982,14,mix_ffn_after_gate,Vertical,1,0.8301575169676826,0.19527152938558062,2.1514759063720703,0.2477091754239703,0.003123851683819162,0.3543793857097626,0.12895351435456956,0.00041561902468175766,0.16309738159179688,0.08078048177181728,9.978629012551157e-05,0.0975203737616539,0.0562107829110963,3.408848906071516e-05,0.06819360703229904,0.04194495655477993,1.505950992438375e-05,0.051653698086738586,0.03296435086263551,8.2483830325547e-06,0.04114069044589996,0.026990001045522235,5.37124802761402e-06,0.03391008451581001,0.02284544404773485,3.976333023005715e-06,0.028760161250829697,0.01987339636044843,3.224809086439763e-06,0.02504946105182171,0.017686266895560993,2.7917485297430106e-06,0.022377824410796165,0.016048424566785496,2.525861198173122e-06,0.02043781615793705,0.014810323109111142,2.3515361615868325e-06,0.019018255174160004,0.013867300432471056,2.2291572203241155e-06,0.018033303320407867,0.013140085301110669,2.129716999775852e-06,0.017326809465885162,0.012566054979014018,2.0328763208141695e-06,0.016664206981658936,0.01209675721705906,1.9363085059754023e-06,0.016081776469945908,0.011699811200655642,1.852424761075166e-06,0.01566612347960472,0.011358328873202914,1.791329216075657e-06,0.015337329357862473,0.011065002501247421,1.7523030725380286e-06,0.015075087547302246
982,14,mix_ffn_after_gate,Horizontal,1,0.9279809977327075,0.2036950570643921,2.3810439109802246,0.3076466877782156,0.0044519783594101905,0.4594210386276245,0.16371498741800822,0.0006353637242912235,0.22177241742610931,0.10359963124233579,0.0001670475939700358,0.13009800016880035,0.07242291343827097,6.054332704228505e-05,0.08865003287792206,0.05429523609696873,2.6974689638817037e-05,0.06614141166210175,0.04298676656825202,1.4316321225748236e-05,0.05223555862903595,0.035523400420234316,8.818941241832921e-06,0.0430682897567749,0.030359597669707403,6.134957184189297e-06,0.03675273433327675,0.026647559766258513,4.695442931973661e-06,0.03227685019373894,0.023902214442690212,3.849447809637249e-06,0.02902771160006523,0.021825293729466105,3.306719353229546e-06,0.02660282887518406,0.020222224413402497,2.9355704492044896e-06,0.024744652211666107,0.01896407694688865,2.6696695705824546e-06,0.023290012031793594,0.017963073408556362,2.472401201660441e-06,0.02213096246123314,0.017157511105613102,2.3221327560805338e-06,0.021194949746131897,0.01650267972477845,2.2050216601065685e-06,0.02043280377984047,0.015965522015615116,2.1116199781484058e-06,0.0198078416287899,0.015521444542895235,2.035424364155757e-06,0.019289841875433922,0.0151520480978347,1.9719870943201297e-06,0.01885482482612133
982,14,mix_ffn_after_gate,Gaussian,1,0.7589415193550171,0.12387073911654702,1.8825831413269043,0.24204658350301167,0.0025867720057678126,0.35099905729293823,0.12592522598921307,0.00037219028685046764,0.16277699172496796,0.07774568479212504,9.084668085116853e-05,0.0948462039232254,0.053569631266688546,3.0740939214159944e-05,0.06586989760398865,0.039852722799257626,1.3567202742348779e-05,0.0495697557926178,0.03135667090851163,7.40262214367226e-06,0.039397552609443665,0.025771668506047084,4.727261319619558e-06,0.03259051963686943,0.021936772450331658,3.3855700700547995e-06,0.02781614102423191,0.019205319606477304,2.6195401414266466e-06,0.024355335161089897,0.01720074610045505,2.123823911449187e-06,0.021769743412733078,0.015694218599015756,1.7764061446813305e-06,0.019785845652222633,0.014544867407826205,1.530613366389228e-06,0.01824313774704933,0.013661208872993788,1.3575897679489018e-06,0.017041392624378204,0.012975995399294392,1.2322120633767923e-06,0.01610098034143448,0.012436937703381456,1.138671979102265e-06,0.015361322090029716,0.01200344499259714,1.070451640200644e-06,0.014781743288040161,0.01164691358627308,1.024421179818845e-06,0.014334214851260185,0.011350880480474897,9.952374988627283e-07,0.013992338441312313,0.011106157320595923,9.76176571609751e-07,0.01373136043548584
963,12,self_attn_after_gate,Vertical,1,0.20764705739797107,0.012654807121472765,0.6978912353515625,0.08300117716666251,0.000258631616156108,0.12862548232078552,0.05870890309886327,9.368773100723794e-05,0.0816773846745491,0.04749797119034661,5.427584682025317e-05,0.0684778094291687,0.041006684510244265,3.9086648819607746e-05,0.05967339873313904,0.0367473235856446,3.150848367580733e-05,0.05335640162229538,0.033732847000161804,2.7003965157973696e-05,0.048684556037187576,0.03149010581038301,2.3911289128632384e-05,0.045050248503685,0.029756993232738404,2.1597199725781263e-05,0.0420665368437767,0.028375245423780546,1.9800284334696494e-05,0.039519764482975006,0.027244239720323728,1.8381221730867376e-05,0.03729187324643135,0.02629752167397075,1.7248899442992967e-05,0.03531332314014435,0.025489942185462466,1.6338045299336363e-05,0.03377961367368698,0.02479014371240896,1.5600171645387685e-05,0.0333152674138546,0.024175936681410624,1.4998654289154524e-05,0.032910481095314026,0.023631379067424744,1.4505421789946529e-05,0.032553307712078094,0.023144773931966886,1.4098448088555665e-05,0.032234854996204376,0.022707312412205197,1.3759893272412687e-05,0.031948287039995193,0.022312131695567616,1.347491014699753e-05,0.03168812394142151,0.021953710694871252,1.3231130586349708e-05,0.03144977241754532
963,12,self_attn_after_gate,Horizontal,1,0.17418910290986772,0.0029130611219468742,0.43691837787628174,0.10547539296131285,7.670652135862873e-05,0.1326555758714676,0.0891958638316109,2.1956647010811743e-05,0.10445403307676315,0.08095260082729279,1.516773095160584e-05,0.09277273714542389,0.07563090324401855,1.4137899844663994e-05,0.08628714829683304,0.07180680582920711,1.428906484851523e-05,0.08210684359073639,0.0689014991124471,1.474039441992383e-05,0.07915332168340683,0.06661353165668155,1.522221094138023e-05,0.0769234225153923,0.06476174927656612,1.563871636574955e-05,0.07515068352222443,0.06322838460642194,1.5963977818130915e-05,0.07368087768554688,0.06193358474780643,1.6203020783416726e-05,0.07241877913475037,0.06082178918378694,1.6372436222947672e-05,0.0713036060333252,0.05985354703097116,1.649044848219528e-05,0.07029633224010468,0.05900028483971717,1.6572687969410823e-05,0.06937217712402344,0.058240876133952825,1.663090869192307e-05,0.06851543486118317,0.05755936922062011,1.6673344727354743e-05,0.06771613657474518,0.0569434811080259,1.67054819181222e-05,0.06696786731481552,0.05638355596197976,1.6730818997610006e-05,0.06626619398593903,0.05587186711648154,1.675153988025362e-05,0.06560790538787842,0.055402119954427086,1.6768905869150748e-05,0.06499031186103821
963,12,self_attn_after_gate,Gaussian,1,0.21931449595897917,0.046597424724738525,1.2125872373580933,0.0750145675052726,0.00016873528203187346,0.11107560992240906,0.05374936942779829,5.6468768607184885e-05,0.07404996454715729,0.04334331966108746,3.294580756682429e-05,0.05655054748058319,0.03727898823599967,2.4379497064904815e-05,0.046770088374614716,0.033384666172048404,1.96463605025296e-05,0.04237380623817444,0.030696232197067096,1.6417642472701917e-05,0.04019549489021301,0.028728769678208563,1.402606261472825e-05,0.038325466215610504,0.027219605173856493,1.2188975522294726e-05,0.03669089078903198,0.02601825360149618,1.074938964342326e-05,0.03525705263018608,0.02503406699924242,9.60097330359136e-06,0.03400363028049469,0.02420996224123334,8.669915483140069e-06,0.03291098400950432,0.023508507965339556,7.906560849734486e-06,0.031956229358911514,0.02290414332870453,7.276988756667635e-06,0.031115949153900146,0.022378621504656852,6.7560339047947e-06,0.030369438230991364,0.021918313843863352,6.323425285956665e-06,0.029699858278036118,0.021512633189558983,5.962266317934535e-06,0.029093943536281586,0.021153089605153552,5.658512211855684e-06,0.028541291132569313,0.020832712747274884,5.4006683266902526e-06,0.02803374081850052,0.020545655033654638,5.17940254220534e-06,0.02756471559405327
963,12,cross_attn,Vertical,1,0.5263294963136552,0.08851868667969426,1.6909188032150269,0.22283338648932322,0.0018216335286754249,0.34225159883499146,0.16152549617820317,0.0005496827382380866,0.21840515732765198,0.1347508800644723,0.00022966053450705154,0.17131111025810242,0.12070245626899931,0.00011416094254604506,0.14704109728336334,0.11217151854246382,6.707241215185775e-05,0.1339508593082428,0.10637068370031932,4.3715150635129964e-05,0.1248115673661232,0.10244997295122298,3.050497649323641e-05,0.11801240593194962,0.09958664126812465,2.1780393843306998e-05,0.11262951791286469,0.09746546180002273,1.657726263551333e-05,0.10870979726314545,0.09578637506753679,1.3521564207160826e-05,0.10628987103700638,0.09442405036044499,1.1417339149942812e-05,0.10427914559841156,0.09335519692727498,9.821688413604082e-06,0.10264179110527039,0.09250049423130732,8.663297858178692e-06,0.1013403907418251,0.09181788705644153,7.817209418299818e-06,0.10031117498874664,0.09127138436786712,7.1548029231775595e-06,0.09947364032268524,0.0907965556733192,6.499988883150406e-06,0.09863997995853424,0.09041406285195124,6.1139311518366204e-06,0.09794382750988007,0.09018939709852612,6.4467322979703425e-06,0.09753831475973129,0.09007009213405942,7.71615846261315e-06,0.09720532596111298
963,12,cross_attn,Horizontal,1,0.3927682981131569,0.028486662442253074,1.0176475048065186,0.18834409590751405,0.0012006985116190371,0.26368895173072815,0.1442381167222583,0.00030180657593351806,0.19551849365234375,0.1256259008059426,0.00011969361879133482,0.16187188029289246,0.11577633531793716,6.798198320345225e-05,0.14635677635669708,0.10948818756474389,4.304814419425928e-05,0.13525888323783875,0.1052508834335539,2.8060440311620927e-05,0.12539854645729065,0.10220669907709909,1.9022737735401582e-05,0.11876212060451508,0.09996311662216036,1.3515218964022566e-05,0.11423216015100479,0.09828326094245153,9.282262693612226e-06,0.11029978841543198,0.09701064051616759,6.6263294457689776e-06,0.10780035704374313,0.09583187824676907,5.068534899002068e-06,0.10584235936403275,0.0949596365292867,4.121515805182305e-06,0.10414090752601624,0.09419325408008364,3.274459632738204e-06,0.10276370495557785,0.09357765009478917,2.6168078055795377e-06,0.10146385431289673,0.09308242584977831,2.1218593800348118e-06,0.10005880147218704,0.092706550799665,1.781807075478274e-06,0.09883150458335876,0.09241423188220887,1.6146411895144302e-06,0.09798812121152878,0.09215155172915686,1.553948469544721e-06,0.0974559634923935,0.0919925073782603,1.5532363929359071e-06,0.09692582488059998
963,12,cross_attn,Gaussian,1,0.4341142541832394,0.06283193834508581,1.471423864364624,0.17613341470086386,0.0018519064321099274,0.3804675340652466,0.12727079824322746,0.0005346595520666516,0.22466982901096344,0.1034811602698432,0.00018885722248298867,0.14153599739074707,0.09012469613835924,9.245359719661771e-05,0.1114753782749176,0.0818188346567608,5.63048016310943e-05,0.09927840530872345,0.07620483151977024,3.896129595606466e-05,0.09082914888858795,0.07214464028439825,3.103758566894711e-05,0.08505682647228241,0.06911652505634323,2.5653179879659623e-05,0.0797373503446579,0.06684981097304632,2.2109924007386292e-05,0.0756375715136528,0.06493981809370102,2.02739540837807e-05,0.07410795986652374,0.06324770195143563,1.8485862078948724e-05,0.07172109931707382,0.061987136209767965,1.6926080940930563e-05,0.06974917650222778,0.06096490951521056,1.5300002656896336e-05,0.06901994347572327,0.06009064165372697,1.4138344857957474e-05,0.06859011948108673,0.05941296475274222,1.3305556544627204e-05,0.06825271248817444,0.0588906282588603,1.2607639545694269e-05,0.0679500624537468,0.058507428046256776,1.2030420025577763e-05,0.06783252954483032,0.05830340702382345,1.1654796052460184e-05,0.06797561794519424,0.05826550745774829,1.1849288158615804e-05,0.0680517628788948
963,12,mix_ffn_after_gate,Vertical,1,0.8761518465148078,0.18236744323653345,2.4260318279266357,0.28599958594829317,0.0042878761304986504,0.4164436459541321,0.14785678258963994,0.0006237319490879792,0.2000655233860016,0.09033527816571886,0.00014490998577249825,0.11430150270462036,0.06129808723926544,4.530497629971653e-05,0.07358124852180481,0.044793048075267246,1.8073451794589422e-05,0.052501142024993896,0.03465293537056635,9.010865247266517e-06,0.040257930755615234,0.02807071160465952,5.521464304191699e-06,0.03363926708698273,0.023611997564633686,3.985299986628021e-06,0.028950456529855728,0.020482744785055282,3.207020311695172e-06,0.02552008256316185,0.018220647459938413,2.76487791222236e-06,0.022975070402026176,0.016550731741719775,2.5025040784789327e-06,0.021087922155857086,0.015300309315087303,2.3443497900476716e-06,0.019798025488853455,0.0143527246509043,2.2454846761938073e-06,0.018954146653413773,0.013627057155919454,2.180813038091767e-06,0.018305134028196335,0.013065102968424086,2.137719701336629e-06,0.017817802727222443,0.012623650953173637,2.111091101028804e-06,0.0174698643386364,0.012271787527771224,2.099037870934757e-06,0.017238151282072067,0.011989281217138919,2.098519433704303e-06,0.017091862857341766,0.011762644903409102,2.1035558122128025e-06,0.0169968418776989
963,12,mix_ffn_after_gate,Horizontal,1,0.9151211839819712,0.18874936105449627,2.565734386444092,0.2930261100095416,0.004845677239645039,0.4492981731891632,0.146663227369861,0.0006465716265069177,0.1967996507883072,0.08790484898620182,0.00013891198063444414,0.1090434119105339,0.0592324323952198,4.0571143607343216e-05,0.07247255742549896,0.043378237161844496,1.5274700449259087e-05,0.052424151450395584,0.033824399054523495,7.305249384246714e-06,0.04051510989665985,0.02769615814562828,4.364695731491776e-06,0.033017657697200775,0.02357365802994796,3.1229510923707163e-06,0.028064383193850517,0.02069546938652084,2.5306868234137497e-06,0.025226585566997528,0.018626029617966167,2.216187548295653e-06,0.023418299853801727,0.01710365694903192,2.0350003106667387e-06,0.02210615575313568,0.015963019596205816,1.9239762166633926e-06,0.02112847939133644,0.0150945685981285,1.8522375048144045e-06,0.020379122346639633,0.014423766350817113,1.8026251300477434e-06,0.019786560907959938,0.013898715435985535,1.7652216238709223e-06,0.01930324360728264,0.013482790262926193,1.7354034480240563e-06,0.018902935087680817,0.01315024345817547,1.7117001704601253e-06,0.018575206398963928,0.012882743696016925,1.6928123862470545e-06,0.018312396481633186,0.012666697421717265,1.6767266285455076e-06,0.018102437257766724
963,12,mix_ffn_after_gate,Gaussian,1,0.8262383606698778,0.16778782598148811,2.055351972579956,0.24704093119454762,0.00329899576481651,0.3798573613166809,0.12351061522014557,0.0004656002456087302,0.17697025835514069,0.07396077317377878,0.00011477897797015143,0.10167709738016129,0.04975740185805729,3.83872047076449e-05,0.06542863696813583,0.03650824589625237,1.6393249520382794e-05,0.046211544424295425,0.028645197964376874,8.60306656052569e-06,0.0359032042324543,0.02368481466103168,5.316507000648441e-06,0.029367752373218536,0.02040273424178835,3.7288796699908416e-06,0.024988334625959396,0.01815063827153709,2.891899700319078e-06,0.021953796967864037,0.0165618597751572,2.419681763787208e-06,0.020038943737745285,0.015415625232789252,2.136830922997645e-06,0.0188925601541996,0.014571372848299761,1.9589967849898473e-06,0.01803724467754364,0.013937321491539478,1.8426760303629151e-06,0.017391256988048553,0.013454639042417208,1.7636481704680824e-06,0.016900718212127686,0.013085243646942434,1.7083616791097173e-06,0.016524359583854675,0.012802227459374874,1.6697145517780813e-06,0.016232889145612717,0.01258535451063561,1.6439198867682466e-06,0.01600765436887741,0.012419258894783163,1.6288393792567782e-06,0.015835128724575043,0.012292048701691248,1.6228791572891455e-06,0.01570313051342964
963,13,self_attn_after_gate,Vertical,1,0.16762215762384355,0.00446649146543128,0.42641881108283997,0.07785824443849307,0.00017364162409306392,0.1176588162779808,0.05700062546465132,7.719386405416523e-05,0.08303167670965195,0.04707509143248437,5.069223277662648e-05,0.06555715948343277,0.041345439555626064,3.944785894610815e-05,0.0557725727558136,0.037626575382928996,3.363665570790666e-05,0.0500079020857811,0.03499083827057528,3.0175628605753982e-05,0.046374138444662094,0.03300957582772724,2.7949709093705302e-05,0.0440712571144104,0.03146205937105512,2.6440013719698464e-05,0.04290790855884552,0.030220536012498158,2.5345183732000018e-05,0.04196055978536606,0.029203285832726765,2.448680561942556e-05,0.04116418957710266,0.02835482486065418,2.3767514998909838e-05,0.040481142699718475,0.02763607163750936,2.3137545052063737e-05,0.039888590574264526,0.027018795085568276,2.2571887532690443e-05,0.03937143459916115,0.026482157320493742,2.2057399176950072e-05,0.03891830891370773,0.02601046712389068,2.1586552957707556e-05,0.03851965442299843,0.025591691896792442,2.115436828277428e-05,0.038166940212249756,0.025216470753389692,2.0757008559058896e-05,0.03785242885351181,0.024877456031621448,2.0391151244045718e-05,0.0375693216919899,0.02456883920563592,2.0053783833505978e-05,0.037311866879463196
963,13,self_attn_after_gate,Horizontal,1,0.16401474378884784,0.006382049166453638,0.625440239906311,0.08647741436485261,0.00016535468516553888,0.11929731070995331,0.0668301640285386,0.0001019381124045554,0.09099417924880981,0.05690507088152189,7.7424099386419e-05,0.07914462685585022,0.05086427808754028,6.352503465646845e-05,0.07073566317558289,0.04676155899725263,5.3809787480602956e-05,0.0645422413945198,0.04378257957952363,4.657384883474776e-05,0.05974924564361572,0.041515043123610436,4.109829055588104e-05,0.0559617280960083,0.03972472844734078,3.692247407229008e-05,0.05291800945997238,0.038268564594170405,3.371866059759678e-05,0.05044160783290863,0.0370560231071616,3.124299407242395e-05,0.048408232629299164,0.03602807655457466,2.9311727679716625e-05,0.047021910548210144,0.03514475422719168,2.7787547581738786e-05,0.04612548649311066,0.03437778874049111,2.6569024995077e-05,0.04534835368394852,0.03370631645832743,2.558128174634124e-05,0.04466646537184715,0.03311435969930793,2.4768804418516316e-05,0.04406137764453888,0.0325893054287585,2.4090117001407276e-05,0.04351852089166641,0.03212097905103176,2.3513960238123485e-05,0.04302629828453064,0.031701024207803935,2.3016641291683535e-05,0.04266594350337982,0.031322504497236676,2.2580017330778103e-05,0.04246288537979126
963,13,self_attn_after_gate,Gaussian,1,0.17716908206542334,0.009444242379728527,0.6443302035331726,0.07186504435681161,0.00019455536686603742,0.12484995275735855,0.05137175895155422,5.534656619004074e-05,0.07724902778863907,0.04202963538940937,2.535473914527399e-05,0.0602932833135128,0.03667861202524768,1.5344856062578664e-05,0.05057845637202263,0.03327455936324975,1.1046439738733524e-05,0.04368323087692261,0.03092085150262666,8.920278134243812e-06,0.03880530968308449,0.029178148933819363,7.781921003532251e-06,0.035367537289857864,0.02781857896064009,7.087055573349235e-06,0.03309646248817444,0.02671812859082979,6.590400900201682e-06,0.031925443559885025,0.025802789729029413,6.1977510372775646e-06,0.030910879373550415,0.025025747745992647,5.874623912027985e-06,0.03003140725195408,0.024355838282240763,5.6065513983256426e-06,0.029266145080327988,0.023771408560966687,5.385018771931504e-06,0.028596963733434677,0.023256815467325467,5.203184708488636e-06,0.028008759021759033,0.022800358869726697,5.054770840553224e-06,0.02748885378241539,0.022393018155107424,4.934009418937754e-06,0.027026109397411346,0.0220276712336474,4.83578527765457e-06,0.02661060355603695,0.021698559205683452,4.755771954058706e-06,0.02623370662331581,0.021400932193038954,4.6904093203644604e-06,0.02588813006877899
963,13,cross_attn,Vertical,1,0.5428218732750605,0.1159537484179645,1.5997765064239502,0.18846640771343595,0.0010795299196781404,0.2671559751033783,0.14899410413844244,0.0004473883359455217,0.19744369387626648,0.1300651698358475,0.00024035354332702826,0.16543321311473846,0.11749291798425099,0.00013743899706964035,0.14334234595298767,0.10943572802676095,8.94378870862183e-05,0.1310509443283081,0.10410620213027984,6.509992112211356e-05,0.1222195252776146,0.10032289463376241,5.10735413835696e-05,0.11506229639053345,0.09755301298130126,4.212405814141939e-05,0.1106407418847084,0.09549416518873638,3.56828785169312e-05,0.10795522481203079,0.09391181076329852,3.068571668132041e-05,0.10511171817779541,0.09264079966242351,2.697613929268655e-05,0.10247106850147247,0.0916169768288022,2.4535920063972863e-05,0.10132778435945511,0.09080609123385142,2.3127591409900047e-05,0.10056646913290024,0.09016571300370353,2.2435056206973234e-05,0.1001865416765213,0.08965553437906598,2.2189975824871138e-05,0.09987670928239822,0.08923800277804571,2.2193682896829175e-05,0.09952113032341003,0.08888590406803858,2.2328336966411964e-05,0.09931308776140213,0.08858681623897856,2.2541617163149172e-05,0.10030096769332886,0.08833745559529653,2.2802624795635994e-05,0.1011463925242424
963,13,cross_attn,Horizontal,1,0.48056572675704956,0.08681048202807062,1.523880124092102,0.18908963387920744,0.0016692163568318018,0.3592495918273926,0.1429289761516783,0.0003586672902947018,0.23017248511314392,0.12375972762940422,0.00012664904364464213,0.1625555455684662,0.11414810364681577,6.844033999577344e-05,0.14553102850914001,0.1085507705334633,4.345552863602854e-05,0.13563700020313263,0.1048320418312436,2.9550865906963926e-05,0.12757423520088196,0.10227309640437837,2.1319947354419674e-05,0.12143341451883316,0.1003410986491612,1.5310247790502578e-05,0.11593770980834961,0.09880241940891932,1.1299141764656285e-05,0.11164791882038116,0.09759458107134653,8.74640389930218e-06,0.10833883285522461,0.09660746405522029,7.0535436296785616e-06,0.10571428388357162,0.09576284459659032,5.830511509568203e-06,0.10368038713932037,0.09505716604845864,4.873326544210767e-06,0.10212762653827667,0.09448479139615619,4.105104752256475e-06,0.10089854151010513,0.09402179836280762,3.4786100896734696e-06,0.09987679868936539,0.09364462490119631,2.9444373816773266e-06,0.09894497692584991,0.09334498088038157,2.5206273832622524e-06,0.09812960773706436,0.09310490164964919,2.2282231418803477e-06,0.09742413461208344,0.09290600012219141,2.0456250308426253e-06,0.09688526391983032
963,13,cross_attn,Gaussian,1,0.5271465165747536,0.11652775654819876,1.8050496578216553,0.1707890202838277,0.0016280410362973779,0.28361183404922485,0.11793370130989286,0.00038285483668505015,0.17829379439353943,0.09592482187445202,0.0001604997777188182,0.13404744863510132,0.08381480960145829,8.130029317777295e-05,0.10833055526018143,0.07702252327922791,5.138449068879612e-05,0.09493953734636307,0.07279161777761248,3.732822407260449e-05,0.08754831552505493,0.06989346758004218,2.977530108348183e-05,0.08382731676101685,0.06777112877794675,2.5108157394412134e-05,0.0823095291852951,0.06607781628531123,2.1963343278371382e-05,0.08063115179538727,0.06466553443008,1.9940793837730352e-05,0.07887765765190125,0.06353388856800776,1.8786625054415615e-05,0.07718729972839355,0.0626648556263674,1.8230967647847117e-05,0.07565333694219589,0.06199141692311045,1.8080585616205214e-05,0.07430768013000488,0.06144666476618676,1.8122615863874872e-05,0.07315371930599213,0.06098901172952047,1.812103908040022e-05,0.07218128442764282,0.06060485872957441,1.7977707059475982e-05,0.07137042284011841,0.06029160781985238,1.7728375124771432e-05,0.07068827748298645,0.06004431423923326,1.743466378139077e-05,0.07010187208652496,0.059852263343239585,1.7132179200468142e-05,0.06958270072937012
963,13,mix_ffn_after_gate,Vertical,1,0.9923457597929334,0.24752483353403684,2.40368390083313,0.3102221070300965,0.004892446433440255,0.4447250962257385,0.15837283408831035,0.0007076232037961107,0.20413288474082947,0.09514717521175506,0.00017262182657893084,0.12029324471950531,0.0635695472241394,5.78861006701981e-05,0.07922826707363129,0.04607332060261378,2.4573579674063792e-05,0.05644697695970535,0.0356424136294259,1.2749296824454417e-05,0.04297282174229622,0.029059545476994818,7.92804476350161e-06,0.03557081148028374,0.024700114828726603,5.719596258936393e-06,0.03065463714301586,0.021690598408144617,4.586171475589133e-06,0.027258820831775665,0.019538608808366078,3.943980563541841e-06,0.024831758812069893,0.01795520176667543,3.5548737109600506e-06,0.023047836497426033,0.016765046835182203,3.311052926822094e-06,0.021712776273489,0.015859542399763116,3.1535785149888012e-06,0.02071112021803856,0.015169921937206435,3.045942320849297e-06,0.020148808136582375,0.014648290380599007,2.9699040492010893e-06,0.019805824384093285,0.014255432219850638,2.917355369658516e-06,0.01957385241985321,0.01395619645833023,2.879609865364233e-06,0.019425131380558014,0.013719530480485114,2.8453974069852882e-06,0.01931134983897209,0.013522142307862403,2.805851053330032e-06,0.019183030351996422
963,13,mix_ffn_after_gate,Horizontal,1,1.222143721012842,0.40328313222596696,3.6803629398345947,0.38058540745387004,0.0065413365540493915,0.5613390803337097,0.2050442217834412,0.0009843451287920375,0.28202587366104126,0.13141262933375344,0.000260730926508991,0.1720310002565384,0.09278036121811185,9.530004601231565e-05,0.11735983937978745,0.06980962235303152,4.334075740682256e-05,0.08572979271411896,0.055051547667336845,2.3089766624723808e-05,0.06589766591787338,0.04504377099256667,1.3861763705296975e-05,0.0527573823928833,0.03798062171018313,9.152934571025816e-06,0.044258587062358856,0.032839066275055444,6.5494783907416674e-06,0.03834696486592293,0.0290029730411276,5.021293399780186e-06,0.03389851003885269,0.026083552677716528,4.0799373775013716e-06,0.03048192709684372,0.023825813291801348,3.478646547739072e-06,0.0278371199965477,0.022056568266143873,3.0862313277372295e-06,0.02580343559384346,0.020653998686207667,2.8282529971615065e-06,0.024684645235538483,0.0195297770911739,2.6575025408219107e-06,0.023845242336392403,0.018619282644182916,2.5410856775865794e-06,0.023165810853242874,0.01787604328008398,2.4571361173236676e-06,0.02260633371770382,0.01726660281715412,2.393147871183516e-06,0.022144433110952377,0.01676558814055863,2.3427557110118993e-06,0.02176487259566784
963,13,mix_ffn_after_gate,Gaussian,1,0.8428872170902434,0.1709159153545025,2.0748796463012695,0.26193427046140033,0.0035489523179164447,0.3675137758255005,0.13377680688623397,0.0005122556368336959,0.17392605543136597,0.08158873074821063,0.000129632388349508,0.10788078606128693,0.05560384075793009,4.370319470496153e-05,0.07436802983283997,0.041133525411761,1.8741642861963274e-05,0.05554599687457085,0.03239439182456524,9.78683364917563e-06,0.043924033641815186,0.026796019650877467,5.988761637607556e-06,0.03624355047941208,0.023045182346351563,4.149386616821023e-06,0.030896952375769615,0.020440395034494855,3.1568139906139546e-06,0.027031265199184418,0.018581905357894443,2.5778131315061954e-06,0.024179164320230484,0.017229986717067068,2.22553878522562e-06,0.02205388993024826,0.0162303913236847,2.0072840420715634e-06,0.020452599972486496,0.015475592915973967,1.8663666089990405e-06,0.019220171496272087,0.01488812705354085,1.765494991807063e-06,0.01824299246072769,0.014415735157117956,1.6861197419591464e-06,0.017451997846364975,0.014027515041922766,1.6237923198005118e-06,0.016813332214951515,0.013707850808425555,1.5788632480490925e-06,0.016514642164111137,0.013449182349538047,1.5503525245662328e-06,0.016304224729537964,0.01324537873918575,1.535688110706778e-06,0.016121480613946915
963,14,self_attn_after_gate,Vertical,1,0.5352543992182565,0.07006508924703052,1.3384133577346802,0.19219297348033815,0.002909716327714682,0.34308111667633057,0.12377379089593887,0.0008059628888378935,0.19733653962612152,0.09300068417002284,0.000351630675268654,0.14081108570098877,0.07538911469635509,0.0001963939021737497,0.11603561043739319,0.06404181563901523,0.00012622059078408023,0.0984455943107605,0.05616733727474061,8.863287285697535e-05,0.08537878096103668,0.050399191441043975,6.644371878988228e-05,0.07543900609016418,0.04599324761638566,5.2398762106161275e-05,0.06772291660308838,0.04252290149174985,4.297766253186106e-05,0.06161050498485565,0.03972914061021237,3.6352295644456575e-05,0.05668414384126663,0.03744391884122576,3.1522846478793886e-05,0.052661262452602386,0.03555177740516171,2.790901242930596e-05,0.0493444949388504,0.03396917033999685,2.515232944532865e-05,0.046591922640800476,0.03263281149760125,2.3018789865286606e-05,0.04499027878046036,0.031493084239108224,2.1348762998648664e-05,0.04353829473257065,0.030510410843860535,2.0028514568094865e-05,0.04219647869467735,0.029653172614792035,1.897316779837761e-05,0.040959782898426056,0.02889634482562542,1.8117151452823752e-05,0.03982321172952652,0.02822036562221391,1.7409013316588187e-05,0.03878078609704971
963,14,self_attn_after_gate,Horizontal,1,0.7718076114616697,0.16676409412503426,2.167710304260254,0.2812558854856188,0.004351494898760023,0.461246132850647,0.18635366218430655,0.0007759329125651354,0.26094815135002136,0.14887973145833092,0.0002981567069297522,0.18724952638149261,0.12799670239762653,0.00016272721574525355,0.15815337002277374,0.11461580260878518,0.000105276458368328,0.14039795100688934,0.10536872938511864,7.535067602624662e-05,0.12712645530700684,0.09861197429043907,5.7847823165850686e-05,0.11684460937976837,0.09342586651207908,4.669154377556037e-05,0.10857309401035309,0.0892831285794576,3.922460722380647e-05,0.10243865847587585,0.08587137337714906,3.404321811205753e-05,0.09771613776683807,0.08299592917873747,3.0289230343340316e-05,0.09551498293876648,0.08052912236206115,2.7417089443025264e-05,0.09383593499660492,0.07838393712327593,2.509291344750086e-05,0.0921163335442543,0.07649940642572585,2.312800783806869e-05,0.09037736058235168,0.0748316054306333,2.1425177171865977e-05,0.08865290880203247,0.07334774590673901,1.9937568414991046e-05,0.0869767963886261,0.07202230648152412,1.8641531593347765e-05,0.08537663519382477,0.07083460434325158,1.7521209978702842e-05,0.08387140929698944,0.06976723795135815,1.656114153417418e-05,0.08247152715921402
963,14,self_attn_after_gate,Gaussian,1,0.6774507706600522,0.17037729153804684,2.0093326568603516,0.21688427823403525,0.003688374464204833,0.3662993311882019,0.13255622592710314,0.0009651904498455312,0.2043900042772293,0.09662667117894642,0.000462961272967298,0.16329757869243622,0.07650508063416632,0.00026949035286774224,0.13216549158096313,0.06369503090778987,0.00017134012327688387,0.10892749577760696,0.0549235399516802,0.00011569930084433174,0.09184585511684418,0.048563625072202986,8.15347711503905e-05,0.07874500751495361,0.04373890108295849,5.942460874718944e-05,0.0683349221944809,0.039951666273058406,4.468323660236208e-05,0.0599258616566658,0.036899807434233406,3.462489674112567e-05,0.05307726562023163,0.03438922041465366,2.7582546727296077e-05,0.048619262874126434,0.032289642751926466,2.2505416384736964e-05,0.04510847479104996,0.03051073606761675,1.873854241008711e-05,0.042017534375190735,0.028988008195209126,1.5874394529630083e-05,0.03927803784608841,0.027674060226196333,1.3654357177905205e-05,0.036840032786130905,0.02653310920984026,1.1908808712213095e-05,0.034666240215301514,0.025537531734222456,1.0522009151274716e-05,0.033336982131004333,0.024665632950408117,9.411631960967952e-06,0.03219374269247055,0.023900111930237875,8.516664498474857e-06,0.031172096729278564
963,14,cross_attn,Vertical,1,0.4215147705778243,0.09403879527158061,1.411189317703247,0.1645052901336125,0.0015964430107030265,0.30734017491340637,0.1339544134717139,0.0006472903384847947,0.2393355667591095,0.12025623129946846,0.0003364272453554145,0.20688378810882568,0.11240251965466,0.00019335032746026543,0.17746466398239136,0.10691930661125788,0.00011579004641667068,0.15547990798950195,0.10333617315405891,7.476212364184425e-05,0.13986825942993164,0.10050505163177612,4.9378675977887395e-05,0.1285223662853241,0.09821327231706135,3.506211899306286e-05,0.12085752934217453,0.09647502880247813,2.677198449610238e-05,0.11543300747871399,0.09514917575177692,2.1529980178340206e-05,0.11117475479841232,0.094105235759228,1.8327736375080266e-05,0.10789243131875992,0.09328893678528923,1.6309696978409543e-05,0.10551793873310089,0.0926690645634182,1.4920521153535306e-05,0.10379138588905334,0.09217672676794113,1.3857323707455221e-05,0.10245473682880402,0.09173010904637593,1.2820643762756382e-05,0.10160353779792786,0.09128677206380027,1.1719489206714549e-05,0.10110241174697876,0.09086822860297702,1.0696686524208115e-05,0.10027210414409637,0.09051540553096742,9.84511844779306e-06,0.09935425221920013,0.09024224867896428,9.147326126461525e-06,0.0985531434416771
963,14,cross_attn,Horizontal,1,0.7688953729849013,0.4141004075807042,3.5734941959381104,0.2053944311208195,0.005190180702083486,0.4330998659133911,0.1528316338857015,0.0012597755678562573,0.2980128228664398,0.13319363019296102,0.0004967394453769772,0.21780836582183838,0.1223752432399326,0.0002473724041887238,0.17243659496307373,0.11504208982463866,0.00014170069492669288,0.15647414326667786,0.11003704948557748,9.047241143627665e-05,0.145783469080925,0.10646762722541415,6.309673932460206e-05,0.13783478736877441,0.10388409902179052,4.6426872687274894e-05,0.13117201626300812,0.10197820467135263,3.5200931869439186e-05,0.12572962045669556,0.10052638181618281,2.7114476017493033e-05,0.12130097299814224,0.09938565192241518,2.095847421950362e-05,0.1175844669342041,0.09847471082494372,1.632022890948736e-05,0.1145135760307312,0.09775497764348984,1.3097864237479473e-05,0.11218590289354324,0.09716367118415378,1.1155335794395473e-05,0.11060646176338196,0.09661391129096349,1.0130786634996727e-05,0.1096130758523941,0.09605542392957778,9.303513301538522e-06,0.10870656371116638,0.09551043761154962,8.234699818770875e-06,0.10738484561443329,0.09502148368055859,7.092684205697217e-06,0.10572903603315353,0.09460453547182537,6.089869941981643e-06,0.10400889068841934
963,14,cross_attn,Gaussian,1,0.31348104609383476,0.04123897907094219,0.95506751537323,0.13110165250679803,0.0015628478183418854,0.24593129754066467,0.09929831101307793,0.0005708441237364241,0.1853465437889099,0.0860161909035274,0.00028910959375308165,0.14733761548995972,0.07912281569507387,0.00016367629622563947,0.12489644438028336,0.07442736324100267,9.988968153174658e-05,0.10763834416866302,0.07077424340541401,6.976424776833519e-05,0.09886173903942108,0.06795223760935995,5.371066107290417e-05,0.09242695569992065,0.06599582903205402,4.223923202717332e-05,0.08540408313274384,0.06460283442385613,3.4315032748896035e-05,0.08001962304115295,0.06355650924027913,2.893648276188431e-05,0.07619570195674896,0.06275154502382355,2.5138690528551635e-05,0.07354429364204407,0.06212331390097028,2.2278170821967464e-05,0.07168948650360107,0.06163428345369914,2.000462046532643e-05,0.0703243836760521,0.061258755683425876,1.817744618233221e-05,0.06980244815349579,0.06097277673700499,1.6789589247686433e-05,0.06947380304336548,0.06075130816962984,1.5838689768928915e-05,0.06931004673242569,0.060580064025190145,1.5269437559820732e-05,0.06926664710044861,0.0604466459462567,1.5003990051172186e-05,0.06931409239768982,0.06034465973812436,1.4966852299846061e-05,0.06942538917064667
963,14,mix_ffn_after_gate,Vertical,1,0.8677635968677582,0.24493720586096782,2.3305373191833496,0.25290888879034257,0.002939506836614794,0.372481107711792,0.13118590509134626,0.0004168180908706773,0.1683770716190338,0.08061167544552258,0.0001079369416778316,0.100886270403862,0.05510615196729463,3.9049530505432774e-05,0.068916916847229,0.04080153209349466,1.8320571020665513e-05,0.051049381494522095,0.03210904523138962,1.0549973938048897e-05,0.04010339826345444,0.026510576347983074,7.131065166807923e-06,0.0331328883767128,0.022753705935818807,5.433196341375807e-06,0.028754137456417084,0.02015131020120212,4.5129155786206295e-06,0.02573443204164505,0.01830336566837061,3.989435510043738e-06,0.023602183908224106,0.01696518227635395,3.6825973067631825e-06,0.022286439314484596,0.015982845132904395,3.4919514531425346e-06,0.0215729009360075,0.015257176810077258,3.362943806360417e-06,0.021066170185804367,0.014720222868380092,3.2636798002731162e-06,0.020678536966443062,0.014321448000532293,3.170832846963846e-06,0.020336896181106567,0.014020723349873036,3.073415519277065e-06,0.019993474707007408,0.013786377503521859,2.977386113713784e-06,0.019636739045381546,0.013595703264905347,2.8967863104889e-06,0.019281063228845596,0.013434509184980204,2.8406734880787712e-06,0.018946459516882896
963,14,mix_ffn_after_gate,Horizontal,1,0.8563847991209181,0.19608218243421713,2.320131778717041,0.2711599599274378,0.003373606137634447,0.39903560280799866,0.1425195848421445,0.0004944570782991045,0.18891942501068115,0.0894936980709197,0.00012304676027334225,0.11518099159002304,0.06270349918613358,4.281779926127436e-05,0.07810404151678085,0.047434529733090175,1.9041270939443965e-05,0.057182371616363525,0.03803731879544637,1.0424071068680316e-05,0.04569216072559357,0.03194163467675921,6.801533057131768e-06,0.038525424897670746,0.02783662098504248,5.078563285297964e-06,0.03368672728538513,0.024985223978994383,4.1603013427518084e-06,0.030294913798570633,0.022949636278171388,3.617845670516402e-06,0.0278483834117651,0.021460633488401534,3.266890153699157e-06,0.02604563534259796,0.02034777326006738,3.022952710607686e-06,0.02508540078997612,0.01950208975800446,2.8465576900091006e-06,0.0244115199893713,0.018851944141917758,2.7170702664674073e-06,0.023895587772130966,0.018347467192345195,2.620887673096514e-06,0.023492947220802307,0.017952606170659975,2.5481426852972183e-06,0.023172670975327492,0.017640776680930267,2.4924372663592524e-06,0.022913996130228043,0.017392575489504944,2.4497801904168433e-06,0.02270328812301159,0.017194469488920675,2.4166832128564526e-06,0.022530343383550644
963,14,mix_ffn_after_gate,Gaussian,1,0.8435876993905931,0.17936396309808816,2.354910135269165,0.26600866492778535,0.0034593546253605446,0.38014325499534607,0.1389116747748284,0.000565462242453298,0.1874520629644394,0.08598795521353918,0.00014770911264132427,0.11179862916469574,0.0595494635876209,5.1305594590297196e-05,0.07469858229160309,0.04479777268947117,2.2087384787368117e-05,0.05490768700838089,0.03580172818213228,1.1444968768551693e-05,0.04323607683181763,0.029910941918690998,6.89171301655546e-06,0.035834118723869324,0.02584501284928549,4.6819500270804075e-06,0.03137821704149246,0.02293934149756318,3.51590529584787e-06,0.0280033927410841,0.020816919645146717,2.8535616625178663e-06,0.02545173093676567,0.019239367059771976,2.4470660697537038e-06,0.023514501750469208,0.018048045107178272,2.181478686195324e-06,0.022018050774931908,0.01713396737440711,2.0011223851103667e-06,0.020833902060985565,0.016420543238165834,1.8786588468596248e-06,0.0198756605386734,0.015855262750789287,1.7988586401107317e-06,0.019095484167337418,0.015404136570554876,1.7492456959123671e-06,0.018468059599399567,0.015044696244692046,1.718982832884519e-06,0.017970405519008636,0.014759706821115244,1.7011032146450013e-06,0.01772141456604004,0.014534360285670985,1.692455555620016e-06,0.01754997856914997
944,12,self_attn_after_gate,Vertical,1,0.7211862341279075,1.2492593372516227,5.1222639083862305,0.1502177163012444,0.0009582006448610888,0.254312664270401,0.1089857667684555,0.0004219048379494235,0.18384240567684174,0.08571416920139677,0.0002123316350893843,0.13686823844909668,0.0713791764444775,0.00012232815890407444,0.10512416064739227,0.06189186055035818,8.100900758603321e-05,0.08373117446899414,0.05522048094915965,6.044666093735239e-05,0.07367782294750214,0.05028105881952104,4.884493968875937e-05,0.06587395071983337,0.04646622762084007,4.135659503189666e-05,0.05942821130156517,0.04341838535453592,3.600125205950398e-05,0.05537346005439758,0.04091659247402161,3.191907350323552e-05,0.05240454152226448,0.038818645571905466,2.869226915078867e-05,0.049778565764427185,0.03702974195281664,2.608713077314554e-05,0.04744725674390793,0.035484581298771356,2.3954112057487585e-05,0.04545849934220314,0.03413677159401159,2.2187868224103255e-05,0.04373824596405029,0.03295230841825879,2.071108386584694e-05,0.04214733839035034,0.031905475944753674,1.946678897523925e-05,0.04066832363605499,0.030976131292326108,1.8412856443519324e-05,0.0392901748418808,0.03014794633620315,1.7517348455091545e-05,0.03800595551729202,0.029407288317405987,1.6754987650105067e-05,0.03720041736960411
944,12,self_attn_after_gate,Horizontal,1,0.1943500872169222,0.0039162776536556055,0.3905875086784363,0.11469736127626329,0.00012289260093381775,0.14534839987754822,0.0945902347328171,5.2696683445367606e-05,0.11312190443277359,0.08484105363724724,3.4917764975127295e-05,0.0983504056930542,0.07911331632307597,2.7775375698707697e-05,0.09041108191013336,0.07533214702492669,2.4186402221439564e-05,0.08511503040790558,0.07261717964022879,2.2103737426517597e-05,0.08154839277267456,0.07054040374027358,2.08003745348363e-05,0.07915619760751724,0.0688785690636862,1.9968606620841015e-05,0.07717575132846832,0.06750750772300221,1.944196414458898e-05,0.07553344964981079,0.06635169223660514,1.911543176077504e-05,0.07416816055774689,0.06536123239331776,1.891957050568958e-05,0.07302404940128326,0.06450104506479369,1.88073038992521e-05,0.07207190245389938,0.06374534586119274,1.8746227194641884e-05,0.07149162888526917,0.06307459137742481,1.8713885661574348e-05,0.07095074653625488,0.0624736887476747,1.869479786120621e-05,0.07044315338134766,0.06193079296795149,1.867849406939342e-05,0.06996439397335052,0.06143652133288838,1.8658187754782685e-05,0.06951094418764114,0.060983357448426506,1.8629700498797715e-05,0.06907976418733597,0.06056526196854455,1.8590835038456547e-05,0.06868890672922134
944,12,self_attn_after_gate,Gaussian,1,0.148182951505222,0.004248222921557254,0.3225551247596741,0.06628565691293233,0.00013567242727560087,0.09170340746641159,0.04858089167447317,4.974751847602296e-05,0.06913404911756516,0.040584581209317086,3.0833414248938836e-05,0.057755231857299805,0.03592721015096657,2.1761699403163826e-05,0.049522727727890015,0.0328907970457323,1.6671630925765537e-05,0.04362090677022934,0.03077277062194688,1.3696453558696291e-05,0.03975312411785126,0.029213900929169048,1.1856981018994371e-05,0.038579169660806656,0.028014446002623393,1.0629312999299474e-05,0.03760204464197159,0.027058082677069165,9.738398409775156e-06,0.03672923892736435,0.02627424094530325,9.042809616199109e-06,0.03591689467430115,0.025618140541371844,8.470878782339822e-06,0.03514670208096504,0.025059973318425435,7.986052044217891e-06,0.034412968903779984,0.024578954196638532,7.5687684443903405e-06,0.03371536359190941,0.024159978424745893,7.207351073947414e-06,0.03305504471063614,0.02379167816113858,6.893633179034592e-06,0.032432831823825836,0.023465260892869936,6.621043605370444e-06,0.031848639249801636,0.023173794623405214,6.38384369755925e-06,0.03130147233605385,0.022911721456145482,6.17687670738521e-06,0.030789600685238838,0.022674550967557088,5.9955352948273385e-06,0.03031087853014469
944,12,cross_attn,Vertical,1,0.4239547964599397,0.034968390654802096,1.0451816320419312,0.19093899925549826,0.0008694653402273232,0.31363046169281006,0.1461915456586414,0.0002998252531463749,0.22656157612800598,0.12691913237647404,0.00015854146440957687,0.1872643530368805,0.1154958593939978,7.813310562207456e-05,0.15612544119358063,0.10788851739868285,4.460391802139337e-05,0.13689713180065155,0.10327398587786962,2.77466448659071e-05,0.1247025802731514,0.10004481614109069,1.860972911324662e-05,0.11591355502605438,0.09781097798120408,1.3425266282192332e-05,0.10989437997341156,0.09623517155174226,1.052613974538787e-05,0.10559029877185822,0.0951238405846414,9.89026209783593e-06,0.10159608721733093,0.09416463710958996,1.016383008419256e-05,0.1014309972524643,0.09324794120731808,9.557323737792479e-06,0.100775808095932,0.09249556762358499,8.617018991930386e-06,0.09956730157136917,0.0919391784876112,7.842450989629048e-06,0.09841316938400269,0.0915197292490611,7.337178901803968e-06,0.09745148569345474,0.0911705278688007,7.038420245770253e-06,0.09682033210992813,0.09086037746497563,6.860347851331077e-06,0.09692145884037018,0.09058216013132579,6.74820777045639e-06,0.09707482904195786,0.09033480972524673,6.677005859965507e-06,0.09716664999723434
944,12,cross_attn,Horizontal,1,0.40288081930743325,0.04855022635455546,1.2307815551757812,0.1898075599992086,0.001014406383453211,0.29308217763900757,0.1473456865974835,0.0002804138059581436,0.19129249453544617,0.12694201275469766,0.00011126114777911058,0.1497420370578766,0.11597214059697257,5.743366989125615e-05,0.13088856637477875,0.10904099744936777,3.331091697051937e-05,0.12150517106056213,0.10450948396372417,2.065747362962095e-05,0.1155124083161354,0.1013769834997162,1.3270563638635802e-05,0.11021114140748978,0.09930757669702409,9.266321905075318e-06,0.10709111392498016,0.09776695983277427,7.050069908160798e-06,0.10527319461107254,0.09661761351994105,5.258043504088765e-06,0.10339556634426117,0.09570583346344176,3.956294007617668e-06,0.1023220419883728,0.09497238009695023,3.3902388054961324e-06,0.10128188133239746,0.09433112435397648,3.0098825012808203e-06,0.09991487860679626,0.09378638674342443,2.6932074440511195e-06,0.0996721163392067,0.09336337518124353,2.4169141783328523e-06,0.09934550523757935,0.09302676752919242,2.257880034393774e-06,0.09915980696678162,0.09278928855108837,2.1308548585387707e-06,0.0990355908870697,0.0925078062074525,1.8830608957611766e-06,0.09836183488368988,0.09214834656034197,1.6230115170614085e-06,0.09736736118793488
944,12,cross_attn,Gaussian,1,0.4034016711844338,0.03483625399234289,1.0189988613128662,0.17508795845603187,0.0014852017130159286,0.27774250507354736,0.1229630597527065,0.0004261430323008184,0.18419544398784637,0.09896360337734222,0.0001651746644995399,0.13891182839870453,0.08592053289924349,7.718343110711997e-05,0.11180703341960907,0.07800744639502631,4.212341823468637e-05,0.09544575214385986,0.07275979930446261,2.5844474903760538e-05,0.085993193089962,0.06916330902585907,1.896891075569569e-05,0.0814051628112793,0.0665849115522135,1.5597317191592002e-05,0.0778096467256546,0.06467709507024477,1.3862978660109973e-05,0.07570402324199677,0.06322716892002121,1.298747099656025e-05,0.07446812093257904,0.062149687064072444,1.2286092569683478e-05,0.07351387292146683,0.06122866485800062,1.2048829646125433e-05,0.07175774872303009,0.060411972304185234,1.1626726207534615e-05,0.07009164988994598,0.05981331803495922,1.1527467155217499e-05,0.06930561363697052,0.05940708506201941,1.1594631371261389e-05,0.06885813176631927,0.05914651519722409,1.1789199878171231e-05,0.06872420012950897,0.058968829316279246,1.208897136583245e-05,0.06889371573925018,0.05879611178996071,1.22317081669257e-05,0.06911753118038177,0.0586060740881496,1.2199362727203184e-05,0.06925037503242493
944,12,mix_ffn_after_gate,Vertical,1,1.1662840625596425,0.36709669676949375,3.329829216003418,0.36547157381262096,0.007098929264912934,0.5295847058296204,0.18538519716452037,0.0009767536305774285,0.24721673130989075,0.11152033436866034,0.0002226104515303202,0.14033357799053192,0.07451497278516254,6.790286443609725e-05,0.0900588184595108,0.05397864892369225,2.70505222990758e-05,0.06327906250953674,0.041673375086651906,1.3878654775519213e-05,0.04802045226097107,0.03379745810987458,8.688123856087748e-06,0.03892453759908676,0.02847372551286031,6.247741456199852e-06,0.034022629261016846,0.02472387674072432,4.93723139776046e-06,0.030620593577623367,0.022006919814480677,4.173574920192326e-06,0.02815062366425991,0.0199973223405698,3.7096114237597048e-06,0.02633511647582054,0.0184836523932597,3.4194615387617614e-06,0.02498055435717106,0.017324162809739984,3.2331202720722712e-06,0.023957304656505585,0.016422364491200638,3.1099639485979137e-06,0.02317361906170845,0.015711514722733272,3.0248446744567857e-06,0.02255740761756897,0.01514479203060979,2.9620220361410933e-06,0.022052383050322533,0.014689170267610322,2.913311165140444e-06,0.02162572368979454,0.014321184598855556,2.875567784855698e-06,0.021267924457788467,0.01402339930572207,2.847378145038673e-06,0.02097909338772297
944,12,mix_ffn_after_gate,Horizontal,1,0.8642997103078025,0.1719296355107645,2.05590558052063,0.261981048517757,0.0031156137338597565,0.3611389994621277,0.13301585638333882,0.0003888588159414703,0.1666300892829895,0.08082504121084062,8.392365187562045e-05,0.09565789252519608,0.05512538274365758,2.5420660678344458e-05,0.06396634876728058,0.04096148310909196,1.038244775150644e-05,0.04743339866399765,0.032497142692880024,5.6099348300562165e-06,0.03789281100034714,0.0270976105793601,3.8101159932865183e-06,0.032267943024635315,0.023461512541250576,3.0011895124829513e-06,0.029032476246356964,0.02090553498812138,2.57171223151976e-06,0.02666013315320015,0.019060692173384484,2.3304702532915504e-06,0.024894515052437782,0.017709908888690055,2.1957998244791225e-06,0.023590974509716034,0.016707165181518546,2.119230759243238e-06,0.02262594923377037,0.015952799779673416,2.0752260640689736e-06,0.021903466433286667,0.015378665844244617,2.0502794704576967e-06,0.021352391690015793,0.014937032339355302,2.03645909780983e-06,0.020923081785440445,0.014594156014186049,2.028448929904385e-06,0.02058485336601734,0.01432610136116781,2.022702759732221e-06,0.020317845046520233,0.014115470151106516,2.0174061431065435e-06,0.020106233656406403,0.013949321302038336,2.0123124271517994e-06,0.019937418401241302
944,12,mix_ffn_after_gate,Gaussian,1,1.0576210225385332,0.32453519479834536,2.9167237281799316,0.31952244090655496,0.005375485177662848,0.5080786347389221,0.1632441288185498,0.0007627991785941981,0.23765021562576294,0.09953479291427703,0.00017163689233013228,0.13204088807106018,0.0678931623105965,5.476553598896534e-05,0.08318255841732025,0.05005017396003481,2.276429728444414e-05,0.05795339122414589,0.03917681490854612,1.182997111582701e-05,0.04583870619535446,0.0321899824258354,7.454701669577199e-06,0.0379398912191391,0.02750505314814666,5.433852854702765e-06,0.032535020262002945,0.02424846113555961,4.363676062033555e-06,0.028694532811641693,0.02191411399297298,3.7333659663751044e-06,0.025867894291877747,0.020197116607238375,3.339377007273815e-06,0.024216322228312492,0.018909820458955236,3.0835923179129024e-06,0.022984754294157028,0.017932852493628623,2.907948847209927e-06,0.022044921293854713,0.017184159866282866,2.7799528186010175e-06,0.021315384656190872,0.016604911018576887,2.684495557101425e-06,0.020739540457725525,0.01615285657582775,2.613863151892569e-06,0.020274203270673752,0.015796916500206978,2.561567025595558e-06,0.019883761182427406,0.015513448429013055,2.5200525453114696e-06,0.019541846588253975,0.015284812018748314,2.4821273283639776e-06,0.01923668198287487
944,13,self_attn_after_gate,Vertical,1,1.1579632222179383,2.441540765909155,7.3959760665893555,0.20377749299246167,0.0024940509707883332,0.3952198624610901,0.12876172162710675,0.0005811362498273459,0.2053811401128769,0.09685502757155706,0.0002918931624148891,0.13387426733970642,0.07991746558793007,0.00020064989567964486,0.11553709954023361,0.06933809030387136,0.00015328909144882302,0.10213742405176163,0.06199290562007162,0.0001235030896038025,0.09204669296741486,0.056586733294857874,0.00010296447799069756,0.08428728580474854,0.05244665652040451,8.784667905319593e-05,0.07816138863563538,0.049170042846410994,7.618187586097272e-05,0.0732114166021347,0.04650363946954409,6.688413214061401e-05,0.06913664937019348,0.04428406044959076,5.9324698974665145e-05,0.06573188304901123,0.04240337788822159,5.3116248216110376e-05,0.06285266578197479,0.04078827715582318,4.8002237746810336e-05,0.060394853353500366,0.03938714636578446,4.379856450759794e-05,0.058280669152736664,0.03816206566989422,4.0360195994889934e-05,0.05644866079092026,0.037083918258311255,3.756221299911402e-05,0.05484762787818909,0.03612952170863984,3.5292593521294565e-05,0.053434304893016815,0.035280014255217144,3.34528893735051e-05,0.052173033356666565,0.03451985786003726,3.1960463151349445e-05,0.051035571843385696
944,13,self_attn_after_gate,Horizontal,1,0.16576839782415875,0.0032640654128103684,0.4422991871833801,0.09072725214655437,0.00011915668619437531,0.13668693602085114,0.07092534455042036,6.442911195657624e-05,0.09755180776119232,0.061366429049817345,5.3946904166495365e-05,0.08387758582830429,0.05577549279209167,4.898577065164232e-05,0.07602031528949738,0.05203570928128939,4.526145947229421e-05,0.07061751931905746,0.04929434644087913,4.2290184901662405e-05,0.0666019394993782,0.047165721980115725,3.996929400842904e-05,0.06349688768386841,0.045450426401600005,3.814269324438452e-05,0.061014264822006226,0.04403391167048424,3.666943619318019e-05,0.058979373425245285,0.04284382020197217,3.544883566199412e-05,0.057283032685518265,0.041830712811104835,3.441235363650089e-05,0.055851683020591736,0.04095891741887918,3.351349196118312e-05,0.05463216081261635,0.04020170175603458,3.271997143752533e-05,0.0535837858915329,0.03953852956848485,3.200895923245329e-05,0.05267452076077461,0.03895334316979325,3.136408266970138e-05,0.05187879130244255,0.03843343733913369,3.07736519782625e-05,0.051176153123378754,0.037968655309033775,3.0229165091141104e-05,0.05055011063814163,0.03755081929857769,2.972447144583497e-05,0.04998749867081642,0.03717330065629785,2.9254921078071183e-05,0.049477629363536835
944,13,self_attn_after_gate,Gaussian,1,0.21183759092338503,0.01430222427862237,0.7681127190589905,0.09309651170458112,0.00035094917931136,0.1457221359014511,0.06553772860576236,0.00012490317544625254,0.09109281003475189,0.05220330376473684,5.797720300635083e-05,0.06923362612724304,0.044695925617974905,3.242188153820055e-05,0.05787913501262665,0.03996005654335022,2.104778701885067e-05,0.05109807103872299,0.036691730309809954,1.5250773451973754e-05,0.04640013352036476,0.034293550643182936,1.19785274361622e-05,0.042753227055072784,0.03245770274883225,9.994529010546712e-06,0.04048653319478035,0.031001393875432392,8.716118467333878e-06,0.039039939641952515,0.029810472169802302,7.840646285848327e-06,0.03775898367166519,0.028810799003593505,7.200275518757902e-06,0.03658026084303856,0.027953393284290556,6.70130338806659e-06,0.03548172861337662,0.027206364546030287,6.294850252474847e-06,0.03446154296398163,0.026549033465839568,5.957017503123049e-06,0.03352244198322296,0.02596724299447877,5.675052364724478e-06,0.03266402333974838,0.02545033052327141,5.440265880624712e-06,0.03188193589448929,0.024989603087306023,5.245541685572782e-06,0.031169692054390907,0.02457766817320907,5.084659901501659e-06,0.030520254746079445,0.0242081591120315,4.9521552673639584e-06,0.029927000403404236
944,13,cross_attn,Vertical,1,0.4815001743180411,0.0875951999124837,1.6571635007858276,0.17700521411403777,0.0018381440825730021,0.41965851187705994,0.13875291354599453,0.0006380686345423696,0.26813778281211853,0.12189063287916638,0.00026962932142767047,0.19323401153087616,0.11188224395589223,0.00013371707534068776,0.14929190278053284,0.10557597438021311,7.855926799737595e-05,0.1295844167470932,0.10123594649254329,5.4661859564344165e-05,0.1200355589389801,0.09806549750150197,4.2088170447813294e-05,0.11273536831140518,0.09570871104323675,3.476642375614035e-05,0.10748245567083359,0.09386247656648121,3.0052367049389387e-05,0.10373944044113159,0.0924025544571498,2.672238082362556e-05,0.10213077068328857,0.09129865349285186,2.447687159255237e-05,0.10091458261013031,0.09048282000280562,2.312868778005324e-05,0.10017941892147064,0.08986753225326538,2.2414325511358308e-05,0.09978588670492172,0.08937375720531221,2.1997794623744994e-05,0.09946945309638977,0.08894931655081492,2.1623631225667638e-05,0.09914904832839966,0.08857604577427819,2.1236978740870727e-05,0.09877081215381622,0.0882494579704981,2.0850470694349344e-05,0.09832759201526642,0.08796472977551203,2.0468049710181485e-05,0.09783746302127838,0.08771550939196632,2.0087419635225232e-05,0.0973237156867981
944,13,cross_attn,Horizontal,1,0.5564859511833342,0.12743776963786305,1.7316346168518066,0.19921091175268565,0.0017543268071881488,0.3356601297855377,0.1460892807633158,0.00037525399077977374,0.1986692249774933,0.12573294081385172,0.0001395753533725839,0.15684852004051208,0.11545104024902222,7.600697518530934e-05,0.13846391439437866,0.1095071801590541,4.877104090773929e-05,0.12943017482757568,0.10559923958683771,3.1200641836614896e-05,0.1221284493803978,0.10284584666055346,2.018498856320816e-05,0.11649300158023834,0.10086748299617616,1.3660573732462841e-05,0.11199366301298141,0.09927868665683837,9.621931610558257e-06,0.10817424952983856,0.09794935808768349,7.1166930718383855e-06,0.10524788498878479,0.09688030644541695,5.49576800918873e-06,0.10304336249828339,0.09602918913440099,4.4709931032698555e-06,0.1013503298163414,0.09533569500559852,3.829902825211457e-06,0.10003231465816498,0.09477866204485061,3.3414814237917972e-06,0.09913797676563263,0.09434005547137488,2.9232033905961024e-06,0.09870868921279907,0.09398274561242452,2.581872544186789e-06,0.09822992235422134,0.0936668130850035,2.2876042168456395e-06,0.09762455523014069,0.09336914122104645,2.0179041147597916e-06,0.09692874550819397,0.09309770143221295,1.7901127739538905e-06,0.0962669849395752
944,13,cross_attn,Gaussian,1,0.5935585449139277,0.2086790563281327,2.930964946746826,0.18086776870583732,0.002407183837212234,0.30854278802871704,0.12184974291021862,0.00048111155639357406,0.19984522461891174,0.0991452160099196,0.000197295155612566,0.14510728418827057,0.08688812679241574,0.00010643740561893236,0.11769983172416687,0.07903439788118241,6.247127883786212e-05,0.10650897026062012,0.074084817594479,4.1749866384596955e-05,0.09682311117649078,0.07085091975473222,3.070367726847967e-05,0.08881254494190216,0.06844420819765046,2.4986719544038194e-05,0.08246039599180222,0.0665377787654362,2.1911595470564287e-05,0.07772354781627655,0.06508451238984153,1.9850784493583113e-05,0.07403703778982162,0.06396573663703979,1.8327282215661335e-05,0.07238593697547913,0.06307778158594692,1.7225666316046716e-05,0.07141520082950592,0.06236619644221805,1.6533285926602926e-05,0.07074619829654694,0.06179745229227202,1.623251958828403e-05,0.07016580551862717,0.061337581584377895,1.628476520496766e-05,0.06967363506555557,0.060955748789840274,1.657409488405563e-05,0.06934838742017746,0.06063040600173057,1.688664935998449e-05,0.06915676593780518,0.06035755787576948,1.7097931822824996e-05,0.06916073709726334,0.06014400803380542,1.7268512645679807e-05,0.06923054903745651
944,13,mix_ffn_after_gate,Vertical,1,0.8296030130651262,0.15014789263398542,1.9361497163772583,0.2525700061094193,0.003316026316575219,0.36680635809898376,0.12634540384724027,0.0004159662818697888,0.16868463158607483,0.07659515277260825,9.848797831217702e-05,0.10025124996900558,0.052313085172384505,3.3446386744092024e-05,0.06781072914600372,0.03910536106143679,1.552342463444486e-05,0.05021904408931732,0.031373953062390526,9.44417924302684e-06,0.039866358041763306,0.02657799603092292,7.0560423865030276e-06,0.03340195491909981,0.02344727980357314,5.93552419926391e-06,0.029753271490335464,0.02131641594072183,5.288372647219859e-06,0.027412064373493195,0.019825947722272266,4.8768096513459986e-06,0.02642873302102089,0.018764632074014534,4.6086626685009574e-06,0.02575688064098358,0.01799874318142732,4.428831271201999e-06,0.02529488131403923,0.017439937972951503,4.294813426953168e-06,0.024945974349975586,0.01702895166263694,4.179075598701406e-06,0.02464207634329796,0.01672664759237142,4.07632303988475e-06,0.02436685375869274,0.01650743128820544,3.9940751013820515e-06,0.024135863408446312,0.016353145256520263,3.936926891764542e-06,0.023961763828992844,0.016248353047385103,3.901270989851024e-06,0.023841189220547676,0.016178557205767857,3.8782390961768375e-06,0.023758530616760254
944,13,mix_ffn_after_gate,Horizontal,1,0.9285439820516677,0.1915094923579302,2.24188232421875,0.3018496069643233,0.004665926529689827,0.4544660449028015,0.1532305105338021,0.0006102117808393681,0.2086418867111206,0.09340365739568832,0.00013293705774620307,0.11879946291446686,0.0642427263397073,4.1576211122685784e-05,0.07980373501777649,0.048193954700042334,1.7418654404418375e-05,0.05876649543642998,0.03857442435054552,9.421534878419468e-06,0.04639871418476105,0.03243195206399948,6.273416459761479e-06,0.038608238101005554,0.02831574845763426,4.833575704196189e-06,0.03343012183904648,0.02545345953059575,4.074547033440773e-06,0.03052935190498829,0.023408960521457686,3.621557271128606e-06,0.028868265450000763,0.02191980801049679,3.3281614058696642e-06,0.02760075032711029,0.020818544610861748,3.1306657061206233e-06,0.026626907289028168,0.019993231498769352,2.9947617304956587e-06,0.025870073586702347,0.019365706407125035,2.8950115312669965e-06,0.025267399847507477,0.018881925159976595,2.813286029938527e-06,0.024776039645075798,0.01850694604218006,2.7438555659534476e-06,0.02437661960721016,0.01821821855588092,2.6889826326124727e-06,0.024064185097813606,0.017998959130001446,2.6508915189586514e-06,0.02383604645729065,0.01783397781943518,2.628687200715107e-06,0.02368105575442314
944,13,mix_ffn_after_gate,Gaussian,1,0.895241988083673,0.18909980270477114,1.928973913192749,0.26818261070856975,0.004433975103388664,0.3861179053783417,0.12960317186892978,0.0005203714882757396,0.16852115094661713,0.07641133524122692,0.0001042919659237263,0.09610491991043091,0.05164400813361955,2.98230976426158e-05,0.062528595328331,0.03857763484120369,1.1601248193720399e-05,0.045489225536584854,0.03100897634904536,6.049641993255508e-06,0.03606494888663292,0.02630763953285558,4.0681641237851155e-06,0.030341975390911102,0.02322816825102246,3.2281528690999993e-06,0.02716260775923729,0.021134403726411243,2.8044747270784644e-06,0.02493952214717865,0.0196720300212739,2.560907128758529e-06,0.023325741291046143,0.018626767136747876,2.4063849729934905e-06,0.022119417786598206,0.017863835858565474,2.3025406039448864e-06,0.021485280245542526,0.017296428836527326,2.231375229030451e-06,0.02102353237569332,0.016867605777132134,2.182491400321965e-06,0.020688746124505997,0.016539432699718172,2.1484380798296546e-06,0.02044413611292839,0.016286307191919713,2.1234168117939985e-06,0.020261159166693687,0.016090426727065017,2.1033711362359024e-06,0.020118603482842445,0.01593879613256644,2.0861840061344223e-06,0.020001377910375595,0.015821731959780056,2.071092956108871e-06,0.01989920064806938
944,14,self_attn_after_gate,Vertical,1,0.7286826655978248,0.20913305270124694,2.328969955444336,0.23152954876422882,0.0042734409472704425,0.41643792390823364,0.1477300367421574,0.0012538288300157736,0.25872236490249634,0.11139421342384248,0.0005752510452157358,0.19144567847251892,0.09111880333650679,0.0003342282359064069,0.15153850615024567,0.07797940820455551,0.00022010669253907272,0.12490865588188171,0.06859770766089833,0.00015583533119234213,0.10566645115613937,0.0615075146631589,0.00011666806665547313,0.0911654680967331,0.05597433477403626,9.185501686974782e-05,0.08000839501619339,0.05156386815129765,7.555722452026422e-05,0.07131889462471008,0.0479872404109864,6.434742554979665e-05,0.06652899086475372,0.045041406497595804,5.621836752548999e-05,0.062450263649225235,0.04258027637288684,5.001527486874384e-05,0.05888872966170311,0.04049738638457798,4.508143312258709e-05,0.05574927106499672,0.038714349092472164,4.104303461806454e-05,0.05296734720468521,0.03717283141754922,3.768162667715101e-05,0.05049809068441391,0.035828878068261676,3.486083956729406e-05,0.04830741882324219,0.034648849141030086,3.2484927955492025e-05,0.046365886926651,0.033606540470842335,3.047829562625012e-05,0.04510701820254326,0.0326811924044575,2.877707232952363e-05,0.04423840343952179
944,14,self_attn_after_gate,Horizontal,1,0.7886298592128451,0.165631177163831,1.9640343189239502,0.29318547438061426,0.004829073079148847,0.5187656879425049,0.2046775652302636,0.0015367355518570737,0.32971736788749695,0.16383749814260573,0.0006570455674047584,0.24010387063026428,0.14042044809413334,0.0003368430656277793,0.18979109823703766,0.12514406182463206,0.00019661124347372376,0.16160881519317627,0.11441105379471703,0.0001251247798780727,0.14234444499015808,0.10653174916903178,8.516237200976358e-05,0.1302911341190338,0.10055922172845357,6.144222138544799e-05,0.12089920043945312,0.09590804505915869,4.670058203842141e-05,0.11351856589317322,0.09219995247466224,3.719980940716725e-05,0.10764938592910767,0.08918236539004341,3.091384104475924e-05,0.10319013893604279,0.0866801647676362,2.6685652090710093e-05,0.09927080571651459,0.0845676160284451,2.381385706313502e-05,0.09575828909873962,0.08275247270625735,2.1846001985811818e-05,0.09292613714933395,0.08116687479473296,2.0476112589114455e-05,0.09046673774719238,0.07976144765104566,1.9494469852274214e-05,0.08823145925998688,0.07850073372560834,1.875960278360303e-05,0.08709926903247833,0.07735941452639443,1.817943312031713e-05,0.08653326332569122,0.07631927362037083,1.7696623989666616e-05,0.08594425022602081
944,14,self_attn_after_gate,Gaussian,1,0.7041711329467712,0.17434379356418317,2.2427480220794678,0.22861444027650923,0.003379381783775507,0.3769133388996124,0.14264190303427832,0.0009576192045884337,0.2296292930841446,0.10614904560266979,0.0004298885702966252,0.171590656042099,0.08550202190166428,0.00024142186445615782,0.1349300742149353,0.0720631673577286,0.00015752545522331452,0.10965076088905334,0.06263226134672997,0.00011281589937423331,0.09118790924549103,0.05568266695454007,8.534872594649867e-05,0.07731997966766357,0.05037032836486423,6.678273065243469e-05,0.06873767077922821,0.0461877365079191,5.346281216828036e-05,0.06316818296909332,0.04281302848978648,4.354146691669392e-05,0.059461887925863266,0.0400344722032074,3.5970680319495816e-05,0.056090421974658966,0.03770848949040685,3.0102106749196323e-05,0.053046442568302155,0.035734834474703624,2.5506550401884828e-05,0.05031684413552284,0.03404146282091027,2.1882246372143866e-05,0.047881267964839935,0.03257504625925942,1.9006533562002124e-05,0.045713577419519424,0.03129496632350816,1.671075399998583e-05,0.04378466680645943,0.030169509203424528,1.486605625767972e-05,0.04206569492816925,0.029173407644506485,1.3373734810227047e-05,0.04053005203604698,0.02828618881130029,1.2157735247071687e-05,0.03915423899888992
944,14,cross_attn,Vertical,1,0.473145970986003,0.14814511352199575,2.119384288787842,0.1853737805097822,0.0036133465449343857,0.45164915919303894,0.1431306939986017,0.0007460061542463726,0.2411651313304901,0.12642445001337263,0.0002953446035090834,0.16945362091064453,0.11745170574812662,0.0001858228188493559,0.15933579206466675,0.11225215842326482,0.00014701232568396495,0.1578642725944519,0.10796943815454604,0.00011549648005864219,0.1525781899690628,0.10448201461916878,8.798084487358794e-05,0.14361992478370667,0.10189379562461187,6.585300440673083e-05,0.13455620408058167,0.09985420036883581,4.894001123002078e-05,0.1265822947025299,0.09815245854949194,3.7132454609723445e-05,0.12081658840179443,0.09674916073443397,2.880224482921628e-05,0.11655868589878082,0.09559961467508286,2.257769961788425e-05,0.11289840936660767,0.09462536753170074,1.7795751697649277e-05,0.10943146049976349,0.09378150377481703,1.4291495882330931e-05,0.10622896254062653,0.09307518471328038,1.187664639223143e-05,0.10351699590682983,0.09250279610592221,1.01722088241895e-05,0.10118335485458374,0.09204013054333036,8.905901443330282e-06,0.09913701564073563,0.09165563942894103,7.975364758975373e-06,0.09794527292251587,0.09132247701996848,7.323830116264839e-06,0.09705856442451477
944,14,cross_attn,Horizontal,1,0.536432522866461,0.2414351568934737,2.874925136566162,0.18632700341561484,0.003095283684688038,0.3690895438194275,0.14452301320575534,0.000814981494854973,0.2563571333885193,0.1253318962833238,0.0002812766864501403,0.17749541997909546,0.11486589967731446,0.00013321459177099043,0.1506073921918869,0.1089942930709748,7.57908622651196e-05,0.13741280138492584,0.10519383351008098,4.535917690686802e-05,0.12781693041324615,0.10268076461932016,2.8527504631504328e-05,0.12012897431850433,0.10076606770356496,2.1609890639412345e-05,0.11374293267726898,0.09915601201946773,1.763160145616501e-05,0.11064989119768143,0.09793614489691597,1.4140513818942396e-05,0.10824123024940491,0.09699585194152499,1.1397741390810575e-05,0.10634088516235352,0.09619804601820689,9.4682695800331e-06,0.10503192245960236,0.09556522267678427,8.341669362439925e-06,0.10415016859769821,0.09512352730546679,7.727198527764351e-06,0.10328523814678192,0.09480320473038961,7.327238021320945e-06,0.10235875844955444,0.09450469296129924,6.930892054679102e-06,0.10144376754760742,0.0941603650885915,6.3848225067160295e-06,0.10065978765487671,0.09379067378384727,5.748259011115957e-06,0.10009218752384186,0.0934541207693872,5.212964076779574e-06,0.0998014435172081
944,14,cross_attn,Gaussian,1,0.5194202931154341,0.2750386415386784,3.673206329345703,0.1774848150828528,0.003969020847080258,0.3981497883796692,0.12584082829573798,0.0009344272498361142,0.19565895199775696,0.10316372106945704,0.0004034444496144397,0.145792156457901,0.09051952191761561,0.00021410640328511872,0.12171953916549683,0.08253443891566897,0.00013239282603602675,0.11118366569280624,0.07683420666153469,8.671889603776871e-05,0.09975218772888184,0.07311355287120455,5.8366657593337845e-05,0.09406621754169464,0.07062404443110738,4.070729933089334e-05,0.08974947035312653,0.06880622156082637,2.965935415135741e-05,0.08638811111450195,0.06735492172458815,2.2947655405852612e-05,0.08329054713249207,0.06617399849115856,1.8713787389148523e-05,0.0803464874625206,0.06521416396375686,1.5911474736633096e-05,0.07806051522493362,0.06441275048114005,1.3960882035168448e-05,0.07641603797674179,0.06374299502561963,1.258028380620172e-05,0.07506062835454941,0.06319707537454272,1.159724032512342e-05,0.07370918989181519,0.06275595103700955,1.0968102997871343e-05,0.07235918194055557,0.0623948968473881,1.0661772334130347e-05,0.0709369033575058,0.062091470474288576,1.0514341730843563e-05,0.06938572227954865,0.06182468061645826,1.0300364062477818e-05,0.06880467385053635
944,14,mix_ffn_after_gate,Vertical,1,0.9429139528009627,0.22042027234640862,2.405052661895752,0.29481768631745897,0.0043181364762898645,0.41567695140838623,0.1511023748252127,0.0006106995106810236,0.1957879513502121,0.09236061194586376,0.00014827265220100508,0.11639493703842163,0.06315084322104378,5.1063815400255714e-05,0.07929165661334991,0.04694906255555532,2.3307710100334764e-05,0.05970536172389984,0.03721806596195887,1.3387334161857807e-05,0.04789049178361893,0.031002858180611853,9.15986006202643e-06,0.0402488186955452,0.02684533241249266,7.089313657569158e-06,0.03504965454339981,0.023965062484854742,5.957260423449825e-06,0.031372565776109695,0.021915452377427192,5.287254224173522e-06,0.028910089284181595,0.02042740781510633,4.873645737406359e-06,0.027545802295207977,0.019330724305103696,4.619468785888173e-06,0.02658674493432045,0.018512491491578874,4.471465798302301e-06,0.025942601263523102,0.017894050224669396,4.390322493935123e-06,0.0255318284034729,0.017418484233083235,4.338704081048676e-06,0.025265198200941086,0.017045440861866587,4.286887576449421e-06,0.025062082335352898,0.01674882715774907,4.2238903887176425e-06,0.02487804740667343,0.01651299845368143,4.154026050835012e-06,0.024703042581677437,0.016327557907927604,4.0833100173288145e-06,0.024536794051527977
944,14,mix_ffn_after_gate,Horizontal,1,0.8444705638620589,0.17660656663391583,2.0524566173553467,0.2504724926418728,0.003031501593871522,0.3610900342464447,0.12703396060637065,0.0003795431762070606,0.1655629277229309,0.07887547386307565,8.5681289660288e-05,0.10161115229129791,0.05580991394226513,2.821519615261634e-05,0.0708702802658081,0.04338395193455711,1.2843863852887979e-05,0.05443330109119415,0.036060426975526506,7.662015941240473e-06,0.04490494355559349,0.03141668456650916,5.539976001839452e-06,0.038964055478572845,0.028314336750005917,4.537907620915504e-06,0.035045549273490906,0.02616755501736724,4.016074840349344e-06,0.03237753361463547,0.024637035079418668,3.7113679711762694e-06,0.030495021492242813,0.023517760906427626,3.5091971751346565e-06,0.029116641730070114,0.022682688450292934,3.36222447965131e-06,0.028307469561696053,0.022050835606124666,3.254242387312254e-06,0.027698151767253876,0.021568092473206065,3.1774887813529386e-06,0.027239400893449783,0.02119595359360415,3.12189949148591e-06,0.02689192071557045,0.020906239304514157,3.0787003652727436e-06,0.026628341525793076,0.020678402708163336,3.0433172001080063e-06,0.02642849087715149,0.020497791084741788,3.013437209067371e-06,0.026275847107172012,0.020354422962381727,2.987765222132e-06,0.026157792657613754
944,14,mix_ffn_after_gate,Gaussian,1,0.7061709160842593,0.11424531322919433,1.650253415107727,0.2246329720531191,0.0026615572962173195,0.35386940836906433,0.11643299886158534,0.00033133414795585663,0.15672039985656738,0.07271949793138201,6.969563493153766e-05,0.0888463631272316,0.05110810419160222,2.0866563787109032e-05,0.05852954834699631,0.039185249557097755,8.619800004958936e-06,0.04483138769865036,0.032089038973762876,4.8131083055513105e-06,0.036749593913555145,0.027627031097099894,3.380320652050842e-06,0.03175409510731697,0.02469372016096872,2.7379436093592967e-06,0.028583459556102753,0.022687127015420368,2.420606981764754e-06,0.0263660941272974,0.021270481603486196,2.246371906747506e-06,0.024784192442893982,0.02024863760859247,2.130894435707017e-06,0.023632630705833435,0.019500824371500622,2.0459646334162903e-06,0.02278454601764679,0.01894675594355379,1.988249847934379e-06,0.022218946367502213,0.01853160818831788,1.9559893066039632e-06,0.021818503737449646,0.018216627546482615,1.945950487658022e-06,0.021549705415964127,0.01797331174805997,1.954775041278119e-06,0.021387219429016113,0.01778075833701425,1.9784236195168157e-06,0.021302679553627968,0.01762445680501442,2.0115033250159223e-06,0.02126210741698742,0.017495219610513202,2.0473894830728247e-06,0.021233364939689636
922,12,self_attn_after_gate,Vertical,1,0.2628486381163673,0.02625994000803076,0.9631354808807373,0.10439538695509472,0.0002756280908683021,0.14258377254009247,0.07468692420257463,0.00010279141333604588,0.09863956272602081,0.060526500559515424,6.40232434321969e-05,0.08706813305616379,0.05225378387267628,4.688604975691663e-05,0.07698972523212433,0.04689600779896691,3.7901203893804504e-05,0.06871107220649719,0.04313042322321543,3.2770109911876e-05,0.06215386837720871,0.04031574690625781,2.94809405732278e-05,0.05697382986545563,0.03811924464054524,2.7125304366121162e-05,0.0528482124209404,0.03635169101494645,2.5306390693642946e-05,0.0495280995965004,0.03489604139966624,2.3844785361408638e-05,0.04682888835668564,0.033675102723969355,2.264741651856632e-05,0.04461280256509781,0.03263550603555308,2.1655551872666125e-05,0.04277564212679863,0.03173898139761554,2.0826103208229584e-05,0.04123775660991669,0.030957219057849476,2.012526778871019e-05,0.039937783032655716,0.030268769563427046,1.952642438081764e-05,0.03882811218500137,0.02965704540884684,1.9008950191394457e-05,0.03810255602002144,0.02910902945413476,1.8557319874757025e-05,0.03758709132671356,0.028614402083413943,1.816003617421383e-05,0.03712555393576622,0.02816490669335638,1.7808723647787732e-05,0.036711957305669785
922,12,self_attn_after_gate,Horizontal,1,0.8795217739211189,1.333826020349054,5.8898210525512695,0.18447125431091066,0.0005097056339299467,0.24749791622161865,0.14483022607035106,0.00017935381198187458,0.19688871502876282,0.12467473189509104,9.314973045138586e-05,0.16448362171649933,0.11208911370190364,5.552302266734691e-05,0.14197862148284912,0.10346150516517578,3.6683641420134625e-05,0.12624657154083252,0.09717510061131583,2.6664063878023457e-05,0.11497703194618225,0.0924082857275766,2.112655211020366e-05,0.10665890574455261,0.08868564298701664,1.799732194958645e-05,0.10035301744937897,0.08570537787108194,1.624332223700773e-05,0.09546404331922531,0.08326523005962372,1.5321986439602197e-05,0.09212831407785416,0.08122537273263174,1.4924727121676718e-05,0.09020698815584183,0.07948735935820474,1.4859095427581306e-05,0.08857592940330505,0.07798117789484206,1.499543990257797e-05,0.08714929223060608,0.07665677948130502,1.5243590483142765e-05,0.08586721122264862,0.07547815912772739,1.5542792919857365e-05,0.08468665182590485,0.07441901628460203,1.5855305262548163e-05,0.08357786387205124,0.07345966403446501,1.61602388232142e-05,0.08252246677875519,0.07258492625421947,1.644725582122387e-05,0.08151060342788696,0.07178279006528476,1.6711654856107766e-05,0.08053813129663467
922,12,self_attn_after_gate,Gaussian,1,0.47086585715176565,0.3860577567397764,2.8829712867736816,0.11514165914720959,0.0006284612178966797,0.19512850046157837,0.08350879255504835,0.00022701433976442096,0.12339644134044647,0.06565091457395326,0.0001022425198175833,0.08666534721851349,0.05482444066613439,5.412377566643445e-05,0.07152817398309708,0.04790892818617442,3.321038267275041e-05,0.06129077821969986,0.04322469524211354,2.26597316733661e-05,0.05484272912144661,0.03987850698213729,1.666245374267948e-05,0.05006580054759979,0.03737915428503165,1.297886704933074e-05,0.04645644128322601,0.03544288119744687,1.060700255960866e-05,0.04368450865149498,0.03389798997650071,9.033798397358935e-06,0.04151986166834831,0.03263595709133716,7.968762368077288e-06,0.03979814797639847,0.03158520292195063,7.235598579105501e-06,0.03840165585279465,0.030696583290894825,6.72238878274785e-06,0.03724634647369385,0.029935150481169185,6.356197263461738e-06,0.03627236187458038,0.029275292294129493,6.088729672330872e-06,0.03543691709637642,0.028697766038397,5.887798275618451e-06,0.034709326922893524,0.028187818440889554,5.731924213505018e-06,0.034067392349243164,0.027733951274837767,5.60685447783756e-06,0.033494893461465836,0.027327096828865628,5.5031363277283315e-06,0.032979778945446014
922,12,cross_attn,Vertical,1,0.39271212546598344,0.024180963444317107,0.90418541431427,0.1938503860008149,0.0014274464272984822,0.3135793209075928,0.146567993339092,0.0003785144656501285,0.21847356855869293,0.1247712600798834,0.00013041736143604756,0.16061794757843018,0.11281016185170128,6.226890416279414e-05,0.13520511984825134,0.10590783790463493,3.448357524684789e-05,0.12355919927358627,0.10164106187839357,2.2610630902014634e-05,0.1156659722328186,0.09877274410119133,1.6823792281729902e-05,0.11028701066970825,0.09678013634587092,1.3391382308961537e-05,0.10635526478290558,0.09542218028079896,1.1871257495306922e-05,0.10394026339054108,0.0944043965566726,1.0701228084761793e-05,0.10143880546092987,0.09363463911272231,9.615763909032638e-06,0.09985160827636719,0.09303695341897389,9.112571226662583e-06,0.10016091167926788,0.09249548519414569,8.799847245818713e-06,0.10045848786830902,0.09200361039903429,8.487299400926642e-06,0.10051146149635315,0.09156816973099632,8.178035003152947e-06,0.100401371717453,0.09118570150837066,7.89365805659083e-06,0.10022374987602234,0.09084814704126781,7.642199358339499e-06,0.10003224015235901,0.0905466459336735,7.422876899958983e-06,0.099850594997406,0.0902730647533659,7.232635657646603e-06,0.09968578815460205
922,12,cross_attn,Horizontal,1,0.5229540495645433,0.11453869002403004,2.498093605041504,0.23461538931680104,0.001550023032105151,0.3281491994857788,0.17481712429296403,0.00045627467412569207,0.22015613317489624,0.14616090059280396,0.00020197734743734918,0.17852190136909485,0.13032094353721255,0.00011341096212912653,0.15626078844070435,0.12071198946426785,7.035902944280751e-05,0.1417226791381836,0.11442165585264327,4.6692725733583885e-05,0.1324848234653473,0.10997517891819515,3.246457328287924e-05,0.12529318034648895,0.10656123904008714,2.3016831504456233e-05,0.11900944262742996,0.10385820908205849,1.6676266450110698e-05,0.11395581066608429,0.10173794934673915,1.2553986926906201e-05,0.11060235649347305,0.10005889572794475,9.727358357611003e-06,0.10805997252464294,0.09871595636719749,7.683598388501714e-06,0.1058124452829361,0.09763043669481127,6.2121557082119745e-06,0.10432510823011398,0.09673139003534166,5.028526937382201e-06,0.10331615060567856,0.09586570530183731,4.059478211790457e-06,0.10171467810869217,0.09502674863925056,3.3709344259062715e-06,0.09999238699674606,0.09434703489144643,2.837263640558921e-06,0.09867029637098312,0.09380378207517048,2.419535405002714e-06,0.09759697318077087,0.09336713323044399,2.1118648502409887e-06,0.09682153165340424
922,12,cross_attn,Gaussian,1,0.3973767189752488,0.04855770751977735,1.2880810499191284,0.1670943945646286,0.0012212718529242418,0.25656843185424805,0.1195505087574323,0.00037225063448590806,0.16372036933898926,0.09763837842241166,0.0001624601974423885,0.13431501388549805,0.08549882755393073,9.013882133965288e-05,0.11569751799106598,0.07839461900885143,5.72749079704782e-05,0.10142475366592407,0.07331503519699686,3.778807475320286e-05,0.0920557975769043,0.06989812519815233,2.6381210558497423e-05,0.08465661853551865,0.06754074576828215,2.0119533893640196e-05,0.07919712364673615,0.06587682149949528,1.596538716600013e-05,0.07527028024196625,0.0645355401885888,1.2803594529172398e-05,0.07190020382404327,0.06344604149224266,1.109352621083512e-05,0.06964948773384094,0.0627262992045236,1.0726781505175185e-05,0.06987202167510986,0.062126151980861785,1.1158865023668252e-05,0.06947264820337296,0.06144148631701394,1.0497203444747141e-05,0.06812211126089096,0.0608224081732924,9.557563709390654e-06,0.0674397274851799,0.060402320372679875,9.207319281581666e-06,0.06698925793170929,0.06015486329320877,9.346631486631175e-06,0.067153699696064,0.06002913113860857,9.785555837741979e-06,0.06766803562641144,0.05996196107968452,1.0337562974674983e-05,0.06810441613197327
922,12,mix_ffn_after_gate,Vertical,1,0.844006738019368,0.1666798110263577,1.9772365093231201,0.25510551366541123,0.003783038627838931,0.391312837600708,0.12543780652303543,0.00045021625555251906,0.16958533227443695,0.07464949561963005,9.069663351760094e-05,0.09374651312828064,0.050501155238302925,2.60404439318461e-05,0.06164075806736946,0.037623677639261124,1.0687844471253417e-05,0.0447784885764122,0.030150842394620653,6.240546606609348e-06,0.03623490035533905,0.02550444731281863,4.6562456600873406e-06,0.03205311670899391,0.022443730886729938,3.9546730370604256e-06,0.029084401205182076,0.020345582552845517,3.591181137289881e-06,0.026974016800522804,0.018875994704782018,3.3844783177839984e-06,0.025512896478176117,0.01783059671935108,3.262031445316876e-06,0.02450012043118477,0.017076544936687227,3.1911097445001865e-06,0.023799672722816467,0.016526414451026726,3.154189760866568e-06,0.0233331136405468,0.016120006079002033,3.1390524846152565e-06,0.023048726841807365,0.01581517933675694,3.1335391570916983e-06,0.0228961780667305,0.015584026064191545,3.1251741050646415e-06,0.02281934767961502,0.015408394725194998,3.104061905785607e-06,0.022767623886466026,0.01527492097386765,3.0652514705833703e-06,0.02270522154867649,0.015173024808367094,3.0103722227156626e-06,0.022612204775214195
922,12,mix_ffn_after_gate,Horizontal,1,0.9154526104056646,0.1775962952329395,2.265014410018921,0.28629257683716125,0.004759632651665648,0.41667264699935913,0.1370015904780418,0.0005932573139163603,0.18213346600532532,0.07986627187993792,0.00011811839647509879,0.09802940487861633,0.05345809051678294,3.362308902478724e-05,0.06503435224294662,0.03959229718598108,1.3286224731973761e-05,0.048591744154691696,0.03159988937633378,7.023013060981019e-06,0.03912343084812164,0.02665108400914404,4.663834879972403e-06,0.03327532112598419,0.023410801642707417,3.6205902998383324e-06,0.02943567931652069,0.021191552754432436,3.1007858170143387e-06,0.026773802936077118,0.01961699358764149,2.8213093559836633e-06,0.02487141825258732,0.018474432388468395,2.6617644278126717e-06,0.023614270612597466,0.017632117761032923,2.5627596675958057e-06,0.022941865026950836,0.017002051474437826,2.496503108581801e-06,0.022464435547590256,0.016525577960742846,2.4510796094652093e-06,0.02212565764784813,0.016163083133361643,2.4211376442664996e-06,0.021883664652705193,0.015886397293162723,2.4027301651072593e-06,0.021708253771066666,0.015674144428755556,2.3913807720165165e-06,0.021580923348665237,0.015509997494518757,2.383269564120456e-06,0.021490221843123436,0.015381882499371256,2.376614264618719e-06,0.021427569910883904
922,12,mix_ffn_after_gate,Gaussian,1,0.8623681967220609,0.1871472665118863,2.05545973777771,0.25226974865746876,0.003612883336733027,0.40116167068481445,0.12383556661624757,0.00043627584417732697,0.17745819687843323,0.07454262330891594,9.346181908202031e-05,0.09828859567642212,0.05128049259147947,2.907541021068986e-05,0.06498870253562927,0.038909030989522024,1.2522357981128185e-05,0.049194179475307465,0.0317295521852516,7.132535626323516e-06,0.03987644612789154,0.027277778272354412,5.016295721235482e-06,0.0339498445391655,0.024380528648930883,4.0893132467020725e-06,0.030018791556358337,0.022426283607880276,3.660158131886791e-06,0.027372252196073532,0.021068866822927718,3.460954045668515e-06,0.026020029559731483,0.020100435774241174,3.367459995807186e-06,0.025166865438222885,0.019388502108908835,3.306375879790999e-06,0.02445848286151886,0.018847890538237398,3.2382881677868584e-06,0.02384987473487854,0.018427569034790234,3.155557215613203e-06,0.023334544152021408,0.018098940984124227,3.069069967920641e-06,0.022911272943019867,0.01784450937772081,2.991444509585044e-06,0.022570990025997162,0.017650772699169696,2.9293688758439647e-06,0.022300146520137787,0.01750563092470642,2.8843370139865943e-06,0.022086460143327713,0.0173980485618351,2.8553129565498743e-06,0.021920908242464066
922,13,self_attn_after_gate,Vertical,1,0.20105958316061232,0.01361408369139018,0.8437336087226868,0.0835211132726972,0.0002022283687615291,0.12845610082149506,0.06293765751142351,7.779563599562792e-05,0.08280640095472336,0.05318124799264802,5.4329367389022336e-05,0.0724097490310669,0.04744868293877632,4.7250312613629085e-05,0.06610965728759766,0.04369857694421496,4.436739809206421e-05,0.06217305362224579,0.04104055484963788,4.250939136102878e-05,0.059362053871154785,0.03904589055667794,4.0860562827191806e-05,0.0571037195622921,0.0374857537625801,3.923108563232575e-05,0.055152107030153275,0.036227075323935536,3.762452196986349e-05,0.053412385284900665,0.0351876878726577,3.6093433466204474e-05,0.05184965953230858,0.03431393620040682,3.4680704668847904e-05,0.050447914749383926,0.03356865429807277,3.3406076545912666e-05,0.04919512942433357,0.032924873606553155,3.227157024947228e-05,0.048079099506139755,0.03236241520397247,3.126901882696129e-05,0.0470866858959198,0.03186588687083078,3.0385797150890986e-05,0.04620439559221268,0.03142337152172649,2.960801168806875e-05,0.04541894048452377,0.031025554038702496,2.892216648005251e-05,0.04471781477332115,0.030665081112630783,2.8315873345329563e-05,0.044089652597904205,0.030336109330020254,2.777812186897985e-05,0.04352438077330589
922,13,self_attn_after_gate,Horizontal,1,0.47344949699583505,0.39889527237680733,3.456392288208008,0.13341518633422397,0.0002871932950409416,0.18180802464485168,0.10221685906724325,0.00010189371922560363,0.12989309430122375,0.08599792953048434,7.097176811662916e-05,0.10578508675098419,0.07624231598206929,6.786143224607855e-05,0.10137782990932465,0.06975353781193022,6.709353098153308e-05,0.09643815457820892,0.06509377860597201,6.534720208821867e-05,0.09186707437038422,0.06156079382413909,6.280416251976391e-05,0.0879083052277565,0.05877752330095049,5.994449560273536e-05,0.08450157195329666,0.0565222113851517,5.7085657919846234e-05,0.08153727650642395,0.05465379055766832,5.438999805737162e-05,0.07892753183841705,0.053077459217063964,5.192207266733608e-05,0.07660770416259766,0.05172704367174043,4.969099267236742e-05,0.07452715933322906,0.050554704512395555,4.767737580600452e-05,0.07264509797096252,0.04952468244092805,4.584994144558915e-05,0.07092946022748947,0.048609471865116605,4.4175358866322804e-05,0.06935661286115646,0.04778763947505799,4.262508588181699e-05,0.06791087985038757,0.04704257668483825,4.117966238698171e-05,0.0665830597281456,0.046361699049908014,3.982987959362396e-05,0.06536754220724106,0.045735695000205724,3.857437662849308e-05,0.06425927579402924
922,13,self_attn_after_gate,Gaussian,1,0.24002851746858112,0.02838921173318345,0.9988017082214355,0.09295239299535751,0.0002598715246692813,0.1256461888551712,0.06743894505595403,7.200859408300935e-05,0.09210370481014252,0.055138549634388516,3.416767639616927e-05,0.07411275058984756,0.04796565832599761,2.16387221592701e-05,0.06262625753879547,0.043268287524817484,1.6048692328659943e-05,0.05510476231575012,0.039941021374293735,1.3056554457053919e-05,0.04986948519945145,0.03745763890800022,1.1262990127436556e-05,0.04602894186973572,0.0355359920788379,1.0077687696863155e-05,0.04314057156443596,0.03400595752256257,9.20205641570314e-06,0.04161522537469864,0.03275884049279349,8.49176359847941e-06,0.04025818407535553,0.0317230870917676,7.886369230334808e-06,0.0390159897506237,0.030849075506603908,7.363141919923392e-06,0.03786180168390274,0.030100816919926613,6.912737605004638e-06,0.03677934408187866,0.029451506833235424,6.528871949142872e-06,0.035757847130298615,0.028881027821510558,6.205233606957166e-06,0.034791212528944016,0.028374335625105433,5.935199582898365e-06,0.033877573907375336,0.02792023075005365,5.712224230433248e-06,0.03301827237010002,0.027510316392022467,5.529881870390812e-06,0.03221563249826431,0.02713818499256694,5.38195384637084e-06,0.03149404004216194
922,13,cross_attn,Vertical,1,0.6196256095454806,0.169488393948384,2.0110254287719727,0.21213508551082913,0.003140452667484433,0.40402907133102417,0.1534146765867869,0.000605147070307171,0.2322586178779602,0.12940061660039992,0.00023056667855355755,0.18839529156684875,0.11639819767266985,0.00011088790773898986,0.1530439406633377,0.108727842451088,6.0212032411840795e-05,0.13268503546714783,0.10367779551990448,3.863409194911042e-05,0.12071201205253601,0.10013590102630948,2.887203069735635e-05,0.1140802800655365,0.0974947911879373,2.339976402700071e-05,0.11115626245737076,0.09546246367787557,2.0029663624043607e-05,0.10779308527708054,0.0939364545638599,1.7960121209248175e-05,0.10478536039590836,0.0927631560535658,1.6644642183837244e-05,0.10226335376501083,0.09180442811477751,1.581938809074227e-05,0.10112087428569794,0.09098088764955127,1.5266266064935128e-05,0.10003018379211426,0.09030583831999037,1.486643593722999e-05,0.10024047642946243,0.08980144915126619,1.4652358526387697e-05,0.10051598399877548,0.08943101834683191,1.4661471925859908e-05,0.10071669518947601,0.0891181251832417,1.4817374040451345e-05,0.10056941211223602,0.08879469252294964,1.4922491932407807e-05,0.09999296069145203,0.08844606389128973,1.4852773007774081e-05,0.09916768968105316
922,13,cross_attn,Horizontal,1,0.7918529212474823,0.576894063611632,4.956618309020996,0.24470611910025278,0.0034575933456793494,0.45349544286727905,0.17660856909222072,0.0010586855130428618,0.3221588730812073,0.1485048366917504,0.00045856633449853536,0.23474842309951782,0.1329368669835348,0.0002367089498065481,0.18293753266334534,0.12312814971757313,0.00014051127193608117,0.1635633409023285,0.11649157615408065,9.243152844965275e-05,0.14936700463294983,0.1117576016556649,6.47535700999815e-05,0.13821128010749817,0.10821385066660624,4.7157651344574084e-05,0.12940751016139984,0.10545764697922601,3.515873609250593e-05,0.1223611980676651,0.10327691513867605,2.6723093431109005e-05,0.11797629296779633,0.10153242259744615,2.06870298715659e-05,0.11477915197610855,0.10011189359994162,1.629135048838193e-05,0.11213105171918869,0.09893496062547441,1.3027391373723756e-05,0.10988221317529678,0.09794784313629544,1.0559438504509474e-05,0.10791437327861786,0.09711315104412654,8.676932615550048e-06,0.10617106407880783,0.09639928288876064,7.234518072161955e-06,0.10464618355035782,0.0957789287444145,6.122153226719012e-06,0.10333362221717834,0.0952300535781043,5.24768722880874e-06,0.10222120583057404,0.09473990282369038,4.537122422553576e-06,0.10127454996109009
922,13,cross_attn,Gaussian,1,0.43853253433628686,0.07694864914907726,1.5794498920440674,0.14311422111969146,0.0010655201172543182,0.2608535885810852,0.10670853607238286,0.0002718852855638797,0.15377667546272278,0.09056182111066485,0.00011545139872797489,0.1161012202501297,0.08083779684134892,5.9635191729698315e-05,0.10075053572654724,0.0751113426827249,3.7283813162211166e-05,0.09059424698352814,0.07134948824606245,2.6772967243334072e-05,0.08381705731153488,0.06871575075719091,2.0933215570194776e-05,0.07841791212558746,0.06677692968930517,1.737277780810138e-05,0.07667399942874908,0.06528460748848461,1.5867188656475206e-05,0.07548009604215622,0.06414880905122984,1.545736270305759e-05,0.07460707426071167,0.06326907305490403,1.5300689489935817e-05,0.07377822697162628,0.06256324614560793,1.4897259715858159e-05,0.07278142124414444,0.06202944415429282,1.442491290465342e-05,0.07180337607860565,0.06164750994907485,1.4067471250743243e-05,0.070942223072052,0.06136609915466536,1.3866039509901844e-05,0.07024796307086945,0.06113267695856473,1.3810681510493657e-05,0.0697748214006424,0.06092153063842228,1.3876743003671718e-05,0.06952817738056183,0.06073198355143032,1.4042373594684393e-05,0.06945237517356873,0.06056575412078509,1.4287685934962461e-05,0.06947913765907288
922,13,mix_ffn_after_gate,Vertical,1,0.7709892174554249,0.1314317512015456,1.6955230236053467,0.22823913560973275,0.00305522387362158,0.336976557970047,0.11009247246242705,0.00034429417794868,0.1507389098405838,0.06678351777650061,7.192265721939622e-05,0.08617625385522842,0.04673736518810666,2.2920636233340112e-05,0.05723250284790993,0.03609715511519757,1.0595040940401969e-05,0.042562007904052734,0.029938373300764296,6.891086717615662e-06,0.036035243421792984,0.026139410715254528,5.619593266717548e-06,0.03308158740401268,0.023683999058982684,5.077649310100721e-06,0.03092038817703724,0.022044746441737054,4.773769227817323e-06,0.029361622408032417,0.020921308783784745,4.576102698834022e-06,0.02826605923473835,0.020134837233594487,4.442747090545373e-06,0.02751103788614273,0.019578277177753903,4.351740424182588e-06,0.026996711269021034,0.019184632374653742,4.286007731432541e-06,0.02664354257285595,0.018909380874700017,4.232914188277151e-06,0.02639582008123398,0.01872154384378403,4.18694887944132e-06,0.02622256800532341,0.018598660205801327,4.148670584223956e-06,0.0261075422167778,0.018523739916937693,4.120367706902263e-06,0.026037942618131638,0.018483319157172762,4.103034506158482e-06,0.026001017540693283,0.01846638641187123,4.095477631146247e-06,0.025984881445765495
922,13,mix_ffn_after_gate,Horizontal,1,1.0842685046650113,0.2774162346149135,3.2220230102539062,0.3653785666776082,0.0062303315097871695,0.5248603820800781,0.19290638301107618,0.000927450411066541,0.25602978467941284,0.12026991399507674,0.00023107502933859548,0.1513337343931198,0.08326734602451324,7.567739281504303e-05,0.10013988614082336,0.06236773078876828,3.0759563664468834e-05,0.0739986002445221,0.049651101941154116,1.5233125372367927e-05,0.05833114683628082,0.04145157337188721,9.084774774456705e-06,0.04844576492905617,0.03591596970837268,6.373010684641617e-06,0.042100030928850174,0.03203942535060739,5.058388475856652e-06,0.037597935646772385,0.029242359338298676,4.35390835110838e-06,0.034307628870010376,0.027174427543604183,3.932428961646839e-06,0.032549381256103516,0.02561559696637449,3.654020524595971e-06,0.031246034428477287,0.024421595746562594,3.4557626205930268e-06,0.030232621356844902,0.02349415717143861,3.3060278868577847e-06,0.02943187579512596,0.022764474242216066,3.1874244737478195e-06,0.02878531441092491,0.02218353928672889,3.091016938205615e-06,0.028252070769667625,0.02171647013534629,3.0135592569137735e-06,0.027807798236608505,0.021338761946748174,2.9541649272839885e-06,0.027439311146736145,0.021033059835197435,2.911410245305547e-06,0.027136478573083878
922,13,mix_ffn_after_gate,Gaussian,1,0.8376060274858323,0.15588262878001155,1.972611904144287,0.26772830197735437,0.004331294150351768,0.3994941711425781,0.13520338232555087,0.0005668872010430424,0.17855992913246155,0.08247014986617225,0.00012827072840436036,0.10230548679828644,0.05685975101022493,4.086100467939312e-05,0.0685509517788887,0.04289514707430961,1.684669949195504e-05,0.05051381140947342,0.03470005686320956,8.89186394725161e-06,0.04070838540792465,0.02963267538755659,5.91245964250702e-06,0.034708574414253235,0.026358526850503588,4.660370022792321e-06,0.0311343502253294,0.024156777956892573,4.053097840515195e-06,0.028828343376517296,0.022621164926224284,3.7023289075696344e-06,0.027229996398091316,0.02151741072653778,3.472373146748056e-06,0.026093240827322006,0.020707953336929517,3.3171662977478914e-06,0.02527383714914322,0.020107342846809872,3.2124790775356865e-06,0.024676702916622162,0.019658720919064114,3.1389745298286885e-06,0.02423342689871788,0.0193223591657385,3.0808855728318386e-06,0.023896172642707825,0.01906909021948065,3.027752126875697e-06,0.023632720112800598,0.01887674999260713,2.9756890337467486e-06,0.023420019075274467,0.01872916849300502,2.9258705240924194e-06,0.023241426795721054,0.018615788528843533,2.8808280330131887e-06,0.023086922243237495
922,14,self_attn_after_gate,Vertical,1,0.8465129141769712,0.22351997852690775,3.0086069107055664,0.28754064204200863,0.0038485816959940443,0.43241560459136963,0.17476394760703284,0.0010968234993885121,0.2644405663013458,0.12411599996544066,0.0005083435233146059,0.20628027617931366,0.09695920040683141,0.00030098717573000684,0.1650933027267456,0.08081647907457655,0.0002056250943306206,0.13585856556892395,0.07031646081142956,0.0001534872004466002,0.11477556824684143,0.06296115173470407,0.0001221020541798233,0.09914802014827728,0.0574987397070915,0.0001016529764084708,0.087323859333992,0.05325839366941225,8.728315459715529e-05,0.07940856367349625,0.049855014516247645,7.649122982238012e-05,0.07549718767404556,0.047053138001097575,6.796795208760564e-05,0.07205561548471451,0.04470126200763006,6.101012527796819e-05,0.06898453086614609,0.04269749972791899,5.5219873201554304e-05,0.06621436774730682,0.040970513005814856,5.03533981948513e-05,0.06369638442993164,0.03946849292824193,4.624495163796814e-05,0.061395786702632904,0.03815249702523625,4.276753877407017e-05,0.059286072850227356,0.036992273337784265,3.9814649867140145e-05,0.0573456697165966,0.03596363657168926,3.729414545585042e-05,0.05555619299411774,0.03504687506291601,3.512800500672525e-05,0.053902093321084976
922,14,self_attn_after_gate,Horizontal,1,0.7055700738278646,0.1232871940080315,1.7289451360702515,0.2685242493947347,0.0025254237748503017,0.4190622866153717,0.1877522865931193,0.0007501431064822767,0.2737847566604614,0.15224937787131657,0.0003752443320739465,0.2124946117401123,0.1321953224047782,0.0002147902231470564,0.1762133538722992,0.11919125666220982,0.00013035928195879285,0.1514926701784134,0.11007736114755509,8.463256366444796e-05,0.13599058985710144,0.10336068721990736,5.922284032052825e-05,0.12497573345899582,0.09821742666619164,4.4517966550569135e-05,0.1164606511592865,0.09415592678955623,3.5634018507613375e-05,0.10986065119504929,0.09086210257004178,3.003368352192669e-05,0.10466065257787704,0.08812653888312597,2.6329202032765783e-05,0.10045868903398514,0.08580776966280407,2.3728158886789038e-05,0.09696385264396667,0.08381059919557875,2.1782167509587787e-05,0.09397918730974197,0.08207080087491445,2.0251733267395384e-05,0.09183230251073837,0.08054400531072466,1.9016796341521468e-05,0.09062204509973526,0.0791982017339222,1.8018277992457056e-05,0.08976943790912628,0.07800892302914271,1.722353882099695e-05,0.08897796273231506,0.07695629116561678,1.660897819291337e-05,0.08824610710144043,0.07602317347413018,1.6152085554604156e-05,0.08757536113262177
922,14,self_attn_after_gate,Gaussian,1,0.6285990892894684,0.07849539204307651,1.5258373022079468,0.22693771289454567,0.004078572269457136,0.4422282576560974,0.1371098645622768,0.00096551530337953,0.2462289035320282,0.09901826414797041,0.0003400285937984361,0.1561611145734787,0.07877324403278411,0.00016671691350943178,0.1121412068605423,0.06626984879137977,0.00010180218865838054,0.09960281848907471,0.05777669006160328,7.095683817412958e-05,0.09022095799446106,0.05163824357210644,5.312398278325917e-05,0.08154992759227753,0.047003017058448185,4.126728839683944e-05,0.07376419007778168,0.04338959279277968,3.276122269967482e-05,0.06697061657905579,0.04050316061410639,2.646630713073845e-05,0.061168983578681946,0.038151375565027436,2.1761496350101127e-05,0.0562787726521492,0.03620284166009653,1.822775805700309e-05,0.0521739237010479,0.034564865132172905,1.5549648122617037e-05,0.0487162321805954,0.03317056599235724,1.3487004024341947e-05,0.045779597014188766,0.031970790010832605,1.1863338802119687e-05,0.04326082020998001,0.03092880736267756,1.0554361306811935e-05,0.041080065071582794,0.030016712223490078,9.475448414038785e-06,0.039177171885967255,0.02921294444610202,8.570440128330404e-06,0.037507832050323486,0.028500559015406504,7.802599018500036e-06,0.036040082573890686
922,14,cross_attn,Vertical,1,0.4198605311768396,0.05358967427995731,1.022153615951538,0.1743348581450326,0.0023514719261357596,0.3237980008125305,0.13354602799056067,0.0007227989198195279,0.23308487236499786,0.11795083622610758,0.0002832301482713928,0.17930124700069427,0.10992012539553264,0.00013952027186472067,0.14998042583465576,0.10539637801666109,8.115938120640596e-05,0.13379526138305664,0.10248825888312052,5.214899762785207e-05,0.12434795498847961,0.10030877578353124,3.5704786479370754e-05,0.11706110835075378,0.0985997435119417,2.6449353797906625e-05,0.1126270666718483,0.09731293765325395,2.0864616156987562e-05,0.10999806970357895,0.09630671628410854,1.740864823695916e-05,0.10766233503818512,0.09547972868359278,1.5132669901087522e-05,0.10584740340709686,0.09481763283884714,1.3371203017488245e-05,0.10455647110939026,0.09429863828515249,1.1811189019670292e-05,0.10410736501216888,0.0938506568708117,1.0173334969102944e-05,0.10366040468215942,0.09343817380685655,8.569621430618392e-06,0.10308849811553955,0.0930709240455476,7.265255164519654e-06,0.10244747251272202,0.09276272900520809,6.358349075434665e-06,0.10181782394647598,0.09251760454877975,5.813666255761027e-06,0.10126471519470215,0.09233400450339393,5.579235487830355e-06,0.10083146393299103
922,14,cross_attn,Horizontal,1,0.6350444484324682,0.39296256989775935,3.9984052181243896,0.219864915997263,0.004586610326034145,0.5378056168556213,0.1641387701744125,0.0012510877214957268,0.32610589265823364,0.1391238464959084,0.00044026452456556476,0.2304144650697708,0.12537557962867948,0.00021068209888418525,0.18344251811504364,0.11677478537673042,0.0001261898244728414,0.1568836271762848,0.1112307422454395,8.505482466479893e-05,0.13928373157978058,0.10745880622712392,6.0253565144240535e-05,0.13205619156360626,0.10462176397679344,4.214947096617945e-05,0.12514843046665192,0.10237434719290052,3.0077885383350772e-05,0.1193055808544159,0.10063362452718946,2.2433188993857043e-05,0.11546806991100311,0.0992461173307328,1.7022538997616834e-05,0.11227017641067505,0.09807435671488444,1.3086228367564615e-05,0.10964717715978622,0.09707935923148715,1.0377094834908512e-05,0.10760027170181274,0.09625297276273606,8.49890025570265e-06,0.10590880364179611,0.09557151912696778,7.163894974689586e-06,0.10441876947879791,0.09500954997917962,6.189904905287522e-06,0.10306210070848465,0.09454592731263903,5.461086235209313e-06,0.10229986906051636,0.09416049884425269,4.894752516657792e-06,0.10184848308563232,0.09382679325247568,4.414160646893684e-06,0.10120496153831482
922,14,cross_attn,Gaussian,1,0.384095163454139,0.07070684862841299,1.1991360187530518,0.1446664948312063,0.0016569799349696506,0.2622646689414978,0.11001640380848021,0.0004126465552220819,0.15946410596370697,0.09329796818986771,0.000155258851364967,0.12480054795742035,0.08403586856429539,7.92963247188582e-05,0.11115580797195435,0.07833827286958694,5.0287108300192275e-05,0.09896314144134521,0.0741949886793182,3.522345174816992e-05,0.08840203285217285,0.07153034766042043,2.683075351142401e-05,0.08400620520114899,0.06963809898921422,2.086048743660641e-05,0.08105210959911346,0.06815997404711586,1.6654783209622113e-05,0.07873167097568512,0.06703807395838556,1.4050580437868169e-05,0.07689795643091202,0.06615850713754458,1.1987161361443051e-05,0.07556568831205368,0.0654323213393726,1.0261056593481826e-05,0.07476668804883957,0.0648132770780533,9.021633018274469e-06,0.07329928874969482,0.0643088108017331,8.308170046755166e-06,0.07206837832927704,0.06390617131477311,8.04837557018497e-06,0.07105514407157898,0.06358114310673305,8.130429882491026e-06,0.070204958319664,0.06332790473150829,8.491905431820367e-06,0.06956539303064346,0.06314136265289216,9.101061656186604e-06,0.06946974992752075,0.06301573882736856,9.911398425740664e-06,0.07028290629386902
922,14,mix_ffn_after_gate,Vertical,1,0.8936501504882933,0.19315228384985106,2.0851006507873535,0.26359418791437905,0.00395251390149426,0.37753528356552124,0.12848711025620263,0.0004612778800277269,0.16949623823165894,0.07788306592948853,9.411017324467908e-05,0.09746167808771133,0.054195320618058006,2.9157376036460697e-05,0.0677424818277359,0.041443523078683826,1.3200773388260864e-05,0.05174560844898224,0.03394299964346583,8.326188204051686e-06,0.04234122484922409,0.029258091948808185,6.594517990486447e-06,0.036468423902988434,0.026198923587799072,5.911188735781611e-06,0.03263109177350998,0.024130356897200857,5.628804466884605e-06,0.03139743208885193,0.02269077626249147,5.522901539910711e-06,0.030659887939691544,0.021663325498737986,5.496628640027917e-06,0.030200302600860596,0.020912022758570927,5.482314862604922e-06,0.029882142320275307,0.020349881626547328,5.438565457961441e-06,0.029605619609355927,0.019922640145061506,5.366787878293009e-06,0.029342584311962128,0.019596698620016614,5.286358579742007e-06,0.029102087020874023,0.01934882090796554,5.2058447796819675e-06,0.02888290211558342,0.019160230599698565,5.124358081670017e-06,0.028670253232121468,0.019014975218664087,5.0418369002540525e-06,0.028449777513742447,0.018900065032380915,4.963965862359023e-06,0.028218021616339684
922,14,mix_ffn_after_gate,Horizontal,1,0.9062776395252773,0.1977868400176363,2.143077850341797,0.26751385629177094,0.004334977971564553,0.4050068259239197,0.13068196153829967,0.00046535446508546983,0.18049749732017517,0.0806450807149448,9.001192124029025e-05,0.10656832903623581,0.05781887619504853,2.8014553027304015e-05,0.07357503473758698,0.0457950278761841,1.2703179157915666e-05,0.05681472644209862,0.03879081534724387,7.720361498989404e-06,0.047415897250175476,0.03439190655591942,5.741478048457843e-06,0.04172924906015396,0.03146793675564584,4.821951561214695e-06,0.038065288215875626,0.02944028436664551,4.336349780549698e-06,0.035580672323703766,0.027987067513759175,4.051907818597348e-06,0.034040194004774094,0.02691597089407936,3.870436326428557e-06,0.032962001860141754,0.02610798188973041,3.7490549355775002e-06,0.03214530646800995,0.0254894130759769,3.6701916076539215e-06,0.03153136000037193,0.025012847775268177,3.6228710364739107e-06,0.031070202589035034,0.024643797663942216,3.595097954402666e-06,0.030721325427293777,0.024355824001961283,3.5775451140595545e-06,0.03045542910695076,0.02412921033563122,3.565121655896816e-06,0.03024962916970253,0.023949704679941373,3.5554040505995367e-06,0.030085472390055656,0.023807473569398836,3.547764466801656e-06,0.029950782656669617
922,14,mix_ffn_after_gate,Gaussian,1,0.836026155286365,0.1685165552806802,1.9180760383605957,0.2398491260551271,0.0035745941820340974,0.3614024221897125,0.11356246873499855,0.0003801177322883055,0.1478673219680786,0.06759065164933128,6.826125845231513e-05,0.08112254738807678,0.04725676183662717,1.8330037844644186e-05,0.05517636984586716,0.03701611002168012,7.516693816351441e-06,0.04238907992839813,0.031317733316904024,4.468290450677421e-06,0.03527553379535675,0.02788616403464287,3.4237737526279506e-06,0.031964100897312164,0.025692167824932506,3.010190730990543e-06,0.029822051525115967,0.024225018356764126,2.8164313120902305e-06,0.028332315385341644,0.023211647830312213,2.7064426064085416e-06,0.027263935655355453,0.022494623407958044,2.6316851656851175e-06,0.02649076096713543,0.021975445132406932,2.5750479297356316e-06,0.02592805027961731,0.021591604968148565,2.5313488595337113e-06,0.025511816143989563,0.021304293402603695,2.4997907423335153e-06,0.025201357901096344,0.021087484434247017,2.481367208641966e-06,0.024976301938295364,0.020921848714351654,2.4772280956148842e-06,0.024826331064105034,0.020792650738878857,2.487693517090551e-06,0.02474188059568405,0.020689011447959475,2.511628038063454e-06,0.02470855414867401,0.020603381747764254,2.5460743712898843e-06,0.024706341326236725
899,12,self_attn_after_gate,Vertical,1,0.3920536242307179,0.13863119477935154,1.8420518636703491,0.12058732776887833,0.00041320293457154276,0.17267456650733948,0.08557619071669048,0.00014840835871777724,0.11922992765903473,0.06889478117227554,9.17906848712892e-05,0.09043411910533905,0.058875450480078896,6.670278239352812e-05,0.07631634175777435,0.05223238006943748,5.25081692198259e-05,0.0681629329919815,0.04756222872270478,4.365420699860918e-05,0.06220877170562744,0.04414071408765657,3.782144191697195e-05,0.05768154561519623,0.04153869904222943,3.3761150635342894e-05,0.054126009345054626,0.03948962762360535,3.0779740704985565e-05,0.051262106746435165,0.03782774345387542,2.8494548297590858e-05,0.04890561103820801,0.03644787189033297,2.6692878448439598e-05,0.04692928493022919,0.03528057293049873,2.5249388815018144e-05,0.04524243623018265,0.03427796757646969,2.408134098778466e-05,0.044023580849170685,0.03340590609207986,2.3127667600608845e-05,0.04324548318982124,0.03263943748814719,2.2341109866232277e-05,0.04250655323266983,0.03195992280684766,2.1685589354030618e-05,0.04181104525923729,0.031353086114875854,2.1134284180976282e-05,0.04116259515285492,0.03080772442950143,2.0667354783119675e-05,0.04056326299905777,0.030314868936936062,2.0269869516984217e-05,0.04001353308558464
899,12,self_attn_after_gate,Horizontal,1,0.25453955502737136,0.017257382766890924,0.7028896808624268,0.12454606639960455,0.0001324596141613169,0.154100239276886,0.10294491502027663,4.164584603790491e-05,0.11829273402690887,0.09294277677933376,2.6230596823966012e-05,0.10387052595615387,0.08704627790148296,2.2423687282709668e-05,0.09876567125320435,0.08307450193734396,2.1584309585937048e-05,0.0951818972826004,0.08017034166389042,2.1527005168016144e-05,0.09233862161636353,0.07792822957511931,2.160060286877388e-05,0.08989439904689789,0.07613045367456618,2.162294419209707e-05,0.08769778907299042,0.07464819578897386,2.1566736333034808e-05,0.08567962050437927,0.07339885819052892,2.1451167752808476e-05,0.08413171768188477,0.07232682176289104,2.1302623726781995e-05,0.08285041898488998,0.0713937200369343,2.1141418532672532e-05,0.08174581825733185,0.0705725048033018,2.0979894213499824e-05,0.08080942928791046,0.06984349558987314,2.0824447195954244e-05,0.07997757196426392,0.06919179892256147,2.0677721043798862e-05,0.0792134553194046,0.06860578060150146,2.054015695428918e-05,0.07856433838605881,0.06807608926107013,2.0411067260071954e-05,0.07799564301967621,0.06759506121041282,2.0289294467843154e-05,0.07751836627721786,0.06715631473159032,2.017351083796218e-05,0.07706379890441895
899,12,self_attn_after_gate,Gaussian,1,0.34789229716573444,0.13565313734460818,1.8346316814422607,0.11648022418930418,0.0005489922059288598,0.17418329417705536,0.08183036975207783,0.00018247144831487282,0.11879225820302963,0.06590151668541015,9.660264686208485e-05,0.09363605082035065,0.05662445564355169,5.929247216117867e-05,0.07701421529054642,0.05045198276638985,4.0162927145246935e-05,0.06600649654865265,0.04603571775886747,2.9225854544588587e-05,0.05841224640607834,0.04274352403387191,2.246595644403407e-05,0.052705422043800354,0.040222034449615175,1.808289430723545e-05,0.048361726105213165,0.03824746851173658,1.5154332853477244e-05,0.04527222365140915,0.03666884322015066,1.3149929320137444e-05,0.04315943270921707,0.03538153072198232,1.174635574025194e-05,0.042092934250831604,0.034311755929910946,1.0740619811217234e-05,0.04117743670940399,0.03340683283195609,1.0002487585414735e-05,0.04037647694349289,0.03262892755724135,9.446959263380813e-06,0.03966499865055084,0.031950851813668295,9.01776332799769e-06,0.03902556374669075,0.03135304141139227,8.677209234135328e-06,0.038446053862571716,0.03082123041034691,8.399897576494184e-06,0.037918027490377426,0.03034477009777985,8.168519769032194e-06,0.03743528574705124,0.029915465219389824,7.971243217790699e-06,0.03699292987585068
899,12,cross_attn,Vertical,1,0.6864141308599048,0.4263299915605891,4.7144927978515625,0.2561716035244957,0.002717272278176993,0.4228847622871399,0.1886882945185616,0.0008021492579127091,0.28255724906921387,0.15748267904633567,0.000348028610536291,0.21768726408481598,0.13973334218774522,0.00018974870656796465,0.1803891360759735,0.12820554098912648,0.0001153697185749813,0.1579146385192871,0.12015607148881942,7.619405911965447e-05,0.1449500322341919,0.11432380276539969,5.468435534521131e-05,0.13595782220363617,0.10997245602664493,4.180969847181741e-05,0.1290464699268341,0.10666155448508641,3.327441992238612e-05,0.12378910183906555,0.10406824532482359,2.7045659489942656e-05,0.11958281695842743,0.10193083045028505,2.2291987390369954e-05,0.1158801019191742,0.10012252380450566,1.8953611511082195e-05,0.11269717663526535,0.09865164744948583,1.659347439166652e-05,0.11020275950431824,0.09743796123398675,1.4838674554712077e-05,0.10820776224136353,0.0963792869495967,1.333362698108472e-05,0.10645066946744919,0.09544093847747832,1.1724396975157417e-05,0.1046125665307045,0.09464343341570051,1.0318758990223816e-05,0.10282394289970398,0.09397045794933562,9.250267921302405e-06,0.10121864080429077,0.09335516334053069,8.49453885412145e-06,0.10057531297206879
899,12,cross_attn,Horizontal,1,0.3558983287167928,0.02561795104500314,0.8755702376365662,0.1900240100092358,0.0013164589134585377,0.3430135250091553,0.14790852852757014,0.0004000130814499941,0.2329176664352417,0.1274584082383958,0.0001761175808330574,0.18478861451148987,0.11627442969216241,9.436868192733889e-05,0.15896287560462952,0.1095066751752581,5.653850076586519e-05,0.14320385456085205,0.10517380008148769,3.609482230575916e-05,0.13208326697349548,0.10217004304840452,2.4383116090208695e-05,0.1236625611782074,0.09994779822845308,1.7450652164759642e-05,0.1178373247385025,0.09830109124618863,1.2789185124335423e-05,0.1133059710264206,0.09700435340877563,9.183898981505197e-06,0.10929195582866669,0.09600784712367588,6.723390340394607e-06,0.10602744668722153,0.09531220533545055,5.2955638426857414e-06,0.10356267541646957,0.0947604404082374,4.671897130125206e-06,0.10219690203666687,0.09418032779580071,4.2450291565497865e-06,0.10106205195188522,0.09358932314411042,3.0639318676654148e-06,0.09928704798221588,0.09320766821740166,2.1993298187609666e-06,0.09770914912223816,0.09286971733210579,1.7573652664155094e-06,0.09640581905841827,0.09248828131055074,1.5829683021412492e-06,0.09557633846998215,0.09222317605264603,1.5272867827102213e-06,0.09524542093276978
899,12,cross_attn,Gaussian,1,0.3663347895656313,0.038595069281851115,1.2665748596191406,0.17015485737531905,0.001264392867377515,0.27686959505081177,0.1235463877045919,0.0003874973501022461,0.19210565090179443,0.10152799056635962,0.00017209840372505743,0.14789728820323944,0.0889536374145084,9.201336152677271e-05,0.12062132358551025,0.08093110081695375,5.4590465091891416e-05,0.10344503819942474,0.07570411465943806,3.5479908836535133e-05,0.09131288528442383,0.07207018119238671,2.4868381094232844e-05,0.08641430735588074,0.06947047340254935,1.866394729643394e-05,0.08219800144433975,0.06743550820956154,1.5073586633450975e-05,0.0785866528749466,0.06585929938961589,1.2584356710477469e-05,0.0762646496295929,0.06465104015337096,1.0959726876854444e-05,0.07451030611991882,0.06370928351368223,9.997060662142418e-06,0.0734969824552536,0.06297398453193997,9.788560426780356e-06,0.07335952669382095,0.06233597026457862,9.714559884252684e-06,0.07243625074625015,0.061751346384722086,9.088232561829949e-06,0.07109571248292923,0.06133802087297515,8.849109729423242e-06,0.0704839825630188,0.06108544914731904,8.939757342265549e-06,0.07033468782901764,0.060957756721311145,9.34978058958632e-06,0.07063058763742447,0.06088391685533145,9.951655741610365e-06,0.07102492451667786
899,12,mix_ffn_after_gate,Vertical,1,0.8820353978210025,0.1701371889642042,2.0082621574401855,0.26324205195146894,0.004397123070765018,0.40285760164260864,0.12313593782129742,0.00047128987503783815,0.1631978154182434,0.07161440185847737,8.921443579357881e-05,0.09023724496364594,0.048168918147446615,2.4873957235147126e-05,0.06051536649465561,0.03610770058419023,1.0145117651423848e-05,0.044981759041547775,0.02934256707510305,6.045631190954596e-06,0.03614409267902374,0.025264314213205897,4.69642319382377e-06,0.031470201909542084,0.02265134784910414,4.170619201234857e-06,0.029360156506299973,0.020897086000158674,3.929591586700598e-06,0.02794136106967926,0.019678678688785388,3.801726068465807e-06,0.026959147304296494,0.018812543904734035,3.7255770848371547e-06,0.026273349300026894,0.01818767846340225,3.674119071715021e-06,0.025799399241805077,0.017733274678152704,3.6310923532305687e-06,0.025470096617937088,0.017402222853094812,3.5857864418798494e-06,0.02522752806544304,0.017161272318353727,3.533131313226731e-06,0.025026865303516388,0.016985617016279507,3.4745494298533734e-06,0.02483658492565155,0.016856652167108323,3.4190388622785925e-06,0.02464156225323677,0.016760747510171127,3.380447105433682e-06,0.024445541203022003,0.016688076823595025,3.369256710957708e-06,0.024264438077807426
899,12,mix_ffn_after_gate,Horizontal,1,0.9958626088641939,0.26291767035661706,2.807568311691284,0.29970341589715743,0.005135264761002119,0.4373286962509155,0.14499387854621523,0.0005981659655029812,0.18990838527679443,0.08608836574213845,0.00011541172557853791,0.10484595596790314,0.05842282356960433,3.257403674840471e-05,0.07014945894479752,0.04351073462102148,1.2414680808272073e-05,0.05230545252561569,0.034742617270066625,6.231734531203165e-06,0.04195366054773331,0.02925514734335362,3.9801072877035465e-06,0.03542356938123703,0.02564327817942415,3.054361794441191e-06,0.031071782112121582,0.0231723299634362,2.6578232756976926e-06,0.02813529036939144,0.02143655421714934,2.4887212950062713e-06,0.026134565472602844,0.020188614164316464,2.4142595603258703e-06,0.02502823807299137,0.019272743236450923,2.380631378144639e-06,0.024321094155311584,0.018589747182670095,2.36584957317071e-06,0.023808065801858902,0.01807451131384051,2.360399779106919e-06,0.023435665294528008,0.017682940506982426,2.3599281718524623e-06,0.023165961727499962,0.017383918062680297,2.3621595057898552e-06,0.022971920669078827,0.01715446547383354,2.3658554561229594e-06,0.022833839058876038,0.01697706686894572,2.3702867286040104e-06,0.022736888378858566,0.01683825526445631,2.3748017870274425e-06,0.02266998216509819
899,12,mix_ffn_after_gate,Gaussian,1,0.8482585028996543,0.14829165689399013,1.8045308589935303,0.2592723818998488,0.003965133839070782,0.38921797275543213,0.12659395840905963,0.0004985666726421508,0.17214812338352203,0.07598248212820008,0.00010637711543232327,0.0989333838224411,0.05229365210684519,3.1661104432859544e-05,0.06557442247867584,0.039794016215536326,1.3012516988614743e-05,0.04816592484712601,0.03262319809032811,7.240465965700738e-06,0.03870093822479248,0.02824340213740629,5.05980996172416e-06,0.033293865621089935,0.025433454307771865,4.0720159390881326e-06,0.029905635863542557,0.023553735946142483,3.5478101320339665e-06,0.02803054265677929,0.0222547169301718,3.2515525721458077e-06,0.026685675606131554,0.021338587390288474,3.088071730351507e-06,0.02570599690079689,0.020683701194468,3.0029332294078318e-06,0.02498442679643631,0.02021087206427067,2.964661136964411e-06,0.024441994726657867,0.019866428293642543,2.9526329841905787e-06,0.02401995286345482,0.019612708173337438,2.9515954799964704e-06,0.02368113212287426,0.019423894051994597,2.9527848293060477e-06,0.02340887300670147,0.019283441811918267,2.953990646708842e-06,0.023194972425699234,0.019180633349432832,2.9548823703443113e-06,0.023029927164316177,0.019107659022131608,2.953763043005394e-06,0.02290366031229496
899,13,self_attn_after_gate,Vertical,1,0.3958242430336892,0.22883866452382645,2.439969778060913,0.11481419666892007,0.0005392948760960744,0.17093920707702637,0.08483925473595423,0.00019518328630914835,0.11710363626480103,0.07006687659119802,0.00010896908144118071,0.09352867305278778,0.06109569558785075,7.562898854156286e-05,0.08053752779960632,0.05514029644074894,6.048695854156799e-05,0.07460767775774002,0.050953321336280735,5.2764407008738315e-05,0.0701303631067276,0.04787060375961046,4.846069039309258e-05,0.06661732494831085,0.04550720810417145,4.5887579269992484e-05,0.0637977197766304,0.04363099733988444,4.422095439904703e-05,0.061482470482587814,0.04209751872316239,4.302421307247291e-05,0.05952899530529976,0.040814138919351595,4.2071582077873834e-05,0.05783921852707863,0.03971974853248823,4.124974459384677e-05,0.05634937062859535,0.038772743697913864,4.0502075943450983e-05,0.05501639470458031,0.03794383024057699,3.980078247608679e-05,0.05380924046039581,0.03721166481929166,3.9133081512850736e-05,0.05270421504974365,0.03656016724805037,3.849379915540159e-05,0.05168259143829346,0.035976828031596686,3.7881604053111294e-05,0.05073007941246033,0.03545165875010074,3.729677026664332e-05,0.049836136400699615,0.03497653250538167,3.674013933562671e-05,0.048993803560733795
899,13,self_attn_after_gate,Horizontal,1,0.20920464550218884,0.00916185570799591,0.5394954681396484,0.10450521974809586,0.00022213630827531725,0.14152191579341888,0.08221510147291516,7.801339624255308e-05,0.11049936711788177,0.07179048137059288,5.6595553239099934e-05,0.09913470596075058,0.06575785092418156,5.0498819558609315e-05,0.09128101170063019,0.06177726198756506,4.749731106582336e-05,0.08530523627996445,0.05888596354495911,4.5275511734358355e-05,0.08070418238639832,0.056643484781185784,4.340979408389344e-05,0.0772043764591217,0.054829878229943535,4.181687110210071e-05,0.07453745603561401,0.053323982963486324,4.046281309179743e-05,0.07248130440711975,0.0520520093185561,3.9318140776605304e-05,0.07087355107069016,0.050964565267638554,3.835273598289128e-05,0.0695999413728714,0.05002608233027988,3.7536977398463774e-05,0.06857948750257492,0.04920966124960354,3.6843952123766256e-05,0.06775360554456711,0.04849429310314239,3.625057915542065e-05,0.06707871705293655,0.04786320698876229,3.5737721366525196e-05,0.06652142852544785,0.04730283125998482,3.5289598598761156e-05,0.06605537235736847,0.04680207915722378,3.489335441676803e-05,0.06565947830677032,0.04635186747662605,3.453865460706267e-05,0.06531694531440735,0.04594473150514421,3.4217313846897474e-05,0.06501452624797821
899,13,self_attn_after_gate,Gaussian,1,0.2967258191534451,0.07079014640178091,1.7030518054962158,0.10151979137980749,0.00029781028242366087,0.13473549485206604,0.07288193300602928,8.809391253783274e-05,0.09261390566825867,0.05923009734778177,4.316194603755125e-05,0.07332639396190643,0.05130616717395328,2.838861228694444e-05,0.06697599589824677,0.04616357386112213,2.2110728852653063e-05,0.06249081343412399,0.04259753800810329,1.8925666842213527e-05,0.058846309781074524,0.039998167977919656,1.6926819060993115e-05,0.05567430704832077,0.0380236931026928,1.542834973791687e-05,0.05287590250372887,0.036471920649683666,1.4199508994784784e-05,0.05040852725505829,0.03521645296778944,1.315743488848955e-05,0.04823315516114235,0.03417505179014471,1.2263646999680744e-05,0.046309955418109894,0.033292819051042435,1.1494021439738497e-05,0.044604040682315826,0.03253236200128283,1.0830653906493347e-05,0.043087996542453766,0.03186753229607665,1.0258827108310779e-05,0.04173983260989189,0.031279427635054737,9.765681576033714e-06,0.04054046422243118,0.03075392624097211,9.339772386662163e-06,0.03947250545024872,0.030280181221545688,8.970937556056485e-06,0.03851991891860962,0.02984972901287533,8.650224889258237e-06,0.03766792267560959,0.029455942973967583,8.369766032585931e-06,0.03690292686223984
899,13,cross_attn,Vertical,1,0.43479910942297134,0.0424574964304866,0.9957482218742371,0.18890513077614798,0.0012892342302620874,0.2876635193824768,0.1422261499932834,0.00033843752350936896,0.19994185864925385,0.12284455211862685,0.00015241556572618,0.15918709337711334,0.11288449156378942,8.890837595920773e-05,0.13800910115242004,0.10597564303685748,5.565908130177898e-05,0.12251795828342438,0.10151864647392243,3.631595946089945e-05,0.11389487981796265,0.09843784168599144,2.618039660803269e-05,0.10826365649700165,0.0960622885160976,2.1148543910959608e-05,0.10438946634531021,0.09426554741840514,1.8883586520746022e-05,0.10243985801935196,0.0929352440058239,1.7668584005240134e-05,0.10117152333259583,0.09188255975170741,1.6724763264579352e-05,0.10039116442203522,0.09099561449081178,1.587622670977515e-05,0.09957157075405121,0.09026664814778737,1.527484423587193e-05,0.09893554449081421,0.08968484590923975,1.4878365922265452e-05,0.09851935505867004,0.08921913010260415,1.452741094299861e-05,0.09795145690441132,0.0888381309452511,1.4086703464161651e-05,0.09719343483448029,0.08852142533139577,1.3607077205959813e-05,0.09646084159612656,0.08826568746377551,1.3301370361296202e-05,0.09602594375610352,0.08807877344744545,1.3315092618140051e-05,0.09597775340080261
899,13,cross_attn,Horizontal,1,0.4869854383998447,0.06818327879387016,1.5106658935546875,0.1849702341215951,0.0013121781772359677,0.2927393317222595,0.13967371046070068,0.00031434915280149103,0.195760577917099,0.12219882839255863,0.00012959930781130717,0.1604956090450287,0.11341372759096206,7.072268624781394e-05,0.14388906955718994,0.10826441716580164,4.456938945715609e-05,0.13179537653923035,0.10481848532245272,3.0649320508916334e-05,0.12571755051612854,0.10239115475662171,2.3061085787642488e-05,0.12113247811794281,0.10058521467541891,1.8167814026127067e-05,0.11715281009674072,0.09906189865063107,1.4290716255015255e-05,0.11314614117145538,0.09768422338224593,1.0878724384896491e-05,0.10949517786502838,0.09655462501067964,8.177240390604185e-06,0.10659562796354294,0.09574691052474672,6.2402931286349095e-06,0.1042652577161789,0.09518822731952818,4.843312239008495e-06,0.10231142491102219,0.0947766402174556,3.943563115693177e-06,0.10087256133556366,0.0944268802801768,3.4021422854204506e-06,0.1005200743675232,0.0941339661441152,3.008444176828362e-06,0.10041958093643188,0.09392956407770278,2.7368696393263886e-06,0.10036934912204742,0.09378757422405576,2.572916733990801e-06,0.1002282053232193,0.09363877383016404,2.4331566539445125e-06,0.09986035525798798
899,13,cross_attn,Gaussian,1,0.531791238794251,0.12282964409646693,2.2718148231506348,0.17222615224974497,0.002195511742313852,0.32819879055023193,0.12401886449919806,0.000792684691225147,0.24587121605873108,0.10274413689261391,0.00035929998381517363,0.1919095665216446,0.09033960446951882,0.00017556430785056857,0.15364134311676025,0.08254484229144596,9.674687122971097e-05,0.1274879276752472,0.07736203429244813,5.9526830996291146e-05,0.10992215573787689,0.07341028194105814,3.8842717378823085e-05,0.09781044721603394,0.0703047142615394,2.6739836429952673e-05,0.08911563456058502,0.06799550324914948,2.0414207795463858e-05,0.08279156684875488,0.06626406039983507,1.6936060652571705e-05,0.0780591145157814,0.0649378550431085,1.5009016473523385e-05,0.07448363304138184,0.06389900350144931,1.3987142052531188e-05,0.07179084420204163,0.06306851726202738,1.3509796543908544e-05,0.07078950107097626,0.06237102104794411,1.3347659711945038e-05,0.07039587199687958,0.0617459017842535,1.318257825731007e-05,0.07008452713489532,0.06119080236743367,1.288290310269596e-05,0.06974315643310547,0.060735763006267096,1.2599402993049122e-05,0.06933614611625671,0.06037751360545083,1.2402442786025436e-05,0.0689144879579544,0.06009594274182168,1.22797681393674e-05,0.06850722432136536
899,13,mix_ffn_after_gate,Vertical,1,0.8141025872457595,0.1490244372831243,1.8665798902511597,0.23616368500959306,0.0035233595232424743,0.3495144844055176,0.11149663525441336,0.00037969400814221946,0.14584974944591522,0.06621170623434915,7.111121409700044e-05,0.08182746171951294,0.046023552912095235,2.0517435779190667e-05,0.055892836302518845,0.03581734909306443,9.166623497103697e-06,0.04351067915558815,0.030178847826189466,6.064224699922734e-06,0.03729480877518654,0.026836048604713544,5.115189093633492e-06,0.033637985587120056,0.02474206606192248,4.806052804066369e-06,0.0313398502767086,0.023377871466061427,4.7045868378946915e-06,0.030142024159431458,0.02246283506235433,4.673308024057768e-06,0.029567569494247437,0.021835167640967976,4.667675351791696e-06,0.029243551194667816,0.021397977742174314,4.670021825294546e-06,0.02907327376306057,0.021091338217494978,4.666254163457042e-06,0.028976336121559143,0.020876161665433927,4.644918574811577e-06,0.028899310156702995,0.020725692578014872,4.6022442344747144e-06,0.02881854586303234,0.02062148494379861,4.542086263710995e-06,0.02872970513999462,0.02055105803504823,4.4724878317624054e-06,0.028637174516916275,0.02050591233585562,4.4022984292090396e-06,0.02854732796549797,0.0204798559998236,4.338703650530481e-06,0.028464846312999725
899,13,mix_ffn_after_gate,Horizontal,1,0.9761100018781329,0.2118755650487239,2.3662989139556885,0.3065094585929598,0.005374605006600766,0.43932056427001953,0.1518387051801833,0.0006381341449058263,0.19721171259880066,0.09246652786220823,0.00013251620991987904,0.11570379137992859,0.06435024466306444,3.9429657464103537e-05,0.07856057584285736,0.04922964471200156,1.598324650542944e-05,0.059112370014190674,0.04035295274049517,8.622862472020715e-06,0.04796687513589859,0.03480186100517001,5.8649605416307216e-06,0.041096508502960205,0.031171105713361784,4.6634430694115525e-06,0.03703470528125763,0.028720367285940383,4.069309043251419e-06,0.03494126722216606,0.02702610224248871,3.7389606377862053e-06,0.03347959369421005,0.02583108227404337,3.533675657533307e-06,0.03242746368050575,0.02497257880630001,3.3939160777899417e-06,0.03164158761501312,0.024345062229604947,3.2938157102684812e-06,0.031036969274282455,0.023879363748525815,3.221534977794456e-06,0.030564196407794952,0.02352964047283407,3.170176914886252e-06,0.03019014373421669,0.023265079580365666,3.135910398150601e-06,0.029891036450862885,0.02306476690702968,3.117488026804912e-06,0.029650315642356873,0.02291409517564471,3.1144455726280643e-06,0.02945672534406185,0.022802185740262743,3.124935620639344e-06,0.029302410781383514
899,13,mix_ffn_after_gate,Gaussian,1,1.050227256994399,0.23778666213940633,2.7506487369537354,0.3485804595171459,0.006151636249662434,0.4906476140022278,0.17428642842504713,0.0008719700517423952,0.23169709742069244,0.10421581400765313,0.0001829809221679003,0.13247285783290863,0.07105661656648393,5.200863493806758e-05,0.08634260296821594,0.053401365994461,2.029929880943802e-05,0.063421331346035,0.043062868986337904,1.0626840886033774e-05,0.05056612193584442,0.036549989961915545,6.939534249406272e-06,0.042493581771850586,0.0322128523968988,5.2210807672115965e-06,0.03794010728597641,0.029196866122739657,4.307387471300861e-06,0.03469282016158104,0.0270317302987216,3.799976969558991e-06,0.032327089458703995,0.025444691350299215,3.514981930934714e-06,0.030605074018239975,0.024263840464372483,3.3509118225765295e-06,0.02935105189681053,0.02337329403039009,3.2543205457874685e-06,0.02843048982322216,0.022693230637482235,3.1968565953940745e-06,0.027745302766561508,0.022168445179150217,3.161227520953935e-06,0.027226081117987633,0.02176062147768717,3.1363254638715665e-06,0.02682579681277275,0.021442888807209712,3.116347151743539e-06,0.02651410549879074,0.02119605414687641,3.0996586688827105e-06,0.026270776987075806,0.02100604054118906,3.0865091845822956e-06,0.026080481708049774
899,14,self_attn_after_gate,Vertical,1,0.7440413208234877,0.13810576410605693,1.8084008693695068,0.24990604604993547,0.0034483963668408895,0.42978817224502563,0.15915917971777538,0.0008081439598627967,0.24670648574829102,0.1196728880916323,0.000321164289590947,0.16542395949363708,0.09732820259200202,0.00017233757671118437,0.1258569061756134,0.08276569470763206,0.00011239067786513673,0.10911867767572403,0.07264157041670784,8.491873224500987e-05,0.09931351244449615,0.06529954820871353,6.981885061482872e-05,0.0905938372015953,0.059771936386823654,5.979181414769983e-05,0.08280033618211746,0.0554754671951135,5.236307542405031e-05,0.07592486590147018,0.052047962588923316,4.659148010175247e-05,0.06996519863605499,0.04925607464143208,4.200866200220994e-05,0.06488440930843353,0.04694375842218361,3.8321737053085294e-05,0.0615251287817955,0.04500286363893085,3.533063123498566e-05,0.05850443243980408,0.04335568466829875,3.289487262384887e-05,0.055763743817806244,0.04194453725266078,3.091123125893096e-05,0.05329758673906326,0.04072554699248738,2.9297849588386165e-05,0.05111042410135269,0.039664837605659926,2.798589033583017e-05,0.05010414868593216,0.03873591819807651,2.69166800584065e-05,0.04919673502445221,0.03791779250143066,2.6040861433169407e-05,0.04837556183338165
899,14,self_attn_after_gate,Horizontal,1,0.8490035486599755,0.18373080330085537,1.8275797367095947,0.3071543678404793,0.004752738950320827,0.5493986010551453,0.21208241984011636,0.0011566352372126727,0.29902806878089905,0.16962144015327332,0.0004761992437985533,0.2246513068675995,0.14521562379030956,0.00025722933379178283,0.19095656275749207,0.12926352674525882,0.00015982331761989674,0.16746756434440613,0.11802587244245741,0.00010752707778800901,0.14980649948120117,0.10973235728248718,7.644258748371502e-05,0.13616566359996796,0.1034037833885541,5.682051413065754e-05,0.12548395991325378,0.09844520084914707,4.394789318777314e-05,0.11703206598758698,0.09447488661796327,3.528372797598044e-05,0.11028048396110535,0.09123524160139145,2.932296101214418e-05,0.10482843220233917,0.08854638737818551,2.5125597469010285e-05,0.10037320107221603,0.08628027578667989,2.2096234684277203e-05,0.09774118661880493,0.08434496193178116,1.986210886381439e-05,0.09552347660064697,0.08267390526949413,1.8190924747544274e-05,0.09361875802278519,0.0812181028581801,1.6932525925429176e-05,0.09197094291448593,0.07994040870477283,1.5982658221986485e-05,0.09053558111190796,0.07881184146990852,1.5264793523274506e-05,0.08927828073501587,0.07780936064701231,1.4721984200706619e-05,0.08817236125469208
899,14,self_attn_after_gate,Gaussian,1,0.884114474531204,0.2988856880318706,2.8258559703826904,0.26687086196172805,0.0037994750479663835,0.40890181064605713,0.1664628339192224,0.0011428324819096906,0.25720101594924927,0.12219550354140145,0.000522181731188522,0.18922792375087738,0.09707310642041857,0.0002792847110841526,0.1478506326675415,0.08117878425215917,0.00017187190753212774,0.12070509791374207,0.0703900247102692,0.00011947112414683956,0.10565458983182907,0.06263858848620975,9.025851377788618e-05,0.09752176702022552,0.056799333897374925,7.148927115273986e-05,0.09045641869306564,0.05223589952266405,5.7982822822017764e-05,0.08406656980514526,0.048573247319649134,4.757828248779167e-05,0.07823938131332397,0.04557593734491439,3.931726516886379e-05,0.07295124232769012,0.043086237141064236,3.269982029789221e-05,0.0681835412979126,0.040992988598725154,2.7401196837671753e-05,0.06390571594238281,0.039214505533140806,2.317278716375129e-05,0.060078948736190796,0.03768865885360846,1.9808749967494452e-05,0.056661456823349,0.03636707619778694,1.7134653254889038e-05,0.05361197888851166,0.03521181347351226,1.500361151380779e-05,0.05089167132973671,0.0341932461079624,1.3295404412576917e-05,0.04846511781215668,0.03328840008803776,1.1915162058542138e-05,0.04630061611533165
899,14,cross_attn,Vertical,1,0.44734389512311845,0.08305649796654928,1.6743805408477783,0.19051558961943973,0.002213518921801427,0.32459431886672974,0.14764487069277538,0.0006015771683167669,0.22566275298595428,0.1287955278678546,0.0002722888269305397,0.18361511826515198,0.1180984303355217,0.00016284213475901602,0.16292324662208557,0.11061792702428878,0.00010117986601621741,0.14517715573310852,0.10575184959267812,6.68613839646247e-05,0.13424627482891083,0.10235487870753758,4.39505495836407e-05,0.12481842935085297,0.09993173205663287,2.926641699566238e-05,0.117653489112854,0.09817861540923042,2.0527082167310572e-05,0.11224037408828735,0.09682949088395588,1.5017197080005122e-05,0.10706231743097305,0.09573143626016284,1.146119982179675e-05,0.1036311686038971,0.09487338565171712,9.367360218576656e-06,0.10197083652019501,0.0941949552959866,8.250768502814258e-06,0.10151322185993195,0.0936357860290815,7.652210738876625e-06,0.10217411071062088,0.093194194729366,7.31616644159444e-06,0.10310685634613037,0.09287740384775495,7.202327189264888e-06,0.1040680855512619,0.09266328622424413,7.332585907361479e-06,0.10484068840742111,0.09250690657941121,7.652767690017413e-06,0.1051793098449707,0.09237169237836959,8.117358786231187e-06,0.10494615137577057
899,14,cross_attn,Horizontal,1,0.36761473970753805,0.04075190913734586,1.0182061195373535,0.1803109926127252,0.0023746909116456206,0.31099045276641846,0.14291394442792923,0.0007102624867361752,0.21242192387580872,0.12419752752970135,0.00030975132202568036,0.17754004895687103,0.11380633132325278,0.00015220331792217682,0.15188398957252502,0.10755856015852519,8.655529143069089e-05,0.13914307951927185,0.10360558508407502,5.5168126559496564e-05,0.1301036924123764,0.10097839565031112,3.90213547500575e-05,0.1258329302072525,0.09902456379125989,2.8120287262342692e-05,0.12099818885326385,0.09761446891796022,2.1201137072195915e-05,0.11692091822624207,0.09659691367830549,1.695474259177126e-05,0.11427301168441772,0.095843596709153,1.4068926818352742e-05,0.11225518584251404,0.09524213132404145,1.183727339684062e-05,0.11021672934293747,0.09469197619528998,9.832652004882303e-06,0.10774252563714981,0.09412565046832674,7.745745335187543e-06,0.10478733479976654,0.09357432051310463,5.758764864907426e-06,0.10193556547164917,0.09309768534841992,4.236443125822875e-06,0.09970211982727051,0.0926985400063651,3.194022171534842e-06,0.09797126054763794,0.09235687506577325,2.5662400294424484e-06,0.09729312360286713,0.09213296832546355,2.36733592591776e-06,0.09737826138734818
899,14,cross_attn,Gaussian,1,0.35237104540306424,0.0329330652075304,0.8827443718910217,0.14446187705274613,0.0014940911942079673,0.24861565232276917,0.10759173404602777,0.00042857445632542485,0.16764581203460693,0.0927001020265004,0.00015312568241878773,0.12907958030700684,0.0845956045483786,8.455139945277078e-05,0.11582660675048828,0.07902194677837311,4.873599554284157e-05,0.10052067786455154,0.07519277504512242,2.954246172854347e-05,0.08902265876531601,0.07273275972831816,2.0148502822855412e-05,0.08216778934001923,0.07097383020889192,1.5274761780642337e-05,0.07885949313640594,0.06962729008897903,1.2664433725038795e-05,0.0776965320110321,0.06864607215873779,1.127544821916251e-05,0.07713177800178528,0.06792502619680904,1.0648903308771231e-05,0.0765671581029892,0.06739308401232674,1.0397682666592176e-05,0.07590349018573761,0.06700220834168177,1.0278699762724276e-05,0.07551611214876175,0.06669999724106183,1.0202726006529544e-05,0.07531540840864182,0.06642784994272959,1.0042947247143764e-05,0.07494553923606873,0.06615163610568123,9.76433712519469e-06,0.07482560724020004,0.06587756590710746,9.452327450291835e-06,0.07494674623012543,0.06562241456574863,9.163505332949266e-06,0.07483896613121033,0.06539657138406284,8.90107079657078e-06,0.0745219737291336
899,14,mix_ffn_after_gate,Vertical,1,0.7342305992330823,0.1303760368836089,1.6992295980453491,0.2092696333688403,0.002708900039257827,0.31296291947364807,0.10154545721080568,0.0002881361718362006,0.1348906308412552,0.06286474045306917,5.8507145399114326e-05,0.07953114807605743,0.045287058289561956,1.986757074403147e-05,0.0553181990981102,0.03612278298371368,1.0751287459844793e-05,0.04327736794948578,0.030928920895334274,8.029918683750658e-06,0.0390562042593956,0.027799753708735345,7.093487872532234e-06,0.03710004314780235,0.025819696722522614,6.719607609873343e-06,0.03585224971175194,0.024512037220928404,6.501217423193503e-06,0.0349545031785965,0.02361483203749808,6.316356751593212e-06,0.03424958884716034,0.022983104522739137,6.162520743941544e-06,0.03371143341064453,0.022533721482706447,6.0420603337361675e-06,0.03330973908305168,0.022211011380903305,5.935135882536923e-06,0.03298352658748627,0.02197304137405895,5.822288367053764e-06,0.032676540315151215,0.021789268871384954,5.700770822640759e-06,0.03236007317900658,0.02164014130239449,5.584936787325187e-06,0.03203783184289932,0.02151554858400708,5.492315710882154e-06,0.03173239529132843,0.021411512727065693,5.43046810363288e-06,0.031465914100408554,0.021326616436006533,5.3955769603989025e-06,0.031249262392520905
899,14,mix_ffn_after_gate,Horizontal,1,0.8381734083569239,0.13538884694465836,2.003378391265869,0.27591624950605725,0.0036702076296576624,0.4006647765636444,0.14003243758564904,0.00047802399931921836,0.1832963228225708,0.0863318806366315,9.750301376523375e-05,0.1039588451385498,0.06139277589936105,2.8418571827223723e-05,0.07228076457977295,0.04847059747765935,1.2416824453993658e-05,0.05714438855648041,0.0411157262703729,7.781891613871365e-06,0.04876573756337166,0.036594472352474455,6.100841797791368e-06,0.04363925755023956,0.03364988602697849,5.343107777621399e-06,0.040245573967695236,0.03165202440013961,4.933193316958422e-06,0.03788226470351219,0.03025582982670693,4.680620425723592e-06,0.03618814796209335,0.029258240516933185,4.510270801077139e-06,0.03494909405708313,0.028533562367397642,4.390190014220485e-06,0.034162070602178574,0.0280007417535498,4.3054885861628705e-06,0.033577244728803635,0.027605518462165954,4.245700840635192e-06,0.033118680119514465,0.027310254288807748,4.202268107661785e-06,0.032749004662036896,0.027088649245718167,4.171569583082602e-06,0.032451074570417404,0.026921908445064983,4.153543976407016e-06,0.03236149996519089,0.026795770322519636,4.147107055184159e-06,0.032318949699401855,0.026699323916719073,4.147557685832396e-06,0.03229697048664093
899,14,mix_ffn_after_gate,Gaussian,1,0.8588571264630273,0.2044095288320283,2.0871121883392334,0.24052481991904123,0.0032700550257203738,0.3528938591480255,0.11779252605305778,0.00034808961630702586,0.1584303230047226,0.0726485141804294,6.94904672658469e-05,0.09113975614309311,0.05186544471080341,2.082930627200185e-05,0.060729075223207474,0.04104323773866608,9.156802560676101e-06,0.046963728964328766,0.03488115265610672,5.682906137543955e-06,0.03972448781132698,0.031110025528404448,4.422794441746191e-06,0.036232899874448776,0.028680483529728556,3.865110292704493e-06,0.03397267311811447,0.027057343561734472,3.578663088870017e-06,0.03246397525072098,0.025941170426824735,3.4083951755829508e-06,0.03144438564777374,0.025157172262432085,3.2880578565014896e-06,0.030743563547730446,0.02459808595715061,3.193578771755953e-06,0.030228350311517715,0.024193409830331802,3.1201437097324705e-06,0.029806572943925858,0.023895427288990172,3.0660755895672377e-06,0.02944175712764263,0.023672335411584568,3.0301889877561664e-06,0.02912793681025505,0.023502542445110897,3.012830717105823e-06,0.028863901272416115,0.023370896244332903,3.0143518442063018e-06,0.02864639274775982,0.02326666356788741,3.0335269138154504e-06,0.028470110148191452,0.023182425943631974,3.0666813535345534e-06,0.028329089283943176
874,12,self_attn_after_gate,Vertical,1,2.0777196602688894,7.942073135225128,11.190644264221191,0.2201071111928849,0.0017528399318018316,0.42524439096450806,0.1595976554921695,0.0004468748849064823,0.266966313123703,0.1271033195985688,0.0002338370588228878,0.2009858340024948,0.10558452114226326,0.00014913709491567222,0.16007983684539795,0.09084374954303105,0.00010742889907290982,0.13170909881591797,0.08035861310504731,8.499418246540461e-05,0.11127152293920517,0.07260245072936254,7.196735643516438e-05,0.09624016284942627,0.06666107032270659,6.363141073275247e-05,0.08491718769073486,0.06197705764382604,5.773837525979805e-05,0.07762639969587326,0.05819693804969863,5.323373894121443e-05,0.07419952005147934,0.05508631674779786,4.96132668249394e-05,0.07110464572906494,0.05248353547520108,4.661525517917457e-05,0.06829474866390228,0.05027355401525422,4.4086118519348515e-05,0.06573453545570374,0.048372497338624226,4.192448292351756e-05,0.06339338421821594,0.04671805310580465,4.0057437771677286e-05,0.06124424934387207,0.045263173383852794,3.842903903120612e-05,0.05926372855901718,0.04397178660072978,3.699438982016591e-05,0.05743212625384331,0.04281590405910734,3.5716654925496215e-05,0.05573306977748871,0.041773511274229916,3.456554544410141e-05,0.05415312945842743
874,12,self_attn_after_gate,Horizontal,1,0.370351646864225,0.13700018874450828,2.0402050018310547,0.1489268529509741,0.00029635051353779103,0.2156594693660736,0.12303402333978623,9.229581110559742e-05,0.16212821006774902,0.10965415965470057,4.60738729647703e-05,0.1362629234790802,0.10125680386074006,2.8985246680163327e-05,0.12010162323713303,0.09543896466493607,2.1301960263612917e-05,0.10886022448539734,0.09115013042612681,1.7706477182989177e-05,0.10084622353315353,0.08784339565133291,1.6164791650270186e-05,0.09513087570667267,0.0852032865560244,1.5681841991135432e-05,0.09312176704406738,0.08303552475713548,1.572285549227926e-05,0.0914342924952507,0.08121446047037367,1.599274964114241e-05,0.08997496962547302,0.07965585553929919,1.6329341999244604e-05,0.088682621717453,0.0783015801793053,1.6648456394191208e-05,0.08751574158668518,0.07711061811636365,1.6913302652836832e-05,0.0864466205239296,0.0760535370735895,1.7115027524998558e-05,0.08545704185962677,0.07510882497779907,1.7258912493525262e-05,0.08453559130430222,0.0742602338866582,1.7355318812194647e-05,0.08367565274238586,0.07349493821698522,1.7414948020534182e-05,0.08287332206964493,0.07280238504920687,1.7447235923219343e-05,0.08212585747241974,0.07217365101216332,1.745996724039382e-05,0.08143054693937302
874,12,self_attn_after_gate,Gaussian,1,0.32829347536677406,0.14851059663568889,2.113478660583496,0.10800993064093212,0.0002896028414062945,0.15712681412696838,0.07877755851026565,9.09359522546968e-05,0.10800232738256454,0.0644970562841211,4.3396316177838735e-05,0.08214695751667023,0.05629187650860302,2.7969672397454917e-05,0.0712694451212883,0.05096712667081091,2.1590344141790855e-05,0.06556221842765808,0.047198776273973404,1.8036385982350057e-05,0.06133699417114258,0.04437149523033036,1.5593398039516404e-05,0.05782506242394447,0.04216537110152699,1.375684784710457e-05,0.054793938994407654,0.04039534494753868,1.2340473973561561e-05,0.05216899514198303,0.038943777008662146,1.1238419770916636e-05,0.049900248646736145,0.03773112396990496,1.037253141811872e-05,0.04793794825673103,0.036701740460499885,9.682875740383756e-06,0.04623584449291229,0.03581575174180288,9.12430284897592e-06,0.04475366696715355,0.03504392064161717,8.663339665407632e-06,0.043456435203552246,0.03436434712438356,8.275244940220978e-06,0.04231336712837219,0.03376035581505488,7.942017389273697e-06,0.041297607123851776,0.03321912169219956,7.650893363271527e-06,0.040386687964200974,0.0327307220016207,7.393228356839187e-06,0.039563022553920746,0.03228740810993172,7.163357607857822e-06,0.038813572376966476
874,12,cross_attn,Vertical,1,0.36551062715432,0.033167074521217844,1.3938099145889282,0.18669610671580783,0.0012149122529803039,0.3071596026420593,0.1420955169532034,0.0002822704834200961,0.2006477564573288,0.12291446623821108,0.00010549719473067193,0.15581312775611877,0.11265808686850563,5.060468461369077e-05,0.12859423458576202,0.1063245487591577,3.0465119443529473e-05,0.11775203049182892,0.10230692345944661,1.9854543815953464e-05,0.11103703081607819,0.09965139946767262,1.4523781136282112e-05,0.10808125138282776,0.097811069162119,1.1485981055025116e-05,0.10520150512456894,0.0965936089318896,9.794814822270345e-06,0.1024060845375061,0.09578767312424523,1.0641086836142911e-05,0.10396294295787811,0.09499126743702661,1.2215205916694732e-05,0.10411703586578369,0.09414073008866537,1.197633437993942e-05,0.10271763801574707,0.0933878528220313,1.0702710062220158e-05,0.10144120454788208,0.09279659284012658,9.15776140975724e-06,0.10009036958217621,0.09234204876517492,7.70894536261931e-06,0.09885920584201813,0.09194411999649471,6.5687261836870175e-06,0.09736882150173187,0.09155138487380649,5.893721045051894e-06,0.09640885144472122,0.09117332845926285,5.584673339171293e-06,0.09568943083286285,0.09085420282587173,5.3659065824998e-06,0.09542553126811981
874,12,cross_attn,Horizontal,1,0.35445095338518656,0.022041108154943777,0.9369509220123291,0.18837941024038526,0.0009755608291066828,0.30503833293914795,0.1459307460084794,0.00024395836044972306,0.20832572877407074,0.12611159705926503,9.70744210548227e-05,0.16435930132865906,0.11529651225086242,4.850911532567276e-05,0.13980719447135925,0.1087145483683026,2.8303733458588335e-05,0.12534311413764954,0.10451331971183656,1.8130330550948532e-05,0.11714008450508118,0.10138820584804292,1.1532697714208973e-05,0.11157804727554321,0.09916730000386162,7.854467398633523e-06,0.10794210433959961,0.09753259839046569,5.6905648027895645e-06,0.10523195564746857,0.09634312679843297,4.428657865199827e-06,0.10340642929077148,0.09551661934644456,3.7455941108803965e-06,0.10179281234741211,0.09479596986184044,3.3080428521673046e-06,0.10001622140407562,0.09402760804172546,2.568210498566171e-06,0.09827466309070587,0.09346183046462044,2.176909720954463e-06,0.09731995314359665,0.0930343550585565,1.8947652509710737e-06,0.09660111367702484,0.09270897897936049,1.6464349432608178e-06,0.09593735635280609,0.09251591054693101,1.6281388674740814e-06,0.09618837386369705,0.09241585587225264,1.7182769420046417e-06,0.09600363671779633,0.09233220512904818,1.7550337437515686e-06,0.09556165337562561
874,12,cross_attn,Gaussian,1,0.3433133474891148,0.02213552828130904,0.9253989458084106,0.15901273347082592,0.0008952240128251981,0.2512524127960205,0.11426803315915758,0.00023349403461541126,0.1548844426870346,0.09448367073422387,9.092485523541517e-05,0.1171925812959671,0.0837561407732585,4.666924957545437e-05,0.102317214012146,0.07736286260778942,2.8493039085999075e-05,0.09152384102344513,0.07318952691460413,1.9981956161317265e-05,0.08354727178812027,0.07034091178386931,1.5871739766429176e-05,0.07970142364501953,0.06802607434136528,1.368704066435643e-05,0.07759333401918411,0.06632336631180748,1.1555760874769362e-05,0.07520973682403564,0.06516140728952392,1.0432941746566038e-05,0.07356861233711243,0.06434510813819037,9.47560522480357e-06,0.07138154655694962,0.06373363946165357,9.098752808305581e-06,0.07054415345191956,0.06317120808221045,8.76464992836193e-06,0.07016406953334808,0.06275744174444486,8.416986471243767e-06,0.06920983642339706,0.062481878946224846,8.43437939826133e-06,0.06877818703651428,0.06224092261658774,8.594670471872584e-06,0.06890399008989334,0.06199613367281263,8.710429045083208e-06,0.06886933743953705,0.06175725853868893,8.77299210438616e-06,0.06876689940690994,0.06153384915419987,8.804444434061184e-06,0.06864415854215622
874,12,mix_ffn_after_gate,Vertical,1,0.952996481978704,0.19293793646369375,2.2716774940490723,0.2982030054406514,0.005298642514093809,0.45085597038269043,0.14587544117655074,0.0006227738358200118,0.19756802916526794,0.08663231193546266,0.00012173628783874384,0.11114547401666641,0.05854244808119441,3.324068073265241e-05,0.07303478568792343,0.04363436334662967,1.3173697802650878e-05,0.053327105939388275,0.03504376210981891,7.72522949760464e-06,0.042267248034477234,0.029758683627560026,5.965496534738277e-06,0.03752417489886284,0.026334853488064948,5.276805803839469e-06,0.03454415872693062,0.02402126333779759,4.938089288153753e-06,0.03243764489889145,0.02240105304453108,4.728277466112445e-06,0.03086712956428528,0.021235841341198436,4.58106865656386e-06,0.029647255316376686,0.020386273100499123,4.475645653960334e-06,0.028707580640912056,0.01976192993895402,4.397795369778664e-06,0.02800283581018448,0.019299265736388783,4.340580345688726e-06,0.027488574385643005,0.01895429403890693,4.302149828265047e-06,0.027130169793963432,0.018696304440261827,4.280377400295397e-06,0.026900991797447205,0.018503184149426127,4.270029158583195e-06,0.026775024831295013,0.01835899587188448,4.263129305092022e-06,0.026721443980932236,0.018252469702727266,4.2523887200450815e-06,0.026707516983151436
874,12,mix_ffn_after_gate,Horizontal,1,0.951367974281311,0.22574011693424345,2.4033203125,0.2724555529772289,0.004519151364232289,0.4117436408996582,0.13068289818271758,0.0005069676949453965,0.17769262194633484,0.07796049153520948,9.98789023105792e-05,0.09924525022506714,0.053431829585442465,2.8719901582407663e-05,0.06445007771253586,0.0403719890330519,1.1344786396123889e-05,0.04781709238886833,0.032774399345119797,6.0022718395187e-06,0.038610465824604034,0.028081486060742348,4.080383742450512e-06,0.03308636695146561,0.02505077693670515,3.3016712744414124e-06,0.030554313212633133,0.023022745809857807,2.948430804508862e-06,0.02879866398870945,0.021624811230197785,2.767131652085532e-06,0.027554571628570557,0.020635613846400426,2.6630483101187234e-06,0.026664335280656815,0.01991942108032249,2.596753444824788e-06,0.02602318488061428,0.019391586678841756,2.5471468720782814e-06,0.02555420994758606,0.01899858079259358,2.5049940443975144e-06,0.025207675993442535,0.018704838400322294,2.4707351057225704e-06,0.024953743442893028,0.018484187238509694,2.445535629521156e-06,0.024767283350229263,0.018315689253901677,2.427448947372853e-06,0.024623043835163116,0.018183096105025873,2.41288872426692e-06,0.02450004778802395,0.01807608792469615,2.4006923737308187e-06,0.024391137063503265
874,12,mix_ffn_after_gate,Gaussian,1,0.7878448811788408,0.11685004611952415,1.632483959197998,0.2438740571812978,0.0035266419966582005,0.3747681975364685,0.11824585284505572,0.0004186945435121971,0.16089069843292236,0.07139104504197363,8.155097522949195e-05,0.089659184217453,0.0499188383775098,2.3107273838462588e-05,0.060428716242313385,0.038765977713323775,9.408090469317529e-06,0.04527266323566437,0.03242355375181115,5.350959151312527e-06,0.03683735430240631,0.02856488587955634,3.931738156617407e-06,0.03231233358383179,0.02609422303263157,3.377427598174836e-06,0.02967691980302334,0.02445106758248238,3.1534012748470693e-06,0.02793698012828827,0.023327900599392635,3.0742279915839243e-06,0.026798397302627563,0.022545576095581055,3.061861634948435e-06,0.026218188926577568,0.02199219572283919,3.069162960722081e-06,0.025760088115930557,0.021594014876182118,3.067915682501921e-06,0.025373222306370735,0.021304158493876457,3.053214102914846e-06,0.02506677806377411,0.02109418466450676,3.0322157552495923e-06,0.024876171723008156,0.020945003197070152,3.0095690968071784e-06,0.02472406066954136,0.020841853574864448,2.9852242593312113e-06,0.024602089077234268,0.0207726460482393,2.9580876801701874e-06,0.024491555988788605,0.0207274334416503,2.928693985732091e-06,0.024375256150960922
874,13,self_attn_after_gate,Vertical,1,0.23126269687735845,0.02067946538591619,0.8617590069770813,0.09381665466796785,0.00022482385197093434,0.13509993255138397,0.07128611804237442,0.00011844737353932485,0.10105081647634506,0.060267872871860625,8.557372674028095e-05,0.0840781182050705,0.05378850448935751,6.918806915420674e-05,0.07384982705116272,0.04956957981699989,5.954706817818097e-05,0.06725336611270905,0.04661534093911686,5.331592682472262e-05,0.06234564632177353,0.04442771133922395,4.902329317113735e-05,0.05924803018569946,0.04272900616365766,4.5897593627310195e-05,0.05702004209160805,0.041359702509547035,4.353408093150276e-05,0.055151283740997314,0.040225156420280066,4.170567207574953e-05,0.05403124541044235,0.03926576263019963,4.0264094949371634e-05,0.05333265662193298,0.03844172220736269,3.9106429614943644e-05,0.05264982581138611,0.0377250247531467,3.8158607635614205e-05,0.05198323354125023,0.0370950246200202,3.736506408828498e-05,0.051331959664821625,0.03653597654331298,3.668311712291964e-05,0.05069349706172943,0.0360356198830737,3.6080143617688366e-05,0.05006486922502518,0.035584337625002106,3.553247785030833e-05,0.04944406449794769,0.03517456130967254,3.502428395646306e-05,0.04883081093430519,0.034800332069160445,3.4546121224107464e-05,0.048226531594991684
874,13,self_attn_after_gate,Horizontal,1,0.4817440921352023,0.3646487429843268,3.3133769035339355,0.15098818166861458,0.0005522851931905378,0.21501626074314117,0.11637946371994322,0.00015827622262248815,0.15121763944625854,0.09784812432905984,7.11034883332564e-05,0.12107455730438232,0.08652309162749185,4.905575535497843e-05,0.10722513496875763,0.07903851947141072,4.296032417329221e-05,0.0990540012717247,0.07375949828161134,4.102613127149711e-05,0.0933120995759964,0.06982943533904969,4.0445127648281705e-05,0.08910080790519714,0.0667759245113721,4.038757009184031e-05,0.08589893579483032,0.06432532625538963,4.053383212749585e-05,0.08339598774909973,0.06231025121514759,4.073373926266243e-05,0.0814046710729599,0.060622215093601314,4.0911941182612364e-05,0.07980343699455261,0.059187092064392,4.103384578680791e-05,0.0785055086016655,0.05795202061297402,4.1087695729708594e-05,0.0774441808462143,0.05687805424843516,4.107268288935607e-05,0.0765657126903534,0.05593575265199419,4.0993148377708116e-05,0.07582638412714005,0.05510239167109368,4.085608513823791e-05,0.07519117742776871,0.05436009026709057,4.067065441842719e-05,0.07463333755731583,0.05369456697787557,4.0448153980005236e-05,0.07413381338119507,0.053094271038259776,4.020108446168611e-05,0.07368012517690659
874,13,self_attn_after_gate,Gaussian,1,0.6407701907649873,0.7522533546983377,4.124228477478027,0.13910164412051912,0.00078627113092333,0.2107825130224228,0.09855992737270537,0.00031796826650214014,0.15615713596343994,0.07879054954364187,0.00016227015277954377,0.11845409870147705,0.06695927241964945,9.111843940337178e-05,0.09355192631483078,0.0591250779255042,5.596277933155497e-05,0.07701779901981354,0.05360544195014333,3.759787573747315e-05,0.06731327623128891,0.04953330359052098,2.7275841544607636e-05,0.060968898236751556,0.046422407799769964,2.1073477196827293e-05,0.05610226094722748,0.04397866691625307,1.713467198390695e-05,0.05322754755616188,0.042013533827331334,1.4519461994198995e-05,0.05090920254588127,0.040400981666549804,1.2722415546889016e-05,0.048956140875816345,0.03905411250889301,1.1455240698553072e-05,0.047275200486183167,0.03791157546497527,1.0542910019323821e-05,0.04580444470047951,0.036929208430505935,9.87275317084198e-06,0.04450105503201485,0.036074608593942625,9.369417228816618e-06,0.04333476722240448,0.035323524581534524,8.98191028442614e-06,0.04228411242365837,0.0346574703497546,8.67591753421145e-06,0.04133346304297447,0.034062135875934645,8.428472381759998e-06,0.04047077149152756,0.03352629739258971,8.224248405110417e-06,0.03968624025583267
874,13,cross_attn,Vertical,1,0.3619529543414948,0.02488789814492256,0.8677487969398499,0.16754838232956235,0.0008699934398701715,0.2786518335342407,0.13256360850636922,0.0003502542505138882,0.207885280251503,0.11733146248355744,0.00018605673715155698,0.16381677985191345,0.10882377825559132,0.00010932471618038316,0.14541488885879517,0.10338050529124244,6.730230924659554e-05,0.13256902992725372,0.09985137376047316,4.39668027343437e-05,0.12156569957733154,0.09736350982908219,3.0864940488573726e-05,0.11343437433242798,0.09546715281312428,2.362749107349217e-05,0.10852347314357758,0.09397152385541371,1.8824897193397736e-05,0.1045626699924469,0.09274598814192273,1.5375690735397212e-05,0.10160695761442184,0.09172421587365014,1.307135958332172e-05,0.09985815733671188,0.09089307155874041,1.168296489012383e-05,0.09819729626178741,0.09025004813595423,1.0884874451334581e-05,0.09674127399921417,0.08977007593900438,1.0519665233441895e-05,0.09639091789722443,0.08941836714271516,1.051458303339485e-05,0.09665383398532867,0.08915931613199295,1.0764181721784336e-05,0.09694109857082367,0.08896522058380975,1.1183011078693567e-05,0.09718147665262222,0.08881374377579916,1.1720551571832573e-05,0.09744128584861755,0.0886878850204604,1.2329130101706318e-05,0.09817661345005035
874,13,cross_attn,Horizontal,1,0.5030675814265296,0.0648410806083323,1.474275827407837,0.20893668702670506,0.0014407776048686492,0.3081912398338318,0.15483287000466908,0.00043766715632627683,0.21856079995632172,0.13170638313842198,0.0001866614249000318,0.1692376434803009,0.11963414377163327,9.686458647744048e-05,0.1470213234424591,0.11261807866985836,5.76701369207933e-05,0.13321852684020996,0.10805486662993355,3.694413122178319e-05,0.12292031943798065,0.10478875147444862,2.5356133640852293e-05,0.11646880954504013,0.10235163616755652,1.82303214124247e-05,0.11228282004594803,0.10042488232018455,1.3370709610310444e-05,0.1100069060921669,0.09897261503196898,1.0807171199477426e-05,0.1090352013707161,0.09792550298429671,9.561622514811133e-06,0.10811726003885269,0.09705855993051378,8.49283333898006e-06,0.1064508855342865,0.09625651356246737,7.284525814711303e-06,0.10427591949701309,0.095584452033989,6.368057415253296e-06,0.10242705047130585,0.09506655614527446,5.887596223294626e-06,0.1011715829372406,0.09464152358354085,5.5641226596431775e-06,0.10152854025363922,0.09424525463864916,5.02917309792683e-06,0.10172998905181885,0.09386471812687223,4.233748492798755e-06,0.10114074498414993,0.09352497212470524,3.4856924504876867e-06,0.10016143321990967
874,13,cross_attn,Gaussian,1,0.5489977867830367,0.12136170325619719,1.9976165294647217,0.1780775591494545,0.0016088490962369913,0.3258052468299866,0.12282663500971264,0.0004023642707722125,0.1778458058834076,0.10156543115301737,0.00020694983842808152,0.149545356631279,0.09003545367528522,0.00012772805305095138,0.12749746441841125,0.08239911342897112,8.094914622730778e-05,0.1128654032945633,0.07716597640325153,5.4222816557444765e-05,0.10198642313480377,0.07343742901843692,3.8418255353881266e-05,0.09367407858371735,0.07067499055512368,2.8712931985442406e-05,0.0871947705745697,0.06857500485484562,2.2562820789777923e-05,0.08204697072505951,0.06693750058138181,1.8525285831543397e-05,0.0778658464550972,0.06566084856315264,1.5970637362451487e-05,0.07470108568668365,0.0646660416608765,1.4358951062241526e-05,0.07360032200813293,0.06385268767674764,1.3019391880919605e-05,0.0724852979183197,0.06314380597027522,1.1768636067732246e-05,0.0712355375289917,0.06250815170388373,1.084125340158415e-05,0.07012596726417542,0.06195936576714591,1.0253386457655992e-05,0.06934639811515808,0.061519667151428405,9.896280231769742e-06,0.06880010664463043,0.061177215346741295,9.698510670314298e-06,0.06838066875934601,0.06090621715263715,9.617574184744647e-06,0.06801779568195343
874,13,mix_ffn_after_gate,Vertical,1,0.9109574286710649,0.1968193605764264,2.097158908843994,0.2715251897535627,0.004524442567180018,0.4147387742996216,0.1314731722786313,0.0005295917898135866,0.17685957252979279,0.07865727456316116,9.993332710175457e-05,0.0977904200553894,0.05458590695782313,2.66453010792356e-05,0.06576372683048248,0.042204710994921034,1.0576599688187444e-05,0.050716862082481384,0.03523955269465371,6.280584096116111e-06,0.04238034784793854,0.03105832302262859,4.996997933022667e-06,0.03740784898400307,0.02841893808236198,4.615163595696562e-06,0.034652210772037506,0.026684747417531317,4.5265786619071295e-06,0.0335695780813694,0.025506838890058652,4.5365717442955e-06,0.032859496772289276,0.02468265462962408,4.574778813925041e-06,0.032369598746299744,0.024091418596014144,4.616297253690577e-06,0.032028928399086,0.023658721279057247,4.653704467428713e-06,0.03179693594574928,0.02333690297035944,4.683234158010415e-06,0.031638555228710175,0.023094823879618493,4.700356651373259e-06,0.03151949495077133,0.022911771717998717,4.700399030918374e-06,0.031409282237291336,0.022773360744828268,4.681257954212918e-06,0.03128804266452789,0.022669039045770962,4.645391255751003e-06,0.03115096688270569,0.022590942976493684,4.59894378898047e-06,0.031004615128040314
874,13,mix_ffn_after_gate,Horizontal,1,0.9860127658124954,0.2134081055749094,2.2167553901672363,0.2916992562157767,0.005279680649151692,0.4428343176841736,0.14323604390734718,0.0005793752964018625,0.19706277549266815,0.0877904694468256,0.00011827814949667447,0.11270771920681,0.06171329544177131,3.580847392196017e-05,0.07476053386926651,0.04783006532797738,1.4857751495122496e-05,0.05739917233586311,0.03983461774057812,8.138858805156061e-06,0.04784759134054184,0.03496783229685019,5.643938323393528e-06,0.04204537346959114,0.031877984071061724,4.635698311874719e-06,0.038396574556827545,0.029841632064845827,4.180642990036827e-06,0.036171142011880875,0.02845669256907607,3.945578092579542e-06,0.03506471961736679,0.027493025131878398,3.81668324646332e-06,0.034321386367082596,0.02681224417710115,3.7520199288162015e-06,0.033842310309410095,0.026327305724696506,3.731366959939854e-06,0.03355356305837631,0.02598193698813991,3.743290172510652e-06,0.033398523926734924,0.025738766594302086,3.781292066783745e-06,0.033329177647829056,0.02557097724269307,3.838872967749785e-06,0.03329697623848915,0.025456862228493842,3.905298557402733e-06,0.03325613588094711,0.025377904316262592,3.966137125930882e-06,0.033180177211761475,0.025320096857964047,4.0089125433317906e-06,0.03307382017374039
874,13,mix_ffn_after_gate,Gaussian,1,0.7886249621709188,0.14445971933540222,1.727960228919983,0.2238997400753082,0.0032328884588870795,0.34761035442352295,0.10722896953423817,0.0003131413245793202,0.14167940616607666,0.06552635357966499,5.6555606046447425e-05,0.07936426252126694,0.04686871437089784,1.6516855383807113e-05,0.05443289875984192,0.03732845216752991,7.587688396492758e-06,0.04340448975563049,0.03197093798764168,5.077764476715256e-06,0.03814253211021423,0.028747975057552732,4.245607132933557e-06,0.034916408360004425,0.026715507050828327,3.912821915486417e-06,0.032851677387952805,0.02539224550127983,3.7577730463368863e-06,0.03149707242846489,0.02451278739387081,3.683546620856283e-06,0.030587684363126755,0.023920635589294963,3.6475095228825565e-06,0.02996155247092247,0.023516305175329013,3.626920732859972e-06,0.029519546777009964,0.02323433416821654,3.6125308642795724e-06,0.02919793501496315,0.02303145778557611,3.603364750434719e-06,0.028951920568943024,0.0228800613669649,3.5989833638076104e-06,0.028748054057359695,0.02276367839011881,3.595877618920573e-06,0.028565390035510063,0.02267335582938459,3.5903210673527228e-06,0.028396807610988617,0.022604529258041156,3.5811411775637314e-06,0.028243694454431534,0.022554509430414156,3.5692425792007155e-06,0.028108535334467888
874,14,self_attn_after_gate,Vertical,1,1.1152504270985013,0.5706620357589098,4.794764518737793,0.3293190539356262,0.003756117900340162,0.4598047137260437,0.21058405533669486,0.0013093637644421582,0.30485039949417114,0.15555959431424973,0.0006382007892447113,0.22493845224380493,0.12396890800150615,0.0003629307651889795,0.17212560772895813,0.10403517539065982,0.00023502260832924772,0.1429944783449173,0.09055869636081514,0.00016642391340081878,0.12236547470092773,0.08089533395000867,0.00012460001421789514,0.1069619208574295,0.07361804581587277,9.688382433192045e-05,0.09508834779262543,0.0679149499961308,7.755306617539972e-05,0.08574838936328888,0.06330019702750539,6.356426001176307e-05,0.0782967358827591,0.05947144039803081,5.316903607297655e-05,0.07350501418113708,0.056235756252020125,4.534160771971284e-05,0.06970128417015076,0.05346620242510523,3.944459975149617e-05,0.06635970622301102,0.051074405747746666,3.503344625849072e-05,0.06344563513994217,0.04899467693434821,3.17671033583619e-05,0.06091395020484924,0.04717583085099856,2.9374593585759034e-05,0.05871392786502838,0.045576975518275824,2.7640722032183083e-05,0.056795667856931686,0.0441650827489202,2.6396501638846597e-05,0.05511397123336792,0.04291334476262804,2.5510348329766552e-05,0.05362991988658905
874,14,self_attn_after_gate,Horizontal,1,0.7618232970199887,0.19353941963378074,2.7166457176208496,0.28136935664547813,0.0030406187001650155,0.41820037364959717,0.19047575171977754,0.0007701480624290788,0.2765533924102783,0.15150918598685945,0.00028805286049305497,0.20226791501045227,0.13046836923985256,0.00013607209355303898,0.16193699836730957,0.1174111140389291,8.112755460603217e-05,0.14111997187137604,0.10863466856498567,5.758282238605926e-05,0.1277477741241455,0.1023806572433502,4.5528004386982383e-05,0.11883668601512909,0.09770414741739394,3.814308237191869e-05,0.11252173781394958,0.09406947758462694,3.2911323435901675e-05,0.1077190563082695,0.0911545462551571,2.8834674580197703e-05,0.10383560508489609,0.08875772191418542,2.552038575170759e-05,0.10057149082422256,0.08674859243725973,2.281743094712931e-05,0.0977773666381836,0.08503894330490203,2.064563444889142e-05,0.09578552097082138,0.08356610957592253,1.893139489224711e-05,0.09402624517679214,0.08228384880792528,1.7597049756964063e-05,0.092441126704216,0.08115714173468333,1.656701306204354e-05,0.09098245203495026,0.08015907378423781,1.577430709115109e-05,0.0896117091178894,0.0792687614522283,1.5163315989132035e-05,0.088302381336689,0.07846983510350423,1.4689588807796865e-05,0.08704090863466263
874,14,self_attn_after_gate,Gaussian,1,0.7059070590942625,0.17802745496863384,2.279179573059082,0.23033302123584445,0.002857770611413116,0.4205061197280884,0.14217560903893578,0.0006713367436757913,0.21328358352184296,0.10411012775841214,0.0002557407559412017,0.14147107303142548,0.08350431020297701,0.00012959957908868875,0.11278519779443741,0.07066448476342928,8.006164040094067e-05,0.09568056464195251,0.06197774422074121,5.705468696227668e-05,0.08353099226951599,0.05575758407986353,4.445167577827458e-05,0.07452963292598724,0.05108062857909808,3.642273205217156e-05,0.06754089891910553,0.047415119078424245,3.0714952073518864e-05,0.06187761574983597,0.04444876502430628,2.634965542854474e-05,0.057156458497047424,0.04199524785554598,2.285827366469264e-05,0.053165778517723083,0.03993745130442437,2.0001682043455503e-05,0.050083085894584656,0.03819524094698921,1.7644457082567778e-05,0.047927889972925186,0.036709527292894936,1.5694754491234168e-05,0.045969873666763306,0.03543463381864722,1.4079446998028995e-05,0.044194839894771576,0.03433426360170993,1.2736240558673653e-05,0.04258837550878525,0.03337905144998952,1.1612217496133794e-05,0.04113567993044853,0.03254499629376426,1.0663577562112065e-05,0.03982207924127579,0.031812439036984295,9.855155594103624e-06,0.038633622229099274
874,14,cross_attn,Vertical,1,0.3578399819514108,0.033590230575360085,1.137890338897705,0.17094303762155866,0.0015561917027890886,0.3722276985645294,0.1353327953626239,0.0005047694548185996,0.25184476375579834,0.11902126516141588,0.00018156224909580442,0.18500539660453796,0.11062180889504296,9.082671143911612e-05,0.15445959568023682,0.1057622709444591,5.0755868101485835e-05,0.13354229927062988,0.10260189005306788,3.093972941425303e-05,0.12007689476013184,0.09989609533832186,1.8566618952363065e-05,0.11073780059814453,0.09783652543075501,1.2290894016633033e-05,0.10731109976768494,0.09646251395581261,9.921784939069382e-06,0.10515160858631134,0.09545948675700597,9.266045309714748e-06,0.10377005487680435,0.09470042586326599,9.059537655734723e-06,0.10258452594280243,0.09418579545759019,8.883370700696613e-06,0.10154441744089127,0.09380131616951927,8.4557664036182e-06,0.100714772939682,0.09347670016780732,7.989951333747054e-06,0.09966988861560822,0.0932262899383666,7.860210244865425e-06,0.09870614856481552,0.09303186656463713,7.972069731255368e-06,0.0989191085100174,0.09284114979562305,7.982139567779333e-06,0.09920784831047058,0.0926216941267725,7.69769239495169e-06,0.09903517365455627,0.09236872822992385,7.09354441492919e-06,0.0986110121011734
874,14,cross_attn,Horizontal,1,0.9543404494013105,1.906194851281374,9.982967376708984,0.24032038521199,0.006928939947657128,0.4947330951690674,0.1779349377704045,0.002235230725506513,0.3628467321395874,0.15180472639344988,0.0011447567168835777,0.3053089380264282,0.1371054473140883,0.000670729004139739,0.2614745497703552,0.1273887265059683,0.0004104677893835395,0.22510676085948944,0.12021147530703317,0.0002657383704777824,0.19760504364967346,0.11476005684761774,0.00018325457263868158,0.17828607559204102,0.1106879801031143,0.00012974413154544982,0.16377727687358856,0.10755475977110485,9.24483621849245e-05,0.1521875411272049,0.1050695361835616,6.607483464605608e-05,0.1426096260547638,0.10309443315343252,4.804576260821587e-05,0.13484476506710052,0.10153991208663063,3.5872655158305555e-05,0.12874549627304077,0.10029149126438867,2.7581676857848428e-05,0.12396468222141266,0.09924006935149904,2.1886252551298813e-05,0.12000969052314758,0.0983126290024273,1.794974627490401e-05,0.11653730273246765,0.09749622382814922,1.5103791925669497e-05,0.11358729749917984,0.09680301648756814,1.2894664575696346e-05,0.11119978129863739,0.09622307701243295,1.1121331359074298e-05,0.10925693809986115,0.09572720208338328,9.665066286602658e-06,0.10761380195617676
874,14,cross_attn,Gaussian,1,0.3859643486757127,0.09277586806744917,1.8409526348114014,0.15057112536733114,0.0016863083587955656,0.2922325134277344,0.1106299442194757,0.0005268894259812634,0.1804783046245575,0.09475368012984593,0.000234933492714229,0.14498646557331085,0.08602940007334664,0.00012224145728169475,0.12192520499229431,0.08097006794479158,7.104698653636421e-05,0.11043275147676468,0.07753642766721665,4.492504949723373e-05,0.10225118696689606,0.07512253392783422,3.116843211085892e-05,0.09627089649438858,0.07318615452164695,2.277232879639369e-05,0.09132198989391327,0.07171383157135948,1.7698220047273594e-05,0.08693274855613708,0.07055574809274977,1.465216505529547e-05,0.08307529985904694,0.06962950279315312,1.271329445245554e-05,0.07977119088172913,0.06888990104198456,1.1572087390203796e-05,0.07712389528751373,0.06824966425460482,1.0924366323542371e-05,0.0753985047340393,0.06766346179776722,1.0359683087817015e-05,0.07421381026506424,0.06717237333456676,9.975775229460245e-06,0.07335343956947327,0.0667971202305385,9.939481608246357e-06,0.07292129099369049,0.06650810712386691,1.0336028630809868e-05,0.07375951111316681,0.06625244139678894,1.1253381517298587e-05,0.075626902282238,0.06604205586370968,1.3229209451026338e-05,0.07871700823307037
874,14,mix_ffn_after_gate,Vertical,1,0.870032071594208,0.18025326472735476,2.179487466812134,0.25129250283279114,0.0034748606479659515,0.3680325150489807,0.12478991917201451,0.00037104252231839923,0.15980494022369385,0.07767786168389851,7.826474141459291e-05,0.09707627445459366,0.05570084719903885,2.6330120429434322e-05,0.0677294135093689,0.04406272614049533,1.3314655812074339e-05,0.05345460772514343,0.037330580816145924,9.205480453729164e-06,0.04675682261586189,0.033168289071274185,7.664116288073846e-06,0.043250083923339844,0.030455581163839687,7.00829947588706e-06,0.04095159471035004,0.028617718153529696,6.71075632174049e-06,0.039414290338754654,0.027337059378623962,6.590467924601284e-06,0.03837434947490692,0.026422667065783154,6.5592660087534235e-06,0.03768017888069153,0.025754920340010097,6.558794633822099e-06,0.03720615804195404,0.025255912944437967,6.544538497785191e-06,0.03684130311012268,0.024874272268442882,6.497884189220416e-06,0.03651807829737663,0.024577566141647005,6.4352931609321265e-06,0.03623053431510925,0.02434622963506078,6.38225696633939e-06,0.035997018218040466,0.024166838931185857,6.3467977917852166e-06,0.0358184278011322,0.02402789086576492,6.322914644760558e-06,0.035677626729011536,0.02391927426178304,6.301650813482214e-06,0.035552117973566055
874,14,mix_ffn_after_gate,Horizontal,1,0.9274053531033652,0.17644579335801838,2.0059375762939453,0.2841491748889287,0.004650926761255425,0.4284108281135559,0.1400927110087304,0.0005292726395837214,0.19406180083751678,0.08699643931218556,9.986802210045885e-05,0.1080961525440216,0.06305834077416904,2.9222865537983187e-05,0.07459381222724915,0.05068632641008922,1.2975814149836715e-05,0.05846578627824783,0.0436348050596222,8.274680140270366e-06,0.05050376057624817,0.039306482802780845,6.60452658946661e-06,0.046201370656490326,0.036503367717303926,5.883425170671866e-06,0.043340861797332764,0.03461724043720298,5.5184510390338e-06,0.04136570170521736,0.0333101147756217,5.309195159640801e-06,0.03996676951646805,0.03238306070367495,5.175904574396108e-06,0.038952864706516266,0.031714201416997684,5.084416862579914e-06,0.038201745599508286,0.031225314097745076,5.018040265481563e-06,0.03763257712125778,0.03086359633339776,4.966116054721279e-06,0.03718899190425873,0.030592189806084785,4.921740071398802e-06,0.03683292493224144,0.030386126644554593,4.884321678934659e-06,0.0365418866276741,0.030229478808385984,4.8580475886352876e-06,0.03632071614265442,0.03011122260183569,4.846556618007548e-06,0.03626660257577896,0.030022334928313892,4.849849670296423e-06,0.0362519808113575
874,14,mix_ffn_after_gate,Gaussian,1,0.839155395825704,0.17183605839850255,2.1226625442504883,0.24906689614530594,0.003774607434226769,0.37318459153175354,0.12424508186559828,0.0004293393608309017,0.17270314693450928,0.07798193182264056,9.405060862904284e-05,0.1040366142988205,0.056338535769591254,3.0249799457959022e-05,0.07197723537683487,0.04478895687867725,1.3406670465864185e-05,0.055264912545681,0.038054071780708104,7.814276636147187e-06,0.04568399116396904,0.03386247255617664,5.642167405224954e-06,0.03981856256723404,0.031126866057988197,4.667140948372985e-06,0.03636825829744339,0.029292037060099935,4.163759646921921e-06,0.03455408662557602,0.028039399682292864,3.881156854681945e-06,0.03331993520259857,0.02717127964373619,3.7101299770298038e-06,0.032469019293785095,0.026563581493165758,3.5987310664815893e-06,0.03187055140733719,0.026134731691508067,3.523009128171276e-06,0.03143269568681717,0.025828512326355964,3.4723482746805416e-06,0.031096842139959335,0.025606956007698224,3.4413852252040594e-06,0.03083411417901516,0.025445465767194354,3.427745911829578e-06,0.030630208551883698,0.0253273266116305,3.4312088501787074e-06,0.0304739847779274,0.025240454201896984,3.452108767476306e-06,0.030354920774698257,0.02517619492515685,3.48966775821034e-06,0.03026314452290535
847,12,self_attn_after_gate,Vertical,1,0.9351342630291742,1.9382796142634633,6.224420547485352,0.1547758491739394,0.000589687331612806,0.21343553066253662,0.11326462775468826,0.00024151455519300357,0.14993816614151,0.09061144197744037,0.00013835865796384898,0.12338302284479141,0.07705459513124965,9.763652832441145e-05,0.10614584386348724,0.06826331318607406,7.869230865689849e-05,0.09453706443309784,0.06215816458302831,6.813239955283155e-05,0.08627590537071228,0.057671503178657046,6.116101329485158e-05,0.08003392815589905,0.05422325852134871,5.60618156945312e-05,0.07509244978427887,0.05147751083686238,5.214301441530269e-05,0.07105197012424469,0.04922775746811004,4.903949206414009e-05,0.06766882538795471,0.04734133940840524,4.651516374394349e-05,0.06478333473205566,0.04572982938280181,4.440505717748478e-05,0.062283363193273544,0.04433215941701617,4.259137016856995e-05,0.060085050761699677,0.04310470683470605,4.098988420580228e-05,0.058123111724853516,0.042015343608837276,3.954168451554983e-05,0.05634699761867523,0.0410398044697349,3.8207656108701625e-05,0.05471888184547424,0.04015943721409828,3.696459346478359e-05,0.05321241915225983,0.03935972642567423,3.5801028257456486e-05,0.051834333688020706,0.03862924066682657,3.471256188648478e-05,0.051342982798814774
847,12,self_attn_after_gate,Horizontal,1,0.17203827947378159,0.0021674936052113185,0.32695436477661133,0.11113698094610185,6.0147129209387796e-05,0.1311841756105423,0.09688601489104921,2.7208489827294436e-05,0.1114310622215271,0.08969871037536198,2.0475776687979078e-05,0.1031755805015564,0.08519607735058618,1.7354943348758958e-05,0.09733417630195618,0.08206864836670104,1.5816334326696653e-05,0.09284549951553345,0.07976371274581032,1.5082080911733057e-05,0.08981765806674957,0.07798421004461864,1.4758502248048116e-05,0.08752317726612091,0.07655920774217635,1.465613623777029e-05,0.08559932559728622,0.07538733607719815,1.4679979540759543e-05,0.08395430445671082,0.07440444223937534,1.4772103432309841e-05,0.08253990113735199,0.07356718052474279,1.4895452565194168e-05,0.08131787180900574,0.07284464970940635,1.5027629368807292e-05,0.08025412261486053,0.07221401837610063,1.5156522056627247e-05,0.07931983470916748,0.07165804937008828,1.5276495225905044e-05,0.07849206030368805,0.07116353931644606,1.5385576676881987e-05,0.0780668705701828,0.07072024201116865,1.5483610280260908e-05,0.07774537801742554,0.07032010461839419,1.55712573374948e-05,0.07748259603977203,0.0699567042645954,1.564950265692469e-05,0.07726407051086426,0.0696248591892303,1.5719396221676535e-05,0.07707856595516205
847,12,self_attn_after_gate,Gaussian,1,0.20895230841068996,0.01733664698981948,0.8590718507766724,0.08877274051072105,0.00010448744552077924,0.12196440994739532,0.06627694008842347,2.9320130714066917e-05,0.07890143990516663,0.05616068337408323,1.859651169869134e-05,0.06836319714784622,0.05030389538123494,1.4549576795438832e-05,0.0615207813680172,0.04637756488389439,1.2191020219254616e-05,0.05635470151901245,0.043519824743270874,1.0553682399027504e-05,0.052397362887859344,0.04132931431134542,9.378529066232541e-06,0.04933812469244003,0.03959302314453655,8.548842056754965e-06,0.04692962020635605,0.03818593597010014,7.977965002670671e-06,0.04498811438679695,0.03702739043723023,7.592782579454606e-06,0.04338553175330162,0.03606118643212886,7.3345882948294995e-06,0.042035892605781555,0.035246230011421534,7.159916382671891e-06,0.04088170826435089,0.034551641948166345,7.0387625074883466e-06,0.03994113951921463,0.0339538250118494,6.951316564012187e-06,0.03945322334766388,0.03343452205733648,6.884909877998681e-06,0.03899822011590004,0.032979479296103356,6.8315669300711966e-06,0.03856994956731796,0.032577474941573446,6.786343941928627e-06,0.03816394880414009,0.032219631272175954,6.746230324851117e-06,0.03777715936303139,0.03189887127114667,6.7094701348738595e-06,0.03740762174129486
847,12,cross_attn,Vertical,1,0.42707188569364096,0.10894406072258514,2.415250778198242,0.2019113219446606,0.0008600045549185168,0.2906111478805542,0.16125691031652784,0.0002997958586144525,0.21078333258628845,0.1404110472353678,0.00015683196765649293,0.17324846982955933,0.12775401771068573,9.56425733659172e-05,0.15534627437591553,0.11932949248760466,6.298146576590775e-05,0.14288528263568878,0.11330485379412061,4.346952757829896e-05,0.13327279686927795,0.10881953580038888,3.078212427555159e-05,0.12531685829162598,0.10537985180105482,2.2264924537771853e-05,0.11878663301467896,0.10274580144692981,1.6456045067561407e-05,0.11391396820545197,0.10066333377645129,1.3465266965206412e-05,0.11051404476165771,0.09892271151618352,1.1585943394266847e-05,0.10733485221862793,0.09750190152535362,9.899192265298439e-06,0.10416708886623383,0.09633704759771862,8.806438342661043e-06,0.1021713837981224,0.09531448757837689,7.581422821911356e-06,0.10150544345378876,0.09448157913155025,6.4312652683611295e-06,0.10099902749061584,0.09386318531774339,5.7265414480541175e-06,0.10038816928863525,0.0933439074054597,5.518889314242898e-06,0.0999850183725357,0.09289206647210652,5.441742849306282e-06,0.099293053150177,0.09260142121523146,5.3486738591059895e-06,0.09857186675071716
847,12,cross_attn,Horizontal,1,0.6226335101657443,0.34040276188901264,4.184232234954834,0.2446573343541887,0.0025738854638819655,0.4936616122722626,0.18664228821557666,0.0011916577006296381,0.3726237118244171,0.1558090395161084,0.0006339465202792102,0.29984548687934875,0.13716474400153236,0.00034964064804105866,0.24837709963321686,0.12535432974497476,0.00019910882492783842,0.21010205149650574,0.1175688932102824,0.00011716965020177979,0.18127603828907013,0.112173883569619,7.11754254868436e-05,0.15965691208839417,0.10827356742488013,4.49301713745092e-05,0.1435345709323883,0.10531785007980135,2.9356499391999807e-05,0.1312103569507599,0.10298541436592738,2.003722788452527e-05,0.12199659645557404,0.10113306402687043,1.4336293761608319e-05,0.11518199741840363,0.09963151304021714,1.0617400463179307e-05,0.10996081680059433,0.0983720336641584,8.08950786800702e-06,0.10621087998151779,0.09730606987362816,6.342118595483846e-06,0.10441935807466507,0.09641094742313264,5.110321677106571e-06,0.10302650928497314,0.0956547897722986,4.206544258631142e-06,0.1018230989575386,0.09501263534738905,3.5137617125033143e-06,0.10077076405286789,0.09446770839747928,2.9761381093264057e-06,0.09984377026557922,0.09400541134296901,2.579124946459976e-06,0.09904330968856812
847,12,cross_attn,Gaussian,1,0.4131998708323827,0.09151716986913991,2.198711395263672,0.1797222364989538,0.0019430115174306492,0.35527902841567993,0.13136089959787944,0.0005675818756977781,0.23084360361099243,0.10889883457668244,0.00024873530185368515,0.16756965219974518,0.09570826069703178,0.00013488787115489953,0.13441479206085205,0.0872907546304521,8.163325894945027e-05,0.11733406782150269,0.08150416955588356,5.207892631409339e-05,0.10447660088539124,0.0772712527522965,3.578858636798282e-05,0.09484449028968811,0.07388049671574244,2.7589980102076276e-05,0.0884319618344307,0.07130999656187163,2.1045581709062175e-05,0.08366745710372925,0.06935777030293903,1.6368968248353314e-05,0.07975144684314728,0.0678154971627962,1.2932520190645615e-05,0.07614585012197495,0.0665928917744803,1.051865347012635e-05,0.07327230274677277,0.06556434503623418,8.930777984998698e-06,0.0717117041349411,0.06471546053413361,7.839777416648127e-06,0.07073424756526947,0.06402586903127414,7.080267040225677e-06,0.0697573721408844,0.06342921471075406,6.716780450777079e-06,0.06891467422246933,0.0629125680951845,6.499642853473787e-06,0.06847178936004639,0.06250137516430446,6.418925123792862e-06,0.06836849451065063,0.06217595952607337,6.618620973050186e-06,0.06816818565130234
847,12,mix_ffn_after_gate,Vertical,1,0.8698010212845273,0.17894654702133328,2.1354572772979736,0.2508376768184087,0.003862361562117874,0.3861709237098694,0.11984838356101324,0.00040799225018394223,0.16368934512138367,0.07162716369780284,7.36710424361605e-05,0.08990360796451569,0.04958001429599429,2.0071642923004316e-05,0.05845247954130173,0.038116950719129475,8.712675747399369e-06,0.04407242685556412,0.03163310252721348,5.87094549387987e-06,0.03852962702512741,0.027725046470997824,5.054621267485299e-06,0.03527899086475372,0.02523943628110583,4.774136746040195e-06,0.03307496756315231,0.023584695710312752,4.6410219247906574e-06,0.0315273255109787,0.02244087979788818,4.546570025743491e-06,0.03039887547492981,0.021628143029317023,4.468755207046071e-06,0.029557105153799057,0.021041172807888378,4.410232017346722e-06,0.02893211506307125,0.02061399920947022,4.367840684086745e-06,0.028468851000070572,0.020302344764035845,4.3305299002425605e-06,0.028111977502703667,0.020075440998115236,4.291848767405068e-06,0.027819249778985977,0.01991142471513105,4.254898034106122e-06,0.027568072080612183,0.019794207835008227,4.230544387563005e-06,0.027354825288057327,0.019711231842400537,4.230957102912759e-06,0.02718706801533699,0.019652146313871657,4.2606316029326786e-06,0.027069829404354095
847,12,mix_ffn_after_gate,Horizontal,1,0.8265280553272792,0.14473231842305018,1.9193835258483887,0.2460004599794509,0.003887706205337958,0.3703499734401703,0.1143078308493372,0.0004196893781738462,0.15503045916557312,0.06711433863356,7.306603932025894e-05,0.08598008751869202,0.046556043896883254,1.9036485344337737e-05,0.05888267606496811,0.03620289298631842,7.704548704977699e-06,0.04533877223730087,0.03034638705116416,4.63210371089436e-06,0.03781121224164963,0.026750970868364213,3.5604561784191726e-06,0.03331498056650162,0.02444394048125971,3.108331297840962e-06,0.03045545518398285,0.022910974387611662,2.9007095136735146e-06,0.028563231229782104,0.02185989310225797,2.797210782096289e-06,0.02759915590286255,0.021120042347955326,2.734058356742495e-06,0.02702222764492035,0.02058940277331405,2.6849272589569138e-06,0.026621578261256218,0.020205440502318126,2.646368223567178e-06,0.02634456753730774,0.019925286461200033,2.6190638847521444e-06,0.026151567697525024,0.019715891352721622,2.59831661569487e-06,0.026005305349826813,0.019552675770625236,2.5757870200990884e-06,0.025873703882098198,0.01942215324749076,2.550151390408173e-06,0.025747038424015045,0.019320852995391876,2.53069516712044e-06,0.025638632476329803,0.019247249300990785,2.524562619365386e-06,0.025560807436704636
847,12,mix_ffn_after_gate,Gaussian,1,1.0610787650895497,0.25718598859822367,3.0482027530670166,0.3645196982792446,0.006337234894148828,0.5208808183670044,0.18770967778705416,0.0009036377697473109,0.24157091975212097,0.11478568329697564,0.00020793916213025177,0.1422138512134552,0.07878341904235264,6.302248608733935e-05,0.09387539327144623,0.05900964075847277,2.39434898257043e-05,0.06977101415395737,0.04727182182527724,1.1514220692312444e-05,0.055553629994392395,0.039864784017914816,6.966417091011803e-06,0.046642664819955826,0.034957028008879176,5.079643247029358e-06,0.04077234864234924,0.03157442438578795,4.192576079647638e-06,0.03671765327453613,0.02916838533230244,3.7199288337488365e-06,0.03378932923078537,0.027415732276581582,3.440339164899799e-06,0.031608618795871735,0.0261165788249364,3.2626868882571452e-06,0.029952699318528175,0.025140477166998954,3.1451857721829104e-06,0.02867261692881584,0.024398554175619095,3.06727425107104e-06,0.02766493149101734,0.023827888662852938,3.0183343709950726e-06,0.02685803920030594,0.02338288573636895,2.9927500819895014e-06,0.02620498090982437,0.0230313041025684,2.9869391608814334e-06,0.025832124054431915,0.02275189319773326,2.9969703433116e-06,0.025652296841144562,0.02253092402621867,3.0181867042124327e-06,0.025546936318278313
847,13,self_attn_after_gate,Vertical,1,0.529515268310668,0.4575028880326924,3.2194714546203613,0.1281683026325135,0.0006693258463483232,0.20358985662460327,0.09344703550376589,0.00023085997047776405,0.1316308230161667,0.07670764152019743,0.000125990143043989,0.10055708885192871,0.06680388423422026,8.606729206688289e-05,0.08778049051761627,0.060319935636860986,6.740883303629176e-05,0.08074404299259186,0.05575638832080932,5.716577587537281e-05,0.07591767609119415,0.05237208253570965,5.079338871946399e-05,0.072232685983181,0.04976566910507187,4.6506674359556374e-05,0.06919974088668823,0.047699935497745635,4.349162023527711e-05,0.06659936904907227,0.0460244712257196,4.1306537218340716e-05,0.06433010846376419,0.04463887953805545,3.967729915107259e-05,0.06233833357691765,0.043473559771738356,3.842242583632223e-05,0.060587555170059204,0.042478798578182854,3.742087447935807e-05,0.059046484529972076,0.041618263792423976,3.6593159887795095e-05,0.057685982435941696,0.0408649816517792,3.5888088765112115e-05,0.05647927522659302,0.040198685423958866,3.5272652159367596e-05,0.055402547121047974,0.03960394853400805,3.4725639064955045e-05,0.05443529412150383,0.03906887719437244,3.423316718155799e-05,0.0535602793097496,0.03858417943711319,3.378602728799362e-05,0.05276336520910263
847,13,self_attn_after_gate,Horizontal,1,0.40172087200104245,0.224464241021198,2.495290756225586,0.1398412278956837,0.0005344581875632194,0.2109873741865158,0.10926506029708045,0.0001664742923479615,0.14817489683628082,0.09442958141130114,9.418579640293888e-05,0.1262010633945465,0.08531859363355333,6.720597069395987e-05,0.11231108009815216,0.0791337380097026,5.4847090898020615e-05,0.10162914544343948,0.0746405485958334,4.822302757752016e-05,0.09665122628211975,0.07121670482650636,4.431493842226495e-05,0.09272994101047516,0.06850910511991334,4.1851800766035426e-05,0.08944612741470337,0.06630386654583234,4.020948708938085e-05,0.08663402497768402,0.06446646490976923,3.904840054574423e-05,0.08419547975063324,0.06290859593048928,3.817671236854655e-05,0.08207443356513977,0.06156919790165765,3.7486782807550606e-05,0.08023171126842499,0.060404358461262686,3.691703218660877e-05,0.07863268256187439,0.05938160620511524,3.643120815039623e-05,0.07724514603614807,0.058476302891023575,3.6007819846024114e-05,0.07603998482227325,0.05766928290563916,3.5634660723216866e-05,0.07499200105667114,0.05694531341866842,3.530497846663391e-05,0.07408010959625244,0.05629214218684605,3.5014588208038084e-05,0.07328709959983826,0.0556999206069916,3.475974746231911e-05,0.07259891927242279
847,13,self_attn_after_gate,Gaussian,1,0.4474441702403719,0.4083764285196978,3.206264019012451,0.10721939187201243,0.0003995871765882337,0.16257542371749878,0.08091722357840765,0.00015085639273016707,0.11399731040000916,0.06676486128615955,7.198728103862689e-05,0.0913308709859848,0.05817469363174741,4.006431102092418e-05,0.077325239777565,0.05251163445294849,2.51446879986878e-05,0.0676514059305191,0.04853655326934088,1.743988818629566e-05,0.06073036789894104,0.045602659975725504,1.3191843501314589e-05,0.05567522719502449,0.04334826377176103,1.072819782559557e-05,0.05188393592834473,0.041558295488357544,9.229014517622042e-06,0.0489443764090538,0.04009874460716096,8.270140286623473e-06,0.04658959060907364,0.03888282747495742,7.626479967690304e-06,0.044655486941337585,0.03785230384932624,7.1765675289618305e-06,0.04307406023144722,0.036966602451034954,6.8527004371573e-06,0.04197140783071518,0.03619631196534823,6.6148573883335785e-06,0.0410107783973217,0.0355193776980279,6.437869247509811e-06,0.04016222432255745,0.03491889073380402,6.305222913626087e-06,0.03940366208553314,0.034381725928849645,6.205717402282265e-06,0.03871910274028778,0.03389761289433828,6.131563732767653e-06,0.0380968376994133,0.0334584636406766,6.077187594145091e-06,0.037528146058321
847,13,cross_attn,Vertical,1,0.3918720223600902,0.03450216559314262,0.969758152961731,0.17822500519336215,0.001170314497536533,0.2555856704711914,0.13932697758788154,0.0003484880438098484,0.18759891390800476,0.12025300366064859,0.00013996354924116422,0.15575407445430756,0.11036565698801525,7.506977077799992e-05,0.13263726234436035,0.10442564589163614,4.856706128157682e-05,0.12083476781845093,0.10041129730996631,3.560255484169403e-05,0.11658748984336853,0.09775635292605749,2.9549778385483257e-05,0.1139131709933281,0.09580506680030672,2.5171978565516365e-05,0.11152297258377075,0.09433955036931568,2.2430044402910202e-05,0.10919491946697235,0.09324084908243209,2.068265644571692e-05,0.10696519911289215,0.09224597707627312,1.874614475052765e-05,0.10508829355239868,0.0912785776077755,1.6667441709019e-05,0.10352354496717453,0.0904488894674513,1.5051150271472617e-05,0.10199596732854843,0.08983263172327526,1.3997312860712286e-05,0.10040782392024994,0.08940577743545411,1.3443793110142617e-05,0.09890685230493546,0.08910091694385286,1.3212435278340901e-05,0.09751258790493011,0.08887653762385958,1.311837827830958e-05,0.09657526016235352,0.08871479888284017,1.3092353113701622e-05,0.09657895565032959,0.08859246413386057,1.3116963680959455e-05,0.09683215618133545
847,13,cross_attn,Horizontal,1,0.4273942902920738,0.03014568973419232,1.031523585319519,0.19351106006947774,0.001223916622334486,0.3395799398422241,0.15115328913643247,0.0003537111498461212,0.21618250012397766,0.12977161092890632,0.00014406406564208623,0.16989481449127197,0.11857930783714567,7.391487048267203e-05,0.1457626223564148,0.11175361110104455,4.415251108659281e-05,0.13166797161102295,0.10718843813926454,2.894789935573819e-05,0.12278969585895538,0.10393560878814213,2.064339754955281e-05,0.1168254092335701,0.10154130321646494,1.5590778684412423e-05,0.1124228835105896,0.09971676400256535,1.2429447090221632e-05,0.1096024364233017,0.09826558958443385,9.9991272576414e-06,0.10751518607139587,0.09710768208144203,7.955761638597969e-06,0.10521526634693146,0.09618988514892639,6.492191305756351e-06,0.10319729149341583,0.09547343365256748,5.544568533021829e-06,0.1017899289727211,0.09495538662350367,4.949953280909306e-06,0.10068955272436142,0.09457495572075011,4.580788708983237e-06,0.10016143321990967,0.09422704068914292,4.303239246660128e-06,0.09967041015625,0.09385172833525945,3.967976691219691e-06,0.09892093390226364,0.09352894600421663,3.610847095586899e-06,0.09840373694896698,0.09332122476327986,3.2988693370083047e-06,0.09839875251054764
847,13,cross_attn,Gaussian,1,0.5745099659950014,0.13574151973052687,2.1749324798583984,0.19612620841889156,0.002862728393076628,0.3532763421535492,0.13217422082310631,0.0007023117766629653,0.22340090572834015,0.10561381552427535,0.0002794140752779281,0.16593649983406067,0.09166004910828575,0.00013868656133431451,0.13689614832401276,0.08365894132663333,8.348870566040588e-05,0.11990595608949661,0.0786647301699434,6.016292491859546e-05,0.10957071185112,0.07515637150832585,4.6555313403571694e-05,0.10220594704151154,0.07250742105737565,3.602539885716781e-05,0.09423188120126724,0.07044851484279784,2.8819026367210986e-05,0.0870286226272583,0.06883928706012075,2.3717842008634874e-05,0.08134879171848297,0.06749747634407073,1.964339815491121e-05,0.07813306897878647,0.06637387001325214,1.669800039964208e-05,0.07675468921661377,0.0654747753389298,1.486425989237485e-05,0.07554289698600769,0.06474113955147683,1.3616739036685632e-05,0.07440526783466339,0.06409936102609785,1.259699677558242e-05,0.0733335092663765,0.06353378768951173,1.175733165344931e-05,0.07238951325416565,0.06305962050008396,1.1107181021827433e-05,0.07154364138841629,0.06266151835757588,1.059196510131614e-05,0.07070517539978027,0.06231014193996551,1.0185147071697841e-05,0.06976711750030518
847,13,mix_ffn_after_gate,Vertical,1,0.8962560901566158,0.1842127774365918,2.0818819999694824,0.25300424865313936,0.004234092396359008,0.38601043820381165,0.12045590745078193,0.00040965582250734867,0.15752649307250977,0.07351900288273418,7.283838498643213e-05,0.08966584503650665,0.052572860545109186,2.0912804035618493e-05,0.06127621978521347,0.04183533817293152,9.611725992748174e-06,0.049042943865060806,0.035788946385894506,6.480990851351587e-06,0.04224683716893196,0.03213537103008656,5.461692248938699e-06,0.03818129003047943,0.029798522650722473,5.107214243040529e-06,0.035853948444128036,0.02823471615002269,5.003726036203812e-06,0.034943148493766785,0.02715223566407249,4.997582830277271e-06,0.03429923579096794,0.026385579346900896,5.0158544109490845e-06,0.03381140157580376,0.025833452711739237,5.027415314500404e-06,0.03343471884727478,0.02542993381974243,5.021629267896913e-06,0.03313609957695007,0.025131472164676302,4.997926064734286e-06,0.032893016934394836,0.024909165436549793,4.961834962327902e-06,0.03269486501812935,0.024743359802024707,4.92071376682602e-06,0.032536450773477554,0.024620014523702955,4.879793025792719e-06,0.0324128195643425,0.024528737815599593,4.841556528200448e-06,0.032319098711013794,0.02446187414701969,4.807026961472688e-06,0.032250236719846725
847,13,mix_ffn_after_gate,Horizontal,1,0.9430032907024263,0.19282699344339962,2.1712331771850586,0.2954533464378781,0.005062177667185767,0.4362693428993225,0.14583520189164176,0.0005959169439932683,0.19426117837429047,0.08937221363423363,0.0001178963316536082,0.1142105907201767,0.0634331302865157,3.418655062830527e-05,0.07877348363399506,0.04984053419459434,1.4187971085541882e-05,0.06093635410070419,0.04206543179258468,8.234354878326857e-06,0.05103956535458565,0.03733529523015022,6.103623114778278e-06,0.045131463557481766,0.03432044481474256,5.193001984026583e-06,0.04178201034665108,0.03232712712552813,4.733770313879352e-06,0.04014059156179428,0.030971864415776162,4.4786603664893026e-06,0.039032869040966034,0.030030655866814037,4.333687997074377e-06,0.03829080983996391,0.02936564489371247,4.2533066061293775e-06,0.0377868227660656,0.028890487516210192,4.2152678225984555e-06,0.03743789717555046,0.02855139338071384,4.208314491171733e-06,0.037198301404714584,0.028313787713173836,4.22262905780919e-06,0.037027716636657715,0.028153289523389604,4.250405034567618e-06,0.0368853360414505,0.028050376072762503,4.286682100576863e-06,0.03674348071217537,0.027987671749932424,4.325330939001955e-06,0.03658942133188248,0.02794891746626014,4.355819391770997e-06,0.03641919046640396
847,13,mix_ffn_after_gate,Gaussian,1,0.9318226296750326,0.2158092759893477,2.3271236419677734,0.25856843543431113,0.004933268023673238,0.3960513472557068,0.11986041956004642,0.00048013215397375413,0.16250765323638916,0.07211105371751482,8.594238159978974e-05,0.09121657907962799,0.051463933750277475,2.4122144450864665e-05,0.062393706291913986,0.04108917695425805,1.0284548692956508e-05,0.04928170144557953,0.035255357918758244,6.337367955857165e-06,0.04168659821152687,0.03170272276278526,4.999219596835206e-06,0.03696281835436821,0.029411145057233554,4.470172734102973e-06,0.03421007841825485,0.02787082532923373,4.220366544809781e-06,0.03282642737030983,0.026803873390668913,4.075581303769816e-06,0.03187279775738716,0.026048981096772922,3.978360985193476e-06,0.031211715191602707,0.025509281586559993,3.914643855256425e-06,0.030756069347262383,0.0251230179435677,3.8778089521954535e-06,0.03044116124510765,0.024847162976151423,3.858654660763799e-06,0.03022288903594017,0.02465091897026887,3.85165652679551e-06,0.03007614240050316,0.02451276471690526,3.858211082790916e-06,0.02998577058315277,0.024417683570867495,3.881833184970911e-06,0.02993554249405861,0.024353923689987924,3.920693034607224e-06,0.029904352501034737,0.024310974078992055,3.966396259902795e-06,0.029873758554458618
847,14,self_attn_after_gate,Vertical,1,0.7890832603923859,0.17249259894759303,2.5023202896118164,0.28766412867440116,0.003520516057270296,0.4397526681423187,0.1840661276900579,0.001183649512199829,0.29796066880226135,0.13706128334715253,0.000525674953428818,0.21360903978347778,0.11077107879377547,0.0002729221275352563,0.16191422939300537,0.09425395313236448,0.0001651591604354717,0.12931163609027863,0.0828958216404158,0.00011306033591946186,0.1101699024438858,0.07456305416093932,8.479403359411244e-05,0.09789915382862091,0.06818150557459347,6.798029243504312e-05,0.08867669850587845,0.06314633106665006,5.724288860567926e-05,0.08151419460773468,0.059081191522261454,5.0029386295028813e-05,0.07579346746206284,0.055736994163857564,4.502778956462694e-05,0.07111692428588867,0.052942281618477804,4.1493167616858636e-05,0.06721477955579758,0.05057656244626121,3.896053386001169e-05,0.06389760971069336,0.04855479323674762,3.712377276490583e-05,0.06103454902768135,0.04681662044354847,3.5782012711764635e-05,0.05853967368602753,0.04531750148014417,3.480542919742714e-05,0.05635679513216019,0.04402193607437232,3.410681930535561e-05,0.054788731038570404,0.042899629515078336,3.362207289779479e-05,0.0536825954914093,0.041924026572988146,3.330067446304156e-05,0.053246647119522095
847,14,self_attn_after_gate,Horizontal,1,0.7414326705629863,0.12187667047757647,1.6622846126556396,0.28379610559296986,0.002902132584188664,0.4066597819328308,0.19402298733355508,0.0008619087329698346,0.2735131084918976,0.15512305320728392,0.00037452192903310636,0.2114613950252533,0.13402569530502198,0.00020202917090064382,0.17373424768447876,0.12094633908025802,0.00012200163789832126,0.1491037905216217,0.11202584289842182,7.880819941889329e-05,0.13267160952091217,0.10553046812613805,5.399351293189359e-05,0.12337829172611237,0.10059006133722881,3.940291923210258e-05,0.11599725484848022,0.09671468015701051,3.070610826744168e-05,0.11001835763454437,0.09360176939812917,2.5409210177502505e-05,0.10550334304571152,0.09105088206983748,2.2054053814050593e-05,0.10213378071784973,0.08892288224564658,1.97941548562774e-05,0.09990593045949936,0.08711838261002586,1.81483965609709e-05,0.09826350212097168,0.08556518656393838,1.685374912582033e-05,0.09674230217933655,0.08421058030355544,1.5774089998651914e-05,0.09531727433204651,0.08301625767397502,1.4842704498442523e-05,0.09397523105144501,0.08195439217582581,1.4027545236413256e-05,0.09270894527435303,0.08100437029959663,1.3312152007795703e-05,0.09151384234428406,0.0801503789566812,1.2686092460587914e-05,0.0903862938284874
847,14,self_attn_after_gate,Gaussian,1,0.6222622427675459,0.1146002566724698,1.7196073532104492,0.21726066441763014,0.002371852239219752,0.3413943648338318,0.13980104655973494,0.0007314629959161939,0.21894152462482452,0.10368835843271679,0.0003236015692887227,0.15273523330688477,0.08333252677841792,0.00016998161085671364,0.11528317630290985,0.07058876675982324,0.00010136602352071324,0.09591296315193176,0.06195057372725199,6.699022909091241e-05,0.08739025890827179,0.05574371511974032,4.801577759547244e-05,0.0799589455127716,0.05109229902662928,3.6548615202552336e-05,0.07350173592567444,0.04749595356129464,2.9044979522051515e-05,0.06793908774852753,0.04464656569891506,2.3830941477498708e-05,0.06316161900758743,0.042342084267782784,2.0042015123840828e-05,0.05904904007911682,0.040443657173050776,1.7187211275132727e-05,0.05549022555351257,0.03885284214029237,1.4969142681659536e-05,0.05239070951938629,0.03749860693064947,1.3200696551284783e-05,0.04967191815376282,0.03632943731333528,1.1761463188031688e-05,0.04726871848106384,0.035308107674594906,1.0572650175556717e-05,0.04512818902730942,0.034407787971080295,9.581193840790314e-06,0.04320921748876572,0.033608930037608224,8.749500548548547e-06,0.041481710970401764,0.03289685081986208,8.048856836662679e-06,0.03992445766925812
847,14,cross_attn,Vertical,1,0.41151091763897546,0.07959831251428642,1.5537452697753906,0.17953642457723618,0.0013769301133720112,0.2974708378314972,0.14030076823537313,0.0003444755547075819,0.20188173651695251,0.12587993107144796,0.0001741381904977986,0.1746380627155304,0.11702719709229847,9.713004466153254e-05,0.15633611381053925,0.1110877547235716,5.9107522433635945e-05,0.1414378136396408,0.10660933490310397,3.591146600376149e-05,0.12721450626850128,0.10339898485986013,2.376185035861914e-05,0.11587220430374146,0.10105239410722067,1.7539062979679898e-05,0.11174092441797256,0.09922724169871164,1.4033400679282895e-05,0.11013514548540115,0.09779836497609577,1.1860317257443923e-05,0.10921324789524078,0.09666043638236939,1.045128305877294e-05,0.10844935476779938,0.09572206260192961,9.466574288212902e-06,0.10753406584262848,0.0949545069819405,8.730178828477352e-06,0.10656872391700745,0.09433699363753908,8.185266095755592e-06,0.10588127374649048,0.09383176929420894,7.769797358827813e-06,0.10539732873439789,0.09339927397077046,7.3647934268932545e-06,0.10482536256313324,0.09303107656656749,6.9584758969769815e-06,0.10407338291406631,0.09274663031101227,6.747271376935983e-06,0.10336780548095703,0.09256065814268022,6.968447768731256e-06,0.10283605754375458
847,14,cross_attn,Horizontal,1,0.7221041529897659,0.5508635975536605,4.848605632781982,0.22037641609471942,0.0069942227587460925,0.48980462551116943,0.1618086016840405,0.0014270145892090033,0.29263773560523987,0.13831224245211435,0.0004698881302206025,0.2113962024450302,0.12610110510436315,0.00023224475992482028,0.17452889680862427,0.11805472605758244,0.00014028937088770944,0.14964395761489868,0.11268254002881428,9.343143952032037e-05,0.13519209623336792,0.10875694016142497,6.575861533550102e-05,0.12887096405029297,0.10577770227950717,4.8129899088749577e-05,0.12395356595516205,0.10348047162332231,3.649281412305933e-05,0.12035022675991058,0.10166594953764052,2.859975150205537e-05,0.11736862361431122,0.1001998142354072,2.300027023383873e-05,0.11471831798553467,0.09899798709721792,1.883128104093298e-05,0.11221860349178314,0.09800343026244451,1.5609390927195525e-05,0.10980182886123657,0.09715857356786728,1.3004373991003832e-05,0.10742224752902985,0.09640815818593615,1.0848111314684667e-05,0.10517523437738419,0.09573234511273247,9.094013209765097e-06,0.10321694612503052,0.09514239489559144,7.709571371877514e-06,0.1015661358833313,0.09463703549570507,6.622646959420314e-06,0.1007564589381218,0.09420111184082335,5.754408004635438e-06,0.10017811506986618
847,14,cross_attn,Gaussian,1,0.5321183942613148,0.2103933389618237,3.135071277618408,0.19311191969447666,0.004283777108512205,0.4818110167980194,0.1377552637741679,0.0010973367163246992,0.23517924547195435,0.1145274050178982,0.000477248127691422,0.18653231859207153,0.1022530591913632,0.0002751071570252263,0.15386417508125305,0.09465095980299844,0.00018381332582312503,0.13271012902259827,0.08967344971403243,0.00012747120178728392,0.1251249760389328,0.08617268514538569,9.338114297148733e-05,0.11711623519659042,0.08303028416065943,7.165621870255928e-05,0.11188621073961258,0.07999710620395721,5.44320338506248e-05,0.10444454848766327,0.07744833034655405,4.198464550392189e-05,0.09796953201293945,0.07547297730805382,3.440972030997165e-05,0.09351043403148651,0.07390125616202278,2.959681365764889e-05,0.09076456725597382,0.07255940635999043,2.538989249131718e-05,0.0879707857966423,0.07139480409641115,2.1285170296396614e-05,0.0854412093758583,0.07041720017081216,1.782855821273973e-05,0.0832248255610466,0.06959839035121221,1.5116684630535078e-05,0.08161363005638123,0.06889784584442775,1.3012132758344957e-05,0.08068631589412689,0.06829732827960498,1.142310515747683e-05,0.07974914461374283,0.06779271973267434,1.0262501442777062e-05,0.07890196889638901
847,14,mix_ffn_after_gate,Vertical,1,0.8842389711311885,0.1598929334674416,2.1128993034362793,0.2764416062642658,0.004169141778456502,0.40582090616226196,0.13778599138770783,0.00043756020912370585,0.179345965385437,0.08623795459667842,8.37173923098221e-05,0.1040581464767456,0.06204246061425361,2.556791018739569e-05,0.0720519870519638,0.048960717128855843,1.1959236974501283e-05,0.056641899049282074,0.04129826992986694,8.36545472603257e-06,0.04931286722421646,0.036523924933539495,7.373657133486971e-06,0.04566749185323715,0.033394641730756985,7.122381063603539e-06,0.04340483248233795,0.03126642093180664,7.082868317862608e-06,0.04192949831485748,0.02978761319721502,7.096274818787178e-06,0.04089030623435974,0.02874684413628919,7.121755211666024e-06,0.0401541069149971,0.028004813909767164,7.134618875544251e-06,0.039638444781303406,0.027468980097817997,7.118320321991506e-06,0.0392608717083931,0.02707688735117988,7.070108030306173e-06,0.03895872086286545,0.026786035488522243,7.005826046822686e-06,0.03870825469493866,0.026568152660888338,6.950480838201449e-06,0.03851873427629471,0.026404776447822177,6.917493031888336e-06,0.038399383425712585,0.026283077481720183,6.903043982734184e-06,0.038339778780937195,0.02619306379485698,6.8972196309997e-06,0.038318149745464325
847,14,mix_ffn_after_gate,Horizontal,1,1.1563379783478995,0.2878693140599574,2.8712446689605713,0.38115431155477253,0.006731302846014879,0.5514752864837646,0.1975799018428439,0.0008575045831242604,0.26135650277137756,0.1236145773104259,0.00018468204799186388,0.1522677093744278,0.08761319423478747,5.656651887605097e-05,0.10298292338848114,0.06802174608622279,2.3629428071727727e-05,0.07780023664236069,0.05647927008214451,1.3083820580102006e-05,0.06409047544002533,0.04925160689486398,9.025056750599079e-06,0.055980898439884186,0.04450629539196453,7.193661773217768e-06,0.050939783453941345,0.04127466867840479,6.24988075756785e-06,0.04767877236008644,0.03901032056836855,5.707903126812106e-06,0.04538756236433983,0.037387095628276704,5.3715894698005615e-06,0.043745286762714386,0.03620080703071186,5.154380642949355e-06,0.042547807097435,0.035318808896200996,5.01241420246806e-06,0.04165954887866974,0.034653325225152666,4.917527113080904e-06,0.04098688066005707,0.034145691505973304,4.850649088055688e-06,0.04046760872006416,0.03375541809059325,4.801272210274066e-06,0.040062468498945236,0.0334535605968937,4.764079631817549e-06,0.03974447399377823,0.033219140939532765,4.735924135724921e-06,0.03949341922998428,0.03303671784935489,4.714437610835727e-06,0.03929326683282852
847,14,mix_ffn_after_gate,Gaussian,1,0.7903942626620096,0.14070605156757338,1.7976776361465454,0.22740970220830706,0.0033986263170756315,0.351428747177124,0.10939705478293556,0.00034292066668638446,0.147893488407135,0.06800485077121901,6.0966858581629335e-05,0.08305709064006805,0.04987005836197308,1.7909094015638062e-05,0.05717536807060242,0.040792316848796514,8.640294729683813e-06,0.04580952599644661,0.03580195912056499,6.009939987440315e-06,0.039925526827573776,0.032851729896806535,5.043495436924154e-06,0.037106048315763474,0.031012589910200665,4.595714637720428e-06,0.03540162742137909,0.02981924395712595,4.348425512591749e-06,0.03433604538440704,0.029021695581456973,4.20028348929642e-06,0.03364109992980957,0.02847407240834501,4.114249260628339e-06,0.03316168487071991,0.028087310759084567,4.0705326417804015e-06,0.032819632440805435,0.027807556536226047,4.057043042728733e-06,0.03257331997156143,0.027601687947199458,4.067604666307165e-06,0.03239394351840019,0.02744924815164672,4.0974345660251266e-06,0.03226015716791153,0.027337830750242112,4.1384327519719686e-06,0.03215746954083443,0.027259523078562723,4.178243703009291e-06,0.03207828477025032,0.027208320086910612,4.206221813559946e-06,0.032019034028053284,0.027178977837874777,4.2195361120802315e-06,0.031976118683815
817,12,self_attn_after_gate,Vertical,1,0.4056344646073523,0.19952897202230038,2.4298548698425293,0.10672852349659753,0.0002547219614390632,0.15223164856433868,0.08098287797636455,0.00011002836041546058,0.11585867404937744,0.06849865449799432,8.283038015228058e-05,0.09585500508546829,0.060849309085853516,6.905080044648595e-05,0.08291701972484589,0.055625655762259925,5.930702372682181e-05,0.07383833080530167,0.05182719549962452,5.183570684468552e-05,0.06707067042589188,0.04893599072146037,4.602371023311193e-05,0.06278027594089508,0.04665351316096291,4.1500642904578335e-05,0.059810664504766464,0.04479928379730573,3.798352310269922e-05,0.057200219482183456,0.04325929496969495,3.524690162367045e-05,0.05490266531705856,0.04195780519928251,3.311444704313594e-05,0.05306239426136017,0.040841853748711326,3.144940965262982e-05,0.05225060135126114,0.03987280731754644,3.014331110309784e-05,0.05158541351556778,0.03902181802642724,2.9107765278338598e-05,0.051027193665504456,0.03826722180441258,2.827171904730597e-05,0.05054198205471039,0.03759271840727518,2.7580891902537706e-05,0.05010290816426277,0.0369858867414887,2.699607249356497e-05,0.04969118908047676,0.03643703957398733,2.6489762494973706e-05,0.04929518699645996,0.03593843146449044,2.6042782323800338e-05,0.048908546566963196
817,12,self_attn_after_gate,Horizontal,1,0.4832641002204683,0.3647515361968806,2.9886579513549805,0.15348790384947308,0.0003333999611680208,0.20342551171779633,0.12797908993467452,0.00012694207316499257,0.16129285097122192,0.11400716952861302,6.005475291120363e-05,0.13669058680534363,0.10536543161623062,3.436226330134964e-05,0.12115339934825897,0.09955880282417176,2.35857611012731e-05,0.11093908548355103,0.09536139276765641,1.8601658034761274e-05,0.1049140989780426,0.09214546200301912,1.606495833430035e-05,0.10064162313938141,0.08957483820498936,1.4680699023718178e-05,0.0979989767074585,0.08745771409973266,1.3893267011464927e-05,0.09565475583076477,0.08567614463113603,1.343299742238446e-05,0.09400565922260284,0.08415220819768451,1.3156999398481768e-05,0.09254790842533112,0.0828313414776136,1.29872966534101e-05,0.09118929505348206,0.08167366872704218,1.2881195979088141e-05,0.08991999179124832,0.08064912685326167,1.281524670571379e-05,0.08873297274112701,0.07973446744301962,1.2776154064485869e-05,0.08762162923812866,0.07891124451444262,1.2755496285220121e-05,0.08657899498939514,0.07816451894385475,1.274698685250157e-05,0.08559780567884445,0.07748199561758647,1.274531603309771e-05,0.08467116206884384,0.07685361270393644,1.2746037300148723e-05,0.08379329741001129
817,12,self_attn_after_gate,Gaussian,1,0.2447369707718728,0.04210503491816341,1.1315419673919678,0.09984072167722005,0.0003339709226296782,0.15471068024635315,0.07367781366384218,0.00011551976548534612,0.10280314087867737,0.06109735020805919,6.074288120356363e-05,0.0811011865735054,0.05381140810629678,3.7027195707615556e-05,0.06860148906707764,0.04910575421083541,2.4608894011243754e-05,0.060358285903930664,0.045816600027065425,1.7933121963057027e-05,0.05476659536361694,0.043376511997646756,1.4201471406931606e-05,0.052301689982414246,0.041480633474531625,1.1964110962540728e-05,0.05023106560111046,0.03995851652016715,1.053797487285778e-05,0.04847663640975952,0.03870815275207398,9.581280975358762e-06,0.04698064923286438,0.03766404745715951,8.909527012177448e-06,0.04569777473807335,0.03678165281575824,8.418891080566359e-06,0.04459235817193985,0.03602907153230811,8.049994827535864e-06,0.04363562911748886,0.03538235421809885,7.767794672353997e-06,0.04280351102352142,0.03482289505856378,7.550066344345346e-06,0.04207555949687958,0.034335922538524584,7.381540365283629e-06,0.0414343923330307,0.03390955830377246,7.251070173008489e-06,0.04086525738239288,0.03353412833715242,7.150315913389539e-06,0.04035560041666031,0.033201687895352876,7.072936856484511e-06,0.03989475220441818
817,12,cross_attn,Vertical,1,0.5612752335885215,0.3816468318974589,4.584717273712158,0.21199500418844677,0.001512774284786345,0.32366225123405457,0.167958212986825,0.0005058142952662799,0.23170530796051025,0.14496858311550959,0.00024134366673589697,0.18635648488998413,0.1309213690341465,0.00014129967781098345,0.16452151536941528,0.12170168390822789,9.520021120373227e-05,0.14989706873893738,0.11530855167952794,6.927585136532754e-05,0.13937382400035858,0.11064578864782576,5.2737504618320545e-05,0.13147638738155365,0.10710716022858544,4.115225974023505e-05,0.12528806924819946,0.10434819131143509,3.2426465047960675e-05,0.12031608074903488,0.10212472637021353,2.573300965257719e-05,0.11614914238452911,0.10029727847330154,2.060800214262815e-05,0.11271433532238007,0.09879914186303577,1.6682598747233516e-05,0.11024373769760132,0.09755292818659828,1.368939309441771e-05,0.10811750590801239,0.09650309348390215,1.1328655670087804e-05,0.10620926320552826,0.09561810169428114,9.468190493919358e-06,0.10460901260375977,0.09486772995146495,8.081659963350522e-06,0.10332268476486206,0.09420750467550187,7.126011099727492e-06,0.10208266973495483,0.0936181837367633,6.462762425312859e-06,0.1008370965719223,0.0931160677047003,5.922190073821111e-06,0.09995857626199722
817,12,cross_attn,Horizontal,1,0.3675789050166569,0.0336225992497474,1.1575695276260376,0.1911066065705012,0.0017697402100020005,0.39054638147354126,0.1465950199062862,0.0003980172715093607,0.21310454607009888,0.12660143536234658,0.00015033579619971602,0.16258162260055542,0.1160676921643908,7.01893990036465e-05,0.13748012483119965,0.10961308732392296,3.8056111176835224e-05,0.12325538694858551,0.1053549266523785,2.30962178885533e-05,0.11533081531524658,0.10234087587348999,1.4966219805226267e-05,0.11015523225069046,0.10007692944435846,1.0380633759727925e-05,0.1074979156255722,0.09838274263200306,7.273274485742406e-06,0.10529811680316925,0.09704866626906017,5.157097944364819e-06,0.1031668409705162,0.09599266248562979,4.147428483298201e-06,0.10135029256343842,0.09513872376983128,3.4014828228391866e-06,0.09994332492351532,0.09435486284986375,2.788098692401868e-06,0.09883543848991394,0.09376332920695109,2.34653387654312e-06,0.09775633364915848,0.09323961571568534,2.1288804438374695e-06,0.09760704636573792,0.09285254019593435,1.8078626055258496e-06,0.09693723171949387,0.09260706556221796,1.6337927433619153e-06,0.09602228552103043,0.09249557022537504,1.656260361735364e-06,0.09581881761550903,0.09242785804801518,1.8040670640549934e-06,0.09596209228038788
817,12,cross_attn,Gaussian,1,0.5654755371903616,0.291587119201932,3.571436643600464,0.20429726583617075,0.0019158232855919744,0.3238121271133423,0.15150138984123865,0.0006421142936531393,0.22060804069042206,0.12354611759147947,0.000279116020780085,0.15869930386543274,0.10692656383154885,0.00014931806513050357,0.13146306574344635,0.09619466463724773,9.076781778847403e-05,0.11669040471315384,0.08873066790993252,6.0296263168009086e-05,0.10561469942331314,0.08337767776988801,4.2983575836389746e-05,0.09732586145401001,0.07935230977951534,3.2261273335307935e-05,0.09142251312732697,0.07622363619388096,2.5149427880871643e-05,0.08691461384296417,0.07373615981094421,2.0231051320070436e-05,0.08328810334205627,0.07169875727286415,1.6772189883046025e-05,0.0803733766078949,0.0699931335827661,1.4279423241255384e-05,0.07783404737710953,0.0685796874856192,1.2323192699983468e-05,0.07586026191711426,0.06740543944022012,1.0794190813247734e-05,0.07451942563056946,0.06641833241733294,9.565518072155089e-06,0.07332122325897217,0.0655827233124347,8.577275791690418e-06,0.07224950939416885,0.06487054407360061,7.798393288184116e-06,0.07130192220211029,0.06425908119195983,7.176102404116197e-06,0.07057246565818787,0.06374071774974702,6.652203098858259e-06,0.07021865993738174
817,12,mix_ffn_after_gate,Vertical,1,1.3181574022959148,0.5818060405571095,4.4565839767456055,0.415038267771403,0.009225288465464117,0.6401110887527466,0.21112880773014492,0.0012791993439933797,0.2887256145477295,0.127489876770784,0.0002870501517299748,0.16215932369232178,0.08634590322063082,8.52744440091171e-05,0.10399889945983887,0.06376737876543923,3.211260968891372e-05,0.07541262358427048,0.050360952873551655,1.5320112233035432e-05,0.059007707983255386,0.041902495400300104,9.186009149811437e-06,0.04878201335668564,0.03630572900412574,6.659228761953205e-06,0.04201173782348633,0.03245956424091544,5.51535244596363e-06,0.03866840898990631,0.029731597573984237,4.961698948907736e-06,0.036370642483234406,0.02774310117912671,4.684612592676487e-06,0.034683965146541595,0.026257887275682554,4.546288638732309e-06,0.03340621665120125,0.025124286789269673,4.4805817610114055e-06,0.032397933304309845,0.024243681528975092,4.4544289146287175e-06,0.031582895666360855,0.02355066929308195,4.4495867708342154e-06,0.030927104875445366,0.022999469397796526,4.454245071925804e-06,0.03040449135005474,0.02255659095115132,4.461114402748409e-06,0.02998652495443821,0.022197359522420263,4.4666658896328405e-06,0.029647916555404663,0.021903704940563158,4.470556687171742e-06,0.0293702594935894
817,12,mix_ffn_after_gate,Horizontal,1,0.830240683896201,0.15180243331072638,1.84993314743042,0.24156125575777085,0.004247131492978074,0.3928070366382599,0.11120986571860692,0.0004148544694598779,0.15675634145736694,0.06562139927631333,6.638946008327957e-05,0.08240725100040436,0.045825701502580495,1.6303750252890954e-05,0.05420393869280815,0.035843399368108264,6.3442111309392745e-06,0.042096056044101715,0.03029581398836204,3.754190850112649e-06,0.03556925058364868,0.027005247150858242,2.897012276214488e-06,0.03262630105018616,0.024944698645008936,2.5842206016001904e-06,0.030903160572052002,0.023594770432701185,2.4821925914255037e-06,0.02977636642754078,0.022673260982310962,2.4516147299865464e-06,0.028993763029575348,0.02202574320374027,2.4285077669255064e-06,0.028436046093702316,0.021566956407494016,2.410998664128309e-06,0.028037678450345993,0.021240388383231466,2.4060465341157085e-06,0.027741078287363052,0.021005078913673522,2.4135296448922033e-06,0.027506083250045776,0.020833580710348628,2.431645280457298e-06,0.02731620892882347,0.020708701322003017,2.458005749186589e-06,0.02717110887169838,0.020617822066895546,2.4879605944664815e-06,0.02706802822649479,0.020550116896629333,2.515941886334471e-06,0.02699739672243595,0.020497960555884574,2.5389158385026484e-06,0.02694939821958542
817,12,mix_ffn_after_gate,Gaussian,1,0.9606169698730348,0.21367169258343574,2.7201552391052246,0.323710531232849,0.00534347772327186,0.4766198992729187,0.1601751031620162,0.0006950525893948114,0.21048879623413086,0.0957178252320441,0.00013433661258392386,0.11626151204109192,0.06595495473297816,3.6855747666166804e-05,0.07696674019098282,0.05039355761948086,1.440206767044197e-05,0.05704503878951073,0.041423914687974114,7.826961430945332e-06,0.04598143696784973,0.03587088092333741,5.472910847640096e-06,0.03983061760663986,0.03225693901971219,4.5164067662192094e-06,0.03582754731178284,0.029817236439576223,4.088647010680821e-06,0.03312687948346138,0.028123161445061367,3.875406111726003e-06,0.031271740794181824,0.026917303394940164,3.754691332560685e-06,0.0303184874355793,0.026037881889986614,3.677357428253381e-06,0.029607560485601425,0.025383964801828068,3.6227799170045182e-06,0.029049359261989594,0.024892951613144268,3.5817629090506362e-06,0.028615402057766914,0.024523141690426402,3.5520439518146364e-06,0.028283793479204178,0.024244557740905927,3.5353804385173356e-06,0.028035003691911697,0.02403487300588971,3.533744554337599e-06,0.027850374579429626,0.023876660222571993,3.545334527091751e-06,0.02770841494202614,0.023755596507163274,3.561458086821009e-06,0.027585607022047043
817,13,self_attn_after_gate,Vertical,1,0.4958523663263472,0.40882344267267506,2.9819722175598145,0.11959468620637106,0.000467413785036794,0.16989439725875854,0.08844198351578107,0.0001722635852998125,0.11835945397615433,0.07434901991297328,0.00011097811153299938,0.10165311396121979,0.0658310316503048,8.257906804383001e-05,0.09113475680351257,0.06002296259005865,6.734282144770548e-05,0.08355200290679932,0.055825908150937825,5.856881563387224e-05,0.07786564528942108,0.05268231791163248,5.31443131698777e-05,0.07351365685462952,0.05026106471343646,4.9526605683323754e-05,0.07011345028877258,0.048348818506513326,4.6929446187824946e-05,0.06740215420722961,0.046802294751008354,4.494086530587274e-05,0.06519800424575806,0.04552326020267275,4.333747214316763e-05,0.0633721724152565,0.04444358622034391,4.199255990416709e-05,0.061830729246139526,0.043515580454989086,4.083042102195936e-05,0.060504212975502014,0.04270549420089949,3.980339674203958e-05,0.05934114009141922,0.04198913956208834,3.888032886365961e-05,0.05830365791916847,0.041348857716435476,3.804019443972901e-05,0.057364124804735184,0.04077148993336965,3.7268831394064124e-05,0.05650252103805542,0.04024696687147731,3.655664448459846e-05,0.05570433288812637,0.03976738242994225,3.589769441960687e-05,0.05495896562933922
817,13,self_attn_after_gate,Horizontal,1,0.3324724104669359,0.11366970565568606,1.882568597793579,0.1285289271719872,0.0002694471209487788,0.1832001507282257,0.1027127295022919,9.693438726510336e-05,0.13248440623283386,0.0896910885496745,6.41442616534023e-05,0.1122460812330246,0.08180940328609376,5.342225058042414e-05,0.10410631448030472,0.07653652852962887,4.822045226163643e-05,0.09832204133272171,0.07274002327568947,4.517713903709379e-05,0.09403971582651138,0.06984696164727211,4.326933673843133e-05,0.09076660871505737,0.06755118923527854,4.199123853054166e-05,0.08817671239376068,0.06567591476061987,4.104706177291457e-05,0.08605210483074188,0.06411077295030866,4.028853521452412e-05,0.0842522531747818,0.06278316209477092,3.965085022599628e-05,0.08269031345844269,0.06164298774231048,3.910672859447169e-05,0.08131303638219833,0.060654066798705907,3.864482861975533e-05,0.08008776605129242,0.05978923231836349,3.825860748694136e-05,0.07899406552314758,0.059027556093439223,3.793950917367368e-05,0.07801811397075653,0.05835262153829847,3.767474688992226e-05,0.07714882493019104,0.0577513642372593,3.744934193577365e-05,0.07637615501880646,0.057213198630109666,3.724970945690873e-05,0.07569058239459991,0.05672939665733822,3.706575231635698e-05,0.07508353143930435
817,13,self_attn_after_gate,Gaussian,1,0.1618421563789958,0.007243993405504013,0.5018729567527771,0.0755739686271501,0.00010243772062366421,0.1044885516166687,0.059187441946022094,4.026863841729284e-05,0.07405425608158112,0.05112685340027961,2.3054994111043867e-05,0.06370138376951218,0.046326760380041035,1.5884639357929622e-05,0.05676978826522827,0.04313769906995788,1.2369899088998001e-05,0.05182662606239319,0.04087083839944431,1.0475599010722886e-05,0.0487520694732666,0.0391811008254687,9.351275874453824e-06,0.04670583829283714,0.03787620897803988,8.630379520138066e-06,0.04505693167448044,0.03683982730384857,8.145562051528722e-06,0.043692126870155334,0.03599789173948386,7.809356338186733e-06,0.04254505783319473,0.03530117325366489,7.5690340151331545e-06,0.04157146438956261,0.03471533534309221,7.391375316433793e-06,0.040738411247730255,0.03421553212498862,7.2556657703084606e-06,0.04002032428979874,0.03378339117718122,7.149077625929215e-06,0.039396729320287704,0.033405161388809716,7.063617404090409e-06,0.038850925862789154,0.0330704560296403,6.994118795092849e-06,0.03836900740861893,0.032771371245857266,6.937106507246871e-06,0.03793932497501373,0.03250185657469999,6.890107552006065e-06,0.03755221515893936,0.032257237131633455,6.851298862281203e-06,0.03719974309206009
817,13,cross_attn,Vertical,1,0.8013208749748412,0.43576749971168977,4.31170654296875,0.2645479336617485,0.003366117206284948,0.43418172001838684,0.1904519943017808,0.0009518917041720902,0.253695547580719,0.15657780248494374,0.00042713558595401495,0.21338991820812225,0.1367983716347861,0.00022888980532302061,0.18432608246803284,0.124297406347025,0.00013648872021322292,0.16000178456306458,0.11568915985879444,8.913958282652135e-05,0.14284949004650116,0.10967324437603118,6.153098598957112e-05,0.13033506274223328,0.10534433783992889,4.301812862968115e-05,0.12037627398967743,0.1020600651464765,3.056045416277993e-05,0.11526253819465637,0.09947884106446826,2.3444700666381453e-05,0.11159953474998474,0.09747321395173905,1.9336010296279704e-05,0.1090894266963005,0.09589088341546437,1.6579788609998763e-05,0.10721619427204132,0.09460418931548557,1.4422230908028252e-05,0.10556904226541519,0.09352660261922413,1.263133868838105e-05,0.10377253592014313,0.09262666673887343,1.126639135694554e-05,0.10196555405855179,0.09188583883501235,1.0295601342780987e-05,0.1002795547246933,0.09124890123567884,9.614645237879221e-06,0.09863647818565369,0.09065635277638359,9.135107297405391e-06,0.0973518118262291,0.09010362956258985,8.808255680457374e-06,0.09730597585439682
817,13,cross_attn,Horizontal,1,0.5689171578675981,0.10987611380188393,2.1038818359375,0.2271257828152369,0.002806754883536995,0.3955041766166687,0.16354063756409146,0.0007043356256195704,0.2396458387374878,0.13858523610092344,0.00029392174637690743,0.1772800087928772,0.12553136500101242,0.00014244163044836223,0.15697753429412842,0.11743683178746511,7.737267427713555e-05,0.14209026098251343,0.1120270989716999,4.7100754078671975e-05,0.13072097301483154,0.10819510181271841,3.168355684953396e-05,0.12221511453390121,0.10539646529489094,2.3681093444656353e-05,0.1174669861793518,0.10328747367575056,1.9444943022293143e-05,0.1149621307849884,0.10160638924155917,1.6561393685035532e-05,0.11188380420207977,0.10015428338258986,1.3330400624537714e-05,0.1099223867058754,0.09892408845443575,1.0668289796390051e-05,0.10747302323579788,0.0979433348254552,9.008054469730244e-06,0.10567811131477356,0.09709204603282232,7.540640661198648e-06,0.10397035628557205,0.0962430921102327,5.948621386719228e-06,0.10233389586210251,0.09542763599800685,4.62885771034291e-06,0.10105875134468079,0.09476163392029112,3.7654316738798318e-06,0.10004177689552307,0.0942440095638472,3.1840170298681704e-06,0.09921051561832428,0.09382988666258162,2.774794255102805e-06,0.0984719917178154
817,13,cross_attn,Gaussian,1,0.36469276202103446,0.03416991511594362,0.9073160290718079,0.14742378393809,0.0007863527555371556,0.24358972907066345,0.1100069164993271,0.00024314451591294324,0.16691362857818604,0.09225391348203023,0.00011668735667879829,0.13222801685333252,0.08292725398426964,6.58979753538742e-05,0.11116304248571396,0.07750284671783447,4.552127837734397e-05,0.09802394360303879,0.07379444138634772,3.448220707365592e-05,0.09021952003240585,0.07112782915669774,2.5999570018943064e-05,0.08665318042039871,0.06916215329889268,1.9685747758519985e-05,0.08298566937446594,0.06757271691920265,1.5446707924824363e-05,0.07972782105207443,0.06638674142341765,1.3094751566679422e-05,0.07721666246652603,0.06549211751137461,1.1910604648348796e-05,0.07479647547006607,0.06470482134156758,1.1219181604233752e-05,0.07332099229097366,0.06398346050391121,1.0630901047304035e-05,0.07186393439769745,0.0634058906090638,1.0257143357259423e-05,0.07090280205011368,0.06296691156568981,1.0297734128402818e-05,0.07063812017440796,0.06257531892449136,1.0531589070835984e-05,0.07073020935058594,0.06219364306519902,1.0553856547230357e-05,0.07060427963733673,0.061870389573630835,1.0380091088839476e-05,0.07010268419981003,0.06163696412529264,1.0306874938469927e-05,0.06959022581577301
817,13,mix_ffn_after_gate,Vertical,1,1.0346254715843806,0.22904969740920025,2.4087512493133545,0.3092289663969524,0.00626891803204834,0.4663842022418976,0.14811124640797813,0.0006707996155092983,0.2022337019443512,0.08938309810464344,0.000130396562570768,0.11400818079710007,0.06270704986084075,3.795532039203076e-05,0.07539419829845428,0.048971970876057945,1.6035967713840936e-05,0.05726248770952225,0.041242898042712896,9.585374323351579e-06,0.04831129312515259,0.03656340822104424,7.2957852593992385e-06,0.04317585378885269,0.033559534255237805,6.349611275695114e-06,0.03998255729675293,0.03153923260314124,5.914335653724853e-06,0.037863604724407196,0.030128160935072673,5.70029746313711e-06,0.03677736967802048,0.029114267537518154,5.5909319691214895e-06,0.03607624024152756,0.028371373812357586,5.537124563976542e-06,0.03557483106851578,0.027819633661281495,5.515411938564606e-06,0.0351945236325264,0.02740610627427934,5.509787929839554e-06,0.03489917144179344,0.0270944181238375,5.509869534167651e-06,0.03467489033937454,0.026858775891245357,5.510779159789489e-06,0.0345122329890728,0.02668050457797353,5.510471269207047e-06,0.03440089151263237,0.026545932871245202,5.507823347607504e-06,0.03433044254779816,0.026445054375226536,5.502306106228352e-06,0.03429199010133743
817,13,mix_ffn_after_gate,Horizontal,1,0.9915185026706211,0.21239794614905425,2.0828022956848145,0.2781976175213617,0.005193845824911545,0.42072391510009766,0.12932204088521382,0.0004689886030748306,0.17383117973804474,0.07898925788818843,7.696385185718878e-05,0.09742840379476547,0.057178927319390435,2.0088156156506588e-05,0.06617406010627747,0.0462164558351986,8.390852557079058e-06,0.05272448807954788,0.04016551469999646,5.336143078409742e-06,0.045561570674180984,0.03658321180513927,4.413014166791864e-06,0.042815595865249634,0.03434442956414488,4.121790343710837e-06,0.041150230914354324,0.03289507959215414,4.049314706442187e-06,0.04011739790439606,0.03194287487320484,4.078826433303831e-06,0.03952469304203987,0.031320465462548394,4.176162241743308e-06,0.03926810622215271,0.030924864586383577,4.319756768706432e-06,0.039217688143253326,0.030682978944645986,4.478844441707047e-06,0.03922148048877716,0.030535197417650903,4.6137454326259294e-06,0.0391586571931839,0.03043419323743336,4.693330457764859e-06,0.038987889885902405,0.030348830723336766,4.706368348133422e-06,0.03873360902070999,0.030264083857810688,4.66005513462855e-06,0.03844030946493149,0.0301761631927793,4.572628306125905e-06,0.03814537450671196,0.030087100933232004,4.465202354222989e-06,0.03787311911582947
817,13,mix_ffn_after_gate,Gaussian,1,0.8379184991594345,0.14463763566344096,1.790036916732788,0.2408798753269135,0.004304612676947199,0.3820023536682129,0.11120682801046068,0.00038855248324071466,0.15088936686515808,0.0682227982888146,6.42804835229081e-05,0.08461321145296097,0.050022608349247585,1.7888064435503444e-05,0.058931250125169754,0.04082165782650312,8.290410685615007e-06,0.04751330986618996,0.03556355591567736,5.623704471266238e-06,0.0424179807305336,0.032325741613195055,4.709235950160478e-06,0.03912164643406868,0.03024364916223382,4.345439784464629e-06,0.03690843656659126,0.02886860350531245,4.183760069015735e-06,0.03541884571313858,0.02794315204733894,4.108183829882649e-06,0.03441932052373886,0.027313244425588183,4.0762408912317756e-06,0.033741459250450134,0.026881986815068457,4.0650189421565e-06,0.033272285014390945,0.02658466161006973,4.062863569809123e-06,0.03294498473405838,0.02637857798900869,4.071560832485001e-06,0.032720789313316345,0.026236971012420125,4.100747235179509e-06,0.032570354640483856,0.026142435739674265,4.15493764239045e-06,0.03246130049228668,0.02608002642435687,4.225602795559364e-06,0.0323617160320282,0.026035060958256796,4.296470401556338e-06,0.0322549007833004,0.025996855001837488,4.35449675034936e-06,0.03214377909898758
817,14,self_attn_after_gate,Vertical,1,0.8766171189527663,0.2675661207373277,2.6882498264312744,0.30595359868473476,0.00698280522953597,0.564985990524292,0.19206325638861882,0.0016181271238317107,0.33739322423934937,0.13984987139701843,0.0005638108618072082,0.21559584140777588,0.11124028774007919,0.00025103386817452154,0.1507892608642578,0.09369524591971957,0.00013818836214250232,0.1184086725115776,0.08205266361908307,9.339802355946485e-05,0.10113191604614258,0.0738643009274725,7.355868854157723e-05,0.09093207120895386,0.06781894329284864,6.348605339253216e-05,0.08453179895877838,0.06315602149282183,5.740924364495627e-05,0.07942257076501846,0.059431229555417624,5.309964177185576e-05,0.07518274337053299,0.056378325831795494,4.967333980843391e-05,0.07153770327568054,0.053828477386444334,4.676694725742716e-05,0.06834466755390167,0.05166797907579513,4.4224135701769986e-05,0.06552018225193024,0.049816149094748116,4.197236776167931e-05,0.06300970911979675,0.048213273700740605,3.9972862502689356e-05,0.06077238917350769,0.04681375882928333,3.8199530315592646e-05,0.05877438187599182,0.04558209524977775,3.663049793510008e-05,0.056986939162015915,0.0444903119452416,3.5245185147180335e-05,0.05538559705018997,0.04351619146172962,3.402404963308826e-05,0.054157406091690063
817,14,self_attn_after_gate,Horizontal,1,0.6702238122622172,0.0970645970998519,1.6782326698303223,0.2639678666989009,0.002323089937465579,0.4107151925563812,0.1857457014303359,0.0005537420786898138,0.2703072428703308,0.1500215833149259,0.0002219285867661063,0.19966420531272888,0.12986686719315393,0.00011109080665047081,0.16218996047973633,0.11724023721993916,6.451646683146134e-05,0.14094993472099304,0.10872556848658456,4.275390585735759e-05,0.12793466448783875,0.10262882153666208,3.117995786306769e-05,0.1189945787191391,0.09805652179888316,2.410873328821512e-05,0.1121591106057167,0.09450936849628176,1.9353362881867902e-05,0.1065811961889267,0.0916856231670531,1.5995483899781433e-05,0.10186222195625305,0.0893909265361135,1.358103010485638e-05,0.09777860343456268,0.0874938147645148,1.1848057042142044e-05,0.09437192976474762,0.08590213327653824,1.0627595872538008e-05,0.09289237856864929,0.08454959023566473,9.79837997907946e-06,0.09154661744832993,0.08338749420548243,9.264861291257885e-06,0.09030848741531372,0.0823793038725853,8.948533040695162e-06,0.08916154503822327,0.08149697359592195,8.785754982292956e-06,0.0880923718214035,0.08071853173157525,8.727437695386143e-06,0.08709126710891724,0.08002647485524889,8.738608559883113e-06,0.086153045296669
817,14,self_attn_after_gate,Gaussian,1,0.6697228304923527,0.10820910403171867,1.6749929189682007,0.2359905448697862,0.0031093938656878103,0.4129509925842285,0.14876139081186718,0.0009571112141630498,0.2650657296180725,0.10907219220248479,0.00041213918614211686,0.18175464868545532,0.08702738322908916,0.00020966682289846382,0.1349843144416809,0.07337354277334517,0.00012067864180411208,0.10718032717704773,0.06423363604006313,7.719066435364231e-05,0.08911558240652084,0.057720272787033566,5.4246827156111524e-05,0.07659919559955597,0.0528336807730652,4.133370702828428e-05,0.06757210940122604,0.049022460622446876,3.340975130093283e-05,0.060865022242069244,0.045975010842084885,2.7992215763371066e-05,0.05594918504357338,0.0435003015020537,2.396306192500872e-05,0.05277691036462784,0.04146738232128204,2.0832080146440276e-05,0.04998668283224106,0.0397801948859105,1.834716921311817e-05,0.04765215516090393,0.038366042343633514,1.6344870613318564e-05,0.045955970883369446,0.037169101278460216,1.4705113963237172e-05,0.04445559158921242,0.03614636776702745,1.3339010495527252e-05,0.043126143515110016,0.03526491275618947,1.2183696250792018e-05,0.041945792734622955,0.03449972148334223,1.1196727008432192e-05,0.04089534655213356,0.03383172664140898,1.0349820746016655e-05,0.03995765745639801
817,14,cross_attn,Vertical,1,0.3849915937771873,0.04982172795346139,1.3750598430633545,0.1794800932208697,0.0021846952456045453,0.35726043581962585,0.14075612335924118,0.0005255586273134742,0.225286066532135,0.12303753823988021,0.0002123465060324975,0.17467057704925537,0.11344132631544084,0.00011079713264413628,0.14971308410167694,0.10736598109915144,6.636439762190661e-05,0.13494613766670227,0.10330152913691505,4.2962762844590535e-05,0.12409347295761108,0.10047418411288943,3.0155553269903275e-05,0.1164928525686264,0.09843409593616213,2.163840911098678e-05,0.1111137643456459,0.09690992676076435,1.5671867127981326e-05,0.10688947141170502,0.09573572933200807,1.1756889067761192e-05,0.10362333059310913,0.09484826016520696,9.208392152284585e-06,0.10130453109741211,0.0941832001720156,7.330574959762366e-06,0.1002381294965744,0.09366507378835527,5.97426285017674e-06,0.09961947053670883,0.09324193970551567,5.141114536121961e-06,0.09907549619674683,0.09290759182638592,4.676552759415791e-06,0.09851952642202377,0.09264870259969954,4.475958504507593e-06,0.09793848544359207,0.09246123085419337,4.636226214567903e-06,0.09891238063573837,0.09235577557295088,5.22908118912375e-06,0.1000070720911026,0.09232809098940047,6.097660700611898e-06,0.10089591890573502
817,14,cross_attn,Horizontal,1,0.8358263101369615,0.7870065297708178,5.864638805389404,0.25906305180655587,0.006141312904721718,0.5889145135879517,0.1856699153071358,0.0016440955318038658,0.3475768268108368,0.15396697606359208,0.0007470267503524527,0.24170160293579102,0.13630667458924037,0.00038686303984586574,0.18910661339759827,0.12492560039437006,0.00021537626439380476,0.1611994504928589,0.11734656741221745,0.00013168121445784203,0.14485621452331543,0.11209171537369017,8.69247525209761e-05,0.13670822978019714,0.10829057331596102,6.074244720437998e-05,0.12970858812332153,0.10546706581399554,4.4322445789877194e-05,0.12419493496417999,0.10329615123688228,3.320780657965952e-05,0.12035684287548065,0.10153573290223167,2.5101230591721118e-05,0.11676020175218582,0.10003448242232912,1.9122450505374664e-05,0.11328297853469849,0.09875225074707515,1.4925423275905716e-05,0.11031562089920044,0.0976873507338857,1.2019927707403122e-05,0.1079607680439949,0.09680882060811632,9.961204148868009e-06,0.10621121525764465,0.09607217165212782,8.409798039724546e-06,0.10528963804244995,0.09544075753480669,7.137192857014052e-06,0.10428456962108612,0.09489591064907256,6.088532610883929e-06,0.10332679748535156,0.09442810193886833,5.264629079836495e-06,0.10253385454416275
817,14,cross_attn,Gaussian,1,0.6658070229348683,0.5906265946072058,5.717105865478516,0.20810428214451623,0.0041215614852358005,0.4234124422073364,0.1480989632388902,0.001188281245551457,0.24818339943885803,0.12122745386191777,0.0005913167974309642,0.19705599546432495,0.10590798833540507,0.0003319247167962006,0.1663394719362259,0.09625500334160668,0.00019342431136750408,0.14355728030204773,0.08990678475016639,0.00012062433986513983,0.12689009308815002,0.08542245661928541,7.98275208876421e-05,0.11408653110265732,0.08217911457731611,5.6999981050071124e-05,0.10456947982311249,0.07977114818871968,4.3409087352860314e-05,0.09849321097135544,0.07780612035403175,3.4452509786076533e-05,0.09596547484397888,0.0760321593473828,2.7803402266687874e-05,0.09272608160972595,0.07446717210705318,2.277225982768593e-05,0.08927619457244873,0.07318664744259819,1.911744975915789e-05,0.08628377318382263,0.07213904838713389,1.632291590410026e-05,0.08382084220647812,0.0712307347428231,1.382670029631361e-05,0.08189426362514496,0.07040885055348986,1.1518368092763857e-05,0.07955863326787949,0.06969298233115484,9.701838631694422e-06,0.07745113968849182,0.06910673434299136,8.459952641103018e-06,0.07583148777484894,0.06863183066958473,7.615639277993348e-06,0.07468944787979126
817,14,mix_ffn_after_gate,Vertical,1,0.9029666365139069,0.15790243974579837,2.358154296875,0.29443764923110843,0.004544844154370609,0.4300684332847595,0.14733943295857263,0.0005274790642230076,0.18892952799797058,0.09155724883552581,0.00010825605587114215,0.10971605032682419,0.06553385755608952,3.461952561910447e-05,0.07767581194639206,0.05167443583172465,1.6176966129845006e-05,0.06097462773323059,0.043637834430213955,1.039916379247231e-05,0.05140775442123413,0.038696720782253474,8.352239600066298e-06,0.04756269231438637,0.03552183804530946,7.563408413059287e-06,0.04515456408262253,0.033408725308993505,7.2476393181333446e-06,0.04360714182257652,0.03196086835057017,7.118432974466518e-06,0.04257822036743164,0.03094381694164541,7.0619900770775855e-06,0.041874200105667114,0.030213685292336676,7.030702064831936e-06,0.0413857027888298,0.029679947074443574,7.003905064059874e-06,0.04104003310203552,0.029284215458328763,6.976278576721334e-06,0.0407906174659729,0.028987950009722558,6.95260913857029e-06,0.04061463475227356,0.028764900234010484,6.94049381704851e-06,0.04050419107079506,0.028596418244498118,6.942217516536483e-06,0.04045156389474869,0.028468833970172063,6.953867847015925e-06,0.04044334590435028,0.028372050484731084,6.969817329044406e-06,0.04046456888318062
817,14,mix_ffn_after_gate,Horizontal,1,1.0274124197543613,0.2595072375430682,2.6193337440490723,0.31125650282890077,0.0051604722182812006,0.45325011014938354,0.1577684972730894,0.0005899266960702136,0.20169107615947723,0.10086920053239852,0.00012053190364738895,0.12023685872554779,0.07438666935241411,3.800556500463662e-05,0.08629658818244934,0.06017362692999461,1.7324451635864505e-05,0.06859660148620605,0.05181576494896223,1.0741117143258179e-05,0.05837279558181763,0.04658163888823418,8.210233294750417e-06,0.0530310720205307,0.04315024927731544,7.046285798255492e-06,0.04945199936628342,0.04082512311519138,6.414336680121536e-06,0.046952519565820694,0.03921030260740765,6.018323577186183e-06,0.04533543810248375,0.038067635326158436,5.740772332630248e-06,0.04423724487423897,0.037247360994418464,5.531130198968428e-06,0.0434216670691967,0.03665200183315882,5.364856415181721e-06,0.04280821606516838,0.03621640369769127,5.2286683655741544e-06,0.04234287887811661,0.035895770386097925,5.115811128310828e-06,0.041987814009189606,0.0356585867702961,5.02432483009566e-06,0.041715528815984726,0.03548275014119489,4.954196584476645e-06,0.041505925357341766,0.03535292495692533,4.904752251502827e-06,0.04134488105773926,0.03525813328959639,4.874352945258676e-06,0.041222259402275085
817,14,mix_ffn_after_gate,Gaussian,1,0.7999031870138078,0.15893134393661495,1.7802687883377075,0.22712009790397825,0.0034343441265336587,0.34772008657455444,0.11148040327760908,0.0003375578864767115,0.1465349793434143,0.07070265875922309,6.384685097680095e-05,0.08782695233821869,0.05260548539577969,2.041914601805375e-05,0.06305791437625885,0.043395227146527125,9.897816605936041e-06,0.05067086219787598,0.03825110191154101,6.659573990052043e-06,0.04481542110443115,0.03517507460145723,5.459989956352596e-06,0.04128069803118706,0.033241085412483364,4.928051433607229e-06,0.039043039083480835,0.03197041417043361,4.64281942782827e-06,0.03756888955831528,0.031105868902707858,4.462712821131994e-06,0.03655988723039627,0.03050072748391401,4.343652632220376e-06,0.035836488008499146,0.03006602276767057,4.266389284636713e-06,0.035295095294713974,0.02974647469818592,4.216592186242401e-06,0.03488112613558769,0.029507289625822553,4.186732926121615e-06,0.034562498331069946,0.029326795851663937,4.173086428188556e-06,0.034317970275878906,0.029191896910705263,4.17161085774214e-06,0.034132178872823715,0.029094460642053968,4.1755887721531036e-06,0.033993326127529144,0.029028345076810746,4.177781101893722e-06,0.033891499042510986,0.0289878189741146,4.175262880055231e-06,0.03381722792983055
785,12,self_attn_after_gate,Vertical,1,0.14270191497745968,0.0023668928207357175,0.3404789865016937,0.07851154918945025,0.00010336231821587569,0.11018745601177216,0.06172854890899053,6.343165588381358e-05,0.08967362344264984,0.05377892753671086,5.0508593192713847e-05,0.07835397124290466,0.0491694218464314,4.3047271397055176e-05,0.07047362625598907,0.04613767002546598,3.819268619897936e-05,0.06473580002784729,0.04395398385231457,3.4901935110198e-05,0.06038008630275726,0.042279944533393496,3.2559936125856124e-05,0.05696626007556915,0.040942699781485965,3.081023499835754e-05,0.054235391318798065,0.039845523557492664,2.9441311915754854e-05,0.052016764879226685,0.03892873464122651,2.832681169871073e-05,0.05081377178430557,0.038151801815108646,2.7392910732956766e-05,0.05010975897312164,0.037485374019496025,2.6595973498444832e-05,0.04948464781045914,0.03690743608961976,2.5908143412291652e-05,0.048924874514341354,0.03640112526241749,2.5309512396129617e-05,0.04842005670070648,0.035953358111400456,2.478454413767588e-05,0.04796183854341507,0.035553872112243895,2.4320497035347576e-05,0.04754336178302765,0.035194560560205625,2.3906883155660563e-05,0.047159045934677124,0.034868967586330006,2.3535162844344584e-05,0.04680434986948967,0.03457192216245901,2.3198483280151792e-05,0.04647558927536011
785,12,self_attn_after_gate,Horizontal,1,0.4097855829057239,0.2574928091962176,2.8116886615753174,0.14292303827546893,0.0002735072189158729,0.1836661398410797,0.11906139919209102,6.826655976480332e-05,0.1435774266719818,0.1076589919744976,3.052880608412441e-05,0.12277889251708984,0.10057366781291507,1.819601096450273e-05,0.1139812171459198,0.09571498596952074,1.3360768181537833e-05,0.10735657811164856,0.09217710970413118,1.142331178020415e-05,0.10225345194339752,0.08947823314912735,1.0736847639596171e-05,0.09828786551952362,0.0873380775252978,1.0594876402161172e-05,0.09514393657445908,0.085586169764163,1.0681699442258943e-05,0.09347717463970184,0.08411486340420586,1.0859886704761142e-05,0.09218333661556244,0.08285370078824815,1.1073982175079886e-05,0.09105128049850464,0.08175492487729542,1.1303517915608017e-05,0.09004524350166321,0.08078504270977444,1.1540893525916952e-05,0.0891423299908638,0.07991967929734124,1.1781598010455824e-05,0.08832702040672302,0.07914042106223484,1.2020826982585959e-05,0.08758796751499176,0.07843294479544201,1.2253244194794285e-05,0.08691626042127609,0.07778592916235091,1.2473863007095432e-05,0.08630421757698059,0.07719047261135918,1.2679185624590851e-05,0.08574452996253967,0.07663970901852563,1.286779377386151e-05,0.08522991091012955
785,12,self_attn_after_gate,Gaussian,1,0.11017804746589964,0.0011910442618639347,0.24708226323127747,0.064332355996446,4.9936710274125584e-05,0.08281871676445007,0.052676701179099464,1.875926190756825e-05,0.0639142319560051,0.0471355915660896,1.2213354863502452e-05,0.05479305237531662,0.0437848742400843,9.80357514234067e-06,0.0504835806787014,0.04150002686277268,8.675686762658216e-06,0.04812472686171532,0.03984665716924365,8.073226209635493e-06,0.046307437121868134,0.03860873516116824,7.725641459578762e-06,0.04486524313688278,0.037654726573872185,7.50327082384872e-06,0.04369480907917023,0.036898312262362905,7.342497922190466e-06,0.04272589832544327,0.03628204366753972,7.214234373592443e-06,0.04191042110323906,0.03576740181990086,7.105416933097513e-06,0.04139076918363571,0.035328293367037696,7.009952623254954e-06,0.04110550880432129,0.03494679617385069,6.924800326899964e-06,0.04084410518407822,0.034610366123536275,6.848258631286087e-06,0.04060108959674835,0.034310029050897035,6.779248915633071e-06,0.040373146533966064,0.03403922025528219,6.716993593240116e-06,0.040158212184906006,0.03379302554660373,6.660868248659166e-06,0.03995491564273834,0.03356767676415898,6.61030309692554e-06,0.03976220637559891,0.0333602311947043,6.56478429066241e-06,0.03957929089665413
785,12,cross_attn,Vertical,1,0.4732170145189951,0.13806447107527997,2.6547276973724365,0.20510499273973798,0.0013032075492706836,0.29201260209083557,0.1582864880088776,0.00045839902256558803,0.21497716009616852,0.13673952079954602,0.00022889677926231011,0.17193913459777832,0.12422810128283879,0.00012849806882946814,0.15325456857681274,0.11615523707772059,7.797590498158962e-05,0.1420215517282486,0.11063582651198857,5.03620900647695e-05,0.13333171606063843,0.1066729323495002,3.4460808020457996e-05,0.1264767348766327,0.10372100486641839,2.4786778925724244e-05,0.12104399502277374,0.10144940326138148,1.867805715400524e-05,0.1166374608874321,0.09965357349978553,1.4639894893687868e-05,0.11291678249835968,0.09821186664085539,1.1882064285441332e-05,0.10978483408689499,0.09699051093960566,9.926878170866308e-06,0.1072341650724411,0.0959079305803965,8.304238912939812e-06,0.1049875020980835,0.09499412668602807,7.04250398965783e-06,0.10296603292226791,0.09423463980829905,6.144041854914355e-06,0.10126370191574097,0.09358606948739007,5.442713574489618e-06,0.09977521002292633,0.09304259055190617,4.827375304484353e-06,0.098445363342762,0.09260551856150703,4.300716650517236e-06,0.09728454053401947,0.09225662655773617,3.849604802163338e-06,0.09626747667789459
785,12,cross_attn,Horizontal,1,0.29767314805870965,0.011661521469891488,0.7447755932807922,0.16514603036736686,0.000546595396717951,0.23029732704162598,0.13414437796861406,0.00015603929786795948,0.17032915353775024,0.1198755693104532,6.64593596559336e-05,0.14133130013942719,0.11222110937039058,3.795230300118745e-05,0.12926334142684937,0.10739735513925552,2.4454445143587806e-05,0.12095917761325836,0.1038628105842878,1.6032866536141512e-05,0.11506906151771545,0.1011907019548946,1.1185170590867e-05,0.11067653447389603,0.09933971767387693,7.99502800939717e-06,0.10739586502313614,0.09790468878216213,5.916268709093962e-06,0.10481199622154236,0.09684767006408601,4.79045154593737e-06,0.1025884822010994,0.09598576029141744,4.285770960275153e-06,0.10135812312364578,0.09502876668222367,3.2952166547308356e-06,0.10025344789028168,0.0942718775735961,2.5194846383608595e-06,0.09916207194328308,0.09372003364657598,2.1678080789881983e-06,0.09843070805072784,0.09327665870151823,1.867446032772037e-06,0.09742239117622375,0.09297927575451988,1.6736613900052172e-06,0.09656915813684464,0.09281802555871388,1.5892011265554747e-06,0.09608256816864014,0.09266688840256797,1.59514639150526e-06,0.09551047533750534,0.09243526782781358,1.5541145719016116e-06,0.09526623040437698
785,12,cross_attn,Gaussian,1,1.0085952109287655,3.085506119398491,11.868046760559082,0.2403662840998362,0.0019247619420749214,0.3524494171142578,0.18560389748641423,0.000924355134303642,0.2690398693084717,0.15268683362574803,0.0005297147158701583,0.21871206164360046,0.13113190836849667,0.00032810405101834636,0.18316996097564697,0.1164907104675732,0.00021351842410472716,0.15860840678215027,0.10610536060162953,0.0001438016814220231,0.14108392596244812,0.09844462325175603,0.00010000110883528239,0.12801381945610046,0.09261159752569502,7.195740680010174e-05,0.11788852512836456,0.08803860748571063,5.3716508596201245e-05,0.1098167896270752,0.08436595802269285,4.158639247257763e-05,0.10321739315986633,0.08136079673256193,3.327329653887567e-05,0.09771360456943512,0.07886442009891782,2.7359023951263414e-05,0.09318199753761292,0.0767621753944291,2.2982793850210656e-05,0.08956141769886017,0.07496653781050727,1.9645640861510353e-05,0.08647775650024414,0.07341245396269692,1.7068430808950305e-05,0.08384233713150024,0.07206039284429853,1.5038565470795535e-05,0.08157365024089813,0.07088335142249153,1.3378989946578246e-05,0.0795808732509613,0.06985396962790262,1.198719461861427e-05,0.0777987465262413,0.06894773126594604,1.0809819717953123e-05,0.07618486881256104
785,12,mix_ffn_after_gate,Vertical,1,0.9093238749201336,0.15968344165308446,2.025834321975708,0.2790233518869158,0.005013647429466104,0.42611467838287354,0.13206575136809123,0.0005478454559490919,0.17976272106170654,0.07833644191897104,0.00010584695350035338,0.09875329583883286,0.053992263617969695,3.0179473382172945e-05,0.06532973051071167,0.04145738553433191,1.2419015432343895e-05,0.04913857579231262,0.034432726572193796,7.387369762333511e-06,0.040790822356939316,0.030242433534964683,5.772891056688154e-06,0.03648051247000694,0.027607179557283718,5.203484798074401e-06,0.03433030843734741,0.0258673100717484,4.979335419702147e-06,0.0328279472887516,0.02466999641841366,4.8686348998761784e-06,0.03171751648187637,0.023824618981471136,4.798804552713808e-06,0.030900893732905388,0.023220264811127905,4.7548857238814724e-06,0.03031434491276741,0.022784589597630123,4.737117189752368e-06,0.029893768951296806,0.022469031166226144,4.746002423652021e-06,0.0295930914580822,0.0222408203851609,4.7789795033602755e-06,0.029382746666669846,0.02207685105266079,4.8273853197961715e-06,0.029240671545267105,0.021959851540270307,4.878169011463586e-06,0.029146738350391388,0.021876913805802662,4.920559976857952e-06,0.02908226102590561,0.021818764892125888,4.9503194848340376e-06,0.029032183811068535
785,12,mix_ffn_after_gate,Horizontal,1,0.9519387100424085,0.1962875139370046,2.137627601623535,0.2779298945078774,0.004923489867716289,0.41166526079177856,0.12928409815307648,0.0005257148588287405,0.17279958724975586,0.07577662808554513,9.505823422435455e-05,0.09298912435770035,0.052090712246440705,2.4596172975640047e-05,0.062159113585948944,0.04022045267952813,9.100101995290846e-06,0.04716533049941063,0.03369062523993235,4.914792595469307e-06,0.03902151435613632,0.02980945220897122,3.560887110314793e-06,0.03462197631597519,0.02735635301186925,3.028875810640202e-06,0.03232856094837189,0.025730704711306663,2.776194698611448e-06,0.031079372391104698,0.02461005002260208,2.647277862599133e-06,0.030230749398469925,0.023811662451378883,2.5851386042941973e-06,0.02963908016681671,0.023226120317029576,2.554738546743292e-06,0.02919957973062992,0.022785205778384967,2.529194356894255e-06,0.028854742646217346,0.022447852565655634,2.5037373813828786e-06,0.028591100126504898,0.0221891709204231,2.4861177682221275e-06,0.02839515544474125,0.021990472983036722,2.478916337610207e-06,0.028243418782949448,0.021836376970722562,2.480249188733218e-06,0.02811376005411148,0.02171557065513399,2.4879207710398017e-06,0.027995672076940536,0.021621240421183525,2.5010875890740885e-06,0.027892861515283585
785,12,mix_ffn_after_gate,Gaussian,1,0.9506981893191262,0.195007430775102,2.306044340133667,0.2787018004390929,0.005035362257831423,0.43847015500068665,0.13106389722180745,0.00047255532774185616,0.17549553513526917,0.07897794512765748,7.865766948653215e-05,0.0942208468914032,0.05582835040395222,2.068647939038473e-05,0.06435896456241608,0.043944652059248517,8.374599312002916e-06,0.04962961748242378,0.03724284588344513,5.038568449017477e-06,0.04136747121810913,0.03319794297336586,3.965743549134839e-06,0.03676540404558182,0.03062242990921414,3.563891282079137e-06,0.03424665331840515,0.02891870638326047,3.3902391801482037e-06,0.03239789605140686,0.027761424137722878,3.3076385641953288e-06,0.031015239655971527,0.02695762360143283,3.268967816671982e-06,0.03047526255249977,0.026389058472381696,3.2598356749229565e-06,0.030114974826574326,0.025980230066038314,3.2747685544318102e-06,0.029815390706062317,0.025679461303211394,3.3003300161859415e-06,0.029504265636205673,0.0254505296784734,3.316153367497979e-06,0.029178649187088013,0.025271050365907804,3.3128690860517003e-06,0.029101219028234482,0.02512995360626115,3.29559039451916e-06,0.02903052046895027,0.02502153544790215,3.2726575441177166e-06,0.028943762183189392,0.024941108440832485,3.249213938959206e-06,0.02885381504893303
785,13,self_attn_after_gate,Vertical,1,0.2151267673997652,0.01639038784875426,0.9357433319091797,0.09701766818761826,0.00022571206053834114,0.13768307864665985,0.07446870745884047,0.0001142282347935132,0.10597788542509079,0.06374556021321387,7.769495172059191e-05,0.08841843903064728,0.0574014334096795,6.087866528267536e-05,0.07800276577472687,0.05328682703631265,5.23348308805938e-05,0.0714726597070694,0.050415779212637554,4.729101447871797e-05,0.06707330793142319,0.048285451200273305,4.390495689545163e-05,0.0640978068113327,0.04662600437563563,4.146012098921883e-05,0.06255969405174255,0.045285872878536346,3.965140935726045e-05,0.06110873818397522,0.04417581347719071,3.83050570355602e-05,0.05975295230746269,0.043239209387037486,3.729275184163667e-05,0.05850469321012497,0.04243717454965153,3.6517134519196356e-05,0.05736805126070976,0.04174170779093864,3.5908004834830475e-05,0.05634015053510666,0.04113214953787743,3.5416815848380594e-05,0.05541430041193962,0.04059300030626002,3.501091151730968e-05,0.05458221212029457,0.04011242759842721,3.4668588050782786e-05,0.0538351945579052,0.03968121164611408,3.437528489957164e-05,0.05316462740302086,0.039292020191039355,3.412093536789356e-05,0.05256222188472748,0.03893891080386109,3.38983476874649e-05,0.052020199596881866
785,13,self_attn_after_gate,Horizontal,1,0.3973490647853367,0.21674184842944527,2.4452810287475586,0.13025023634471591,0.00023127078829186627,0.17052829265594482,0.10459057903952068,7.319850350033957e-05,0.13013336062431335,0.09210414451266093,4.068245027437685e-05,0.11184191703796387,0.08463573231110497,2.915563563157259e-05,0.09960581362247467,0.07962583241954682,2.534683515717431e-05,0.09159363806247711,0.07599388914448875,2.4782624640423e-05,0.08906465768814087,0.07320935196346706,2.5498817608645347e-05,0.08704247325658798,0.07098466524529079,2.6622604967523776e-05,0.08532247692346573,0.06915213711678035,2.779300381222289e-05,0.08382020890712738,0.06760727200243208,2.887240767641638e-05,0.08249366283416748,0.06628141599515128,2.9817108241293454e-05,0.08131595700979233,0.06512775053344076,3.0626355043920995e-05,0.08026604354381561,0.06411319580816087,3.1317797737078806e-05,0.07932564616203308,0.06321346765709301,3.191352006105773e-05,0.07847879827022552,0.06241002950876478,3.243341847352458e-05,0.0777122750878334,0.06168822039450918,3.2892924840754966e-05,0.07701592147350311,0.06103611181652735,3.330207584908671e-05,0.07638239860534668,0.06044385375248061,3.366545162230268e-05,0.07580645382404327,0.05990329408456409,3.39830458764536e-05,0.07528389245271683
785,13,self_attn_after_gate,Gaussian,1,0.1311267993989445,0.0032412055628308323,0.38356006145477295,0.06638094416213414,6.0839044806639584e-05,0.09157013893127441,0.05331464235981306,1.9532456086371285e-05,0.06293036043643951,0.04753555310150934,1.34133190086663e-05,0.055247604846954346,0.04423447544612582,1.1291003615958916e-05,0.05177734047174454,0.042042016036926755,1.0085029419192e-05,0.049515873193740845,0.040439332879724954,9.235625882827215e-06,0.047834284603595734,0.03919891924375579,8.587192042606932e-06,0.0464637465775013,0.03820242171013166,8.078809836472504e-06,0.045287854969501495,0.037379923084425545,7.679425895796276e-06,0.044255681335926056,0.03668728565412854,7.367016265019486e-06,0.043339312076568604,0.03609491441221464,7.123902758759631e-06,0.04252106696367264,0.03558196727600363,6.935736450010943e-06,0.04178837686777115,0.035133183593787844,6.7909911245307655e-06,0.04113124683499336,0.03473704187051645,6.68047493362296e-06,0.040637899190187454,0.03438463925369202,6.59693819086908e-06,0.040245115756988525,0.034068966639183816,6.534638262116813e-06,0.03987807035446167,0.03378442355564663,6.489014383280284e-06,0.039533138275146484,0.033526481824025275,6.456443540520316e-06,0.03920748829841614,0.033291436022236234,6.434012154152228e-06,0.038898833096027374
785,13,cross_attn,Vertical,1,0.4021072931705959,0.036469392980578476,1.0538102388381958,0.17834297922395526,0.0017264469178353877,0.328107625246048,0.1366237723638141,0.00046458745716257155,0.23278822004795074,0.12025204856717397,0.000183066466533043,0.17336557805538177,0.11095411969082696,0.00010124597845880076,0.14639881253242493,0.10592695325613022,6.841212716215123e-05,0.13390079140663147,0.10214670191681574,4.977617527924393e-05,0.12350375205278397,0.0990992925233311,3.335983924965409e-05,0.11591799557209015,0.09694255663762016,2.370000310530237e-05,0.11008302867412567,0.09523598719683904,1.8132158292733113e-05,0.10557173192501068,0.09382449480749312,1.4191422020300547e-05,0.10225111246109009,0.09274943716942317,1.1436371554895268e-05,0.1003856509923935,0.09191956205500497,9.665883152623218e-06,0.098751500248909,0.09124042484022322,8.626400379845541e-06,0.09746849536895752,0.09071192736663515,8.041138189432917e-06,0.09657371044158936,0.090313744213846,7.657906147622572e-06,0.09595001488924026,0.0899950833547683,7.545809928551245e-06,0.09528179466724396,0.08972871433647853,7.714975632759771e-06,0.0954824909567833,0.08952827018404765,8.110542127939852e-06,0.09608253836631775,0.08938609761378122,8.710615470004498e-06,0.09734799712896347
785,13,cross_attn,Horizontal,1,0.6274311648947852,0.2973186975455466,3.8357510566711426,0.23171059716315495,0.002194360528939084,0.34796780347824097,0.17774554732299985,0.0008281236973808775,0.2665627598762512,0.15127687203505683,0.0004519065441700951,0.22773581743240356,0.13633473761497983,0.0002855633878977639,0.20386430621147156,0.12658354888359705,0.0001924065707253844,0.18611761927604675,0.11971778067804519,0.0001340519830627704,0.17189225554466248,0.11465973052240554,9.61721131122849e-05,0.1602577567100525,0.11080352985669696,7.097118291991894e-05,0.1507808268070221,0.10780031304983866,5.38489389899092e-05,0.14296460151672363,0.10534076475434834,4.158552555641788e-05,0.13629019260406494,0.1031899946549582,3.195343085954513e-05,0.13042090833187103,0.10129509026569034,2.4704108084368335e-05,0.12570583820343018,0.0997311066067408,1.9799892401360858e-05,0.12214484810829163,0.09847593402105664,1.616959763979893e-05,0.11904081702232361,0.0974329753764092,1.3303206919731808e-05,0.11621256917715073,0.09655018103501153,1.0994763423887878e-05,0.11365413665771484,0.09580542017070073,9.151708131549956e-06,0.11139653623104095,0.09517409013850349,7.700015522149706e-06,0.10943474620580673,0.09462712811572212,6.521606985693453e-06,0.10771984606981277
785,13,cross_attn,Gaussian,1,0.5231308490037918,0.19079059607825782,3.2052202224731445,0.19568068616920048,0.0037037582961290004,0.4222825765609741,0.1395014656914605,0.00099578753737519,0.2757209539413452,0.11306540561573845,0.0003425312707026201,0.1889612376689911,0.09841733934387328,0.000153442153482736,0.14048460125923157,0.08933708237277137,8.66230628063288e-05,0.11535181105136871,0.08268126395959703,5.603397287156059e-05,0.107762411236763,0.07795823259013039,3.984738414836745e-05,0.10123122483491898,0.07462609559297562,3.0143046106260895e-05,0.0953080803155899,0.07211593786875407,2.3868577356122423e-05,0.09039010107517242,0.0702613905545265,1.9835253165260435e-05,0.08645924925804138,0.06885540621384742,1.7425196702648497e-05,0.08341342210769653,0.06766231837017196,1.586911061149451e-05,0.08136449009180069,0.06655025080082909,1.3986113832437659e-05,0.07960094511508942,0.06558765991339607,1.2082442850079716e-05,0.07753518223762512,0.06482305472332334,1.0752004224890821e-05,0.0753612369298935,0.06419902448616331,1.0012072418987035e-05,0.0733216255903244,0.06365187093615532,9.681686989138336e-06,0.0717117041349411,0.06317952340320936,9.505153397986833e-06,0.07052474468946457,0.0627969859374894,9.4271994644234e-06,0.06973414123058319
785,13,mix_ffn_after_gate,Vertical,1,0.9294593802520207,0.16601631364506453,2.07936954498291,0.28395509909069727,0.005142965249618324,0.45607614517211914,0.136823209150443,0.0005280366988153743,0.1877131164073944,0.0844268814202339,9.853179321773035e-05,0.10299748182296753,0.061023895347875265,2.9689195603546235e-05,0.07293272018432617,0.04893002091419129,1.3844699455093058e-05,0.058739397674798965,0.042020773308144674,9.09119524205422e-06,0.05085042119026184,0.03777353027983317,7.3445429066351885e-06,0.04593196511268616,0.035011867504744304,6.613551998650791e-06,0.042676955461502075,0.03313501838535544,6.3021952773786e-06,0.040435388684272766,0.031817006686377144,6.182711818065828e-06,0.03885674476623535,0.030871025301397792,6.142952431042515e-06,0.03823191672563553,0.030181222373530978,6.12852561199586e-06,0.03788674622774124,0.029671490724597658,6.118639496765726e-06,0.037627704441547394,0.029290999241528056,6.106987781714532e-06,0.037433311343193054,0.029005281361086026,6.092229954219984e-06,0.03728973865509033,0.02879038175183629,6.07466184400131e-06,0.03718775138258934,0.02862915846090468,6.055170895147271e-06,0.037121258676052094,0.02850903387344073,6.03474467744267e-06,0.03708582744002342,0.02842061830654977,6.0139762326311705e-06,0.03707672283053398
785,13,mix_ffn_after_gate,Horizontal,1,0.8767077724138895,0.15434199692500394,1.8674805164337158,0.256719819610081,0.004750675534473216,0.4016716480255127,0.11906283372451389,0.0004169750537162705,0.16256335377693176,0.07309589600042692,6.543292172577286e-05,0.08969859778881073,0.05389916725338451,1.7340009957734907e-05,0.06222403794527054,0.044619920530489514,7.963700669558438e-06,0.05039510875940323,0.039634936149158174,5.504769777182216e-06,0.04675198346376419,0.03674095319140525,4.661344986038071e-06,0.044375546276569366,0.0349847726405613,4.351914094827286e-06,0.04287407174706459,0.03390166178227417,4.284722247375378e-06,0.04204247146844864,0.03323874672845242,4.343705325420794e-06,0.041649218648672104,0.032844480541017324,4.4646910697322315e-06,0.04146223142743111,0.032609479176619695,4.581027580828859e-06,0.04128027707338333,0.03245008787110684,4.633503962368582e-06,0.04099244624376297,0.0323125822913079,4.599371794486468e-06,0.040594883263111115,0.032172719075802776,4.4924110464755235e-06,0.040141500532627106,0.032026111665699214,4.344061530269176e-06,0.03969386965036392,0.03187873587012291,4.187864318788241e-06,0.039298348128795624,0.03174096665212086,4.049984315562654e-06,0.038977742195129395,0.031622962020928895,3.94368506567279e-06,0.03873085230588913
785,13,mix_ffn_after_gate,Gaussian,1,0.9043579002221426,0.1816498978970536,2.173880100250244,0.26456801782524775,0.004183727183953045,0.401052862405777,0.12931880047397007,0.00046770162922717264,0.17420896887779236,0.07976577933582049,9.191282155928403e-05,0.09925942122936249,0.05746189830085588,2.779047933125676e-05,0.07316610217094421,0.046002422355943255,1.270085922971532e-05,0.05930710956454277,0.039515331624046204,8.096629580229811e-06,0.051081977784633636,0.035582512084926875,6.402223967759328e-06,0.04594385623931885,0.03307340776045171,5.667488358459106e-06,0.04256901144981384,0.03140439031024774,5.271804132967148e-06,0.04023076593875885,0.03025463992168033,5.009111326035129e-06,0.03854697197675705,0.029442773067525456,4.819707775112227e-06,0.037314943969249725,0.02886033859399576,4.679953650260067e-06,0.036406196653842926,0.028437565213867595,4.574280708848904e-06,0.035730473697185516,0.028128356687606326,4.493819950718895e-06,0.035225462168455124,0.02790256104772053,4.437580289013322e-06,0.03484952449798584,0.027740865384065914,4.408697341816803e-06,0.03457104414701462,0.02762896532104129,4.405952201509959e-06,0.03435844928026199,0.027551593613766488,4.419645042746708e-06,0.0341801717877388,0.027492032874198186,4.436886093449212e-06,0.03401397913694382
785,14,self_attn_after_gate,Vertical,1,0.7963394144224742,0.2604036380385785,3.2804698944091797,0.2659635953013859,0.00449356331505287,0.4547831416130066,0.16752447388947955,0.0010645973908168496,0.2579044699668884,0.1274924221492949,0.0004342999433364512,0.1808372586965561,0.10542208488498415,0.0002419215661792976,0.1399019956588745,0.09110998031165865,0.00016116674952995099,0.1154201477766037,0.08113207189100129,0.00012009312539763703,0.10269582271575928,0.0738433234630123,9.659921912064288e-05,0.09565171599388123,0.06829929665204078,8.209552647973584e-05,0.08967293053865433,0.06392977836113127,7.262200428374553e-05,0.08440516889095306,0.060387500931346226,6.602498767491466e-05,0.07966123521327972,0.05745534545608929,6.108961813215172e-05,0.07538720965385437,0.054989476643857504,5.718241405414928e-05,0.07157877087593079,0.052888381398386426,5.398617056037921e-05,0.06822514533996582,0.05107727327517101,5.1324835900806484e-05,0.06563106924295425,0.04949975658267263,4.9079505399152435e-05,0.06380534172058105,0.048112655265463725,4.71585067636036e-05,0.062224358320236206,0.04688257528912453,4.5489147820238754e-05,0.060851745307445526,0.04578362369821185,4.4016038903627444e-05,0.05964881181716919,0.04479584204299109,4.2699367555723805e-05,0.05857880786061287
785,14,self_attn_after_gate,Horizontal,1,0.7098069541038029,0.13850648108933855,1.9833935499191284,0.2788629103747625,0.0026219941777239357,0.4270572066307068,0.19755278125641837,0.000668884518303541,0.2643456757068634,0.1612698147221217,0.0002853192083837978,0.19923503696918488,0.14077697244901505,0.00016097366022089552,0.1733226776123047,0.1275512661252703,0.00010325022481454155,0.1545259654521942,0.1182564524194551,7.04872133177071e-05,0.13991978764533997,0.11134380315031324,5.036728105666901e-05,0.12845107913017273,0.10599368692390503,3.757589105939728e-05,0.12016657739877701,0.10173049060598252,2.9259149113635768e-05,0.11464756727218628,0.09825766831636429,2.3726947057855345e-05,0.10997000336647034,0.09537863317463133,1.9959795116024386e-05,0.10593349486589432,0.09295701803196044,1.7347602345251665e-05,0.10239908844232559,0.09089501190280157,1.5521456218940744e-05,0.09927669912576675,0.08912051930314019,1.4248129550807122e-05,0.0965181291103363,0.08757918990320629,1.3368006577129183e-05,0.09448077529668808,0.08622923765390639,1.2763875806635268e-05,0.09292804449796677,0.08503796065610553,1.2349231771539022e-05,0.09145195782184601,0.08397943798511748,1.2063478325224304e-05,0.0902208536863327,0.0830330102453156,1.1866500267111378e-05,0.08936017751693726
785,14,self_attn_after_gate,Gaussian,1,0.6388358908986288,0.10765210099294822,1.605338454246521,0.23365770043834808,0.003369148522708061,0.43533286452293396,0.14890260048328885,0.0007666929704281501,0.21696332097053528,0.11021366301510069,0.0003231247669279221,0.1495378166437149,0.08842923693240635,0.00016412870051261445,0.11548598855733871,0.07488641332066248,9.327975035449928e-05,0.09710350632667542,0.06587226121198564,5.819015415909665e-05,0.08544933795928955,0.059495752352097676,3.942600820585716e-05,0.07577168941497803,0.054737686401321775,2.8703925298576088e-05,0.06764836609363556,0.051042523826398546,2.213452374999754e-05,0.06095577031373978,0.04809040558480081,1.7836437426592842e-05,0.05779833346605301,0.04568165954616335,1.4887139881163161e-05,0.05501217767596245,0.043684161194260156,1.2813667482275417e-05,0.052585288882255554,0.042006086853761525,1.134790708488106e-05,0.05050254613161087,0.04058054592164736,1.0315526136524788e-05,0.04872482270002365,0.03935684872761605,9.58966298516502e-06,0.047204144299030304,0.03829565836441896,9.073889709673859e-06,0.04589368402957916,0.037366290916762655,8.696450297977736e-06,0.04475278779864311,0.036545017704604166,8.407068746966134e-06,0.04374858736991882,0.03581371329843052,8.173005895642132e-06,0.042855404317379
785,14,cross_attn,Vertical,1,0.45075467560026383,0.055044944441726765,1.2716898918151855,0.21158903411456517,0.003325303674027378,0.41080671548843384,0.15221319903456976,0.0007403739732425851,0.2367802858352661,0.12918334489776975,0.00026883380159837845,0.17772185802459717,0.1170011953938575,0.00013794080490820383,0.1484290361404419,0.11055589136150148,9.051478771992693e-05,0.13846208155155182,0.10603767361432787,6.316489312530268e-05,0.13081799447536469,0.1025809801760174,4.13145863223019e-05,0.12092205882072449,0.10025163799051255,2.861508475361022e-05,0.11370397359132767,0.09862269614897078,2.1196939023940238e-05,0.10985986888408661,0.09743904476127928,1.678660776132623e-05,0.1073380634188652,0.09656792559794017,1.3789572667210706e-05,0.10548700392246246,0.0958526289415738,1.1417049472597965e-05,0.10480692982673645,0.0951934288891535,9.4192840300542e-06,0.10396130383014679,0.0946158841252327,7.954139129992851e-06,0.102945476770401,0.09412380248781234,6.929576847400499e-06,0.10201077163219452,0.09368630676042466,6.1157854777340384e-06,0.10126277804374695,0.09328557125159673,5.409731572838272e-06,0.10057654976844788,0.09294738431298544,4.849528070467261e-06,0.09976108372211456,0.09269864336838798,4.482827323045063e-06,0.09884648025035858
785,14,cross_attn,Horizontal,1,0.37937521981814554,0.0633815357596426,1.7681059837341309,0.17826285177753085,0.0017829084469300472,0.40864306688308716,0.13998274812622677,0.00036642095583934133,0.1982969045639038,0.12407936274059235,0.00016243485705694664,0.16624093055725098,0.11473391607167228,8.174303827883753e-05,0.14617609977722168,0.10864583544787906,4.334708140116378e-05,0.1316269189119339,0.10453815817359895,2.585442795362609e-05,0.12089649587869644,0.10146024089957041,1.7258710808835653e-05,0.11403048038482666,0.09926790720413602,1.1939727267684782e-05,0.1095895916223526,0.09780529921963102,8.95393556101239e-06,0.1065862625837326,0.09690093166298336,7.373721679436096e-06,0.10460119694471359,0.09634403174831754,6.597622654781827e-06,0.10322782397270203,0.0959085887150159,6.218246264556867e-06,0.10206754505634308,0.09544938282361107,5.842790299477063e-06,0.10135488212108612,0.09500394028330607,5.548071016348712e-06,0.1009533628821373,0.0946495317750507,5.551045212931943e-06,0.10120682418346405,0.09442327656443157,5.9249487001832495e-06,0.10184843093156815,0.09431196962084089,6.590671880654481e-06,0.10238265991210938,0.09426944324421505,7.377373259036981e-06,0.10272683203220367,0.09425967151210421,8.189042611249214e-06,0.10291958600282669
785,14,cross_attn,Gaussian,1,0.39869278480136205,0.058868407178291816,1.40982985496521,0.17410496953460905,0.0021420305233445136,0.30570393800735474,0.12570989522195997,0.000848774633962007,0.2320803701877594,0.10449692394052233,0.0003716452632280932,0.18167752027511597,0.09364003936449687,0.00019073127387155114,0.14660589396953583,0.08708657537187849,0.00010871739485677482,0.12343260645866394,0.08254287037111464,6.885072498318299e-05,0.1093493402004242,0.07930529566984328,4.705103800446022e-05,0.10032258927822113,0.07684722566415393,3.376096287351186e-05,0.09377061575651169,0.0749175235156029,2.50202409022014e-05,0.08864425867795944,0.07351331424618525,1.970756069587088e-05,0.08478438854217529,0.0724417952791093,1.609856915228588e-05,0.08193172514438629,0.07146674146254857,1.288749977270581e-05,0.07929514348506927,0.07054473790857527,1.017992520726748e-05,0.07700251042842865,0.06973077132115288,8.128755655206738e-06,0.07554899901151657,0.06904500356269261,6.5909287744613164e-06,0.07451233267784119,0.06848460648741041,5.460638879761478e-06,0.07355033606290817,0.06804340048914864,4.674562707471248e-06,0.07276961207389832,0.06771417896425913,4.146680764727007e-06,0.0721905529499054,0.06747371484599417,3.818024485502759e-06,0.07169404625892639
785,14,mix_ffn_after_gate,Vertical,1,0.8688959611786736,0.1745030312032074,1.9813785552978516,0.2387887721969968,0.003820190596713022,0.3552801012992859,0.11306404795438524,0.00031389130148029104,0.14458101987838745,0.07165238468183412,5.1204234716638906e-05,0.0871034562587738,0.05411665088364056,1.6009888679640204e-05,0.06370353698730469,0.0453057624399662,9.194856166194666e-06,0.052760787308216095,0.040309826237341716,7.512025504057341e-06,0.0471416711807251,0.03722561505578813,7.042644062367873e-06,0.044967830181121826,0.03520703791744179,6.921473311025501e-06,0.043821416795253754,0.033829817400565225,6.890982542290864e-06,0.04309422895312309,0.03285885327273891,6.858819873741321e-06,0.04259052872657776,0.032157044887306196,6.820337630558902e-06,0.04224338382482529,0.03164272734688388,6.802925369928271e-06,0.04205121472477913,0.03126351467318951,6.8099522466130916e-06,0.041987091302871704,0.030982341380819442,6.828434557563658e-06,0.042000580579042435,0.03077255269246442,6.847438052371983e-06,0.04204403609037399,0.030615079113178782,6.859285155514188e-06,0.04207991063594818,0.030496015464739193,6.860753081387032e-06,0.04208504781126976,0.030405195311657966,6.854171311505342e-06,0.04205319657921791,0.03033541009894439,6.8455142719923556e-06,0.04199182987213135
785,14,mix_ffn_after_gate,Horizontal,1,1.0737975097837902,0.2565526112530054,2.6396126747131348,0.35268409952284796,0.0061591520241848765,0.520254373550415,0.18616503145959643,0.0008157760449298302,0.24438577890396118,0.11920699193364098,0.00018023878806929942,0.14467965066432953,0.08674183949118569,5.6332908862576096e-05,0.10253699123859406,0.06902101369840759,2.357759664235293e-05,0.08038674294948578,0.05852365943174514,1.27004859113989e-05,0.0672895535826683,0.05194225298270347,8.459799126285022e-06,0.059002332389354706,0.04764167331750431,6.5944756457673e-06,0.05351627990603447,0.04474015238266143,5.688894165594096e-06,0.05049464851617813,0.04273086626614843,5.21208832740526e-06,0.04845527559518814,0.041308465931150645,4.94595486454421e-06,0.047016143798828125,0.040282415314799265,4.790887632242444e-06,0.045982204377651215,0.039530893994702235,4.694919335336127e-06,0.045226238667964935,0.03897405528123417,4.630680131059953e-06,0.044665638357400894,0.038557616254640006,4.584795842795542e-06,0.04424586147069931,0.03824370318935031,4.550210824712932e-06,0.043929073959589005,0.03800562952482511,4.523062661491123e-06,0.04368901252746582,0.037824382207223346,4.501619575404187e-06,0.04350753128528595,0.03768620935697404,4.485818360379812e-06,0.04337189346551895
785,14,mix_ffn_after_gate,Gaussian,1,0.8618843257427216,0.1754331723443995,1.9884905815124512,0.23680721578143893,0.004050262134186454,0.36506974697113037,0.11001982468934286,0.0003593322779512819,0.14866609871387482,0.06795625778890792,5.9240742484152925e-05,0.08330780267715454,0.050528264530594384,1.6451981563699236e-05,0.05832729488611221,0.04222735597027673,7.79828123260831e-06,0.04789922386407852,0.03781567236024236,5.519194179361855e-06,0.043461136519908905,0.0352668452357489,4.774456935552528e-06,0.040789417922496796,0.03369868907427031,4.479114106121168e-06,0.03909117728471756,0.032686623670752084,4.328483092401912e-06,0.03796667978167534,0.0320093956672483,4.236066281708327e-06,0.03720201551914215,0.03154242854742777,4.187045590146086e-06,0.036666180938482285,0.031211845340236785,4.1678664584570925e-06,0.03627639263868332,0.030972519357289587,4.163000896159886e-06,0.035984113812446594,0.03079723235633638,4.164176872439316e-06,0.03576049953699112,0.030670592797890542,4.167257801707751e-06,0.03558819368481636,0.03058392906354533,4.167975489389921e-06,0.035457707941532135,0.030530982044717624,4.162575812241107e-06,0.035364024341106415,0.03050545144767042,4.151941417065834e-06,0.03530208021402359,0.030500923682536398,4.141401226887905e-06,0.03526493161916733
749,12,self_attn_after_gate,Vertical,1,0.5403004298134456,0.4118878672412582,3.1414804458618164,0.1469048952299451,0.0005753256167240069,0.2039276659488678,0.10690581018016451,0.0001945483161406434,0.13605818152427673,0.08686554573831104,0.00010541277301293433,0.10860200971364975,0.07513050072722965,7.209613707857653e-05,0.09459909796714783,0.06753869839603939,5.659978801170885e-05,0.08646691590547562,0.0622270130330608,4.828817852176496e-05,0.08024527132511139,0.05828209073534087,4.3215008651130206e-05,0.0751902312040329,0.055218898587756686,3.978235275284663e-05,0.0709526389837265,0.052759706500976805,3.729253618753601e-05,0.06733917444944382,0.05073477381042072,3.540378596886223e-05,0.06422276049852371,0.04903421373594375,3.392807087310238e-05,0.06151159852743149,0.0475833470977488,3.2749436042811045e-05,0.05913711339235306,0.046329436439370354,3.178853915691244e-05,0.05704697221517563,0.04523407046993574,3.0988019073249465e-05,0.05591454356908798,0.044268529448244304,3.0305979169320938e-05,0.054968949407339096,0.04341086396385753,2.9712461424603136e-05,0.054151639342308044,0.042643948975536555,2.9186528127680797e-05,0.0534430667757988,0.04195418640498131,2.8714089248259892e-05,0.05282686650753021,0.041330591080680726,2.8285843164957576e-05,0.05228893831372261
749,12,self_attn_after_gate,Horizontal,1,0.1933265524724173,0.00960343544477172,0.6846245527267456,0.11529889915670667,8.337767069608847e-05,0.13995365798473358,0.10061788901923195,2.6529221297603397e-05,0.11145316809415817,0.09344748454907584,1.5101003945964754e-05,0.10256551951169968,0.08909652807882854,1.1820472470572872e-05,0.09630018472671509,0.08612379348940319,1.060976170125875e-05,0.0916900634765625,0.08391506284002274,1.0177529713606066e-05,0.08927589654922485,0.08218783152008814,1.0175825300979492e-05,0.08772669732570648,0.08079697085278374,1.0373438749798176e-05,0.08646084368228912,0.07965340642702012,1.0619969069082042e-05,0.08540379256010056,0.07869581878185272,1.0851980006826565e-05,0.0845077857375145,0.07788048968428657,1.105330303304018e-05,0.08373644948005676,0.07717539027096733,1.1226340333557308e-05,0.08306235074996948,0.07655670399230624,1.1378565847398184e-05,0.0824659913778305,0.07600673619243833,1.1516862615141841e-05,0.08193370699882507,0.07551237349472349,1.1645985096047504e-05,0.08145523071289062,0.07506385859515932,1.1768803692535598e-05,0.08102236688137054,0.0746538271270101,1.188693323269083e-05,0.08062831312417984,0.07427662197086546,1.200123768560407e-05,0.08026742190122604,0.07392782221237819,1.2112187246753125e-05,0.07993501424789429
749,12,self_attn_after_gate,Gaussian,1,0.46145208392824444,0.43366782987123537,3.375486373901367,0.1198944870441679,0.0004111841531399147,0.17834627628326416,0.09044499872695833,0.0001635040733034302,0.13217169046401978,0.0744819479684035,8.194120211248579e-05,0.10290123522281647,0.06466063744728527,4.786863371246051e-05,0.08457458019256592,0.05815533530854043,3.1575860913786395e-05,0.07524421811103821,0.05361280744037931,2.305676630791481e-05,0.0684596449136734,0.05030310224919092,1.8280124713973802e-05,0.06360922008752823,0.04780210383118145,1.5414962454290983e-05,0.0598975270986557,0.045850510930731184,1.3568332207875739e-05,0.056945063173770905,0.04428400802943441,1.2287402511101817e-05,0.05449991673231125,0.04299575658071609,1.1341121965009703e-05,0.052400141954422,0.0419145194547517,1.0610076461358748e-05,0.05054907500743866,0.04099148503016858,1.002815758713133e-05,0.048893317580223083,0.04019229261884614,9.554508984160412e-06,0.04740271344780922,0.039492131610001834,9.161545602238735e-06,0.04605685919523239,0.038872643506952693,8.829995282500997e-06,0.044839441776275635,0.03831989829620672,8.54618969671957e-06,0.04373646900057793,0.03782311374587672,8.3003222707863e-06,0.042829714715480804,0.03737380541861057,8.085170937566729e-06,0.042306020855903625
749,12,cross_attn,Vertical,1,0.40149431782109396,0.10496845680410148,2.336839437484741,0.19981916579935285,0.0009688161373456929,0.292476624250412,0.16257024095171974,0.0003629064249097833,0.21648401021957397,0.1409037620538757,0.0001678584136620572,0.1845373511314392,0.12751031477773,8.899770748914904e-05,0.15963631868362427,0.118800164569938,5.251232461493656e-05,0.14189302921295166,0.11283819814996114,3.449544799749859e-05,0.1295306533575058,0.10859952003709854,2.5052160016473813e-05,0.12081322818994522,0.10544212328063117,1.9489988259308022e-05,0.11692185699939728,0.10299677271691579,1.537745453610355e-05,0.11370126157999039,0.10108419176605013,1.2002557255189946e-05,0.1109132468700409,0.09947979000825731,9.982952481260688e-06,0.10833634436130524,0.09812315139505598,9.038274276156963e-06,0.10630455613136292,0.09701005404903776,8.042531662773638e-06,0.10453414916992188,0.09605475349558724,6.9276432591694225e-06,0.10304334759712219,0.09524884252321153,5.93709105582194e-06,0.10259583592414856,0.09460415076168757,5.324138293130658e-06,0.10194357484579086,0.09404662464346204,4.867495391435969e-06,0.10129344463348389,0.09355240019540938,4.244192403620252e-06,0.10009494423866272,0.09319545553317146,3.7250167093857137e-06,0.0986228734254837
749,12,cross_attn,Horizontal,1,0.46933334474525756,0.1382790812136743,2.7506790161132812,0.21032187579170106,0.0018219524284441581,0.41760504245758057,0.1640088591310713,0.00041299140445963574,0.229505717754364,0.14004963979361548,0.00015096355951470543,0.16752293705940247,0.12607788389164304,7.495222993516727e-05,0.14786024391651154,0.11724798984470822,4.3901597966478184e-05,0.13552191853523254,0.11132148369437173,2.841152615845774e-05,0.12697046995162964,0.1071499405162675,1.956634050136642e-05,0.12066368758678436,0.10406598756237635,1.4225987597293411e-05,0.11587898433208466,0.10173075409635665,1.0556149221543293e-05,0.11215222626924515,0.099870651369057,7.977497978104894e-06,0.109096460044384,0.09839628293873771,6.178234654997487e-06,0.10655122995376587,0.09720952288498955,4.9502267466631665e-06,0.10444769263267517,0.09624178530204863,4.125834975615807e-06,0.10283830761909485,0.09547347196983913,3.4158196244928313e-06,0.10164188593626022,0.0948100213020567,2.886428205290734e-06,0.10078006982803345,0.09414919513085532,2.375615730512876e-06,0.09966118633747101,0.09358100510305828,1.972380088056459e-06,0.09838826954364777,0.09313816943811992,1.6986143597204335e-06,0.09752985835075378,0.0927469108312849,1.472112215683832e-06,0.09674206376075745
749,12,cross_attn,Gaussian,1,0.2926337011749782,0.030404804246747436,1.0778751373291016,0.13801099170768072,0.0008267985030215474,0.2644727826118469,0.10611592067612542,0.0002577285077670604,0.17149178683757782,0.09087919633066843,0.00011672547186414829,0.14373841881752014,0.08247597586540949,6.460014487690736e-05,0.1251470148563385,0.07714717314829903,3.9582759754426365e-05,0.11175725609064102,0.07361398507205266,2.5259120446996062e-05,0.1005258858203888,0.07112584937186468,1.6993344156980605e-05,0.09193896502256393,0.06936518989858173,1.1908554929638654e-05,0.08538541942834854,0.06812900677323341,9.053748536052415e-06,0.08040180802345276,0.0672481915070897,7.437617626891086e-06,0.07635688781738281,0.06633990198846847,5.79344552639802e-06,0.07227681577205658,0.06537314853261388,4.783738449635867e-06,0.06925683468580246,0.06456774402232397,4.400073858769648e-06,0.06822517514228821,0.06400390874062266,4.221338490265252e-06,0.06778287887573242,0.06358845827598421,4.210108763109342e-06,0.06754867732524872,0.06327633896753901,4.345752033386452e-06,0.06737807393074036,0.06305765656251756,4.654567202405803e-06,0.06738103181123734,0.06290632604606568,5.083690402805036e-06,0.0677276998758316,0.06280070566941821,5.497189459582257e-06,0.06834371387958527
749,12,mix_ffn_after_gate,Vertical,1,1.0228480479073903,0.2951790402633932,2.9257850646972656,0.3098827460928569,0.005634871911488686,0.4719880521297455,0.14926082049570386,0.0006425305444001814,0.20045796036720276,0.08917635336281761,0.00011497510698046603,0.1091047078371048,0.06185781524058372,3.0477903116560997e-05,0.07296258956193924,0.04749162548354694,1.1678924722254589e-05,0.054739706218242645,0.03916942641612083,6.667801444496719e-06,0.04434308782219887,0.03401782662267723,5.259358512869877e-06,0.03802993893623352,0.030665011366917974,4.903082046320947e-06,0.0349731370806694,0.028399593152460597,4.866541265109741e-06,0.03344951570034027,0.026826660311411298,4.913772877477603e-06,0.032380927354097366,0.025709233409355558,4.970283205805853e-06,0.031615596264600754,0.024899474093838345,5.021280618944455e-06,0.03105640783905983,0.02430413769824164,5.072667436162889e-06,0.030648071318864822,0.023863349582940813,5.1337521335276115e-06,0.030362222343683243,0.02353727873710413,5.204418924464247e-06,0.030177896842360497,0.02329730671194811,5.271989676790029e-06,0.030069585889577866,0.023121730439246646,5.322808306901291e-06,0.03000941313803196,0.02299414947628975,5.350981066709658e-06,0.029972167685627937,0.02290202115499784,5.355775586088229e-06,0.02993627078831196
749,12,mix_ffn_after_gate,Horizontal,1,0.7620539873365372,0.12126383446211275,1.6820087432861328,0.2212677754106976,0.003546822541648165,0.34654656052589417,0.10276126187472116,0.00034785995857400506,0.13922983407974243,0.0618969625423825,5.9879009199168785e-05,0.07702513784170151,0.04438501980806154,1.6104814772427234e-05,0.05268879234790802,0.035704511971700756,6.799390461045092e-06,0.04223140701651573,0.030962166568589588,4.171339373656234e-06,0.03641678765416145,0.028191362522424213,3.2687467869270897e-06,0.03302894905209541,0.026478112305677128,2.9509798926081727e-06,0.031025543808937073,0.025352094499837784,2.810328770756645e-06,0.029936794191598892,0.02457358729508188,2.715247976838984e-06,0.029335742816329002,0.024028387689401232,2.6528354098943633e-06,0.028910350054502487,0.023646102360789737,2.6200132048195183e-06,0.0285973958671093,0.02337508122362788,2.609589345721953e-06,0.028355836868286133,0.02318001284249245,2.6145801260698896e-06,0.028170041739940643,0.02303712767741037,2.6279817188066384e-06,0.02803649939596653,0.022929215360255467,2.6424524968846274e-06,0.02794596180319786,0.02284467950581558,2.6536873535732904e-06,0.027886122465133667,0.022777565178417024,2.6613367769738302e-06,0.027847472578287125,0.022725260151284083,2.666502618533241e-06,0.027822956442832947
749,12,mix_ffn_after_gate,Gaussian,1,0.7141055043727632,0.10471033433224945,1.51898992061615,0.21137968060516177,0.0030798893448375437,0.3455885052680969,0.10094224176709614,0.000276887539724624,0.137937530875206,0.06252455918325318,4.581007342006686e-05,0.07609423995018005,0.045752365201238605,1.2354908841715204e-05,0.05195038765668869,0.037457847642520116,5.662865200380948e-06,0.04099781811237335,0.03299831137770698,4.03574913219575e-06,0.03626852110028267,0.03044200756601871,3.5691419641045302e-06,0.03355935215950012,0.028898452009473528,3.43047780529552e-06,0.03234713524580002,0.027920524929724043,3.4137191728682343e-06,0.031817466020584106,0.02727022524627428,3.4200993356119067e-06,0.031484104692935944,0.02682136782696323,3.402915881002352e-06,0.031161794438958168,0.026508722661270037,3.3708340411254224e-06,0.03085099533200264,0.026293619994133238,3.3378039053301698e-06,0.030576705932617188,0.026148542968763247,3.3082384841750277e-06,0.03034050203859806,0.026052498243867406,3.2820576956531995e-06,0.030133148655295372,0.02598954267090275,3.258234112748272e-06,0.029946545138955116,0.025948234464204502,3.2361354373864e-06,0.02977769821882248,0.025921049128685678,3.215753343021144e-06,0.029627244919538498,0.02590345579480368,3.197439972721028e-06,0.029496636241674423
749,13,self_attn_after_gate,Vertical,1,0.19954035679499307,0.016672060281543333,0.7943944931030273,0.08897772135715636,0.00013496203261426093,0.12079249322414398,0.0713547860819196,7.039237627595634e-05,0.096138596534729,0.06289235703528874,5.75724203338294e-05,0.08362579345703125,0.05767589789770898,5.1029692774913515e-05,0.07579730451107025,0.054059832578613645,4.6503394336977675e-05,0.07066626846790314,0.05138128853979565,4.3248371143386196e-05,0.06715136766433716,0.04930848409495656,4.090515117765469e-05,0.06462429463863373,0.04765413878929047,3.922254247241406e-05,0.0627271980047226,0.04630201534619407,3.801000831139647e-05,0.061247341334819794,0.0451753426284071,3.712510513639927e-05,0.06004994735121727,0.04422107989352847,3.646445978136745e-05,0.059045545756816864,0.04340132657024595,3.595568253123989e-05,0.05817388743162155,0.04268839854806188,3.554989405967153e-05,0.057394787669181824,0.042061746682203006,3.521486457231263e-05,0.05668206512928009,0.04150591586672124,3.4929709183179105e-05,0.05601899325847626,0.04100909681310729,3.468095053771879e-05,0.055394940078258514,0.04056212660812196,3.446003948715078e-05,0.054803162813186646,0.040157764085701535,3.4261634740113995e-05,0.05423935130238533,0.03979016396970976,3.408245465297799e-05,0.05370078980922699
749,13,self_attn_after_gate,Horizontal,1,0.3912229455179638,0.18409953597990153,2.302170991897583,0.13282853412249732,0.00016925266498209456,0.16953642666339874,0.10738614816514272,4.151523550157149e-05,0.12381777167320251,0.09464502429205274,2.4328711088766606e-05,0.10614686459302902,0.0870580742993052,2.191959189983919e-05,0.10023888200521469,0.08199571581586959,2.1822218524203102e-05,0.09615634381771088,0.07832872169831442,2.207218342460946e-05,0.0930936336517334,0.07551615401392892,2.244025865286102e-05,0.09069974720478058,0.07327130253589342,2.292282540617959e-05,0.08877455443143845,0.07142706617476448,2.349462713687696e-05,0.08719047904014587,0.06987833710653442,2.410373986428397e-05,0.08585561066865921,0.06855519955593442,2.4702894106001647e-05,0.08470094203948975,0.06740924745561584,2.526386728397957e-05,0.08367778360843658,0.06640579717026816,2.57743804803178e-05,0.08275361359119415,0.06551914461075313,2.623140211111595e-05,0.08190709352493286,0.06472964915964338,2.6636607244652393e-05,0.08112476766109467,0.06402194783801124,2.6993970732622754e-05,0.08039875328540802,0.06338381270567577,2.7308381108349604e-05,0.07972491532564163,0.06280539852995722,2.7584712038836945e-05,0.0791010856628418,0.06227871036482236,2.7827219017401542e-05,0.07852567732334137
749,13,self_attn_after_gate,Gaussian,1,1.3247482928018721,3.7079055630628317,7.477798938751221,0.13898350404841558,0.0007588346400328592,0.2603074908256531,0.1057034922497613,0.0002451032204012907,0.16191859543323517,0.08740420568557013,0.00011844962251410257,0.12165004014968872,0.07575948299869659,6.70555096847361e-05,0.10338237881660461,0.06788582319305056,4.399139748166281e-05,0.0896713063120842,0.062243186883510104,3.184650704540152e-05,0.0792122483253479,0.05801681145316079,2.452615428434843e-05,0.0711858868598938,0.05474605263462142,1.970213023137197e-05,0.06498666107654572,0.05214726871677807,1.6356240344555924e-05,0.0610480010509491,0.0500334416116987,1.3970731471819644e-05,0.05786260589957237,0.04827666726140749,1.2241368984028592e-05,0.055107034742832184,0.04678817731993539,1.0970097261912476e-05,0.05272141098976135,0.04550593044786226,1.0021768183403335e-05,0.05065278336405754,0.044386146205758294,9.30284814819857e-06,0.049126990139484406,0.043397437189779585,8.748398715206223e-06,0.04799475520849228,0.042516799081885624,8.313188207352423e-06,0.04711519181728363,0.04172692028066469,7.96561451941704e-06,0.04631311446428299,0.04101440411001917,7.683407342685638e-06,0.045578502118587494,0.04036860250764423,7.450751317662275e-06,0.04490400850772858
749,13,cross_attn,Vertical,1,0.5082972338275303,0.1287636380226454,2.2819080352783203,0.20688282970398192,0.0035237744849718772,0.4475320875644684,0.15143145691780818,0.0009325719866483218,0.2820923328399658,0.12855260807370383,0.00026218878094249676,0.18452617526054382,0.11693916032238612,0.00011801267844262574,0.15125903487205505,0.11002142195190702,7.217192964109597e-05,0.13781850039958954,0.10537412348720762,4.955178843542544e-05,0.1272924244403839,0.10208624766932593,3.646429045922684e-05,0.1207396388053894,0.09966402843831078,2.8380760733039556e-05,0.11722700297832489,0.09781851004513484,2.308631443173753e-05,0.1144692450761795,0.0963102670179473,1.869741425853793e-05,0.11194589734077454,0.09500738670901647,1.4341175458962139e-05,0.10904228687286377,0.09396876962411971,1.1385770933147065e-05,0.10646166652441025,0.09316622182017281,1.0101593119893037e-05,0.10499373078346252,0.09250363908589833,9.520253466018455e-06,0.10407790541648865,0.0918683921770444,8.89555919643248e-06,0.1028786227107048,0.09125834076650559,8.287721996298326e-06,0.10126294940710068,0.09075076783460284,7.820082676840319e-06,0.09971736371517181,0.09031728383094545,7.230502035852621e-06,0.09834456443786621,0.08988614758801838,6.459067871717828e-06,0.09718459099531174
749,13,cross_attn,Horizontal,1,0.3837446967760722,0.02706937404211235,0.8239728808403015,0.171854777232049,0.0008861000497343127,0.2523605525493622,0.13406134207570364,0.0002547293733263066,0.18649077415466309,0.11900974372549662,0.00013096329683967456,0.15331897139549255,0.11108452862217313,8.160610426010255e-05,0.14059868454933167,0.10635985008307866,5.4621991689086465e-05,0.131273090839386,0.10329008705559231,3.8031942213191795e-05,0.12399844080209732,0.10114382432093696,2.7312065212190173e-05,0.11855864524841309,0.09950281301188091,1.9546923147946668e-05,0.11392466723918915,0.09798119347246867,1.3544174220564224e-05,0.1098780557513237,0.09682376635453058,9.97265797009007e-06,0.10747742652893066,0.0958901715893594,7.628212509578927e-06,0.10594181716442108,0.0950797578645131,5.699637801749439e-06,0.10412562638521194,0.09447237056872201,4.512271510438853e-06,0.10303395241498947,0.09399166845140003,3.7274355707812377e-06,0.10220563411712646,0.09355556006942477,3.1015515571728866e-06,0.1012243926525116,0.09317095045532499,2.632564284152555e-06,0.10037018358707428,0.09284026838011211,2.2461426539640734e-06,0.09945164620876312,0.09256397341451948,1.943468825693556e-06,0.09860766679048538,0.09234299333322615,1.7195538300665148e-06,0.0977703258395195
749,13,cross_attn,Gaussian,1,0.3502725015083949,0.03734974300722487,1.0962400436401367,0.15272023871777549,0.0012552788622351104,0.3029564917087555,0.11297982008684249,0.000290532996000675,0.16720932722091675,0.09508602226537372,0.00012925902442586848,0.1298278570175171,0.0850173608651237,7.419711901568162e-05,0.11135866492986679,0.07897821257984827,5.011151070470856e-05,0.10256977379322052,0.07500950235223013,3.7004828683561e-05,0.0945575013756752,0.07220828905701637,2.7521355077224164e-05,0.08860352635383606,0.07008748247273384,2.2304648512911173e-05,0.08480806648731232,0.06825925504404401,1.9667076670347415e-05,0.08279511332511902,0.06689655077126291,1.7549246643022494e-05,0.08068878948688507,0.06589224680312096,1.6058820189843225e-05,0.07895126193761826,0.06511511925667052,1.4920773148416909e-05,0.07739125192165375,0.06453609774037013,1.3864013482031983e-05,0.07539170980453491,0.06411127805236787,1.322267165785653e-05,0.07319816946983337,0.06374041954912836,1.2911847794086467e-05,0.0726119875907898,0.06342969521407098,1.2743427986376396e-05,0.07201822847127914,0.06322278957518321,1.2799902997591078e-05,0.07159324735403061,0.06307279903973852,1.2907438184112159e-05,0.07132620364427567,0.06294511536520625,1.2933616277976852e-05,0.071125328540802
749,13,mix_ffn_after_gate,Vertical,1,0.903548755816051,0.18435776321850128,2.0113673210144043,0.2513037896345532,0.004628967473032054,0.3957090973854065,0.11629681265543378,0.0003975980369347884,0.15659548342227936,0.07248541872416224,6.463763835328027e-05,0.08815598487854004,0.054286886597909624,2.006286314652318e-05,0.06413246691226959,0.04516509405913807,1.1118731070703279e-05,0.05246942862868309,0.03997219608180107,8.704188109439355e-06,0.04711495339870453,0.03676282842126158,7.941245122287332e-06,0.04387378692626953,0.034670688773668,7.666730003878822e-06,0.04180501401424408,0.0332576705231553,7.531453244178924e-06,0.04050072282552719,0.032279421974505694,7.429977622330404e-06,0.039881423115730286,0.03158958815038204,7.329437858548503e-06,0.03943272680044174,0.031096100038479246,7.2204269894289145e-06,0.039091404527425766,0.030739231478600276,7.106926537613795e-06,0.03883396089076996,0.030480060992496356,6.999835581594238e-06,0.03865882381796837,0.03029314662137675,6.907467481490244e-06,0.03856346011161804,0.03016069915796083,6.830582831011831e-06,0.03853445500135422,0.03006910201576021,6.7656627803982516e-06,0.0385533943772316,0.030007770196312948,6.7090635263905685e-06,0.03860314190387726,0.02996866109352263,6.658201590521236e-06,0.03866973891854286
749,13,mix_ffn_after_gate,Horizontal,1,0.963423646631695,0.2039505617876839,2.136270523071289,0.2926168706681993,0.005617132799758357,0.45560652017593384,0.1471612893399738,0.0006157618546608324,0.20055989921092987,0.09360805555941566,0.0001254623214890982,0.11913248896598816,0.06868716997523157,3.6857852143895136e-05,0.08442054688930511,0.05541180310741303,1.4748697474231995e-05,0.06585988402366638,0.047721485947332686,7.968500893157462e-06,0.055553678423166275,0.04300553653211821,5.533630614900869e-06,0.04950688034296036,0.03998425484649719,4.568810023405184e-06,0.04567110538482666,0.03797566068787423,4.160429068008672e-06,0.04387391358613968,0.036604103883580555,3.988224648161732e-06,0.04285223037004471,0.035659064908349324,3.931565206596991e-06,0.042140159755945206,0.03501249799534442,3.942622107081425e-06,0.041701897978782654,0.03457934101895681,4.000954760487435e-06,0.041466668248176575,0.03429774401916398,4.092088028890148e-06,0.041344501078128815,0.03411560975724742,4.193598385537091e-06,0.04124252498149872,0.03398569640777414,4.272993031362165e-06,0.04108622297644615,0.03386941803471437,4.300680442316447e-06,0.04084515571594238,0.033743399121458566,4.266022925764126e-06,0.04053875803947449,0.03360153433112871,4.182079957484745e-06,0.04021775349974632
749,13,mix_ffn_after_gate,Gaussian,1,0.9571421349805499,0.212302212552614,2.2964279651641846,0.2653506916193735,0.004849157389897923,0.4089225232601166,0.1252604147034978,0.00047296322467052943,0.16469818353652954,0.07642438315919467,8.63678977143965e-05,0.0945959985256195,0.054961276432824516,2.4324575688974894e-05,0.06547557562589645,0.044224257270495095,1.0577142533400137e-05,0.05160237103700638,0.038350987824655715,6.782950433289855e-06,0.04394645243883133,0.03491258825219813,5.561366442508737e-06,0.0404767207801342,0.032786506242931834,5.110312825645303e-06,0.0385490357875824,0.03141780182837494,4.9057942226828484e-06,0.03732988238334656,0.03051069937646389,4.776235877280547e-06,0.036507632583379745,0.02989246935716697,4.662558137785559e-06,0.035916805267333984,0.029458758968209462,4.549920283887549e-06,0.03547903150320053,0.029146810254407306,4.445764865556831e-06,0.03515447676181793,0.028921903007560305,4.370119890632135e-06,0.03491731733083725,0.028766386417879,4.338573976886539e-06,0.03474140539765358,0.028665320060792424,4.346108677079094e-06,0.034599367529153824,0.028598982574684278,4.370673845121565e-06,0.0344737209379673,0.02854958274179981,4.391851902697594e-06,0.034359246492385864,0.02850799818360616,4.402152353979376e-06,0.034255437552928925
749,14,self_attn_after_gate,Vertical,1,0.5572622844151088,0.0813283985004828,1.3644766807556152,0.1983530514297031,0.0015809580428890622,0.32771819829940796,0.13310321432257455,0.00047243411494434027,0.19899220764636993,0.10407689745937075,0.00023017943024993752,0.14834773540496826,0.08720223794853876,0.00013314676627910907,0.11546166241168976,0.07622836819953388,8.926092806075251e-05,0.09652337431907654,0.06861789997607942,6.759871532282296e-05,0.0870647132396698,0.06308554006474358,5.601340740215391e-05,0.08091367036104202,0.05890485295464122,4.9373941663662603e-05,0.07621483504772186,0.05563602277210781,4.528952250067532e-05,0.0724707692861557,0.05300758010338223,4.257179060443554e-05,0.06937680393457413,0.05084877313366012,4.060084856219384e-05,0.06675375998020172,0.049047661324342094,3.904684506614826e-05,0.06449081003665924,0.04752681806447014,3.773530715881566e-05,0.062513068318367,0.046230066449396194,3.657436740714391e-05,0.0607660636305809,0.04511518533977251,3.551458281570994e-05,0.05920886620879173,0.044149862691050486,3.4528271416446296e-05,0.05781155079603195,0.04330930243881922,3.359986967952082e-05,0.05655258148908615,0.042574405078850096,3.272142504803136e-05,0.05574287474155426,0.041930226875202994,3.188989479249273e-05,0.05499793589115143
749,14,self_attn_after_gate,Horizontal,1,0.6772796100094205,0.10441379027403477,1.5771843194961548,0.2628676825099521,0.0020067421272321434,0.37420257925987244,0.1845842417743471,0.0005384273315630359,0.2442411184310913,0.15058094901697977,0.00022483042843422557,0.19222749769687653,0.1315025726244563,0.00012292947280885267,0.1634393334388733,0.11921925996504133,7.63934767661207e-05,0.1444222331047058,0.11075112365541004,5.0128981247495074e-05,0.13181276619434357,0.10466452297710237,3.499578267234706e-05,0.12242020666599274,0.1001340677104299,2.6346356060567774e-05,0.11536051332950592,0.09665002153506355,2.1280277473153225e-05,0.1099112331867218,0.09389086517076643,1.8202284557283244e-05,0.10556912422180176,0.0916446785605143,1.6237706478819656e-05,0.10201869159936905,0.08976932544083822,1.4890155797554458e-05,0.09938782453536987,0.08817098833738811,1.3884711185906106e-05,0.09790278971195221,0.0867880599366294,1.3074879938453618e-05,0.09666506946086884,0.08557870262672031,1.2384260141372438e-05,0.0955430269241333,0.08451277916393583,1.1774054446061364e-05,0.09451353549957275,0.08356722479774839,1.1225585916912813e-05,0.09356354176998138,0.0827236483021388,1.0731294316322777e-05,0.09268449246883392,0.08196712817464556,1.0289555812115089e-05,0.09186984598636627
749,14,self_attn_after_gate,Gaussian,1,0.6872827623571668,0.17183935655030447,2.251246929168701,0.23566229168384795,0.0036840875382306414,0.39300042390823364,0.1476787935410227,0.0010863857440664593,0.2250080555677414,0.10912594766843886,0.0004991084689963212,0.1601680964231491,0.08791182030524526,0.00026672567144081093,0.1365167796611786,0.0749059510491197,0.0001583533473772995,0.11525174975395203,0.06619401796469612,0.00010083924895800155,0.09807652235031128,0.0599666042696862,6.784951308101925e-05,0.08464448153972626,0.05530759798628943,4.82344208275328e-05,0.0772903710603714,0.051704802624289954,3.6299230694227684e-05,0.07289989292621613,0.04884715514287116,2.8850826914917203e-05,0.0690637156367302,0.046532146869197724,2.4044588130076296e-05,0.06568029522895813,0.044621300011400196,2.0809701154559617e-05,0.06267045438289642,0.04301678614010886,1.8520868609900117e-05,0.059966009110212326,0.041647904449039035,1.681021509549566e-05,0.057510510087013245,0.040462918283920436,1.546126411342759e-05,0.05526157468557358,0.03942387598374533,1.4347859949926393e-05,0.05319079011678696,0.038503162888070895,1.339795349181068e-05,0.05128144100308418,0.0376808118843843,1.2570739764417954e-05,0.04952365905046463,0.036942338038768084,1.1843028482359734e-05,0.04790991172194481
749,14,cross_attn,Vertical,1,0.43146847898051854,0.06678135525274527,1.4946651458740234,0.1836667162558389,0.0017962143184675114,0.2931305170059204,0.14249618256848956,0.0005361760253394133,0.21866634488105774,0.1257630508570444,0.00025251987543634986,0.17787796258926392,0.11602747712343459,0.00012968120278863087,0.1544654667377472,0.1100748446252611,7.896734488932781e-05,0.13794991374015808,0.10572862116590379,5.0775277279581966e-05,0.12842947244644165,0.10224474150510061,3.269087316981032e-05,0.12083134055137634,0.09968665395937269,2.2658045879037977e-05,0.11587438732385635,0.0979354295229155,1.660253763174332e-05,0.11226840317249298,0.09668853039306308,1.264552586790108e-05,0.10934638977050781,0.09577491832157922,1.021445307699326e-05,0.10700869560241699,0.09505771372526411,8.644137066746825e-06,0.10494247823953629,0.0944076134335427,7.440835969509192e-06,0.10302584618330002,0.09377210918400022,6.401469348191988e-06,0.1013798639178276,0.09319206433636802,5.5238009354836914e-06,0.10006760060787201,0.0927077645347232,4.900905972354127e-06,0.09902343153953552,0.09232667419645521,4.58520861235238e-06,0.09812930226325989,0.09203992961418062,4.459968050198449e-06,0.09737250208854675,0.09180338869965265,4.253289227615266e-06,0.09700275957584381
749,14,cross_attn,Horizontal,1,0.36251749003690387,0.03403897345139741,0.9135571718215942,0.16420438199762313,0.0013824789382806805,0.2681066393852234,0.13223105870069018,0.00036957473869823383,0.18573150038719177,0.11852131890399116,0.0001661834233181753,0.1600925475358963,0.11025616692172156,8.487004107190913e-05,0.13849090039730072,0.10529479053285387,5.077882331658031e-05,0.1276574730873108,0.10199158094705098,3.181491798519653e-05,0.11980561912059784,0.09974804319559581,2.0762031533570218e-05,0.11310487240552902,0.09817317837760561,1.4251769768225623e-05,0.10796882957220078,0.09704120788309309,1.0184967352660046e-05,0.10525032877922058,0.09621633021604448,7.65333011793325e-06,0.10404294729232788,0.09551680088043213,6.170050985611903e-06,0.10316981375217438,0.09495143391310222,5.259717786150068e-06,0.10261015594005585,0.09448989161423274,4.696932389842761e-06,0.10245125740766525,0.09411020364080157,4.410456184962361e-06,0.10256055742502213,0.09378644209059459,4.249074492797624e-06,0.10261822491884232,0.09352137124727643,4.141380110904611e-06,0.10250549763441086,0.09333814373092046,4.439802421489984e-06,0.10251542180776596,0.09329051820058672,5.829291606544501e-06,0.10250088572502136,0.09347380543985064,1.1041632556636092e-05,0.10864071547985077
749,14,cross_attn,Gaussian,1,0.3242035722212186,0.04334529891522875,0.9966830015182495,0.1348928308912686,0.0012865286144825953,0.27311572432518005,0.10396381538538706,0.0003932619932780591,0.1778474748134613,0.09165585218440919,0.00018004685130200353,0.14034229516983032,0.08481426324163165,9.348042178269095e-05,0.11901694536209106,0.08048141381097218,5.575906232463821e-05,0.10555989295244217,0.07729510194252408,3.578733249124049e-05,0.09521248936653137,0.07514930055254981,2.632303192308315e-05,0.08855238556861877,0.07358107112702869,2.0722701280173362e-05,0.08504724502563477,0.07241415445293699,1.693081692398918e-05,0.08295529335737228,0.07150192854423372,1.4054255527712492e-05,0.08049815893173218,0.07074924191785237,1.1829642588425163e-05,0.07809911668300629,0.07018498390439958,1.049835156854365e-05,0.07729145884513855,0.06973308998913992,9.669705230197e-06,0.07696855068206787,0.06931593481983457,9.121206272491849e-06,0.07675635814666748,0.06886424419898836,8.350550860757431e-06,0.07668112218379974,0.06840078556348407,7.529883960355421e-06,0.0760575532913208,0.06800765307649734,6.894488328212448e-06,0.07529797405004501,0.06773454684113699,6.816935839666207e-06,0.07531216740608215,0.06761176245553153,7.569824453285852e-06,0.07699139416217804
749,14,mix_ffn_after_gate,Vertical,1,0.9138739019159287,0.19582270182094916,2.139002799987793,0.24969573058779276,0.004457640072982059,0.4053530693054199,0.11827352702144593,0.0003907207291836096,0.15696154534816742,0.0744148702730262,6.385023913246991e-05,0.08894940465688705,0.05576097740540429,1.9326399355801156e-05,0.06639489531517029,0.04651269026928478,1.1088495513287052e-05,0.05547986179590225,0.041391498630955106,9.155740322455062e-06,0.04987608641386032,0.038322511291693125,8.56687324785987e-06,0.0475294403731823,0.03638213671862133,8.315960200126925e-06,0.046018414199352264,0.03510770101159338,8.153778766106086e-06,0.04500793293118477,0.03424422812485506,8.019409300353237e-06,0.04432370886206627,0.03364488405604211,7.915630477776962e-06,0.043896667659282684,0.03322201213311581,7.84809780904145e-06,0.04368221014738083,0.03291956057387685,7.804922897742266e-06,0.04361261427402496,0.032699793399799434,7.77330528126424e-06,0.04361976683139801,0.032537610757918584,7.746243142850451e-06,0.04365349933505058,0.03241646650528151,7.719561861691476e-06,0.04368038848042488,0.032325024169588844,7.69158724175792e-06,0.04368177056312561,0.032255172433834224,7.663161707655571e-06,0.043651923537254333,0.03220108296308252,7.63677493880312e-06,0.04359462112188339
749,14,mix_ffn_after_gate,Horizontal,1,0.9978245657587809,0.2050817227014799,2.4254817962646484,0.2864031233484783,0.00543509656580075,0.43491506576538086,0.13780700675551855,0.0004833103704872889,0.18070290982723236,0.08865835777823887,8.22431370955613e-05,0.10613688826560974,0.06770792562100622,2.3667047885637447e-05,0.07859335839748383,0.05719115738830869,1.0959463585740604e-05,0.06567917764186859,0.05128049596198021,7.194387217208887e-06,0.05882573872804642,0.047681387632139145,5.77040190553327e-06,0.0549849271774292,0.04536056542207324,5.141415555488947e-06,0.05242170765995979,0.04379864610613338,4.835246768060265e-06,0.0506446436047554,0.0427149065311939,4.675494880497371e-06,0.04938182979822159,0.04194767294185502,4.585374723672547e-06,0.04847364127635956,0.04139585284486649,4.532515815331271e-06,0.04781430959701538,0.04099389662345251,4.505599566708778e-06,0.04732874780893326,0.040699739718721026,4.4950962232386125e-06,0.04696669429540634,0.04048410400984779,4.491313502458459e-06,0.04669417068362236,0.04032496090919253,4.487622424075443e-06,0.04648749157786369,0.04020576924085617,4.48212923014476e-06,0.046331219375133514,0.040115522427691355,4.477705194128828e-06,0.04621592164039612,0.040048299505124015,4.4793128769190944e-06,0.04613495618104935
749,14,mix_ffn_after_gate,Gaussian,1,0.9085415947058845,0.17875470465244683,1.8900253772735596,0.257770362827513,0.004912312636750564,0.40953344106674194,0.12002794361776775,0.00044786627662225223,0.16670918464660645,0.07384291746550137,7.194143425389713e-05,0.0922842025756836,0.05462068372539112,1.8225668442162687e-05,0.06345060467720032,0.045417808705852145,7.918300869939185e-06,0.052096884697675705,0.04049538945158323,5.444118499900761e-06,0.04699556529521942,0.037615442973753764,4.690013430145159e-06,0.043942857533693314,0.03582296709692667,4.404403706348017e-06,0.04199007898569107,0.034658349813923,4.287421438186405e-06,0.040682170540094376,0.033873576848279865,4.228819629316846e-06,0.039777327328920364,0.03332902603442707,4.19475316633009e-06,0.03913918882608414,0.03294043846073605,4.184212023801373e-06,0.03867189586162567,0.03265439355302425,4.191340578983883e-06,0.03830796107649803,0.03243835737544393,4.2022684575521365e-06,0.03801433742046356,0.03227319391000839,4.209943767981089e-06,0.03777580335736275,0.032147526267975096,4.214174231205148e-06,0.0375828742980957,0.03205449450465422,4.215759623954951e-06,0.037428416311740875,0.03198978405386683,4.213865307528367e-06,0.03730688616633415,0.031950091588355246,4.206922886271562e-06,0.037214335054159164
710,12,self_attn_after_gate,Vertical,1,0.4379348094974245,0.3839358102043311,3.1055715084075928,0.11773296421955502,0.0003305289186917999,0.1716993749141693,0.09247605005900066,0.00016233680630548642,0.13431532680988312,0.07824086462931028,0.00010186772531038184,0.1097928136587143,0.06933440551871345,7.461782569455443e-05,0.09435615688562393,0.06331433426766168,6.014819142682776e-05,0.08445146679878235,0.05899439687057147,5.1708739563180296e-05,0.07782051712274551,0.05574530593696095,4.649209653430527e-05,0.07311397790908813,0.05320720108492034,4.309811252281866e-05,0.06956878304481506,0.05116279511934235,4.076564534054888e-05,0.06675727665424347,0.04947507748055079,3.906672558008287e-05,0.06443653255701065,0.04805412468692613,3.775327384294693e-05,0.06246333569288254,0.046838504336183036,3.66774829498499e-05,0.06074872612953186,0.0457845755985805,3.575074261326899e-05,0.059234969317913055,0.044860285780732596,3.492088974666621e-05,0.05788332223892212,0.044041496834584644,3.415805435116812e-05,0.05666665732860565,0.04330968572979882,3.3445814895102435e-05,0.05556485429406166,0.042650439199947175,3.277543931867379e-05,0.05456215888261795,0.04205241917617737,3.214233612620528e-05,0.05386482924222946,0.04150663866173653,3.15436725445454e-05,0.05335501581430435
710,12,self_attn_after_gate,Horizontal,1,0.44220818886681207,0.3497181515638738,2.9215450286865234,0.13446600794319122,0.00016962152193860297,0.17215049266815186,0.11460112248148237,4.940856838152019e-05,0.13386249542236328,0.10456952984843935,2.2845916514214215e-05,0.11741821467876434,0.09835212701369846,1.2995890102856218e-05,0.10753995180130005,0.09407138422368065,8.737424627681315e-06,0.10114346444606781,0.09091490850089089,6.8734038278657335e-06,0.09667239338159561,0.08847337748323168,6.162526728150422e-06,0.09376344084739685,0.08652048309644063,6.063540215734294e-06,0.09164034575223923,0.084918845977102,6.301305707355314e-06,0.08986535668373108,0.08357918818318655,6.717720365382808e-06,0.08851532638072968,0.0824408240261532,7.216632877960656e-06,0.08740440011024475,0.08146082349712887,7.738507605091035e-06,0.08643846958875656,0.08060753262705272,8.246984685974161e-06,0.08565431833267212,0.07985685647480072,8.721095067896494e-06,0.08512084186077118,0.07919010650070887,9.149939936837612e-06,0.08462788164615631,0.07859260908194951,9.528947646463712e-06,0.08416968584060669,0.07805272865863074,9.857451010509098e-06,0.08374142646789551,0.07756118310822381,1.0137339303255598e-05,0.08333863317966461,0.07711060167778105,1.0372400754906828e-05,0.08295723795890808
710,12,self_attn_after_gate,Gaussian,1,0.1599951201961154,0.009699748800271388,0.5938780307769775,0.07571696631965183,8.869843635890944e-05,0.10264851897954941,0.06008102839428281,2.884458993567094e-05,0.07246121764183044,0.05260411277413368,1.734103372290242e-05,0.06256541609764099,0.04826597928527802,1.363314686365019e-05,0.056466929614543915,0.04543274185723729,1.1824538384635356e-05,0.052657950669527054,0.04342320106095738,1.0659059484885195e-05,0.05021573603153229,0.04191299102136067,9.817337816290457e-06,0.0482625886797905,0.040731520258954594,9.189422994653989e-06,0.046797383576631546,0.0397804147667355,8.717867713119164e-06,0.04578547179698944,0.03899804816123039,8.36283194139887e-06,0.04495275765657425,0.038343262016063646,8.093778859321905e-06,0.04425037279725075,0.03778729049695863,7.887086069822758e-06,0.04364393651485443,0.03730932380708437,7.724906923604586e-06,0.04310978204011917,0.03689391201450711,7.594204765544439e-06,0.04263168200850487,0.0365293174095097,7.485798888908312e-06,0.04219856113195419,0.0362064703293736,7.3934377295043626e-06,0.04180266708135605,0.03591826430980175,7.313056359945544e-06,0.04143846035003662,0.03565905920215069,7.242007343877642e-06,0.04125579819083214,0.03542435589054274,7.178607229256723e-06,0.041105978190898895
710,12,cross_attn,Vertical,1,0.3362420066481545,0.022693398321959754,1.0793683528900146,0.1857989335817004,0.0009415714154026966,0.2767446041107178,0.14585247162788634,0.00035229734983562185,0.19700734317302704,0.12634364752069352,0.00015359991736816424,0.16311267018318176,0.11536796071699687,7.634879042469202e-05,0.1438174545764923,0.10860356333709899,4.2034707087280326e-05,0.13067108392715454,0.10410033781377095,2.5960578049817436e-05,0.12132986634969711,0.10093650978709025,1.7448444522108856e-05,0.11461683362722397,0.09861363163070073,1.2827357861687699e-05,0.10985846072435379,0.09690666518041066,9.960004401991708e-06,0.10621468722820282,0.09561353413358567,8.151708688666858e-06,0.10434228181838989,0.09448712697577855,6.65963513201523e-06,0.10220438241958618,0.09358675091985673,5.5964455949222905e-06,0.10036849975585938,0.09283202307091819,4.876202435470622e-06,0.09915408492088318,0.09223436930822948,4.135833769828437e-06,0.09805093705654144,0.09175124823574037,3.613470096888069e-06,0.0967959463596344,0.09132775735287439,3.2741304707388473e-06,0.09570605307817459,0.09102179997024082,2.9506864897226406e-06,0.09497764706611633,0.0907025613955089,2.7729946648486877e-06,0.09455305337905884,0.09043229643314604,2.7056592388162966e-06,0.09448456019163132
710,12,cross_attn,Horizontal,1,0.30500492737406776,0.016919234713904954,0.8852027058601379,0.1746884598618462,0.0007640408048358585,0.2816055715084076,0.14137445473008686,0.0002828882224057789,0.21647681295871735,0.12502138896120918,0.00014178643043226646,0.1811441034078598,0.11562007322670921,7.821323418301375e-05,0.1580616682767868,0.10971518227505306,4.6258167207559806e-05,0.14222142100334167,0.10577900802332257,2.8904373717826298e-05,0.13102948665618896,0.10286796258555518,1.8946653243956464e-05,0.12313108146190643,0.10066606955868858,1.3184655368272925e-05,0.11705967038869858,0.09895112590184288,9.611299363378442e-06,0.11268137395381927,0.09757415453592937,7.25743715965541e-06,0.10907385498285294,0.09650164227637034,5.602573502035668e-06,0.10630438476800919,0.0956287281144233,4.405495708895418e-06,0.10405456274747849,0.09489354621323329,3.5317960263447377e-06,0.1022554486989975,0.09425245899529684,2.9507609358806217e-06,0.10092463344335556,0.09372291347337147,2.381412994545018e-06,0.0994594395160675,0.09325565563307868,1.941907197276651e-06,0.09814806282520294,0.09283903891605044,1.676634123938368e-06,0.0971689373254776,0.09245670610477054,1.4141958014053032e-06,0.09630255401134491,0.09213156619715313,1.1835232958269205e-06,0.095665343105793
710,12,cross_attn,Gaussian,1,0.3857742888586862,0.09130476640285239,2.0578901767730713,0.177315030542631,0.002100096256506935,0.3026333153247833,0.13297081715057765,0.0006685401703456313,0.2226741462945938,0.10928472273406528,0.0002572888336782224,0.1748511791229248,0.09592771057098631,0.00012168576318354873,0.1449596881866455,0.087604092818404,6.754862776290908e-05,0.12494582682847977,0.08194593068153139,4.201466420547713e-05,0.1109984815120697,0.07780079401674725,2.8592660395995257e-05,0.10051791369915009,0.0747749630420927,2.0297135099730437e-05,0.09238853305578232,0.07240041652842173,1.4770337809360016e-05,0.08587108552455902,0.07057923114015943,1.1227009561081855e-05,0.0807836726307869,0.06916142834557427,8.932591860702621e-06,0.07714550197124481,0.06803724435823304,7.3327651511772796e-06,0.07488725334405899,0.06708835473372823,6.017455348620812e-06,0.07294566929340363,0.0662695180683855,5.279649381673503e-06,0.07134447991847992,0.06562039439403822,4.876841773690598e-06,0.07046857476234436,0.06512603849645644,4.598421174561646e-06,0.0701657235622406,0.0647483981317944,4.379994227116738e-06,0.06974820792675018,0.0644633225387051,4.42407959292614e-06,0.06972736120223999,0.06419302286609771,4.5013208516599775e-06,0.0697818398475647
710,12,mix_ffn_after_gate,Vertical,1,0.8264178184289781,0.13058235468860038,1.8891761302947998,0.24852319511156234,0.0040936563796006705,0.38219112157821655,0.11616779012339455,0.0004190464339248654,0.1581212878227234,0.06942263553066859,6.98463356786024e-05,0.08474311977624893,0.04915512465531864,1.8199907804556282e-05,0.05682658404111862,0.039000983985643535,7.943126705310953e-06,0.04433940351009369,0.033370390090914,5.558488037491643e-06,0.03810785338282585,0.030023068603542116,4.98714287068761e-06,0.03519891947507858,0.02791872886674745,4.862298012796717e-06,0.03352080285549164,0.026536313402983878,4.859412952510003e-06,0.03237871825695038,0.025599569791839236,4.908497267429558e-06,0.03159309923648834,0.024952584581952247,4.984393950669712e-06,0.03106546215713024,0.024501612380383505,5.062972396563028e-06,0.030709460377693176,0.024185849767592218,5.129242900818547e-06,0.03045494109392166,0.023963205782430514,5.177621692808056e-06,0.03025425598025322,0.023804091656255345,5.2081132506943076e-06,0.03008263185620308,0.0236881287502391,5.224062654195143e-06,0.029935605823993683,0.023601813951418513,5.228996805639599e-06,0.029818542301654816,0.023536361872203766,5.223983297290876e-06,0.02973419800400734,0.023486018742597294,5.208022039770585e-06,0.029678015038371086
710,12,mix_ffn_after_gate,Horizontal,1,1.0787588556607564,0.24393570896170874,3.0830204486846924,0.39193504859530737,0.007162551929251943,0.5574197173118591,0.2070323834343562,0.0009525416864398617,0.2671028971672058,0.1298925034583561,0.0002192020529844393,0.15824252367019653,0.09049665762318505,6.890851931276357e-05,0.10576507449150085,0.06799071542327366,2.70333980159348e-05,0.07719670236110687,0.05418094087924276,1.2820380517937825e-05,0.060877397656440735,0.04527100429884971,7.249723677172521e-06,0.05077694356441498,0.03929919099050855,4.825973572996205e-06,0.04385892301797867,0.035170283345949085,3.6852032075239333e-06,0.038988690823316574,0.03224212670373538,3.11038405686331e-06,0.03578714281320572,0.030125309846230915,2.8061824816276995e-06,0.03373976796865463,0.028572532599644054,2.6429171729448883e-06,0.03240029141306877,0.027418339033685034,2.557824296768863e-06,0.03149125725030899,0.026548272590079004,2.517514389072264e-06,0.030807944014668465,0.02588125309419064,2.5005959890601457e-06,0.030286487191915512,0.02536057819804502,2.491539876564494e-06,0.029883362352848053,0.024949391387284747,2.482342892107189e-06,0.02957320213317871,0.02462472604025924,2.473066555068911e-06,0.029337279498577118,0.02437003988713499,2.466434694924017e-06,0.029157258570194244
710,12,mix_ffn_after_gate,Gaussian,1,0.6634188918840318,0.09088534453402637,1.4056423902511597,0.19198767166762126,0.002760282566079757,0.3062242269515991,0.08941953652907932,0.0002580972797333637,0.12300143390893936,0.055617875641300565,3.957004796043341e-05,0.06746058911085129,0.04202530816906974,1.0192997877291833e-05,0.04727689176797867,0.035653288668346786,4.843465969821505e-06,0.038802370429039,0.03228630069347601,3.6594287672067657e-06,0.035463519394397736,0.030324118951010327,3.3720535105094077e-06,0.03386545181274414,0.029097745047202184,3.274526734846891e-06,0.03296617418527603,0.02830732415711123,3.2228342302661265e-06,0.03226971626281738,0.027795724807277558,3.198150985831697e-06,0.031735826283693314,0.027465458249761945,3.1919422108622295e-06,0.03132358193397522,0.027252266833943033,3.1992040526536757e-06,0.03099576011300087,0.02711333798628951,3.2162830261808497e-06,0.030729040503501892,0.0270212579459425,3.239745760747866e-06,0.030511751770973206,0.026959504843467756,3.2667659218577354e-06,0.030337298288941383,0.02691837205063729,3.2953480169176303e-06,0.030495859682559967,0.026891925564360996,3.324126248463778e-06,0.03067009523510933,0.026876223938805715,3.3521451940706018e-06,0.030815795063972473,0.02686843370634412,3.378752918701116e-06,0.030938703566789627
710,13,self_attn_after_gate,Vertical,1,0.13986646076516498,0.0032524885732739773,0.3470621109008789,0.07897259235855132,9.170395829629587e-05,0.10609602183103561,0.06484462208454571,5.304499586551014e-05,0.08721309900283813,0.0578423220486868,4.5370663435804e-05,0.07875259220600128,0.05361210838669822,4.29322787277466e-05,0.07380278408527374,0.05073849685371868,4.181081332775662e-05,0.07031036913394928,0.04864694053928057,4.1189191323862957e-05,0.06761776655912399,0.04705023706432373,4.0768443116601355e-05,0.06544223427772522,0.04578885631192298,4.042911022508045e-05,0.06363627314567566,0.0447662083047723,4.012428761413157e-05,0.06211491674184799,0.04391962881126101,3.9836150265999096e-05,0.060821957886219025,0.043206468342788636,3.955765637337938e-05,0.05971497297286987,0.042596766636485144,3.92851686719855e-05,0.05875921994447708,0.042068970700105034,3.901591046564714e-05,0.05792535841464996,0.04160719565928928,3.874694665697099e-05,0.057188455015420914,0.04119941958832362,3.8474745734120605e-05,0.056527428328990936,0.0408362385831655,3.81951787462339e-05,0.0559246689081192,0.04051002413625755,3.79042477232497e-05,0.055366020649671555,0.040214334126739276,3.759961442459147e-05,0.05484096333384514,0.039943508567318084,3.7282965532204434e-05,0.05434301123023033
710,13,self_attn_after_gate,Horizontal,1,0.22381269990924804,0.046570780894931184,1.481972575187683,0.1101117233435313,8.823194450265368e-05,0.13415998220443726,0.09456321372399254,3.108903552208288e-05,0.10914047062397003,0.08655391751773774,2.318273718250313e-05,0.10213752835988998,0.08147520938562969,2.25670055942539e-05,0.09801826626062393,0.07782424584267632,2.2649076936834703e-05,0.0946369469165802,0.07503218700488408,2.2649467833640242e-05,0.09177504479885101,0.07281990041808477,2.2628026805852152e-05,0.08938518911600113,0.07102043163918313,2.265044363119871e-05,0.0873839259147644,0.069527541775079,2.274367323759252e-05,0.08570264279842377,0.0682696243008924,2.290692405141551e-05,0.08428262919187546,0.06719614104146049,2.312609138042808e-05,0.08307461440563202,0.06627018962587629,2.3382335309079243e-05,0.08203883469104767,0.06546412851838838,2.365645874046595e-05,0.08114342391490936,0.06475678689423062,2.393183029012076e-05,0.08036298304796219,0.0641316342211905,2.419578697848959e-05,0.07967773824930191,0.06357557338381571,2.4440136019616106e-05,0.07907257229089737,0.0630780528225596,2.4660975045362546e-05,0.07853597402572632,0.06263040804437228,2.4858094709281977e-05,0.07805877923965454,0.06222542836552575,2.5033847643525495e-05,0.07763315737247467
710,13,self_attn_after_gate,Gaussian,1,0.28469627764489913,0.14303433858915598,2.0094897747039795,0.08833336569960155,0.00011847796403021263,0.11785700917243958,0.07000181711618862,4.365264695310672e-05,0.08856963366270065,0.06072331639745879,2.4527349574110995e-05,0.07484748959541321,0.05490793305493537,1.6073624410791386e-05,0.06550523638725281,0.050908831376878044,1.188089165382569e-05,0.05944015830755234,0.04801013959305627,9.715983084686684e-06,0.0558578297495842,0.045825103445658606,8.536268918894478e-06,0.05320027843117714,0.04412421962571523,7.844759238901041e-06,0.051163025200366974,0.042763467878103256,7.404011940239458e-06,0.04955386370420456,0.04164909009659101,7.098886085713041e-06,0.04824759438633919,0.04071828084332602,6.871536182498947e-06,0.04716084152460098,0.03992793785910758,6.691818214213413e-06,0.046236149966716766,0.03924774437669724,6.5437581230921205e-06,0.04543261229991913,0.038655767187712686,6.418727586028066e-06,0.044720809906721115,0.03813563095080474,6.311700727271312e-06,0.044080138206481934,0.03767480204502741,6.219399012824974e-06,0.04349711537361145,0.037263539338868765,6.139510495034291e-06,0.04296320676803589,0.0368941928895693,6.070321964351943e-06,0.04247250780463219,0.036560689409573875,6.010487509101286e-06,0.04202026501297951
710,13,cross_attn,Vertical,1,0.6148580653326852,0.29082164357862755,3.7908167839050293,0.23595941421531497,0.0028657443008600052,0.4331125020980835,0.17387011931056068,0.00098993834106172,0.2700658440589905,0.14594565627593842,0.0004473178071199335,0.2242211401462555,0.12986791453191213,0.00021955004970081044,0.1829296350479126,0.11928465347441417,0.00012206824730909377,0.15249009430408478,0.11205571310387717,7.4208277958439e-05,0.13782599568367004,0.10710929783563765,5.040897455876975e-05,0.127244234085083,0.10346220126227727,3.734742906147329e-05,0.11917613446712494,0.10068489611148834,2.921607327047204e-05,0.11389544606208801,0.09855133271406567,2.3685914002566616e-05,0.10978807508945465,0.09686664988597234,1.973692639593563e-05,0.10729920864105225,0.09551415485995156,1.684860319136926e-05,0.10507987439632416,0.09443626706562346,1.4568606637012144e-05,0.10326454043388367,0.09357719584589913,1.2640326621498949e-05,0.10156643390655518,0.0928748928838306,1.099095166675438e-05,0.09982836246490479,0.09228692357502287,9.646413758515221e-06,0.09874327480792999,0.09180663845368794,8.62773276410465e-06,0.09786058962345123,0.0914099741549719,7.816108997419425e-06,0.09712634980678558,0.09103156188650736,7.174117581655853e-06,0.09634019434452057
710,13,cross_attn,Horizontal,1,0.5815119743347168,0.1755876696606141,2.915884494781494,0.22028274526671757,0.003321476889839911,0.40607255697250366,0.16227854421687504,0.0007719982963380759,0.24540391564369202,0.13868192039311877,0.0002599063067409683,0.18246114253997803,0.1261409493902373,0.0001248695624537967,0.15199117362499237,0.11818427403294851,7.47845870791583e-05,0.13847634196281433,0.11263213223881191,4.873745079789369e-05,0.12913888692855835,0.10854955230440412,3.2523679297643045e-05,0.12226206064224243,0.1055806837384663,2.2762635915813412e-05,0.11690625548362732,0.10330188558215186,1.6662666706641006e-05,0.11266842484474182,0.10148178111939203,1.2563448126967839e-05,0.10941638797521591,0.10001517300094877,9.615555186352527e-06,0.10691651701927185,0.098810323410564,7.466685667684267e-06,0.10491591691970825,0.09780492444360067,5.864998378505961e-06,0.10318087786436081,0.09696852392147458,4.66581159526518e-06,0.10171376168727875,0.09626115846728521,3.750453298536154e-06,0.10046808421611786,0.09563359535402721,3.0450330820078084e-06,0.09948065876960754,0.09507644129177881,2.547457794192112e-06,0.0986754447221756,0.09460458218578309,2.2308184342793244e-06,0.09794580936431885,0.09420868423249987,2.0354997289984093e-06,0.09759263694286346
710,13,cross_attn,Gaussian,1,0.597612025482314,0.24538620895168986,3.39115571975708,0.2094355516490482,0.0022510183810904865,0.3659753203392029,0.14671671686191406,0.0009118836760548765,0.2784219980239868,0.1193452359191955,0.0004803585399014739,0.21540094912052155,0.10392158289277365,0.00027285651079384936,0.17258432507514954,0.0947540012143907,0.00016650650392523273,0.1444498896598816,0.08833203902320257,0.00010906221044322057,0.1265219748020172,0.08299916403161155,7.365503478330979e-05,0.1136179119348526,0.07905019417641655,5.3886275306496335e-05,0.10354872047901154,0.0760526836864532,4.0921362788618364e-05,0.09865733981132507,0.07367637990013001,3.109460313002228e-05,0.09390996396541595,0.07182044033256788,2.3982426540878954e-05,0.08956669270992279,0.07037323110160373,1.9018354539782037e-05,0.08598250150680542,0.06919903189889968,1.5442598802246678e-05,0.08289290964603424,0.06822383072641161,1.3483028907275853e-05,0.08051806688308716,0.06743637170820009,1.2577261418012783e-05,0.07884526252746582,0.06678915603293313,1.2252502359140596e-05,0.07752342522144318,0.06618321320367238,1.2376716620893805e-05,0.07605315744876862,0.06555351555820495,1.2293294644450545e-05,0.0742798000574112,0.06496007917892366,1.1705240870263128e-05,0.07354474067687988
710,13,mix_ffn_after_gate,Vertical,1,0.9325444319891552,0.18880448298799357,2.065248489379883,0.26690511334510075,0.005150263578190679,0.41288065910339355,0.12424795873581417,0.0004975698801609922,0.16740113496780396,0.0759182536885852,8.020332087810561e-05,0.09476296603679657,0.05585675858079441,2.234371743137444e-05,0.06799802929162979,0.046178990472403786,1.1643924751833779e-05,0.05546685680747032,0.04090124729370314,8.99963261876451e-06,0.049083221703767776,0.03773782378624356,8.119391723795314e-06,0.04550144821405411,0.03570730582116142,7.737524176212874e-06,0.04319719970226288,0.03434422795498182,7.528808685048906e-06,0.041632361710071564,0.033403396369918945,7.385749711394394e-06,0.04050665721297264,0.03274184225925377,7.271292730919409e-06,0.03966590389609337,0.03227038362196514,7.173902138275596e-06,0.039138421416282654,0.03193117985649714,7.090837189891442e-06,0.03894443064928055,0.03168607033079579,7.021794190297197e-06,0.03883661702275276,0.03150965483297431,6.964870348839526e-06,0.038793910294771194,0.03138393935348306,6.916751130308288e-06,0.038801468908786774,0.03129547659958166,6.875361361454957e-06,0.03884788602590561,0.03123456041609484,6.8397006577614e-06,0.038921914994716644,0.031194348065626053,6.8087552301886626e-06,0.03901270031929016
710,13,mix_ffn_after_gate,Horizontal,1,1.1070045024629622,0.23921392464161853,2.934504985809326,0.3737423211809189,0.008240221050617252,0.5657628774642944,0.18524522346163552,0.0009878813156905249,0.25134992599487305,0.11345173335737652,0.0001891970288316611,0.142147034406662,0.0806385791964001,5.2284277626373025e-05,0.09471604228019714,0.0636164207188856,2.0046896892595532e-05,0.0735430046916008,0.053897583827612894,1.0430156041026148e-05,0.061401449143886566,0.04793679164279075,7.07050845050133e-06,0.053972430527210236,0.04407873714254016,5.732030131139877e-06,0.04926560819149017,0.0414797609287595,5.112068931399549e-06,0.047060560435056686,0.03967606045660518,4.773438393631354e-06,0.04558336362242699,0.03839397140675121,4.558655427534056e-06,0.04455999284982681,0.03746369658481507,4.405189590911344e-06,0.04380885884165764,0.03677734596625207,4.2866974935143075e-06,0.0432145930826664,0.03626587714940783,4.1930610887067135e-06,0.042722705751657486,0.035884891001005025,4.1243683028059055e-06,0.042335011065006256,0.03560505458523357,4.083070767222678e-06,0.04206975921988487,0.03540602959101162,4.067546851501325e-06,0.04191974177956581,0.03527267472375007,4.073844266107078e-06,0.0418536476790905,0.03519137398827644,4.096253159273194e-06,0.04182733967900276
710,13,mix_ffn_after_gate,Gaussian,1,0.8268026832550291,0.16445126971130603,1.7597309350967407,0.20967105362150404,0.0035377967480392835,0.3245096504688263,0.09412376629927802,0.0002776574725864988,0.12945929169654846,0.0589938150157058,4.1821535106905656e-05,0.07501059770584106,0.045209786307717124,1.2409941264383515e-05,0.05464017391204834,0.03872184745139546,6.973562614071553e-06,0.045306116342544556,0.035274827468489846,5.6083033228710075e-06,0.04126857593655586,0.03329392501877414,5.1287977845770255e-06,0.03918978199362755,0.03208191802222577,4.871015380200147e-06,0.03788132593035698,0.03129964446028074,4.688399486436482e-06,0.03704936429858208,0.030777132611662622,4.566323267232692e-06,0.03650975227355957,0.030427265409675854,4.510480069467674e-06,0.03612789139151573,0.030189976717034977,4.50304876708258e-06,0.035824019461870193,0.030018731123871274,4.512165617276979e-06,0.03557125851511955,0.029888017516997125,4.518821133971805e-06,0.03536055237054825,0.029786730362545876,4.520523962294737e-06,0.03518639877438545,0.02970915577477879,4.520017630137877e-06,0.035045772790908813,0.02965106741185226,4.519608182242949e-06,0.03493587300181389,0.02960848512630614,4.519697160557424e-06,0.03485272824764252,0.02957764942021597,4.519102894136278e-06,0.034791499376297
710,14,self_attn_after_gate,Vertical,1,0.6683272217947339,0.1519717260558541,1.8732149600982666,0.22144256461234318,0.001886219406427225,0.3457433581352234,0.1481794480766569,0.0005181392511768017,0.20398521423339844,0.11589971799699086,0.00027065362030729315,0.15676243603229523,0.09759481505505622,0.00017876079195354062,0.12924255430698395,0.08566725466932569,0.00013282051314365175,0.11370095610618591,0.07713783780733745,0.00010616419107832719,0.1025831326842308,0.07067891364059752,8.90983849651711e-05,0.09404788911342621,0.0656134243758898,7.731060880238474e-05,0.08715119957923889,0.061547657445309656,6.872843678763848e-05,0.08139616250991821,0.05822856948962287,6.22859860101112e-05,0.07667061686515808,0.055482522835807194,5.7374584300743325e-05,0.07329335808753967,0.05318546100031762,5.35924607204723e-05,0.07033949345350266,0.05124630353280476,5.063390840294946e-05,0.06779554486274719,0.04959669638247717,4.8253290939387464e-05,0.06642815470695496,0.048184152633424786,4.626314612326591e-05,0.06523697078227997,0.046967294658460314,4.453324072729715e-05,0.06417044997215271,0.04591270790450157,4.298018957805841e-05,0.063192218542099,0.04499290049785659,4.155227642605369e-05,0.062275297939777374,0.04418504592918214,4.021717448292898e-05,0.061398282647132874
710,14,self_attn_after_gate,Horizontal,1,0.7432140684317029,0.1365143322753216,2.105745315551758,0.2832141665239183,0.003217831499232823,0.4643927216529846,0.1923318893190414,0.0008007916970001555,0.30865800380706787,0.15429324230977468,0.0002804053361342543,0.21633094549179077,0.13421403640319432,0.00012367530064994438,0.17359760403633118,0.12184654672940572,6.787893566424013e-05,0.15062393248081207,0.11338317015814403,4.32853128850312e-05,0.1349262148141861,0.10719678669221817,2.992307016763798e-05,0.12384434044361115,0.10249802683080945,2.177968291468631e-05,0.11583853513002396,0.09883814896382982,1.6609482941989032e-05,0.10988175868988037,0.09592842452582859,1.328172717430191e-05,0.1052827537059784,0.0935709076741385,1.1135766389148305e-05,0.10234016925096512,0.09162464051965684,9.753640569681079e-06,0.10025288164615631,0.08998828499563157,8.856025494504345e-06,0.09839355945587158,0.0885902310884188,8.2591131477359e-06,0.09673172235488892,0.08738044838583658,7.852320259338826e-06,0.09523582458496094,0.08632345473955548,7.5755559306528345e-06,0.09387890994548798,0.0853931831698569,7.398197660520782e-06,0.09263984113931656,0.08456958345477543,7.3040681609911046e-06,0.09150172770023346,0.08383641983308489,7.282041880917874e-06,0.09044972062110901
710,14,self_attn_after_gate,Gaussian,1,1.0981657566532257,0.8457081635787408,6.514690399169922,0.3437834975738374,0.0046428564245500036,0.4802488684654236,0.21817919872109853,0.0017469430412944066,0.2982577085494995,0.15989401960183705,0.0009005969045545595,0.21810629963874817,0.12649195913284544,0.0005067009283637402,0.16815495491027832,0.10544682767183061,0.0003100031652763386,0.14122261106967926,0.09123545754996557,0.00020310219142413762,0.12164833396673203,0.08104706874915532,0.00013950070497134847,0.1065899133682251,0.07339199945803672,9.957929963188684e-05,0.09465950727462769,0.06743845101150256,7.378215304672721e-05,0.0864182561635971,0.06269424432326877,5.673154285787358e-05,0.08000721782445908,0.058845681921830255,4.518707215116359e-05,0.07473018765449524,0.055678700170819724,3.716698294603272e-05,0.07036097347736359,0.053039413182035325,3.144996766549879e-05,0.06670396775007248,0.05081189571628495,2.7271395319534625e-05,0.06360112875699997,0.04890552251821473,2.414472711617113e-05,0.06092901527881622,0.047248558569995186,2.1755258385686285e-05,0.05859285220503807,0.04578552897723894,1.9893453920965364e-05,0.056609176099300385,0.04447577420681242,1.8412690977422475e-05,0.05516679212450981,0.043291260443982627,1.7204824041431025e-05,0.05383867397904396
710,14,cross_attn,Vertical,1,0.3714174493437722,0.03908889920259705,1.1319111585617065,0.17971819556421703,0.002295097436187749,0.3725076913833618,0.1405382627059543,0.0009114610464465604,0.25859832763671875,0.1245815505584081,0.00036279393359646867,0.19541361927986145,0.11591105387797432,0.00017259707022799128,0.16777363419532776,0.11080327760132533,0.0001126731409795743,0.1507197618484497,0.1073026599155532,7.788042345161072e-05,0.13675573468208313,0.10450020917351284,5.36109167560173e-05,0.12594783306121826,0.10216524913197472,3.6652750279618186e-05,0.11814967542886734,0.10045152405897777,2.7354130468867344e-05,0.11262351274490356,0.09923207476025536,2.323612567470388e-05,0.11125399172306061,0.09826833092504078,2.154365694914472e-05,0.1112971156835556,0.09734676104216348,2.0043809181515394e-05,0.11072031408548355,0.09638166569528125,1.7593439316698338e-05,0.10909724235534668,0.09536302456307033,1.4074729702172963e-05,0.10637829452753067,0.094386797220934,1.040704151036872e-05,0.10304097831249237,0.09356489067985899,7.545090638868755e-06,0.10075609385967255,0.09293527912998957,5.684769312449336e-06,0.09915166348218918,0.09245851186532823,4.541162993185918e-06,0.09815169125795364,0.09207650522391002,3.831308649933649e-06,0.09790648519992828
710,14,cross_attn,Horizontal,1,0.7103295787459328,0.4429593460935809,4.415382385253906,0.24488621358833615,0.005750147612638482,0.5234760046005249,0.1792469027023467,0.0015556785899091335,0.33962303400039673,0.14953106357937768,0.0006913490742231228,0.25871431827545166,0.1321036477410604,0.00036045539186748023,0.20990325510501862,0.12143973071896841,0.00020496645784347342,0.18080918490886688,0.1146357251065118,0.00012427348057466437,0.16269153356552124,0.11011642785299391,7.980426684428327e-05,0.15066403150558472,0.1069228443361464,5.4277554615262674e-05,0.14218096435070038,0.10437557929091984,3.929766380132966e-05,0.1360069066286087,0.10221733732355966,2.986871242084964e-05,0.13116507232189178,0.10051863132015107,2.3245861018486142e-05,0.12675592303276062,0.09919295649206827,1.854942344706393e-05,0.12273826450109482,0.0980923210108091,1.5273971043623458e-05,0.11911096423864365,0.09712203923198912,1.265986221087678e-05,0.11567685753107071,0.09628432492415111,1.0375116725477464e-05,0.11251576244831085,0.0955916689265342,8.53156218889001e-06,0.10980072617530823,0.09502128618104118,7.114647182904322e-06,0.10748929530382156,0.09454046532748238,6.0223591483365725e-06,0.10544008016586304,0.09412375754780239,5.127469985337272e-06,0.1035287082195282
710,14,cross_attn,Gaussian,1,0.4683356961560628,0.10507264200238649,2.2773849964141846,0.18932185144651503,0.0028399550299226394,0.33428817987442017,0.13492365749109358,0.0008647622710133351,0.24243412911891937,0.11144334598193092,0.0003353295743058462,0.1799892783164978,0.09954435969628984,0.00017315568383246955,0.1394195854663849,0.09191534668207169,0.00011357126405320449,0.12411001324653625,0.08685532744441714,8.564002475192057e-05,0.11957589536905289,0.08299121792827334,6.906273027829519e-05,0.11461269110441208,0.08003081523236774,5.471369026739227e-05,0.10901288688182831,0.07776984146663121,4.263425443257058e-05,0.10370698571205139,0.07597209560492682,3.310336773065957e-05,0.09881334751844406,0.07451485854292673,2.5808380838417403e-05,0.09433617442846298,0.07334216388445051,2.031669620700476e-05,0.09037715196609497,0.07241084580383604,1.6262509597028568e-05,0.0869234949350357,0.07168620150713693,1.3391186411591293e-05,0.08397805690765381,0.07112316243232243,1.1566019182005445e-05,0.083195760846138,0.07066942514881255,1.062615186461352e-05,0.08376208692789078,0.07026204360382897,1.0311032663478435e-05,0.08465718477964401,0.0698842325853923,1.0490172851510216e-05,0.08599802851676941,0.06957466793911797,1.1529627869182746e-05,0.08817818760871887
710,14,mix_ffn_after_gate,Vertical,1,1.3702273586439708,0.4826286232666335,4.377898216247559,0.47035833199818927,0.009313527603036569,0.6574016809463501,0.2470280182740045,0.001366505478135629,0.3185218572616577,0.15283279582148507,0.00030589111041792505,0.18768416345119476,0.10644162008686671,9.36996022474338e-05,0.12761473655700684,0.0811654059659867,3.916061199257659e-05,0.09578987956047058,0.06627832252591376,2.1876124306244e-05,0.07715702056884766,0.05693155101367405,1.534457394790019e-05,0.0663287341594696,0.0507408052328087,1.2473805052243558e-05,0.05918559432029724,0.04645677100098322,1.1025994047386722e-05,0.054154615849256516,0.04338819628197049,1.0190581331107444e-05,0.0507504940032959,0.04113336877217368,9.652422232318336e-06,0.04897896945476532,0.039445616364006016,9.279821768223395e-06,0.047737568616867065,0.03816351684786025,9.007204645039228e-06,0.04677584394812584,0.03717701610118624,8.800868351435547e-06,0.04603470861911774,0.03640949454099413,8.643967040311213e-06,0.04546663537621498,0.03580666478309366,8.527296254190006e-06,0.04502762854099274,0.03532950920126741,8.443679599680007e-06,0.0446755550801754,0.03494956433063462,8.385481377342266e-06,0.044378966093063354,0.034645566066342684,8.344772874617904e-06,0.04412636533379555
710,14,mix_ffn_after_gate,Horizontal,1,1.031725509772225,0.21219306025660542,2.2402889728546143,0.3166273207891555,0.005966230319126365,0.49745088815689087,0.1587402049511198,0.0006742273870914825,0.21551790833473206,0.1016397885386906,0.00013147592194479978,0.1253027319908142,0.07608152523873345,3.9019387687526315e-05,0.09008477628231049,0.06296670726603931,1.6878094635411852e-05,0.07357954233884811,0.055575469301806554,9.978757743441083e-06,0.06423208117485046,0.0511157660493775,7.329248682326844e-06,0.05853375047445297,0.04827697977187142,6.139625474557004e-06,0.05486360937356949,0.046389999607252694,5.5368198696622875e-06,0.052391231060028076,0.045093737897418794,5.202879534415197e-06,0.05080004036426544,0.04418065806939488,5.009247699818026e-06,0.04989125579595566,0.04352542143019419,4.893233244609405e-06,0.04924233257770538,0.04304927729424976,4.819048822820136e-06,0.04877792298793793,0.04269904749734061,4.764434290920127e-06,0.04845067113637924,0.042438344468200016,4.7233658049156574e-06,0.04822630435228348,0.04224414555799393,4.696844764108492e-06,0.0480755940079689,0.04210114857507131,4.68240839314812e-06,0.047976620495319366,0.04199739793936411,4.675979344774429e-06,0.04791354387998581,0.04192284512377921,4.674181181235472e-06,0.04787449911236763
710,14,mix_ffn_after_gate,Gaussian,1,0.8125051401910328,0.1488311627001881,1.7891291379928589,0.22762685446512132,0.0038013661442527573,0.34753644466400146,0.10909124144486018,0.0003496820038126985,0.14421992003917694,0.0700184130479419,6.021001112339039e-05,0.08439236879348755,0.05339849131211402,1.792196485662958e-05,0.06272564828395844,0.04510022475132867,8.64986625810419e-06,0.053402841091156006,0.04054397161281298,6.0060918025678955e-06,0.0481439009308815,0.03787744473961611,5.12925422437772e-06,0.04494750499725342,0.0362489458232645,4.801305962221052e-06,0.04291459918022156,0.03521893013800893,4.6293876077811055e-06,0.04159204661846161,0.034544485635937205,4.4976061956065066e-06,0.04071619734168053,0.03408750025407663,4.401275492092227e-06,0.040094856172800064,0.03377026112543212,4.341056840551866e-06,0.03961383178830147,0.033547590383225016,4.3018246670051684e-06,0.03923424705862999,0.03339038301436674,4.275480728825525e-06,0.03894023969769478,0.03328037034306261,4.260148141725435e-06,0.0387190505862236,0.03320680369460394,4.253252333339272e-06,0.03855884447693825,0.033163503196740905,4.250450714465062e-06,0.03844939172267914,0.03314597041360916,4.248056530286013e-06,0.038381997495889664,0.03314937399848113,4.245629517137233e-06,0.0383484810590744
666,12,self_attn_after_gate,Vertical,1,0.15328148468619301,0.004011797205860688,0.4666343331336975,0.0841709617820997,0.00011464559606229082,0.11315041780471802,0.06784116334858395,6.56536448308848e-05,0.09027022123336792,0.06008577145754345,5.293833964331356e-05,0.0790199264883995,0.0552936408018309,4.535323898528008e-05,0.07135654985904694,0.051978897953790335,4.080077577071599e-05,0.06687899678945541,0.049561424920010186,3.784530881730509e-05,0.06346060335636139,0.04771329498007184,3.5762047448701836e-05,0.06076539680361748,0.04624750873162633,3.419917831182085e-05,0.058598414063453674,0.04505128372046682,3.295690408037872e-05,0.05690443888306618,0.044053726312186986,3.191291707878852e-05,0.05572272092103958,0.04320751059622992,3.099662293891253e-05,0.05467648804187775,0.04247908359245649,3.0171341441121554e-05,0.053752683103084564,0.041843899717879676,2.9419140099396318e-05,0.05293917655944824,0.041283655556894484,2.8731042931488137e-05,0.05222276970744133,0.040784471564822726,2.8101831834631308e-05,0.05158991366624832,0.04033566792569463,2.7527455122647813e-05,0.05102796107530594,0.03992892426276018,2.7004058653841984e-05,0.050525963306427,0.03955768776081857,2.6527679456620957e-05,0.050074853003025055,0.03921673890380632,2.6094258530968048e-05,0.04966731369495392
666,12,self_attn_after_gate,Horizontal,1,0.305196959347952,0.09470730373526402,1.8013465404510498,0.13061458274485574,0.00014043769543210165,0.17148685455322266,0.11179486200923011,4.8830758403867497e-05,0.1385130137205124,0.10180385020517167,2.124375764596483e-05,0.11889611929655075,0.09582490852427861,1.1483973505746654e-05,0.10653475672006607,0.09188039624501788,7.75707896581332e-06,0.09836840629577637,0.08906523871516424,6.406750976684072e-06,0.0958978533744812,0.0869359044092042,6.091472374335747e-06,0.09426411986351013,0.08525231870866957,6.2305139631393605e-06,0.09294189512729645,0.08387428001751976,6.554974293530455e-06,0.09180562943220139,0.08271641568059013,6.940925327399487e-06,0.09079073369503021,0.08172416651532763,7.332222401315157e-06,0.08986200392246246,0.08086094283868396,7.704040599648719e-06,0.0889967828989029,0.08010131581908181,8.046236234394883e-06,0.08818008005619049,0.0794270924395985,8.356078030062694e-06,0.08740508556365967,0.07882482109088747,8.634639765667628e-06,0.08667182922363281,0.07828408124901,8.884657799817017e-06,0.08598247170448303,0.07779641437625127,9.109370099437944e-06,0.0853370800614357,0.07735469097655917,9.312271950508252e-06,0.0847327783703804,0.07695268212802826,9.497207501965996e-06,0.08416497707366943
666,12,self_attn_after_gate,Gaussian,1,0.13586470673954676,0.005579461564191047,0.45359471440315247,0.07179630802027763,7.86254666562913e-05,0.09938918799161911,0.058029712902175054,2.5881176033856794e-05,0.07231595367193222,0.05153255696807589,1.4173432539418658e-05,0.06008078530430794,0.04774810876401644,1.0002372932300767e-05,0.05434476211667061,0.04521842460547175,8.180252922094567e-06,0.05097430199384689,0.04338685523659464,7.320961744134853e-06,0.048639196902513504,0.041994832870033055,6.903788928439283e-06,0.04691125452518463,0.0409035895551954,6.717650966895216e-06,0.04570692777633667,0.040028457603757346,6.660825658102427e-06,0.044751327484846115,0.039312465027684255,6.672673355387154e-06,0.04396333545446396,0.038715257028502134,6.715089699160215e-06,0.043290454894304276,0.03820800686639453,6.765697132059144e-06,0.04278583824634552,0.037770326884966045,6.813181823055116e-06,0.042384061962366104,0.037387704742806296,6.852980130013933e-06,0.042038027197122574,0.03704954884828083,6.8840261163772735e-06,0.04173627495765686,0.03674789275678377,6.906849122942749e-06,0.04146981239318848,0.03647661596418373,6.922559893797618e-06,0.04123158007860184,0.03623093274377641,6.932351576512088e-06,0.041016049683094025,0.03600705796409221,6.93733421147508e-06,0.040818870067596436
666,12,cross_attn,Vertical,1,0.5080618588697343,0.3659877505013524,4.476246356964111,0.20130496247420235,0.0012083466569722,0.2999386489391327,0.16456310663904464,0.0005055120137089595,0.23838475346565247,0.14384396468836164,0.0002589713942435269,0.19565749168395996,0.13071181826175204,0.00014825721507321618,0.16690246760845184,0.1217367776802608,9.101269316509981e-05,0.14754430949687958,0.11536816661320036,5.8668562464782074e-05,0.13598087430000305,0.11069332772777193,3.950027620270174e-05,0.12752266228199005,0.10716127119367085,2.7713875548205403e-05,0.12111368775367737,0.10441535663983179,2.0154939670066144e-05,0.11612871289253235,0.10220163457450412,1.5179009197249497e-05,0.11201935261487961,0.10039585781475854,1.1910823254133409e-05,0.10875516384840012,0.09892082249834425,9.69118113631696e-06,0.10620324313640594,0.09769318465675626,8.114643084286737e-06,0.10414186865091324,0.09665676052608187,6.926320798220412e-06,0.10261809825897217,0.09577425462859017,6.002519672600656e-06,0.10156837105751038,0.0950149850003303,5.2692893547678835e-06,0.10061562061309814,0.09434531806480317,4.689227976596053e-06,0.09984396398067474,0.09375085740808457,4.2391793197687985e-06,0.09917102754116058,0.09323748910710924,3.881555147863291e-06,0.09851235896348953
666,12,cross_attn,Horizontal,1,0.3193236281947484,0.03447343534591733,1.3248562812805176,0.16841371688577864,0.0006610284736952722,0.2667306065559387,0.13635600914084722,0.00015881070367411491,0.18702886998653412,0.12103073038752117,5.3306734827322615e-05,0.1506025791168213,0.11259521662242829,2.5948241526227576e-05,0.1323547661304474,0.10742415345850445,1.6324327239873936e-05,0.1215401142835617,0.10392118931289702,1.177445217587719e-05,0.11478327214717865,0.10140175951851739,8.49345854205791e-06,0.11038193106651306,0.0995103268632813,6.275926969680926e-06,0.10709809511899948,0.09795004022972924,4.987591198665116e-06,0.1044561117887497,0.09675836456673485,3.8613910750081695e-06,0.10230491310358047,0.09576707971947533,3.0135438665940476e-06,0.10067018866539001,0.09494115152056255,2.5132883261228e-06,0.09947782754898071,0.09420076178179847,2.1397763545896326e-06,0.09858187288045883,0.09359285921331435,1.9024241119690134e-06,0.0973382517695427,0.09313018797408967,1.7554254248545623e-06,0.09705425798892975,0.09275424787922511,1.6645531315328647e-06,0.09693166613578796,0.09245837468003469,1.6092742400136998e-06,0.09691622853279114,0.09213393228867697,1.4312904875497261e-06,0.09618847072124481,0.09181864926266292,1.2715587900424519e-06,0.09549009799957275
666,12,cross_attn,Gaussian,1,0.2313156702688762,0.008608591290231163,0.6601507663726807,0.13267082023242163,0.000543265385152748,0.2102038860321045,0.10287403492700486,0.00016018194583025132,0.14748314023017883,0.08875387114664865,6.129975566097945e-05,0.11329745501279831,0.0812085856284414,3.115832271545578e-05,0.09868143498897552,0.07649906310770246,1.947652778789388e-05,0.09060300886631012,0.07328172371027962,1.4140642622411114e-05,0.08413046598434448,0.07116870712193232,1.1336838888599987e-05,0.07996469736099243,0.0696244647815114,9.26596711717085e-06,0.07640145719051361,0.06867821384516973,7.891990882070197e-06,0.07542984187602997,0.06796272808597201,7.2755866924411244e-06,0.07672375440597534,0.06716008573060944,6.964273517658528e-06,0.07665621489286423,0.06636452663039404,6.52957929431251e-06,0.07546624541282654,0.06571855561600791,6.068276912889071e-06,0.0743122547864914,0.0652790508336491,5.749665554644441e-06,0.07373405247926712,0.06490794971348747,5.3664297876082295e-06,0.07283175736665726,0.06447606592897386,4.9754646376662714e-06,0.07100747525691986,0.06400820476904748,4.668279665424109e-06,0.06901815533638,0.06362956159171604,4.480125029568726e-06,0.06790843605995178,0.06339376313345772,4.5346882846649414e-06,0.06762436777353287
666,12,mix_ffn_after_gate,Vertical,1,1.065646767616272,0.27332215315478525,2.6921515464782715,0.32747414022211047,0.0060145024450843155,0.489458829164505,0.16147147568445358,0.0007158675729336025,0.21611325442790985,0.0977152967973361,0.00013932745960951924,0.12194173038005829,0.06816184497068799,3.843412563280646e-05,0.08042718470096588,0.05267096582859281,1.563724531561845e-05,0.060999948531389236,0.04371120774793246,9.281800223969631e-06,0.051098644733428955,0.038104940028417675,7.143217037952633e-06,0.044814832508563995,0.03437733594032507,6.285538940532866e-06,0.040563199669122696,0.031778841028137814,5.8786625825043846e-06,0.03756985813379288,0.029902180627224936,5.656706985359136e-06,0.03563546761870384,0.028516481970510786,5.519328627459455e-06,0.03439296782016754,0.02747893599527223,5.419194923775394e-06,0.0334494411945343,0.026692034794934212,5.3375560401902785e-06,0.0327235609292984,0.026087911947379038,5.269987383761413e-06,0.032153692096471786,0.02561935025548178,5.2186505026794415e-06,0.03170079365372658,0.025253490618770084,5.188974356929112e-06,0.03134515881538391,0.02496758768601077,5.1842056978389185e-06,0.031076855957508087,0.02474548661756137,5.200523662688012e-06,0.03088449127972126,0.024574784975912835,5.229131919931269e-06,0.03075205348432064
666,12,mix_ffn_after_gate,Horizontal,1,0.9838138142275432,0.2404487418050622,2.777036190032959,0.3197924527857039,0.006038498597457236,0.4970740079879761,0.15892515449769914,0.000762406675916632,0.21602052450180054,0.09653621841044653,0.00015244536488263433,0.11912371218204498,0.06742026733737143,4.195949605224227e-05,0.08070129156112671,0.05202446529079997,1.5550236287773217e-05,0.061060670763254166,0.043102505779455576,7.75909370708497e-06,0.050093211233615875,0.0375542656651565,4.9659099292694455e-06,0.04341147467494011,0.03391605018386765,3.7986264957216827e-06,0.03904996067285538,0.031442932548030975,3.269653321290497e-06,0.036099039018154144,0.029721343535042945,3.0286491596958272e-06,0.03405941277742386,0.028497523583826564,2.9262687244114106e-06,0.0326087549328804,0.027607899632245775,2.8865927548626105e-06,0.031545788049697876,0.026940405161844358,2.857301199860659e-06,0.030912354588508606,0.026419535545366152,2.81445642528425e-06,0.030492691323161125,0.026003537847409174,2.7680794232395077e-06,0.030171852558851242,0.025673014984007866,2.734329376003478e-06,0.02993314526975155,0.02541420685629996,2.7172940935793297e-06,0.029751606285572052,0.025212970931851673,2.7143785493780924e-06,0.029608547687530518,0.025056345979609186,2.7224246279949796e-06,0.029493825510144234
666,12,mix_ffn_after_gate,Gaussian,1,0.7645924744151887,0.12977140725200625,1.67466139793396,0.21055321395397186,0.0034435778945528005,0.3410078287124634,0.09718476909966696,0.0002771034195489964,0.130049467086792,0.06062760890003235,4.157372122314236e-05,0.07149476557970047,0.04550116633375486,1.1202413113156395e-05,0.051895637065172195,0.03810841439380532,5.362260208149702e-06,0.04247504100203514,0.03409470860210676,3.908994087697258e-06,0.038247931748628616,0.03176210362405058,3.523444432142178e-06,0.0359640046954155,0.030328101404602566,3.4434673625011027e-06,0.034277770668268204,0.02940200434790717,3.4361871062653075e-06,0.03318791836500168,0.028787657855049012,3.4400313807598745e-06,0.03263194113969803,0.02837878004426048,3.4449081478487264e-06,0.032229967415332794,0.02810945057324947,3.4490521538325984e-06,0.031944215297698975,0.027935132946050358,3.45311209882152e-06,0.031741462647914886,0.027824190992211537,3.4585411984662948e-06,0.031593773514032364,0.02775416804093217,3.466718132370053e-06,0.0314808189868927,0.02770987602453383,3.4783495331960977e-06,0.031694866716861725,0.027681705970612782,3.4933494876625133e-06,0.031927190721035004,0.02766388264440355,3.5110552441341044e-06,0.032130613923072815,0.02765299787833577,3.5305566458961836e-06,0.03230444714426994
666,13,self_attn_after_gate,Vertical,1,0.29078615232119487,0.09834170495986909,1.7172678709030151,0.10730889747067103,0.00023070125248772483,0.14037826657295227,0.08451667061400792,8.689239418075287e-05,0.10066848993301392,0.07348247002514582,5.8971396958543945e-05,0.08814052492380142,0.06676147771733147,5.112383960178018e-05,0.08092071115970612,0.062069934216283616,4.7644342648311403e-05,0.07643640041351318,0.05856513362082224,4.535923467175928e-05,0.07364676892757416,0.05584653880861071,4.3624308466509484e-05,0.07185491919517517,0.05367924438582526,4.221723901687018e-05,0.07032983005046844,0.0519101768140755,4.100088483081822e-05,0.06895340234041214,0.0504367822810771,3.990937318916064e-05,0.06767210364341736,0.04918857037074982,3.8917138450601746e-05,0.06646548211574554,0.04811550458035772,3.802283841784865e-05,0.06532441824674606,0.04718104300517884,3.723858268134004e-05,0.06424306333065033,0.04635818539157746,3.6574357632341404e-05,0.06321898102760315,0.045626997297245356,3.602565320684681e-05,0.062254223972558975,0.04497265183026829,3.557371041880866e-05,0.06135270744562149,0.044383753564149614,3.5194680516546186e-05,0.06051645427942276,0.043851227987380254,3.4866855456264455e-05,0.059744253754615784,0.043367659643528955,3.457351945053879e-05,0.05903223901987076
666,13,self_attn_after_gate,Horizontal,1,0.13789210894278117,0.0009865964703831358,0.23065350949764252,0.09527129336955055,5.013059683736678e-05,0.11627297103404999,0.08443842378873674,2.842771302128688e-05,0.10150761902332306,0.07881063175579858,2.4604089504303593e-05,0.09590363502502441,0.07528051544749548,2.3596859175130078e-05,0.09201845526695251,0.07281816053012061,2.337156919330953e-05,0.08919431269168854,0.07098381694347139,2.339915270976579e-05,0.08707378804683685,0.06955515238500777,2.351684147996338e-05,0.08544036746025085,0.06840567137040789,2.366711470967693e-05,0.08414901793003082,0.06745728596098839,2.382553062044237e-05,0.0831013172864914,0.06665881865081333,2.3979091559912208e-05,0.08223066478967667,0.06597516437371571,2.4120128938760076e-05,0.08149173855781555,0.0653814049585471,2.424461222736533e-05,0.08085329830646515,0.06485938286734005,2.4351136910120198e-05,0.08029346168041229,0.06439560616300219,2.4440186004640926e-05,0.0797966942191124,0.06397986967885305,2.4513339270087095e-05,0.07935173809528351,0.06360433268405143,2.4572692625295088e-05,0.07895024120807648,0.06326287227963644,2.4620413874348247e-05,0.07858584076166153,0.0629506375463236,2.465855552099783e-05,0.07825350761413574,0.06266371953108954,2.46888993830852e-05,0.07794922590255737
666,13,self_attn_after_gate,Gaussian,1,1.0714439262473394,2.6302839610977684,7.271180152893066,0.13512346373190956,0.0004680776019169175,0.18407085537910461,0.10236825261797224,0.0001315769721741789,0.13061855733394623,0.0857375328029905,6.720182971895201e-05,0.1052723377943039,0.07504460972452921,4.159265803566598e-05,0.09203703701496124,0.06763884685342274,2.8815520130159176e-05,0.08171360939741135,0.062241551362805896,2.128450772477748e-05,0.07358837127685547,0.05816068447061947,1.640545501294589e-05,0.0671706348657608,0.05498863242211796,1.3127370689972634e-05,0.06240881234407425,0.052466915713416204,1.0905421170723187e-05,0.05961136519908905,0.05042173920406236,9.396911511919337e-06,0.057260192930698395,0.04873214366417083,8.369109748317782e-06,0.05525579676032066,0.04731263344486555,7.662710266215761e-06,0.05351816862821579,0.04610207641408557,7.169753687604257e-06,0.05198653042316437,0.045056147175648854,6.817907450241124e-06,0.05078358203172684,0.04414220325767048,6.559420331207051e-06,0.04993759095668793,0.043335787242367155,6.363167197143604e-06,0.049160443246364594,0.042618219223287374,6.209043818256357e-06,0.04843626171350479,0.04197502153969947,6.084167226597954e-06,0.047755785286426544,0.04139480592002944,5.980327538332458e-06,0.04711391404271126
666,13,cross_attn,Vertical,1,0.6762939918608892,0.38897721044218214,4.372422695159912,0.2580630256543084,0.005287434194468053,0.4796178936958313,0.18775804577365754,0.0018680917835737676,0.32170647382736206,0.15400715893696224,0.0007507107761083213,0.24378003180027008,0.13526442859854018,0.00035807014254482896,0.20564517378807068,0.12349972412699745,0.0001916120164151907,0.17574907839298248,0.11565161070653371,0.00011602810840833379,0.15704913437366486,0.11028090888072574,7.682165975103356e-05,0.14396658539772034,0.10635917929429857,5.30694035025929e-05,0.1333232820034027,0.10337139748864704,3.754710873639067e-05,0.1264401078224182,0.10104494364488692,2.7376174021962595e-05,0.12091821432113647,0.09918870977939122,2.0667170186189808e-05,0.11640723049640656,0.09768155737528725,1.617722588722268e-05,0.11265711486339569,0.09644468838260287,1.312426076540137e-05,0.10954517126083374,0.09542243608406611,1.1039257755637483e-05,0.10697301477193832,0.09455363014860758,9.612528085227572e-06,0.10489266365766525,0.0937792719120071,8.460884462346402e-06,0.10319884866476059,0.09309738555124827,7.479313042115365e-06,0.10167273879051208,0.09252994495724874,6.835442410969846e-06,0.10034440457820892,0.0920389715641264,6.48485484108769e-06,0.09932155907154083
666,13,cross_attn,Horizontal,1,0.5929528370736137,0.25501413675749895,3.5815210342407227,0.23191649549537235,0.0020294714209746346,0.348440557718277,0.17479300002257028,0.0006998642823684158,0.2522227168083191,0.14870320378787935,0.0003603921745067519,0.208997905254364,0.1343145485198687,0.00020048032484976076,0.17671990394592285,0.12523488262816082,0.00012182021626349234,0.15509814023971558,0.11895516431993908,7.982407446854964e-05,0.14129310846328735,0.1143616269978266,5.5747809888495006e-05,0.13235506415367126,0.11084039355554277,4.138905514008868e-05,0.125867560505867,0.10810546115750358,3.1823679468552335e-05,0.1215403825044632,0.1058928601088978,2.4630790095175638e-05,0.11841548979282379,0.10397051215644866,1.8678796017144632e-05,0.11598679423332214,0.10228631349783095,1.4366962976159426e-05,0.1134173721075058,0.10091210002937014,1.1567129339632562e-05,0.11103111505508423,0.09976361431772747,9.643441390352336e-06,0.10915717482566833,0.09871580025979451,7.992408188427758e-06,0.10731714963912964,0.09774461305803722,6.436836583269662e-06,0.10510554909706116,0.09690276840849528,5.2242468145816775e-06,0.10299226641654968,0.09618619320884583,4.350699759123762e-06,0.1012987494468689,0.09556691549600117,3.69834013359885e-06,0.09996546059846878
666,13,cross_attn,Gaussian,1,0.3811034626430935,0.05596733882400997,1.7545663118362427,0.16631551382560578,0.0013631677083292828,0.34887951612472534,0.12434792636878907,0.00034251420569353955,0.19918659329414368,0.10407628698481454,0.00012881057119605807,0.1340714991092682,0.0925493591598102,6.84906067492825e-05,0.10759130865335464,0.08523902178756775,4.5291160850790055e-05,0.09904219955205917,0.08029873101484208,3.285752009617628e-05,0.09386919438838959,0.07660897856666929,2.4835613275709572e-05,0.08965019881725311,0.0738535633399373,1.9499088174213252e-05,0.08634960651397705,0.0716606422312676,1.5950148840832337e-05,0.0832456573843956,0.06989715005906802,1.3518486506386675e-05,0.0802784115076065,0.06850223059928606,1.1856222590150084e-05,0.07776406407356262,0.06735502213003143,1.0642933235000734e-05,0.0756286233663559,0.06642222824314284,9.607397960017992e-06,0.07373636960983276,0.06566778529021475,8.780960671482127e-06,0.07207351922988892,0.06506330679569926,8.154155987618713e-06,0.0707186609506607,0.06459694166505148,7.69520266124027e-06,0.06972520053386688,0.06423807906962577,7.371377090700408e-06,0.06902157515287399,0.06390437596137562,6.989328968124199e-06,0.06833615899085999,0.0635681338016949,6.586074406990709e-06,0.06840899586677551
666,13,mix_ffn_after_gate,Vertical,1,0.9414258268144395,0.17999335082931725,2.3571934700012207,0.28829990209095063,0.005213583391255882,0.43614116311073303,0.13845197052236588,0.0005428685937201421,0.18401265144348145,0.0855033187166093,9.247909324496453e-05,0.10541391372680664,0.06263770996814683,2.7253867616509824e-05,0.07401080429553986,0.05120177732573615,1.4116008804842204e-05,0.06095254793763161,0.04483726738937317,1.0569329189485075e-05,0.05364946275949478,0.04100072726843849,9.283433523208787e-06,0.049173638224601746,0.038546555453822726,8.672853382689539e-06,0.04622458666563034,0.03690820908735669,8.330505844757517e-06,0.04419660568237305,0.03577918293220656,8.112672974315507e-06,0.042769983410835266,0.034975964487308546,7.944147915775383e-06,0.041761238127946854,0.034379665074603896,7.783804798936105e-06,0.041052863001823425,0.033919270519935894,7.634258291266171e-06,0.04056194797158241,0.0335627504816604,7.518965012872511e-06,0.04021997004747391,0.033295341929982576,7.440838946157746e-06,0.039965324103832245,0.033101550111221886,7.384324477554726e-06,0.039756037294864655,0.03296435044871436,7.336364009149758e-06,0.03957221284508705,0.032869307560816644,7.290708744961106e-06,0.039404891431331635,0.03280530130815885,7.244853729485638e-06,0.039249930530786514
666,13,mix_ffn_after_gate,Horizontal,1,0.9139015050161452,0.15586204212849836,2.0102720260620117,0.2845326690446763,0.004875413731419629,0.41568154096603394,0.1398624818003367,0.0005210738990386401,0.1821148842573166,0.08812591587267225,9.546536051312144e-05,0.10805456340312958,0.06520742124744824,2.5614703219466808e-05,0.07647614181041718,0.05368438800649038,1.0305687940461584e-05,0.061272554099559784,0.04730874477397828,6.064721311062913e-06,0.053107667714357376,0.04351175452272097,4.633335452662921e-06,0.04821433871984482,0.04113751383764403,4.055703712373999e-06,0.045566655695438385,0.03961068504149952,3.816587558042143e-06,0.044310830533504486,0.038610689696811494,3.7180222169089603e-06,0.043481022119522095,0.037944549251170384,3.675126802925214e-06,0.04288926720619202,0.037482336695705144,3.644354609792703e-06,0.04244183003902435,0.03713494373692407,3.6044948455432766e-06,0.04211129993200302,0.0368582604541665,3.5635144762255575e-06,0.041892990469932556,0.036644137035759666,3.5344724382129445e-06,0.04175781458616257,0.03648988949874091,3.5173393091780327e-06,0.04166997969150543,0.036383553156777035,3.5083533049799423e-06,0.04160313308238983,0.036311315993467964,3.5049679372945425e-06,0.041540585458278656,0.03626250942784642,3.505447179737437e-06,0.041474271565675735
666,13,mix_ffn_after_gate,Gaussian,1,0.9605211128318121,0.19113500927581048,2.4329135417938232,0.29163882443829187,0.005236426566319071,0.45103925466537476,0.14185408550122428,0.0005552049000006475,0.19311100244522095,0.08780706070718311,0.0001038072594674022,0.10995228588581085,0.06378553665819622,2.9866108995049597e-05,0.07627476751804352,0.05150553347572448,1.2839039544890363e-05,0.05944785475730896,0.044528268395908295,7.850074540446716e-06,0.050659194588661194,0.04023609138906948,6.129321932065805e-06,0.0456567220389843,0.037434539210701744,5.4907232399293535e-06,0.04295891523361206,0.03552257985113159,5.247178438704532e-06,0.041414178907871246,0.03417052485285297,5.126915768997611e-06,0.04023519903421402,0.03319136632813348,5.029416409717215e-06,0.03924918174743652,0.032476631954075796,4.935121193421977e-06,0.038458071649074554,0.03195466642223653,4.847737849735818e-06,0.037821266800165176,0.03157151180009047,4.769404900281549e-06,0.037299394607543945,0.03128599614969322,4.695667839809952e-06,0.03699775040149689,0.031068744463106944,4.6227816496332866e-06,0.0367874950170517,0.03090290884886469,4.555669153407274e-06,0.03665407747030258,0.030782546581966535,4.505688271738966e-06,0.0365765281021595,0.030703576133837774,4.479177102530561e-06,0.036523960530757904
666,14,self_attn_after_gate,Vertical,1,0.6705736740240975,0.0862498668667598,1.5876004695892334,0.26710321316643365,0.003077624550170735,0.3740358352661133,0.1759002643918234,0.0010175566116147731,0.23814626038074493,0.1330130177121314,0.0004505174650153237,0.17546340823173523,0.10922203768813421,0.00024963545953370406,0.13942529261112213,0.09433010421575062,0.00016472666240388648,0.12258215248584747,0.08409253720726285,0.00012174363883844366,0.10935590416193008,0.07657916855717463,9.695687580003862e-05,0.09852593392133713,0.0708140575341762,8.147286007536781e-05,0.08994102478027344,0.06625029409215563,7.125263875410685e-05,0.08483289182186127,0.06255330772153915,6.419601158194746e-05,0.08094248175621033,0.059505024067466224,5.9131872495021835e-05,0.07768336683511734,0.05695584002468321,5.537243793162639e-05,0.07490134239196777,0.0547987941711668,5.249157101570257e-05,0.072491355240345,0.05295495150817765,5.0212009760072395e-05,0.07037629187107086,0.05136459983057446,4.8347207755902796e-05,0.0684957280755043,0.0499816376065451,4.677016366417317e-05,0.06680130213499069,0.04876986861465469,4.5393938372677586e-05,0.06525494158267975,0.04770048920597349,4.415880540627114e-05,0.06382758915424347,0.046750305131787344,4.302342874535491e-05,0.062497735023498535
666,14,self_attn_after_gate,Horizontal,1,0.6893975351537976,0.11448864741039864,1.8472288846969604,0.2746025733058415,0.0024295851943620444,0.46171289682388306,0.19175748881839572,0.0006535787728375101,0.2725480794906616,0.15432355493780167,0.00025704435077887996,0.19198638200759888,0.13364454678126744,0.00013632421054276508,0.16118983924388885,0.12073495818508996,8.421160183527446e-05,0.14873498678207397,0.1120614226138781,5.683524573947102e-05,0.13821576535701752,0.10592981770871178,4.091280237635253e-05,0.1292654424905777,0.10141098286424365,3.1030656061136304e-05,0.12175792455673218,0.09796032782584901,2.4648923289255236e-05,0.1155676394701004,0.09524288513357677,2.0400353091811585e-05,0.11053287982940674,0.09304523799154493,1.746985268849361e-05,0.10644539445638657,0.09122839688308655,1.5369019517456442e-05,0.10309173911809921,0.08969907628165351,1.3812028868593658e-05,0.10029463469982147,0.08839199041563367,1.2629290303847417e-05,0.09792239964008331,0.08725957004796892,1.1716318335265287e-05,0.09588393568992615,0.08626616308613429,1.1006298882121583e-05,0.09411875158548355,0.08538488227696646,1.0454824961830395e-05,0.09258571267127991,0.0845956141276965,1.0030461151031306e-05,0.0912533700466156,0.08388343914633706,9.709158446685702e-06,0.09040726721286774
666,14,self_attn_after_gate,Gaussian,1,0.6973443868614378,0.11349005364933655,1.6522624492645264,0.24489771184467135,0.003529669009586858,0.3963797688484192,0.15275820072681184,0.0008610210255848071,0.22499093413352966,0.11240652440086243,0.000342939150802511,0.15146049857139587,0.09039847883913252,0.00017452273411903827,0.11830058693885803,0.07692494633651915,0.00010880844243980272,0.10045728087425232,0.06786788107147293,7.635248690351554e-05,0.0928485170006752,0.06140571194035666,5.748900567596084e-05,0.08621716499328613,0.05660066907368009,4.535946427489273e-05,0.08011438697576523,0.05290625108376382,3.702726094062936e-05,0.07458576560020447,0.04998204023355529,3.10330872013051e-05,0.0696258693933487,0.047611006077319856,2.6579809282041193e-05,0.06523066014051437,0.04565043410375005,2.3188891670090634e-05,0.061376236379146576,0.04400283204657691,2.0550225779730332e-05,0.05801921337842941,0.0425991423664585,1.8454804727569242e-05,0.05510540306568146,0.04138911970787578,1.6759574387837976e-05,0.052576981484889984,0.040335522166320255,1.536602165978649e-05,0.05037751793861389,0.039410310250426094,1.4205976114159255e-05,0.04851328209042549,0.03859202871246943,1.3231873588387724e-05,0.047110602259635925,0.037864003005245374,1.2409631251408939e-05,0.04584101215004921
666,14,cross_attn,Vertical,1,0.7349548460472197,0.7548570135973347,5.835695743560791,0.21774515225773766,0.005995955470633181,0.5134486556053162,0.1673274671747571,0.002134597396541996,0.364080011844635,0.14397833673726945,0.0009821258575426319,0.2731351852416992,0.12999798144612992,0.0004900058556931562,0.21409794688224792,0.12115743779946887,0.0002634950791994608,0.17766313254833221,0.11505783408407182,0.00015079127771965576,0.15938887000083923,0.11041719643842607,9.269895931413774e-05,0.1464039385318756,0.10696597385501104,6.0841060422720805e-05,0.13560572266578674,0.1044166898207059,4.204940079386624e-05,0.12691321969032288,0.10247369820163363,3.063602680370386e-05,0.12039355933666229,0.10096272400447301,2.382318359391424e-05,0.11563822627067566,0.09978968141570924,1.989161469597222e-05,0.11317126452922821,0.09884474284592129,1.7316181408797813e-05,0.11145288497209549,0.0979899564196193,1.4962886742383996e-05,0.10956910252571106,0.09712665315185275,1.257133148677884e-05,0.10721588879823685,0.09627655065721935,1.0653624434896197e-05,0.10553061962127686,0.0955267764982723,9.45385735866822e-06,0.10535794496536255,0.09491231990238977,8.769743701562372e-06,0.10522900521755219,0.09440799636973275,8.341417181392401e-06,0.10514399409294128
666,14,cross_attn,Horizontal,1,0.8497605413671524,1.343991440178444,8.38070297241211,0.24734651167241353,0.004588773244442182,0.4814281463623047,0.18210939518989078,0.001542441295980366,0.3029094934463501,0.15089036772648493,0.0007073612035837811,0.22574687004089355,0.13518540892336103,0.0003972346507707203,0.18515679240226746,0.12548783811784925,0.00025218335184242115,0.17287828028202057,0.11874495600424116,0.00017154037910390902,0.16088277101516724,0.11378992762830523,0.00012106486724747326,0.14964336156845093,0.10999057749434123,8.821970453660702e-05,0.1396983563899994,0.1070223952096606,6.556014086240565e-05,0.13137997686862946,0.10469805804036912,4.920274919556552e-05,0.12442714720964432,0.10286395559235224,3.75198056915701e-05,0.118523970246315,0.10137868412430324,2.9100858507886474e-05,0.1157648116350174,0.10014385458022829,2.295671789611424e-05,0.11366599053144455,0.09913920386443062,1.8534384517238775e-05,0.11175490915775299,0.09835320510088451,1.5426070240700786e-05,0.11013719439506531,0.0977269872313454,1.3248713153120178e-05,0.10888796299695969,0.09717294171689049,1.1610152228692829e-05,0.10792769491672516,0.09660734248066706,1.0150060450407227e-05,0.10701693594455719,0.0960152791369529,8.750928186981342e-06,0.10591574758291245
666,14,cross_attn,Gaussian,1,0.4183750462437433,0.05753253536269274,1.0463035106658936,0.17182917230659062,0.0029682000215441556,0.32986199855804443,0.12252687615534616,0.0006538830144176809,0.19582068920135498,0.10317380809121662,0.0002778480591121592,0.15129786729812622,0.0933467142638706,0.00015749400031289527,0.13079550862312317,0.08654697026525225,9.280107592118405e-05,0.1174369752407074,0.08182798479757612,5.756432867206803e-05,0.10664907097816467,0.07874921697472768,3.826092694296488e-05,0.09818579256534576,0.07655246508499933,2.6913554974986032e-05,0.09178424626588821,0.07485270429225195,1.933626506891107e-05,0.08664656430482864,0.07354911298505844,1.4327000480712001e-05,0.08253161609172821,0.07258085114142251,1.1018558504203186e-05,0.08064588159322739,0.07184823413216879,8.794554777211567e-06,0.07919029891490936,0.07125457742857555,7.5737939166470635e-06,0.07807518541812897,0.07068682343713821,7.194487292714088e-06,0.07718563079833984,0.07013268827918977,7.078831972019895e-06,0.07629451155662537,0.06964832225016185,6.99258151945574e-06,0.07563672959804535,0.06925748619768354,7.070247301996504e-06,0.07661847770214081,0.06895420771269571,7.454822566369226e-06,0.07789508998394012,0.06873639732126206,8.397335265960521e-06,0.0796847939491272
666,14,mix_ffn_after_gate,Vertical,1,1.1059496298668876,0.29428664114755043,3.1222968101501465,0.3525655648064992,0.00635990709625246,0.5415207743644714,0.17884907079121423,0.0007425360863053603,0.2454197108745575,0.11180882759037472,0.00014437601854249785,0.1413610726594925,0.08049901361976351,4.112490106473853e-05,0.0954764112830162,0.06399573622241853,1.7731481412903604e-05,0.07463450729846954,0.05448677940737633,1.1327138159427084e-05,0.06268349289894104,0.04862367089778658,9.285274373085158e-06,0.057680465281009674,0.04481603181551373,8.527428066957283e-06,0.054378606379032135,0.042240857427555414,8.198569091673761e-06,0.05194370821118355,0.04044315201185998,8.058074030191279e-06,0.050174448639154434,0.03915620346864065,8.017435274104173e-06,0.04893305152654648,0.03821448325401261,8.023945502879869e-06,0.04806236922740936,0.037511472782445335,8.052314492917011e-06,0.047448188066482544,0.03697753880941679,8.08945958343599e-06,0.04701654613018036,0.0365661738056039,8.126799757112586e-06,0.04671606421470642,0.03624562919139862,8.1596493863543e-06,0.046510372310876846,0.03599383155741389,8.187175227929336e-06,0.04637537896633148,0.03579508258946358,8.210676965028166e-06,0.04629511013627052,0.03563786203426028,8.231157433080305e-06,0.04625612124800682
666,14,mix_ffn_after_gate,Horizontal,1,0.9671882059839036,0.19142015867746778,2.086843490600586,0.29151456743951826,0.005618203855174485,0.4669429659843445,0.1418531449541213,0.0005471801255826335,0.1935185194015503,0.0912791999086501,9.28854889033e-05,0.1105058491230011,0.07005572047025438,2.5681292480305122e-05,0.08106056600809097,0.05968822278673687,1.170244539461797e-05,0.06808334589004517,0.05400874406572372,7.786110913626626e-06,0.06122472882270813,0.050631694968730684,6.39599256839793e-06,0.05719804763793945,0.04850333787146069,5.802262311013127e-06,0.05478793755173683,0.04710350581814372,5.515657461154715e-06,0.053419265896081924,0.04615504436549686,5.363676431425904e-06,0.052457086741924286,0.045499037951231,5.2639537488876866e-06,0.0517706423997879,0.04503593516964761,5.1822050784410315e-06,0.05128319561481476,0.04470314322009919,5.120362334374709e-06,0.050938669592142105,0.04446221592407378,5.080037531661169e-06,0.05069374293088913,0.04428605628865106,5.0566479944116e-06,0.05051840469241142,0.04415472939847007,5.045643983571006e-06,0.050391778349876404,0.04405472942051433,5.04513912745163e-06,0.05029952526092529,0.043978702809129445,5.055836486887471e-06,0.05023254454135895,0.04392362900433086,5.07868406807317e-06,0.05018582195043564
666,14,mix_ffn_after_gate,Gaussian,1,0.8623078995280795,0.16670599000815514,2.0420150756835938,0.2443811801217851,0.004017352465159197,0.3770997226238251,0.11633354236209204,0.00037165085055334575,0.15316617488861084,0.07314587396288676,6.070446082515496e-05,0.08716905862092972,0.05528060772589275,1.6204102356000418e-05,0.06148986145853996,0.04673799263342979,7.677379071436214e-06,0.052354589104652405,0.04214411412203123,5.6438925854530855e-06,0.04810427129268646,0.039456962179096916,5.032263212672302e-06,0.04554656520485878,0.03780165728595522,4.814689511491414e-06,0.04389394074678421,0.03673860720462269,4.708402039322316e-06,0.042790260165929794,0.036026114361390235,4.620724233359998e-06,0.04205946996808052,0.03552552463398093,4.5347767479089636e-06,0.04156992956995964,0.03516014310575667,4.45401262174893e-06,0.04120142385363579,0.03488969879727515,4.3819480109139475e-06,0.04089521989226341,0.03468917543807673,4.3179619282970874e-06,0.040639884769916534,0.034540514653873824,4.264027565392453e-06,0.04043218493461609,0.03443147487465351,4.22400514631786e-06,0.04026910662651062,0.034353911965375857,4.1990990494524736e-06,0.0401468425989151,0.034302615811900486,4.186948043409071e-06,0.040061235427856445,0.03427415598361265,4.183594194794471e-06,0.04000838100910187
617,12,self_attn_after_gate,Vertical,1,0.19577566640717642,0.01815055096584949,0.8819096088409424,0.09727192161575196,0.0001384300588677391,0.11956354230642319,0.0775622899333636,6.919744629594609e-05,0.09122137725353241,0.06751512972608445,5.380082766273325e-05,0.0792171061038971,0.0615673710311216,4.8093382147368724e-05,0.07440438866615295,0.05760067594902856,4.425704675240497e-05,0.07033488154411316,0.05473677512435686,4.156889732072624e-05,0.06656503677368164,0.05254178541520285,3.9729911638301034e-05,0.0637846291065216,0.05078539406023328,3.843849820644989e-05,0.06256714463233948,0.04933572140714479,3.74677299760763e-05,0.0615137554705143,0.04811119974132568,3.666852708306363e-05,0.06055581197142601,0.04705808016042861,3.595060743503772e-05,0.05965408310294151,0.0461393804658973,3.526327385736075e-05,0.05878642946481705,0.045328864502528356,3.458193694943455e-05,0.057942427694797516,0.044607400953296635,3.389918435156943e-05,0.05711980164051056,0.043960546512925434,3.321752452398544e-05,0.0563209243118763,0.04337702750686615,3.254370282811454e-05,0.05554981902241707,0.04284776983753083,3.1884704967810116e-05,0.05481014773249626,0.042365339244641954,3.1245912712847924e-05,0.054104313254356384,0.04192355257414636,3.0630638649420765e-05,0.05343333259224892
617,12,self_attn_after_gate,Horizontal,1,0.19991135810102736,0.01387015787253165,0.8076081275939941,0.11620271300512647,6.948737746777255e-05,0.14045828580856323,0.10168865240282482,2.0443526850714545e-05,0.11203128099441528,0.09449345381960036,1.149425192014483e-05,0.10264863073825836,0.09011070997942061,8.716922091761672e-06,0.09762879461050034,0.08715850824401492,7.805588013178644e-06,0.09379050135612488,0.0850513129243775,7.6292420442719156e-06,0.09087205678224564,0.08347183264910228,7.729835902297889e-06,0.0886598601937294,0.08223434454864925,7.933557033801648e-06,0.08724624663591385,0.08122758188891033,8.15965131023092e-06,0.08644455671310425,0.08038354558604104,8.367864671286125e-06,0.08577942848205566,0.07965915614650362,8.545062998251125e-06,0.08520501852035522,0.0790263344607656,8.691708340962205e-06,0.084694042801857,0.07846626840413563,8.81265478247025e-06,0.08422961831092834,0.07796588445466662,8.913437900704383e-06,0.08380119502544403,0.07751569565799502,8.99929362594487e-06,0.08340226113796234,0.07710848358415422,9.074849103849157e-06,0.0830288976430893,0.0767385121139269,9.14407529557721e-06,0.08267872780561447,0.07640105332173998,9.210185608570478e-06,0.08235014975070953,0.07609209158117809,9.275586737858701e-06,0.0820419117808342
617,12,self_attn_after_gate,Gaussian,1,0.631707468912715,0.9508895571733268,4.29704475402832,0.10906650610859432,0.00019891012787552975,0.1486852765083313,0.08579552540230373,6.605585799884332e-05,0.11222294718027115,0.07383327635507735,3.421582729640443e-05,0.09296189993619919,0.06625134763973099,2.1848920215389323e-05,0.08093255758285522,0.060969229669324936,1.62147174887847e-05,0.07277282327413559,0.057059972473080194,1.3328798623249919e-05,0.06683142483234406,0.05405125690121499,1.1677610484008713e-05,0.062315113842487335,0.05167236474771348,1.0654011492700312e-05,0.058816589415073395,0.049751573020503634,9.982057473651967e-06,0.056077130138874054,0.04817159621725007,9.514637730300613e-06,0.054126691073179245,0.04684896778965753,9.165094921711261e-06,0.05300282686948776,0.04572329167572279,8.88218027571436e-06,0.05198883265256882,0.04475072759484488,8.637732735412068e-06,0.051049962639808655,0.04389952158644086,8.418144882563388e-06,0.050213977694511414,0.043146624274197076,8.217691030325827e-06,0.0495857372879982,0.0424750635903033,8.034079808597303e-06,0.04900810122489929,0.04187200750623431,7.86622493342901e-06,0.04847285896539688,0.041327455687144445,7.713368177782213e-06,0.04797373712062836,0.040833397812786554,7.574770012017917e-06,0.04750575125217438
617,12,cross_attn,Vertical,1,0.442062499031188,0.22812378547468076,3.5964813232421875,0.19346575533586835,0.0008446833900538222,0.2619684338569641,0.15858577901408785,0.0003271381757297509,0.2031579613685608,0.1387167941956293,0.0001627555465462018,0.17697757482528687,0.12617071777109115,9.344050687661546e-05,0.15678681433200836,0.11781060317206005,5.730392622548471e-05,0.14214414358139038,0.11193763854957763,3.688930740703106e-05,0.13139885663986206,0.10764001688313862,2.4769833182249928e-05,0.12327782809734344,0.10439672805960216,1.7341001924816493e-05,0.11703934520483017,0.10189265887888652,1.2658382605746584e-05,0.11222204566001892,0.09992474849734988,9.618039043507758e-06,0.10847490280866623,0.09835268651682233,7.572362561479725e-06,0.10552278161048889,0.09707849969466527,6.144007821915767e-06,0.10317018628120422,0.09603312244964024,5.118381086815923e-06,0.10144887864589691,0.09516486454577673,4.36799580942807e-06,0.10022716224193573,0.09443536211573889,3.818566296288696e-06,0.09916052222251892,0.09381640288564894,3.420310519293318e-06,0.09823055565357208,0.09328178257223159,3.1353889624014094e-06,0.09739336371421814,0.09281942579481336,2.9031122391940453e-06,0.09660761058330536,0.09242384466860029,2.715832470153843e-06,0.0959131270647049
617,12,cross_attn,Horizontal,1,0.2600777205966768,0.01352656377019681,0.7049020528793335,0.15790196886611363,0.0005108380321053395,0.22860664129257202,0.13074103163348305,0.00015868939947766273,0.1688748598098755,0.11696761562710717,6.268868686067524e-05,0.14656449854373932,0.10916086723880163,3.078052449695237e-05,0.1325724571943283,0.10412017681768962,1.761783407043367e-05,0.12251663208007812,0.10074386899433439,1.0861978828976284e-05,0.11519767343997955,0.09833135148362508,7.211872917238643e-06,0.1100473403930664,0.09661071794846701,5.071034385836337e-06,0.10613195598125458,0.09533557922594131,3.7809033508988224e-06,0.10331034660339355,0.09437708816831074,2.9714363393130467e-06,0.10137705504894257,0.09366348752426723,2.426362647639906e-06,0.09997645020484924,0.09313476948984085,2.0882920538036406e-06,0.09900245070457458,0.09262933404672713,1.8166281187339333e-06,0.09789914637804031,0.09227564197684092,1.566845950246811e-06,0.09751026332378387,0.0919388226336903,1.3765624138828796e-06,0.09672215580940247,0.09172903793671774,1.5369857128519003e-06,0.09659793227910995,0.0915639784837526,1.7854240416629966e-06,0.0965101569890976,0.09152517656958292,2.653779189442797e-06,0.09733201563358307,0.09143619061935515,3.193775382973474e-06,0.09822610765695572
617,12,cross_attn,Gaussian,1,0.5440726076799726,0.6321147859386755,5.837265968322754,0.17446279927851663,0.0012074800910649168,0.2643882632255554,0.14107422140382586,0.0006412150662288054,0.22224850952625275,0.12199685545194716,0.00040176682734936324,0.1929459273815155,0.10914767084140627,0.0002586712843605453,0.16977262496948242,0.09997931607658901,0.0001690782474728077,0.1510906219482422,0.0931906435224745,0.00011279535872751088,0.13608193397521973,0.08805993057432629,7.74023693271645e-05,0.123896524310112,0.08405536969029714,5.458260083639437e-05,0.11388350278139114,0.08088692703417369,3.947233138916498e-05,0.10562951862812042,0.07836191982976974,2.9245687634426446e-05,0.0987677276134491,0.07629686783230494,2.2099826713606094e-05,0.09302645176649094,0.07456990012100764,1.701579340368558e-05,0.08822951465845108,0.07312643102237157,1.3409654460542077e-05,0.08418692648410797,0.07189723801991296,1.0899116837029084e-05,0.0814903974533081,0.0708042953222517,9.263271758030917e-06,0.07977797091007233,0.06982697120734624,8.052773639002461e-06,0.0782325267791748,0.06899138090629427,7.063940384170349e-06,0.07674285024404526,0.06827952298853132,6.285062496524373e-06,0.07533662021160126,0.06766202667402843,5.669575402196599e-06,0.07407523691654205
617,12,mix_ffn_after_gate,Vertical,1,0.8705705158294194,0.12848155809740697,2.0559535026550293,0.2776461924825396,0.004743918041352824,0.42554113268852234,0.129745738137336,0.00047686315268355184,0.1773798167705536,0.07738743403128215,7.761489273733472e-05,0.09591274708509445,0.05474421979179458,1.9877080802477535e-05,0.06630049645900726,0.043338702488986275,8.460806250018197e-06,0.05179787054657936,0.036931573635055906,5.733093621585999e-06,0.04389457777142525,0.033041709886183816,5.041845697199854e-06,0.039225995540618896,0.030550475158388653,4.882143118883602e-06,0.03630412369966507,0.028888161515905744,4.8516900243171044e-06,0.03438476845622063,0.027736470191961245,4.847771338434923e-06,0.03341534733772278,0.026910918779552928,4.870335392942424e-06,0.032674118876457214,0.02630561711414466,4.937770217497104e-06,0.03213367611169815,0.025861066159984424,5.042267028364392e-06,0.03176750987768173,0.025539589336230642,5.157240139105089e-06,0.03153303638100624,0.025311742244022235,5.265622721668194e-06,0.03138688579201698,0.02515290030056522,5.361458605557087e-06,0.031291019171476364,0.025042677120793434,5.440351967242873e-06,0.03121255524456501,0.024964487475771752,5.498873655039924e-06,0.03112998604774475,0.02490601274702284,5.537611223953458e-06,0.03103906661272049
617,12,mix_ffn_after_gate,Horizontal,1,0.8369362709068117,0.13934901928248872,1.8921042680740356,0.2521744491088958,0.003942209299489678,0.378923237323761,0.12076934001275472,0.0004289461822302459,0.1607983410358429,0.07380916527102864,7.839268540899127e-05,0.09256262332201004,0.05323103365917054,2.143544926697421e-05,0.06469928473234177,0.04279339887083523,8.6667233106007e-06,0.05083361268043518,0.036914678379183725,5.060484399905338e-06,0.043192267417907715,0.03336116384773973,3.866557672610088e-06,0.0386543944478035,0.03108601440631208,3.432491511934378e-06,0.035755060613155365,0.02955730708818587,3.255511113162293e-06,0.0337652787566185,0.028485515879260168,3.148886762531358e-06,0.0325925275683403,0.027712374689087035,3.067847846924562e-06,0.03205135464668274,0.027146541853509253,3.0104945649279525e-06,0.03165246173739433,0.026727175073964254,2.9723282692727555e-06,0.03134447708725929,0.02641354530813202,2.9498860668016303e-06,0.031096577644348145,0.026178944442007277,2.939095566712193e-06,0.03089413046836853,0.026004866770808658,2.934414576012351e-06,0.030728232115507126,0.02587660274926632,2.93106880340332e-06,0.030589941889047623,0.025782213886342352,2.926449631352841e-06,0.030472703278064728,0.025711918574950053,2.9201972510938863e-06,0.030373074114322662
617,12,mix_ffn_after_gate,Gaussian,1,0.7859504464126769,0.13787203811447749,1.7607980966567993,0.22544828412078677,0.0033193907585143383,0.3497427701950073,0.1081163359303323,0.0003230815724308233,0.14509528875350952,0.06744255101869977,5.537061786020201e-05,0.08314941823482513,0.04986689097824551,1.5096535178967626e-05,0.05943426862359047,0.0410523848046386,6.711182066850338e-06,0.04714994132518768,0.03618423300721343,4.542153347873606e-06,0.040264736860990524,0.03332682787662461,3.926207583225501e-06,0.03730952739715576,0.03156596513849402,3.7623287257336456e-06,0.03553979471325874,0.030432998040129267,3.7479075659777292e-06,0.03447074443101883,0.029672780857672765,3.7629248067919936e-06,0.033498480916023254,0.029146969377521485,3.758756139499645e-06,0.03281161189079285,0.028781973889895847,3.738150180114719e-06,0.03243504464626312,0.028533694851729605,3.7102694224349405e-06,0.03222205489873886,0.02837083985408147,3.678971265736723e-06,0.0320860855281353,0.028269639120451988,3.647316968802964e-06,0.032003697007894516,0.028211327831423473,3.6190664255797325e-06,0.03202170506119728,0.02818128972181252,3.5980019375561426e-06,0.0322963185608387,0.028168975242546627,3.586523980164208e-06,0.03255542367696762,0.028167551265112938,3.5850164018569937e-06,0.032786425203084946
617,13,self_attn_after_gate,Vertical,1,0.21464500233294473,0.029144313645749733,1.1072111129760742,0.09416020779855667,0.00014126027719994256,0.12303104996681213,0.07522506988237775,7.806576189596883e-05,0.09622620791196823,0.06613026866837153,6.294154979414408e-05,0.08312107622623444,0.06071337371591538,5.5684225210026935e-05,0.07565519958734512,0.05705535725232155,5.0954502200500736e-05,0.07278475910425186,0.054389643113291454,4.735278866737186e-05,0.07022079825401306,0.05234527960419655,4.4431581595174115e-05,0.06800603121519089,0.050711423395172,4.202504669993024e-05,0.06611369550228119,0.04936176644904273,4.00665757346669e-05,0.06447473168373108,0.048221261018798464,3.849562124878465e-05,0.06302471458911896,0.04724360145037136,3.72362074438979e-05,0.06172647327184677,0.046396325268442666,3.6210814920626145e-05,0.0605587400496006,0.04565473308875447,3.535570737239569e-05,0.059505004435777664,0.04499971026939059,3.462547141558357e-05,0.058551110327243805,0.0444163621536323,3.398999242738852e-05,0.05768539011478424,0.04389296690859492,3.342958090890476e-05,0.056898459792137146,0.0434202134372696,3.29308687301992e-05,0.056182585656642914,0.04299065931921914,3.248396143125661e-05,0.05553087592124939,0.0425983215903952,3.208077874718963e-05,0.05493675172328949
617,13,self_attn_after_gate,Horizontal,1,0.14202513675841075,0.0009983508908120264,0.26518410444259644,0.09998234621589146,4.1327549894412644e-05,0.11740387976169586,0.08805841633251735,1.797922345007405e-05,0.09756414592266083,0.0821645725814123,1.540461565899127e-05,0.0922962874174118,0.07855700938001511,1.5928287152353765e-05,0.08970637619495392,0.0760481736016652,1.680078519568173e-05,0.08799654245376587,0.0741758949699856,1.758394880606322e-05,0.08670200407505035,0.07270949901569457,1.822366729231941e-05,0.08564946055412292,0.07152130123641756,1.8734459217721626e-05,0.0847611352801323,0.07053426499404604,1.914054248433149e-05,0.08399447053670883,0.06969833971252518,1.946353454375384e-05,0.08332251012325287,0.06897908667959864,1.9720680483096484e-05,0.082726389169693,0.06835180828495631,1.9925527722038706e-05,0.08219218999147415,0.06779826201853298,2.0088659828142606e-05,0.08170919120311737,0.06730467122462061,2.0218575229502505e-05,0.08126906305551529,0.06686045637442953,2.0322165543538936e-05,0.0808652937412262,0.06645739504269191,2.0405123047793026e-05,0.08049274235963821,0.06608903916582229,2.0472150472464194e-05,0.08014734089374542,0.06575028296737444,2.0527141306357107e-05,0.07982587069272995,0.06543706487568599,2.0573179031970456e-05,0.07952570915222168
617,13,self_attn_after_gate,Gaussian,1,0.24748499324870488,0.08757981666263477,1.6747362613677979,0.08978238216941319,0.00014263029289257188,0.13352257013320923,0.07190722439970289,4.354826958346076e-05,0.09113292396068573,0.0628299391458905,2.1853052189950274e-05,0.07461456954479218,0.05716118305211976,1.4736441365600229e-05,0.06660149991512299,0.05323695698900828,1.1576782279624829e-05,0.06214045733213425,0.05037335507453434,9.91284379869611e-06,0.05846482515335083,0.048207650581995644,8.930338868639525e-06,0.05554234981536865,0.04651473740500117,8.277665054393032e-06,0.0532219223678112,0.04515192515793301,7.801435847084323e-06,0.051348648965358734,0.044027264747354716,7.43001222773041e-06,0.049802057445049286,0.04307935026193422,7.1259737620143694e-06,0.04849284514784813,0.04226622641796157,6.8694582413311734e-06,0.04735909774899483,0.041559072654871715,6.651016083916949e-06,0.04661102220416069,0.040937668451714135,6.465924032796357e-06,0.046126313507556915,0.04038709023642161,6.310354403635075e-06,0.04567777365446091,0.03989571291539404,6.180190954239493e-06,0.0452570840716362,0.03945423213262406,6.0712426945566705e-06,0.04485989362001419,0.03905513663850133,5.979606332586583e-06,0.04448401927947998,0.038692345221837364,5.90192337365351e-06,0.044128309935331345
617,13,cross_attn,Vertical,1,0.45222630150734433,0.06847458180887474,1.7087507247924805,0.19657174083921644,0.0022253791408107736,0.35757410526275635,0.14936633218848516,0.0006003239078257188,0.2238186150789261,0.12904822920996045,0.00021083208552099707,0.17451858520507812,0.1177371781733301,0.00010259657167482944,0.147821843624115,0.11078694592865687,6.152977346083534e-05,0.1317891925573349,0.10625174629782873,4.1557451383208394e-05,0.1222199946641922,0.10301016282940668,2.8708585150568062e-05,0.1150456964969635,0.10059752575461826,2.1004872891536183e-05,0.110255166888237,0.09865445927495048,1.602655965623184e-05,0.10778167843818665,0.09714241988129085,1.3211174342193181e-05,0.10677605122327805,0.09582820865843031,1.1397432626357916e-05,0.10594507306814194,0.09467793007691701,1.0236122655543018e-05,0.1049431562423706,0.0938518267302286,9.793581121256373e-06,0.10452726483345032,0.0932204992998214,9.847309889942724e-06,0.10421612113714218,0.09265283897282585,9.429726547691143e-06,0.10329650342464447,0.09219767141436773,8.667668272931811e-06,0.10227111726999283,0.09185183816958988,7.765461273439107e-06,0.10129870474338531,0.09150097365417177,6.828260740035832e-06,0.10030052065849304,0.09108894543042259,6.018334479575718e-06,0.09923771023750305
617,13,cross_attn,Horizontal,1,0.4859112633599175,0.12864755925432822,2.5359079837799072,0.22905813938095457,0.0037650398382390884,0.40645480155944824,0.1735448001159562,0.0013465674442569913,0.2986396551132202,0.1460185217715445,0.0005246569970571285,0.22688807547092438,0.13149797443359618,0.000237644011737361,0.18436257541179657,0.12172532057951367,0.00012112961390452178,0.153477281332016,0.11425032360213143,7.397489088806636e-05,0.13770732283592224,0.10931836257851313,4.8944640673384276e-05,0.127873033285141,0.10568775153822368,3.2859704265408684e-05,0.1201830804347992,0.10292000441797196,2.223091713544518e-05,0.11473540216684341,0.10086856735131097,1.591469223787397e-05,0.11058498919010162,0.09929201751947403,1.1884067990051785e-05,0.1073089987039566,0.09805758711364534,9.26200601886421e-06,0.10505974292755127,0.09707379317472851,7.465541228095064e-06,0.1031312495470047,0.0962129526195072,6.094654478300556e-06,0.10155043005943298,0.09540703029386581,5.080830591140661e-06,0.10039915144443512,0.09470163936179782,4.308886305510055e-06,0.09947225451469421,0.09412949343049337,3.7012345133519375e-06,0.09858947992324829,0.09366848627253184,3.2226847308659755e-06,0.09778361022472382,0.09329816225975279,2.8315097509759644e-06,0.09703485667705536
617,13,cross_attn,Gaussian,1,0.3154866040226013,0.019300058346864626,0.7240523099899292,0.14764337986707687,0.0008191951835430776,0.23938944935798645,0.11025399620097781,0.00023932791221369868,0.15406519174575806,0.09274847320620976,0.00011606451810571509,0.11944306641817093,0.08352809103708418,6.936918493784896e-05,0.10446815192699432,0.07819485214967577,4.6190286033882455e-05,0.09701473265886307,0.07465741653291005,3.2458931791211037e-05,0.0909631997346878,0.07211993457305999,2.3753361145244855e-05,0.08642395585775375,0.07026834703154033,1.7903858605554467e-05,0.08264591544866562,0.0689972291981417,1.4672545869400277e-05,0.08101022243499756,0.06814547793732749,1.3218412776542594e-05,0.08055192232131958,0.06742011400915328,1.2648096885936877e-05,0.0797286331653595,0.06681146005552913,1.1898688071449939e-05,0.07778416574001312,0.0662459640039338,1.1173519898478792e-05,0.07586023211479187,0.06588516833763274,1.0654987907328916e-05,0.07387350499629974,0.06561615501367857,1.0618709594290396e-05,0.07341153919696808,0.06535357792699148,9.917087035896448e-06,0.07321029901504517,0.06538014983137448,1.067798469324796e-05,0.07375270128250122,0.06503103685284418,9.366920088881686e-06,0.0726262629032135,0.0654973771482233,1.1973009405492316e-05,0.0739126205444336
617,13,mix_ffn_after_gate,Vertical,1,0.941799353039454,0.18158481670634602,2.055960178375244,0.2763568784982439,0.005299726497160465,0.43075084686279297,0.13288809158026227,0.0004788898587426109,0.17370231449604034,0.08403610059666256,8.212806379638384e-05,0.1020113006234169,0.06261300963778345,2.5640559899270368e-05,0.072568878531456,0.051714010714065464,1.422341833517064e-05,0.061058565974235535,0.04559340079625448,1.1261996232753763e-05,0.054511040449142456,0.04188758885813138,1.0240823905821635e-05,0.05049630254507065,0.039510449424149496,9.741254840471922e-06,0.04786885529756546,0.037919017471491345,9.417855587576625e-06,0.04602928087115288,0.03682183429953598,9.1766128075e-06,0.044668685644865036,0.03605288471139613,8.985191780988367e-06,0.04363101348280907,0.03550812282732555,8.818764769924517e-06,0.04283253103494644,0.03511159027379657,8.646522052844112e-06,0.04221820831298828,0.034806200790972935,8.456402472760165e-06,0.04174387454986572,0.03456093305869708,8.274117864379673e-06,0.04137704148888588,0.03436832880926511,8.126914931391833e-06,0.041090257465839386,0.03422592447272369,8.01268802215388e-06,0.04087577015161514,0.034125647877180386,7.916652973908596e-06,0.04082712531089783,0.03405689409682675,7.829260558613376e-06,0.04082289710640907
617,13,mix_ffn_after_gate,Horizontal,1,1.1033538277187045,0.22145719454324495,2.8029961585998535,0.35573265902579776,0.008006190937743627,0.5403277277946472,0.1713310636225201,0.000851697804702192,0.22866703569889069,0.10520275398379281,0.00014808569808299931,0.12690652906894684,0.07610657752033263,3.8049596107977766e-05,0.09018836915493011,0.06135424593138316,1.4272306983362145e-05,0.07172879576683044,0.05310529890278029,7.724073354724145e-06,0.061289187520742416,0.0481522251807508,5.488393573365336e-06,0.054956547915935516,0.0450149140069409,4.563878340066647e-06,0.05091231316328049,0.042939594340702845,4.119392875638346e-06,0.048202887177467346,0.04151582008316403,3.891878281618959e-06,0.046310946345329285,0.04050979065516638,3.7729305566013385e-06,0.044952064752578735,0.039783461817673275,3.705965809229308e-06,0.044413141906261444,0.03925083630851337,3.664649697446797e-06,0.044004276394844055,0.03885482375820478,3.6354693525595326e-06,0.043683916330337524,0.03855499595640197,3.610227362120897e-06,0.04343755543231964,0.03832270074931402,3.5862540436251384e-06,0.04325813800096512,0.03814103880098888,3.56454669680548e-06,0.043135032057762146,0.03800185568748959,3.5467065588204083e-06,0.04305460304021835,0.03789903253080353,3.53359767399245e-06,0.043001629412174225
617,13,mix_ffn_after_gate,Gaussian,1,0.7790202697118124,0.13280729638819788,1.7274982929229736,0.2198611001173655,0.0034737905354277113,0.3395991921424866,0.10312280886703068,0.0003115998997805758,0.1381121277809143,0.06504905779683401,5.0281016927104624e-05,0.07953336089849472,0.04961683110348762,1.4497253454017396e-05,0.05719976872205734,0.042268124364671256,7.557946194754002e-06,0.048712730407714844,0.038322077916255075,5.786262879990315e-06,0.045103639364242554,0.03602561354637146,5.210836848298971e-06,0.04273729771375656,0.03459711443810236,4.9043786015262995e-06,0.040769726037979126,0.03366529468506101,4.670036387901981e-06,0.03951012343168259,0.03304529949904434,4.499748142178713e-06,0.038866013288497925,0.03262732458847856,4.394271247487137e-06,0.03838895261287689,0.032336826598833475,4.333040432157133e-06,0.03802991658449173,0.032129187225585894,4.293866903270236e-06,0.03776293992996216,0.03197715665021586,4.2650948857229435e-06,0.037563152611255646,0.03186179055935807,4.239768642248387e-06,0.0374085009098053,0.031770069240814165,4.21341483584522e-06,0.03728210926055908,0.031693732720755395,4.183922728913189e-06,0.037172891199588776,0.031628102625882816,4.151172010663796e-06,0.03707490116357803,0.03157086797531635,4.1163840355416605e-06,0.036985814571380615
617,14,self_attn_after_gate,Vertical,1,0.7552540240779756,0.23146839852743412,3.4773526191711426,0.28900381000269026,0.003997467305821365,0.4750968813896179,0.19273929912892598,0.0011117706838486192,0.28003349900245667,0.14684804150509456,0.0005064460039527972,0.206169992685318,0.11972920395552165,0.0002810152364963899,0.16325269639492035,0.10199418734936487,0.00017556541439927466,0.13623687624931335,0.08992597236046715,0.0001254509197903716,0.1192847490310669,0.0813860200227253,9.908705230450964e-05,0.10748276114463806,0.07506477933317895,8.348229508343377e-05,0.09835450351238251,0.07020440679930505,7.350809329797525e-05,0.09083782136440277,0.06634824811702683,6.685280724524007e-05,0.08741255104541779,0.06320639256210554,6.224276396900731e-05,0.08481255173683167,0.06058690336252016,5.885154897034973e-05,0.08236106485128403,0.05836017808270833,5.6158206784310066e-05,0.07998628914356232,0.056436897092868414,5.386358025422052e-05,0.07766185700893402,0.054753656661699686,5.180287021760334e-05,0.07538557052612305,0.05326424491783929,4.988811660780313e-05,0.07316461950540543,0.05193441260665182,4.807619918494999e-05,0.07101062685251236,0.0507388302376346,4.635284953319681e-05,0.06894084811210632,0.049658996008691336,4.472197501213153e-05,0.06697866320610046
617,14,self_attn_after_gate,Horizontal,1,0.7172277205520206,0.12202354549037736,1.7930039167404175,0.2794006346237092,0.0026893113049906467,0.40681183338165283,0.19497133436657132,0.0006353125240634211,0.25225427746772766,0.15916693801917728,0.00024752408812439325,0.19032925367355347,0.1393641990328592,0.0001302710511209545,0.16410276293754578,0.12660711459697238,8.31583911016112e-05,0.1486239731311798,0.1176191872311017,5.906949227116505e-05,0.13670580089092255,0.11096455227761041,4.461008333565933e-05,0.127366840839386,0.10587878891872982,3.5201354181700194e-05,0.11997254192829132,0.1018945232979835,2.87429190499885e-05,0.11401048302650452,0.0987089511657518,2.413143924593495e-05,0.10912449657917023,0.09611743333793822,2.0745394776673322e-05,0.10507385432720184,0.09397776945242806,1.8215949557187523e-05,0.10168656706809998,0.0921888690855768,1.63097797462919e-05,0.09945114701986313,0.09067639649387389,1.4865878876662164e-05,0.09783178567886353,0.08938368031429866,1.3763609219612776e-05,0.09636876732110977,0.08826626151327104,1.2907958943037775e-05,0.09502243250608444,0.0872884900087402,1.2223794804675005e-05,0.09376261383295059,0.08642151206731796,1.1655047048551308e-05,0.09264832735061646,0.0856422737004265,1.1164968678588926e-05,0.09190818667411804
617,14,self_attn_after_gate,Gaussian,1,0.6353993832118927,0.15364171577460906,1.9376540184020996,0.1986726595768853,0.0019270498258635977,0.3024989068508148,0.12901895824405882,0.0005654399689983592,0.2042982280254364,0.09806097984787017,0.0002759512433565577,0.15685205161571503,0.08127771353437788,0.0001600422513807644,0.12426751852035522,0.07086740451909247,0.0001022188555919758,0.10210339725017548,0.06374603705037207,7.052024518937958e-05,0.08698154985904694,0.05852310371304315,5.156648033801079e-05,0.07643042504787445,0.05450154994688337,3.9550385438329e-05,0.06882072985172272,0.05129615453973649,3.1574169633721925e-05,0.06313100457191467,0.048679524352626194,2.6085049502087303e-05,0.05894193798303604,0.04650808001557986,2.219727148799944e-05,0.05598604306578636,0.04468403277652604,1.9372138693717054e-05,0.05391036719083786,0.04313694673871237,1.7266305275259116e-05,0.05208682268857956,0.04181426219523899,1.5655616124200302e-05,0.05047933757305145,0.04067585268427455,1.4392916031328973e-05,0.049059540033340454,0.03969047715266546,1.3381800624305086e-05,0.04780237749218941,0.03883330855104658,1.2558402830255348e-05,0.04668468236923218,0.03808425452619318,1.1878747489847114e-05,0.04568595811724663,0.037426804650634055,1.1310650574719029e-05,0.044789284467697144
617,14,cross_attn,Vertical,1,0.500267062395338,0.14363558536843227,2.208425283432007,0.20004087982196656,0.003734741249624539,0.43313348293304443,0.15344126297840996,0.001119156225482256,0.27568158507347107,0.13415873275389747,0.00047811433193307686,0.21700406074523926,0.12239253473660303,0.00024161565816704545,0.17679859697818756,0.11474169045686722,0.00013825303477618458,0.15296876430511475,0.10932501275388021,8.651677636243067e-05,0.13785547018051147,0.10547949243632573,5.759520009095029e-05,0.12700781226158142,0.10266915424948647,4.037454500918931e-05,0.12066832184791565,0.10056460814343558,2.933245528723382e-05,0.11583832651376724,0.09894559307703896,2.1857352225893215e-05,0.1116907075047493,0.09760197121945638,1.6875170834366097e-05,0.10881100594997406,0.09644059363811736,1.364522692637016e-05,0.10770873725414276,0.09550823070227153,1.1334298999300523e-05,0.10687629878520966,0.09476298519543239,9.546193264136602e-06,0.10594533383846283,0.09415298321890453,8.130863533208051e-06,0.10486792027950287,0.0936445997111381,7.006065990543833e-06,0.10386728495359421,0.09322023474507862,6.107088695458045e-06,0.10305451601743698,0.09286922784078688,5.4137113771162904e-06,0.10241846740245819,0.09258291137123865,4.896941289598545e-06,0.10190168768167496
617,14,cross_attn,Horizontal,1,0.60304660858616,0.22777136038852042,2.578047275543213,0.20763003613267625,0.0044153457540850065,0.42716068029403687,0.1527984214444009,0.0010070143006663279,0.25208014249801636,0.13212831412988996,0.00038458626520945907,0.19296704232692719,0.12042889791348624,0.00019771997377912332,0.16363365948200226,0.11335176418698023,0.00011624684323546351,0.14870686829090118,0.10861628597217893,7.28413451351751e-05,0.13752906024456024,0.10530285915685078,4.833369360918227e-05,0.12870165705680847,0.1028682818961522,3.374063377233578e-05,0.12155432999134064,0.10100404090351528,2.5009874209138257e-05,0.11605361104011536,0.09955857150138371,1.9111096474611083e-05,0.11176370829343796,0.09840584085101173,1.4784068238573005e-05,0.1089705377817154,0.09747452099644949,1.1540812687675837e-05,0.10707075893878937,0.09673943571628087,9.042371570259601e-06,0.10548810660839081,0.0961494559333438,7.092795512529925e-06,0.10427673906087875,0.0956269299227094,5.6065333850738375e-06,0.10324286669492722,0.09513179733166618,4.520158160263704e-06,0.1020679920911789,0.09469882528933268,3.782197802898263e-06,0.10086189210414886,0.09432733224497901,3.244998049636795e-06,0.09966060519218445,0.09397558383052311,2.7759781174161006e-06,0.098408043384552
617,14,cross_attn,Gaussian,1,0.46563345406736645,0.11114839295939755,2.2231082916259766,0.17891173112013983,0.002422256786987301,0.3597252368927002,0.1324387195091399,0.0007861498152669145,0.21992172300815582,0.11081806073586146,0.00036760330049651155,0.17754003405570984,0.09865580794830171,0.0001956664894083358,0.14925074577331543,0.09102819268665617,0.00012368957602994625,0.13093632459640503,0.08552899944876867,8.378133198354615e-05,0.12214158475399017,0.08157555321379313,5.8996849458238426e-05,0.11548163741827011,0.07866532178152175,4.15501124025898e-05,0.10812366008758545,0.0764757360494326,2.893581054177866e-05,0.10090324282646179,0.07481437933350367,2.0520717551431898e-05,0.09493640810251236,0.07350131963926648,1.527460352063191e-05,0.09052756428718567,0.07237637113957178,1.195001810994557e-05,0.08722435683012009,0.07142873072908038,9.427091581247876e-06,0.08393511176109314,0.07068556582643873,7.556978806076022e-06,0.08064007759094238,0.07011648894302429,6.374461818308293e-06,0.07872317731380463,0.0696795822845565,5.668955557903549e-06,0.07758330553770065,0.06934333758221732,5.278643600700949e-06,0.07652368396520615,0.069086050703412,5.153283435097004e-06,0.07551844418048859,0.06888785899158507,5.303343945464944e-06,0.07547443360090256
617,14,mix_ffn_after_gate,Vertical,1,0.9749394532233949,0.21193032271736675,2.0917563438415527,0.2684428954408282,0.004937681096968507,0.421017587184906,0.12842658256727552,0.00038929691168319033,0.1691449135541916,0.0820246155536364,6.71353313892697e-05,0.09798459708690643,0.06205890049773549,2.2104901207619402e-05,0.07107803225517273,0.05209767363137669,1.3242394181270882e-05,0.06222095713019371,0.04657650608865042,1.0939714531294806e-05,0.05672833323478699,0.043271218323045306,1.0181775507340399e-05,0.05330300331115723,0.041187388674607354,9.894661914006923e-06,0.05120168998837471,0.03982444799372128,9.760629212728788e-06,0.049885351210832596,0.038906396381438724,9.688462552389431e-06,0.04908830672502518,0.03827346145870194,9.644531720787473e-06,0.0486508384346962,0.03782840043542877,9.606725348542573e-06,0.0484420470893383,0.037510734287992356,9.561109260540237e-06,0.048361532390117645,0.037282197898815546,9.508372272960108e-06,0.04835347831249237,0.03711771882242627,9.45393169841536e-06,0.04838593304157257,0.03699993271203268,9.400154185678068e-06,0.04843323305249214,0.03691593196893495,9.347397269031088e-06,0.048475220799446106,0.03685572359060484,9.295606502103372e-06,0.04849904030561447,0.036811632059869315,9.245254817202804e-06,0.048499397933483124
617,14,mix_ffn_after_gate,Horizontal,1,1.1907768864480277,0.3294714163767799,3.2051854133605957,0.39710174524594866,0.008279294246840853,0.5893159508705139,0.2059981475273768,0.001066683512420223,0.27296435832977295,0.1318516299601585,0.00022249499967214864,0.16086672246456146,0.09709876491909936,6.699853464082332e-05,0.11185216903686523,0.07863144198107341,2.7736427511836536e-05,0.08952181041240692,0.06791868386051012,1.5330887032443653e-05,0.07671545445919037,0.061260805657458686,1.0561619045787334e-05,0.06957678496837616,0.05688733909101713,8.381156179936632e-06,0.06512249261140823,0.05389069653456173,7.236203029341384e-06,0.06201304867863655,0.05177265813662892,6.569319552116043e-06,0.059762172400951385,0.05024063835541407,6.151696028997761e-06,0.05808081850409508,0.04911282191437388,5.877405935246413e-06,0.056794147938489914,0.048271113740546365,5.69255317463366e-06,0.055796362459659576,0.04763567016001732,5.566997932261666e-06,0.055016204714775085,0.04715102745427026,5.482379157258178e-06,0.05440085753798485,0.04677825628055467,5.42644777955954e-06,0.05391158163547516,0.04648989054655272,5.389538752479829e-06,0.05352025479078293,0.0462662981497863,5.3635315172455035e-06,0.053206756711006165,0.046092791394108816,5.343177224859749e-06,0.05295658856630325
617,14,mix_ffn_after_gate,Gaussian,1,0.9219519477041941,0.1802924268582267,2.2156150341033936,0.2790929956568612,0.005064845030954495,0.4424939751625061,0.13509883092982428,0.0005119305064914923,0.18581432104110718,0.08440138139421978,8.362458211139283e-05,0.10700742155313492,0.06258801252595962,2.1416933599037803e-05,0.07415810227394104,0.05176837198317997,9.037161174492206e-06,0.058800242841243744,0.045826396653576504,5.89844299395735e-06,0.05289138853549957,0.04230230881108178,4.957827439100704e-06,0.04929366707801819,0.040084862874613866,4.654776591779202e-06,0.04693640023469925,0.038631787198403524,4.572696963028441e-06,0.04531461000442505,0.03765718544286395,4.5903604376921094e-06,0.04417145252227783,0.036991763653026685,4.644900140684961e-06,0.043354179710149765,0.036524890611569084,4.680868503237874e-06,0.04277488589286804,0.036181820467824026,4.668552802222366e-06,0.04238366335630417,0.035919045822487936,4.617020218587698e-06,0.04213074594736099,0.03571797410647074,4.548877818567998e-06,0.04195527732372284,0.035569972521255884,4.479797171745706e-06,0.04181709885597229,0.0354657524398395,4.416575507072679e-06,0.04170603305101395,0.03539558659706797,4.362852835358904e-06,0.041622500866651535,0.035351785638975716,4.321255346297108e-06,0.04156678915023804
562,12,self_attn_after_gate,Vertical,1,0.15710404124997912,0.008529461949856702,0.5551432967185974,0.08398545474287063,7.937661793845893e-05,0.10373050719499588,0.06915207934521493,4.751501500470288e-05,0.08652113378047943,0.0614870720439487,4.026421122634631e-05,0.07597164809703827,0.05690743259730793,3.713825958687473e-05,0.07035019248723984,0.053908992026533396,3.5124101483893234e-05,0.06657999753952026,0.051764645924170814,3.3866127843183255e-05,0.06418029218912125,0.050122601290543876,3.310149054623558e-05,0.06250231713056564,0.048802049978384894,3.259816082601654e-05,0.06108856201171875,0.04770416606749807,3.218816529222733e-05,0.05984551087021828,0.046770687200247296,3.178412415051643e-05,0.05873364955186844,0.04596364013259373,3.135683377650009e-05,0.05773095786571503,0.045256316839229496,3.0905187190148876e-05,0.05682215094566345,0.04462912069663169,3.0437774254112013e-05,0.05599554628133774,0.044067319719091294,2.9964664822045295e-05,0.05524180084466934,0.043559643188639294,2.949453928851264e-05,0.05455312132835388,0.043097364110133006,2.9034039581783994e-05,0.0539228655397892,0.04267365000550709,2.85879885652217e-05,0.05334515869617462,0.04228308749577356,2.8159624039393388e-05,0.052814796566963196,0.041921344304841665,2.775090638353074e-05,0.05232701450586319
562,12,self_attn_after_gate,Horizontal,1,0.4127319126375138,0.31354719656233454,2.8978986740112305,0.13424729425755758,0.00014239325684088804,0.1655215620994568,0.1156736472769389,4.696920540139594e-05,0.13834109902381897,0.10636995803742182,2.5003457721903597e-05,0.12296698987483978,0.10057688409846927,1.606841084790114e-05,0.11293327808380127,0.09658255841996935,1.1692108853206135e-05,0.10620788484811783,0.09365457024366136,9.358743490230108e-06,0.10143191367387772,0.09140837677414455,8.059226877764946e-06,0.097974494099617,0.08961937600185,7.330733071004474e-06,0.09535504877567291,0.08815007183759932,6.940385588033186e-06,0.09338732063770294,0.08691345356286519,6.758095171846083e-06,0.09223850071430206,0.08585165417383588,6.704648390479934e-06,0.09118814021348953,0.0849246003088497,6.730563797652446e-06,0.0902237817645073,0.08410403416270301,6.805277337798483e-06,0.08933424204587936,0.08336971049743985,6.9097623778436504e-06,0.08851021528244019,0.08270676008292607,7.031643559980312e-06,0.08774431049823761,0.0821039563133603,7.1623861367490185e-06,0.08703099191188812,0.0815526515481964,7.295962344300194e-06,0.08636624366044998,0.08104608834735931,7.428287627497819e-06,0.08586455881595612,0.08057890927034711,7.556883433273005e-06,0.0853940024971962
562,12,self_attn_after_gate,Gaussian,1,0.26215103020270664,0.08744529620501627,1.5915567874908447,0.09143745757284619,9.562168513983164e-05,0.11232072860002518,0.07473034322971389,4.0305233046115535e-05,0.08727423846721649,0.06532605743360897,2.4765119739673642e-05,0.07526767253875732,0.059438408899401864,1.9286078781510844e-05,0.06878167390823364,0.05546836413088299,1.6595071543863813e-05,0.06429973244667053,0.05260332608743319,1.4754350164499028e-05,0.06085733324289322,0.05040506947608221,1.3320775544324991e-05,0.05802632123231888,0.04864411239349653,1.2165135459963343e-05,0.05615434795618057,0.04719206619830359,1.1225226620268414e-05,0.05462433025240898,0.04597102046485931,1.0453054138641407e-05,0.05324702709913254,0.04492893483903673,9.810376194726079e-06,0.052007194608449936,0.044028918717115645,9.270860847266198e-06,0.05088965967297554,0.04324401223233768,8.815853511236694e-06,0.04988059401512146,0.04255379943384065,8.431504494509666e-06,0.04896701127290726,0.04194218085871802,8.107954011967351e-06,0.04813611879944801,0.04139617777296475,7.838458759322224e-06,0.047376036643981934,0.040905396143595375,7.617523147179344e-06,0.0466773696243763,0.0404617457635819,7.439126748267941e-06,0.046033646911382675,0.04005896016245797,7.296466527162565e-06,0.0454401820898056
562,12,cross_attn,Vertical,1,0.39109634004888083,0.1689270135712927,2.9918198585510254,0.17157290355553703,0.0009459791607342301,0.2892465591430664,0.1441266088495179,0.0003324626307503644,0.19815927743911743,0.12922444975092298,0.00014293211698907475,0.16436251997947693,0.12012321466491335,7.757478537780146e-05,0.14969895780086517,0.1140275595207063,5.024092460775396e-05,0.1387961208820343,0.10966848239066108,3.597048851259848e-05,0.13024330139160156,0.10640566464927462,2.6888539693120537e-05,0.12332025170326233,0.10385813339362068,2.0559801345601476e-05,0.11763960123062134,0.10178963568002458,1.6235927354505256e-05,0.11303482949733734,0.10011490186055501,1.2935431250371026e-05,0.10932621359825134,0.09872385776705211,1.0390167679643185e-05,0.10623268038034439,0.09752586566739613,8.402703710828728e-06,0.10442689061164856,0.09651815843960596,6.877622128104032e-06,0.10289700329303741,0.09567273975837798,5.737114492923824e-06,0.10159394890069962,0.09494222641464263,4.887875664721316e-06,0.10043454170227051,0.09431391138406027,4.188124236479715e-06,0.09938925504684448,0.09378442936946475,3.614643322479995e-06,0.09844791889190674,0.09335268288850784,3.1557837908389457e-06,0.09768520295619965,0.0930130286585717,2.8106746639466323e-06,0.0970248430967331
562,12,cross_attn,Horizontal,1,0.3048913299091279,0.053666661617885435,1.6780574321746826,0.161313263315057,0.0007617835349802279,0.27845561504364014,0.13590711165988256,0.00024831066865727344,0.18477755784988403,0.12264987057636655,0.00011132819420939328,0.15541289746761322,0.1144711563274974,6.112039281212743e-05,0.13753971457481384,0.10905658950408299,3.719163935233553e-05,0.1271999180316925,0.1052155987847419,2.423880582387581e-05,0.11977764219045639,0.10240177892976338,1.6318037974136553e-05,0.11421072483062744,0.10027945219051271,1.1768367235916838e-05,0.109927237033844,0.0986368769691104,8.890701607708564e-06,0.10691751539707184,0.0973083165193361,6.856121426997978e-06,0.10468122363090515,0.09627501027924674,5.190532897146508e-06,0.10309040546417236,0.09531885941350271,3.876244700272875e-06,0.10156314074993134,0.09449912796890925,3.106443176036893e-06,0.10011153668165207,0.0938547941900435,2.5210137769548595e-06,0.09905175119638443,0.0933113872768387,2.074373349262568e-06,0.09811937063932419,0.09287437713808483,1.7436906033404003e-06,0.09731824696063995,0.09251091889445744,1.4975357321540201e-06,0.09665791690349579,0.09221960462275006,1.3156833662891993e-06,0.09617999941110611,0.09194861458880561,1.1924466784417261e-06,0.09567174315452576
562,12,cross_attn,Gaussian,1,0.24266713029808468,0.020103571445788778,1.0042099952697754,0.13449628225394658,0.0007665502679183017,0.24633841216564178,0.10914438312488889,0.0003071855103640525,0.17708685994148254,0.0954377491559301,0.0001476972940559887,0.14173166453838348,0.08712729504184118,7.707485722693049e-05,0.1195446103811264,0.08163647897659786,4.199602257031377e-05,0.10582822561264038,0.07770942813820308,2.4126839667837195e-05,0.09606002271175385,0.07483270042945468,1.5443232925518667e-05,0.08891215175390244,0.0726888571230192,1.0590343243855598e-05,0.08375411480665207,0.0710222695081953,7.517132033740577e-06,0.07994918525218964,0.0697143158269307,5.794848868841594e-06,0.07701434195041656,0.06866533900537188,4.770253207209949e-06,0.07506102323532104,0.06783393853240544,4.1402228519336715e-06,0.07332433760166168,0.06721988497745424,3.7725087673229504e-06,0.07164260745048523,0.0667767423604216,3.510139189509533e-06,0.07084798067808151,0.06650743905514006,3.507497909698607e-06,0.0714796930551529,0.06621142098354915,3.847544933076778e-06,0.07206986844539642,0.06584045681215468,4.130214156217537e-06,0.07165996730327606,0.06563636157957334,4.423689885018985e-06,0.07192967087030411,0.0654952053039793,4.5427885549943054e-06,0.07239115238189697
562,12,mix_ffn_after_gate,Vertical,1,1.138466238975525,0.4048038664673329,3.951570510864258,0.399265916574569,0.00688193251787863,0.5880659818649292,0.2114808779387247,0.0010648836555295202,0.28810232877731323,0.13217848373783958,0.0002363745312584978,0.16650915145874023,0.09267479287726539,6.945481876579707e-05,0.10927994549274445,0.07062368550234371,2.6167423286694912e-05,0.08150996267795563,0.05725554169880019,1.2921794775348125e-05,0.06607124209403992,0.04861931408208514,8.391384499552563e-06,0.0562080517411232,0.042755534901978476,6.711058843085625e-06,0.04958643764257431,0.03861980116556561,6.0296492312467375e-06,0.044959794729948044,0.035615369115793515,5.7174168417864575e-06,0.04161447286605835,0.0333807799551222,5.555996236828102e-06,0.0391257181763649,0.031687306240200996,5.463441678195424e-06,0.03723598271608353,0.03038279904377839,5.4006358822911345e-06,0.03604305908083916,0.029362172745759526,5.3428316964070515e-06,0.03521978482604027,0.02855367955589105,5.279700933410031e-06,0.03451237082481384,0.027910074219107628,5.2176740359820525e-06,0.03390391170978546,0.02739829451791824,5.166150811729331e-06,0.03340093418955803,0.02699193296333154,5.125035447065701e-06,0.03299541771411896,0.026669084109247676,5.08882675323782e-06,0.032664503902196884
562,12,mix_ffn_after_gate,Horizontal,1,1.2442695990441337,0.4618293099515124,3.7535009384155273,0.4266984036990574,0.008106018177988722,0.6072509288787842,0.22531078519329192,0.0012142355208794274,0.2919922471046448,0.14042535932764175,0.00027702435719629306,0.16981659829616547,0.09781007929926827,8.332783548249777e-05,0.1133076474070549,0.07385896903181834,3.114657384452433e-05,0.0842934399843216,0.05929579183695808,1.4260334477693539e-05,0.06711351126432419,0.049919590058307796,7.946722356158125e-06,0.056253962218761444,0.04362895546687974,5.286785358754852e-06,0.04909706488251686,0.03927653596278221,4.068018889529291e-06,0.044247984886169434,0.0361867348353068,3.4715199635784077e-06,0.04087222367525101,0.033942511482607754,3.1587347841908203e-06,0.03845617547631264,0.03227744700889739,2.9798025685287453e-06,0.03667264059185982,0.031019591800277194,2.868464900598053e-06,0.035318296402692795,0.03005780613729878,2.797746175147411e-06,0.03427860140800476,0.029316511655610705,2.7547683339280077e-06,0.0334806963801384,0.028740911700186274,2.731014977573594e-06,0.03286358714103699,0.028290821328049616,2.7209547738645526e-06,0.03237834572792053,0.027936179368268876,2.7203862619676325e-06,0.03199043124914169,0.027653026379763135,2.72417182016602e-06,0.03167847543954849
562,12,mix_ffn_after_gate,Gaussian,1,0.8406441131281475,0.15490196646768958,2.1721644401550293,0.25743722158765037,0.0040579461900491385,0.402811199426651,0.12494216610987981,0.0004405219405124744,0.16803748905658722,0.07762101375394398,8.127656977422497e-05,0.09389109164476395,0.05671302790916155,2.3787784677531872e-05,0.06497495621442795,0.04599273068800805,1.050945202959316e-05,0.05097978562116623,0.039927647227332705,6.478135678481851e-06,0.04361727088689804,0.036260652932382766,4.977440737459223e-06,0.04000301659107208,0.0339273206948761,4.3489372208318955e-06,0.037714697420597076,0.032373905004489986,4.080912496576726e-06,0.036103442311286926,0.03129585175996735,3.936113915633103e-06,0.03485078364610672,0.030523849799046442,3.806220992761539e-06,0.03413855656981468,0.02996433073920863,3.684586409288761e-06,0.033612847328186035,0.029559516126201266,3.5863846069011346e-06,0.03330137953162193,0.02926851853373505,3.5116494612310394e-06,0.03305530175566673,0.02906119796846594,3.452536497373646e-06,0.03284498304128647,0.02891510393884447,3.40341473723439e-06,0.032657235860824585,0.028813408510315986,3.3634055807082603e-06,0.032490670680999756,0.028743781474611117,3.3338878090667167e-06,0.03235698118805885,0.028697780082150112,3.315775329736389e-06,0.032438792288303375
562,13,self_attn_after_gate,Vertical,1,0.3659823438714421,0.2513194905548025,2.5416529178619385,0.10619368652502696,0.00021364471563259596,0.14836671948432922,0.0863611673315366,0.00011535748332595094,0.12057127058506012,0.07631909870912158,8.635402584109477e-05,0.10519981384277344,0.06989689679845931,7.28857356868335e-05,0.09583951532840729,0.06535611703755363,6.557145908058118e-05,0.08950359374284744,0.06195740525921186,6.103723150377305e-05,0.08492593467235565,0.059303303263963214,5.7794982824429747e-05,0.08143801987171173,0.0571593733297454,5.5147354540334915e-05,0.07865194976329803,0.05538225020208056,5.280839713270342e-05,0.07635080069303513,0.05388006887265614,5.0693223108865764e-05,0.07441198825836182,0.05259033919326843,4.877692323746121e-05,0.0727531909942627,0.05146885846578886,4.703835617065697e-05,0.07131224870681763,0.05048335645170439,4.545435911081277e-05,0.07004186511039734,0.0496092460576504,4.4005480504806825e-05,0.06890459358692169,0.0488269751861928,4.268060314676228e-05,0.06786869466304779,0.04812063625644124,4.147792605419235e-05,0.0669068694114685,0.04747743372406278,4.039994249593924e-05,0.06599751114845276,0.04688752501729935,3.9446084279611015e-05,0.06512744724750519,0.04634365989338784,3.860787564916866e-05,0.06429199129343033
562,13,self_attn_after_gate,Horizontal,1,0.12115767290667882,0.00047029902778890397,0.18534603714942932,0.09271894277088226,2.886743084803783e-05,0.10684530436992645,0.08445103135373858,1.6878116908291008e-05,0.09422151744365692,0.08001874682922212,1.5415278757798322e-05,0.0903976708650589,0.07718161670934587,1.5937486250845337e-05,0.08816416561603546,0.0751832877359693,1.678077144036834e-05,0.0865991860628128,0.07367768694484045,1.7497947350577476e-05,0.08534607291221619,0.07248868556722762,1.804301268141931e-05,0.08427944779396057,0.07151738903115666,1.8449443389635543e-05,0.08335061371326447,0.07070374879099074,1.8753371991932698e-05,0.08253499865531921,0.07000889700083505,1.8981982441653468e-05,0.08181613683700562,0.06940635003977352,1.9154622665043685e-05,0.08118094503879547,0.06887730246498472,1.9285268039972205e-05,0.08061820268630981,0.06840798359305139,1.9384526033262606e-05,0.08011822402477264,0.0679880218018615,1.946065420484191e-05,0.07967259734869003,0.06760941646874898,1.952011937062436e-05,0.07927411794662476,0.06726588202374321,1.9567993256809318e-05,0.0789165049791336,0.06695239647986397,1.960811701889635e-05,0.07859434187412262,0.06666489412623738,1.964336059285359e-05,0.07830294966697693,0.06640003905409858,1.9675712546650166e-05,0.07803826034069061
562,13,self_attn_after_gate,Gaussian,1,0.4973631270584606,0.6500610810682685,3.665590286254883,0.09593286140570564,0.00012729927024459283,0.1337577998638153,0.07596803137234279,4.760374440494558e-05,0.10529030859470367,0.06558527655544735,2.3977458456088083e-05,0.0838213562965393,0.059247092122123354,1.4852328494161646e-05,0.07011020183563232,0.05504560718933741,1.08216854079662e-05,0.06166927516460419,0.05207235975161431,8.7485311521852e-06,0.05749914050102234,0.04985325889928,7.5569590704271526e-06,0.054877810180187225,0.048126098064203114,6.8378389630048586e-06,0.05293029546737671,0.04673635723098876,6.406814633309603e-06,0.05146003141999245,0.04558770092470305,6.1605323106029556e-06,0.050325002521276474,0.04461757614025994,6.031525947471696e-06,0.0494241937994957,0.043784189555380076,5.974460158992389e-06,0.0486869141459465,0.043058730602737454,5.960104681059632e-06,0.04806435853242874,0.04242047277234849,5.9705655271501925e-06,0.047523777931928635,0.041853881958458156,5.995083167002256e-06,0.047043878585100174,0.0413469902224957,6.027312620594713e-06,0.04661102220416069,0.04089039203429979,6.063527286388856e-06,0.04621623083949089,0.040476553792518286,6.101350683814215e-06,0.04585317522287369,0.04009934165884578,6.1389652773702145e-06,0.0455169752240181
562,13,cross_attn,Vertical,1,0.6703508181704415,0.6304324953546575,5.765491008758545,0.24627264080539582,0.003242556593828685,0.4105681777000427,0.18890904032048725,0.0010627831260598627,0.27520865201950073,0.15816534204142435,0.00046701698237466025,0.21584519743919373,0.1400835696193907,0.00025572063583426124,0.17773322761058807,0.1285964652659401,0.00016097634469664835,0.1600327491760254,0.12081803594316755,0.0001105093240821995,0.15171697735786438,0.11524723044463567,8.015468276019339e-05,0.14443311095237732,0.11106026728474905,6.014711153797087e-05,0.13802994787693024,0.10780616412087092,4.6279709980964064e-05,0.13249394297599792,0.10521875203601898,3.6553359743345716e-05,0.12773682177066803,0.10310140618729213,2.945845381466624e-05,0.12351864576339722,0.10131149644416476,2.409419161938973e-05,0.11969570815563202,0.0997620453200643,1.9923156093892615e-05,0.11632658541202545,0.09842597456678512,1.6634762639304512e-05,0.11340617388486862,0.0972789509428872,1.4048340780621627e-05,0.11087311804294586,0.09629491622012759,1.1998159567728342e-05,0.1087322011590004,0.09545042815189513,1.0372125996826032e-05,0.10696551203727722,0.09471688857154241,9.121777571181344e-06,0.10547474026679993,0.0940664844617011,8.169602119717142e-06,0.10412884503602982
562,13,cross_attn,Horizontal,1,0.42810476961589994,0.08806176858720653,2.2105064392089844,0.2020227916183926,0.0015432931136987813,0.3343539237976074,0.15467418541037847,0.0004044885119844275,0.23806294798851013,0.13504504093102046,0.00019220461221984577,0.1854112595319748,0.12379379676921028,0.00012435268649398882,0.16353847086429596,0.11656098044107831,7.536526048813373e-05,0.14579197764396667,0.11109233943242876,4.695702698415839e-05,0.1341860294342041,0.10708162815324844,3.422771591136185e-05,0.1272851824760437,0.10418964402070122,2.5723902192214017e-05,0.12102536112070084,0.1019122852456002,1.929025780332603e-05,0.11519931256771088,0.10010520144114418,1.484259711942637e-05,0.11127059161663055,0.09870154398774343,1.1726470386644352e-05,0.10821934044361115,0.09753904586273526,9.190372255808364e-06,0.10570302605628967,0.09660878375409142,7.125954749572104e-06,0.10370159149169922,0.09586869109244574,5.5279732276001786e-06,0.10237685590982437,0.0951399179914641,4.19113166002904e-06,0.10068570077419281,0.0944489034868422,3.3185999670446266e-06,0.09945697337388992,0.09389887963022504,2.8255800021783853e-06,0.09851118177175522,0.09344970245683004,2.439872072839395e-06,0.09791973233222961,0.09306045006664973,2.0210945839793657e-06,0.09724897891283035
562,13,cross_attn,Gaussian,1,0.4878577074361226,0.2126375799230676,3.097324848175049,0.18899896066813243,0.004248271571552206,0.4493737518787384,0.13647905275935218,0.0008869887456722533,0.25469428300857544,0.11195909976959229,0.00029544584410028877,0.1639065146446228,0.09850454886281301,0.00014821558696339414,0.13295793533325195,0.09019410657504248,9.523180337562317e-05,0.11482785642147064,0.08463601448706218,6.740165643320667e-05,0.10590498149394989,0.08074306637521773,4.984253351955988e-05,0.09979985654354095,0.07774507006009419,3.722456201329277e-05,0.09422141313552856,0.07517842274336588,2.7083606057048014e-05,0.08877907693386078,0.07317600387429433,2.0496253760616922e-05,0.08448079973459244,0.07167711783023108,1.614907352939693e-05,0.0811069905757904,0.07047004560156474,1.2920109419871147e-05,0.0787481963634491,0.0695027071568701,1.0890965639525351e-05,0.07730434089899063,0.0687769642543225,9.697527312853178e-06,0.07622499763965607,0.06816563477355336,9.035495103379627e-06,0.07512234896421432,0.0675067234015654,8.484768478956048e-06,0.07359085977077484,0.06681662608706762,7.714889840187747e-06,0.07254721224308014,0.06622876014028277,6.9304827349768765e-06,0.07180849462747574,0.06577166459626621,6.349658925405466e-06,0.07127806544303894
562,13,mix_ffn_after_gate,Vertical,1,0.9128568437364366,0.17428094535509284,1.984917163848877,0.2604511432231419,0.004841107680390384,0.40553367137908936,0.1246675422030782,0.00039582193809645173,0.16441993415355682,0.08003569867402788,6.370651577471912e-05,0.09526106715202332,0.060848269138544325,2.1410152516257263e-05,0.07149960845708847,0.05098183790133113,1.2867895617586322e-05,0.06042778491973877,0.045382167966592876,1.0442853145827819e-05,0.0539313405752182,0.04200707027126872,9.54093223715526e-06,0.04990825802087784,0.03988011861367831,9.074303280973335e-06,0.047272466123104095,0.038486303554640874,8.751754910242207e-06,0.04549398645758629,0.037532750990182634,8.49028996897398e-06,0.04427207633852959,0.0368579529698879,8.28671719569265e-06,0.043412577360868454,0.03637720685866144,8.138090546303876e-06,0.04278199374675751,0.03603711694715515,8.020359561684906e-06,0.042295653373003006,0.03579797279385347,7.915465314140007e-06,0.04202387109398842,0.035631113996108375,7.816300016400608e-06,0.04189836606383324,0.03551651522635468,7.721374028927126e-06,0.04181145876646042,0.03543988023958509,7.631549282557998e-06,0.04175391048192978,0.035390397622471766,7.548277820163165e-06,0.04171813279390335,0.03535950420394776,7.472701769873046e-06,0.041698064655065536
562,13,mix_ffn_after_gate,Horizontal,1,0.9473956653050014,0.1729897135664829,2.0724151134490967,0.29218146583390614,0.005673240899951366,0.46329909563064575,0.1431662944101152,0.000563632150636094,0.19518685340881348,0.09082450824124473,9.958614966077541e-05,0.11148692667484283,0.06786213046501553,2.7118847159538365e-05,0.07838322222232819,0.0563962927295102,1.1170548992763789e-05,0.0637231320142746,0.050137615866131253,6.7134008279917075e-06,0.05574721470475197,0.04647847430573569,5.1783439094756174e-06,0.05109909921884537,0.04421875247406581,4.5446467787930614e-06,0.04855602607131004,0.04275921844537296,4.242357354612211e-06,0.04736453294754028,0.041782149069366004,4.0736099569414716e-06,0.0465388223528862,0.0411039110095728,3.9578836364964996e-06,0.04593873769044876,0.040609084779307955,3.8591282742331195e-06,0.045491449534893036,0.040232629825671516,3.7735277651535745e-06,0.04516991600394249,0.03994802480179166,3.706990625853966e-06,0.044953107833862305,0.03974096512510663,3.656854906027267e-06,0.04481085389852524,0.03959322963205595,3.6185010847097152e-06,0.044705696403980255,0.03948744930445202,3.588123925718952e-06,0.04461175203323364,0.03941078525450495,3.564026029588138e-06,0.04452081024646759,0.03935415398270365,3.5462584591265412e-06,0.04443661868572235
562,13,mix_ffn_after_gate,Gaussian,1,0.8641752222227672,0.163258042625591,1.8443248271942139,0.23440605070855883,0.004611336180715497,0.38576599955558777,0.10651881543416826,0.0003787806909673127,0.1488867998123169,0.06646781444313034,5.8641838255352755e-05,0.08322452753782272,0.05049891237701688,1.59472576657315e-05,0.05901150405406952,0.04298325107684211,7.651936359756337e-06,0.04880574345588684,0.039010094626555365,5.572104459375361e-06,0.04408232122659683,0.036701748265870034,4.939640510270019e-06,0.04211761802434921,0.0352482565693439,4.64473052552729e-06,0.040904056280851364,0.034296372580149816,4.440690740194776e-06,0.04007185995578766,0.033670383875095654,4.3147846909618295e-06,0.03944936394691467,0.033250136330487234,4.249541344059401e-06,0.03898786008358002,0.03296240182623031,4.209738925287883e-06,0.03865445405244827,0.032764931253734086,4.179779239520656e-06,0.03841710463166237,0.0326289278824651,4.1517981335813735e-06,0.038249507546424866,0.0325331874783077,4.120756998109459e-06,0.038130685687065125,0.032461952772878465,4.08432780311443e-06,0.03804348409175873,0.03240429228615193,4.042868018976806e-06,0.03797402232885361,0.03235369524548924,3.998698537012005e-06,0.03791223466396332,0.03230723966326979,3.9548953642785965e-06,0.03785227984189987
562,14,self_attn_after_gate,Vertical,1,0.6884809718245551,0.18203348458112018,2.519606828689575,0.24271392278254977,0.002229803856448806,0.37244489789009094,0.16476455993122524,0.0006256710495366445,0.2267562448978424,0.1282658814674332,0.0002889674354499886,0.17249256372451782,0.10694447845693618,0.00016882428120680126,0.13918571174144745,0.093368532520438,0.00011775150516771582,0.11749203503131866,0.08405686560131255,9.295549117922e-05,0.10382594168186188,0.07724205676525359,7.895806694316076e-05,0.09475570917129517,0.07199122419669515,6.981335808023699e-05,0.08959060907363892,0.06779552121011037,6.327486908183862e-05,0.0853348970413208,0.06435738202361833,5.8383264760828746e-05,0.08181214332580566,0.061488154388609384,5.463700461416102e-05,0.07888500392436981,0.05905973213532614,5.173660002731573e-05,0.07643775641918182,0.056979853186815504,4.947899843572063e-05,0.07436972111463547,0.05517978842059771,4.770642616362344e-05,0.07259157299995422,0.05360795326885723,4.6286843649343124e-05,0.07102682441473007,0.05222535452672413,4.5112614160535136e-05,0.06961533427238464,0.051001861100158995,4.4103175151590776e-05,0.06831430643796921,0.04991350145567031,4.320327802953411e-05,0.06742380559444427,0.04894073295687872,4.2378098318931345e-05,0.06666380167007446
562,14,self_attn_after_gate,Horizontal,1,1.1765383869882613,0.775846429107787,5.4514360427856445,0.3764647470107154,0.006675768015636274,0.5945689082145691,0.2489664133579012,0.0015651937513333795,0.3526792824268341,0.19367529995857724,0.0005933891046949627,0.25669488310813904,0.16449151081698282,0.000298701925082283,0.2066120207309723,0.14668309109078514,0.00017901764943985724,0.18061043322086334,0.1345384137498008,0.00011907443805349404,0.16211798787117004,0.125641531532719,8.419480352721819e-05,0.14817383885383606,0.11882292053529195,6.169456638397905e-05,0.13721293210983276,0.11344651889706416,4.6385990778352404e-05,0.12874025106430054,0.10911896044299715,3.570406878531654e-05,0.1225602775812149,0.10557540104029671,2.8138870381319044e-05,0.11735668778419495,0.10262739362697752,2.2728469240583045e-05,0.11292287707328796,0.10013671964406967,1.8829728724453545e-05,0.10913778841495514,0.09800245329028084,1.5990905776855627e-05,0.10629870742559433,0.09615277605397361,1.3887299123535121e-05,0.10380171239376068,0.09453669616154262,1.2292758831546644e-05,0.10161373019218445,0.09311641563498785,1.1056660324315044e-05,0.09970278292894363,0.09186242485330218,1.008065638936563e-05,0.0980338379740715,0.09075083784640782,9.300167811463948e-06,0.09657133370637894
562,14,self_attn_after_gate,Gaussian,1,0.7884025919058967,0.1442422568245349,1.7912657260894775,0.26198577265890816,0.003276857582400026,0.44516998529434204,0.16495318060356473,0.000855888653802932,0.2680245041847229,0.12330335449604761,0.00039808694272982164,0.18886488676071167,0.09941912099482521,0.00021478755918593996,0.14511901140213013,0.08421216219190568,0.00012808505296232024,0.12355121225118637,0.07389554138931018,8.359171662986943e-05,0.10780973732471466,0.06654850074223109,5.8989350796142555e-05,0.0960317999124527,0.061110331957775446,4.4490987616631775e-05,0.08699372410774231,0.05696194234585005,3.55342286711197e-05,0.07996388524770737,0.05371396338182782,2.973535064939782e-05,0.07439476251602173,0.05110831369483282,2.573542807528003e-05,0.06983904540538788,0.0489690045988749,2.2732756753342392e-05,0.06594925373792648,0.04717651257912318,2.0301268784504254e-05,0.06251230835914612,0.04565094553288959,1.826460995478108e-05,0.059448447078466415,0.044337853493671565,1.6559892479618324e-05,0.056746359914541245,0.043198144979893216,1.5151144266636827e-05,0.05440220236778259,0.04220223385426733,1.4001621268938716e-05,0.052396826446056366,0.041326655341046195,1.3070903218468532e-05,0.050694938749074936,0.04055203781241462,1.231798734407873e-05,0.049251165241003036
562,14,cross_attn,Vertical,1,0.6370840522031935,0.4000879353480175,4.674280166625977,0.22026402656994168,0.002901657114263007,0.39322152733802795,0.1622000690253954,0.0007883782126500472,0.24490606784820557,0.13974093598505807,0.00036770627396274846,0.18808722496032715,0.1278601254499148,0.00022086218639047226,0.16715499758720398,0.12035582663993986,0.00014575484168729283,0.15300992131233215,0.11497177905033505,9.887296582237909e-05,0.14291521906852722,0.1110027316543791,7.20871676071053e-05,0.1355259269475937,0.1076970487123444,5.478377768840905e-05,0.13011638820171356,0.10478035218658902,4.0907880946513986e-05,0.12480099499225616,0.10243148131976051,3.067908617790275e-05,0.11964329332113266,0.10060135925573016,2.3700146699706558e-05,0.11483390629291534,0.09912518139869447,1.8555724376567546e-05,0.1110885888338089,0.09788382550080617,1.4628662056342503e-05,0.1079481765627861,0.09682780811710963,1.1756970129509922e-05,0.10594851523637772,0.09593981149650756,9.719186447858408e-06,0.10451911389827728,0.09519663677802162,8.227975598723719e-06,0.10323874652385712,0.09457324338810784,7.061032984000205e-06,0.1021633893251419,0.09404260369520338,6.0910849617343225e-06,0.10122621059417725,0.09358274097007419,5.273721837804327e-06,0.1002962589263916
562,14,cross_attn,Horizontal,1,0.37407080994711983,0.037247866780780785,1.1131229400634766,0.18010432734375909,0.0013967778242809183,0.2684938311576843,0.14190669854482016,0.00041060269839367604,0.18558287620544434,0.1266543364950589,0.00021197254417644308,0.16420479118824005,0.11847269404975194,0.00013212930703819585,0.15137064456939697,0.11234828557759996,8.067305232815229e-05,0.14073410630226135,0.10751560779791029,4.535145199856864e-05,0.12826977670192719,0.10425367915914172,2.9334603084783838e-05,0.12147213518619537,0.10210590135483515,2.1754962797930753e-05,0.11702075600624084,0.10055854904746252,1.7141541947513366e-05,0.11325179040431976,0.09947173297405243,1.4251121967136965e-05,0.11108516156673431,0.09875086872350602,1.2556212555809736e-05,0.11000469326972961,0.098136035341119,1.1469471194249923e-05,0.10909828543663025,0.09746357207260435,1.0589394945867297e-05,0.10824057459831238,0.09673180655827598,9.629936001600515e-06,0.10720638930797577,0.09600295126438141,8.54303499425283e-06,0.10595689713954926,0.09533542441943335,7.409508720649705e-06,0.1046016737818718,0.09474689749971268,6.2617886411277534e-06,0.10327877849340439,0.09423164278268814,5.180417185127404e-06,0.10203520208597183,0.0937893922839846,4.285416046846449e-06,0.10082115232944489
562,14,cross_attn,Gaussian,1,0.35322782811191344,0.044617789547136966,0.9042186737060547,0.15296344660104266,0.002163326546179546,0.29649853706359863,0.11465868684980604,0.0006774463939684435,0.19204264879226685,0.09918760508298874,0.0003278309907637945,0.16220492124557495,0.09068353190308526,0.00016793060288773653,0.1288391351699829,0.08516409283592588,8.796917820861343e-05,0.11526937037706375,0.0814991161700279,5.3638235111092715e-05,0.10687899589538574,0.07838933228973359,3.853059387618556e-05,0.10082442313432693,0.07595269015384098,2.8227963898812116e-05,0.0944405049085617,0.0742400831409863,2.0145166280840454e-05,0.08868376910686493,0.07303077384592994,1.5343108114337394e-05,0.0849270150065422,0.07211927466449283,1.2201185593883968e-05,0.0821492075920105,0.07143749296665192,1.0084585439060696e-05,0.07998256385326385,0.07089691940281126,8.509512608527998e-06,0.07839791476726532,0.07037826627492905,6.921839775323475e-06,0.07661063224077225,0.06986719724677858,5.425197144090743e-06,0.07608945667743683,0.06941859566030048,4.301197389934157e-06,0.07524429261684418,0.06904225500803145,3.5404130076425544e-06,0.07432821393013,0.06872871127866563,3.1346590382160392e-06,0.0736340582370758,0.06850503810814448,3.048603493386358e-06,0.073152557015419
562,14,mix_ffn_after_gate,Vertical,1,0.9878452964245327,0.20601656903720467,2.2092795372009277,0.3019334404241471,0.005615507334583767,0.46471789479255676,0.14952548108403646,0.0005709068131574144,0.20076748728752136,0.09536382816140614,9.904418807346412e-05,0.11698263883590698,0.0716235421834484,3.0896450328712936e-05,0.08518601953983307,0.0595692859755622,1.7071203266815434e-05,0.06919556856155396,0.052706288676413277,1.3196564760175858e-05,0.06109066307544708,0.04843985236116818,1.1653749031842578e-05,0.057246170938014984,0.04561284858556021,1.0859196305009409e-05,0.05450468137860298,0.04365927607767166,1.0427189802660085e-05,0.05267144739627838,0.042266722886808335,1.0177691793513656e-05,0.05147581174969673,0.04124740044039393,1.0019157844780444e-05,0.050683677196502686,0.040485680990275885,9.909610084789624e-06,0.05015560984611511,0.039908404447256574,9.825458347533535e-06,0.04980871081352234,0.0394674094305152,9.756160478204201e-06,0.049596384167671204,0.03912985247988549,9.699484626360856e-06,0.04949183762073517,0.0388724206104165,9.655049074768637e-06,0.0494721420109272,0.038677815052251964,9.621782569390595e-06,0.049512557685375214,0.03853266739419529,9.598512085163883e-06,0.049589477479457855,0.038426236914736886,9.5837500549047e-06,0.04968288540840149
562,14,mix_ffn_after_gate,Horizontal,1,0.8656385238208468,0.1714299011012691,1.9918668270111084,0.24901059175294543,0.003967150321185588,0.3872368037700653,0.12757437723496604,0.00036201487538739947,0.16367486119270325,0.08699312037418759,7.024917557382368e-05,0.10451452434062958,0.0694613407055537,2.3555915307140988e-05,0.080842524766922,0.06059453967544767,1.2193981761342756e-05,0.06938087940216064,0.055684712375440294,8.52432482274777e-06,0.06311234831809998,0.05280332657552901,7.089334875540872e-06,0.059829406440258026,0.05101323588973,6.4250184138275945e-06,0.05793654918670654,0.04985381940764094,6.062720163353342e-06,0.05668281018733978,0.049081741876545404,5.838396295478742e-06,0.055821020156145096,0.048553511027305846,5.697738931185691e-06,0.05521974712610245,0.048184935417440206,5.610577320529862e-06,0.054794974625110626,0.04792450498493891,5.560084407641133e-06,0.05449235066771507,0.04773874001370536,5.537387389533837e-06,0.0542745403945446,0.047606567186968665,5.537374246927319e-06,0.054115742444992065,0.047515166716443166,5.5580266087744735e-06,0.05399999022483826,0.047455908287139165,5.59808625051261e-06,0.05391806364059448,0.04742191270703361,5.6554525359881865e-06,0.053863778710365295,0.04740722471522906,5.726980580724852e-06,0.05383213609457016
562,14,mix_ffn_after_gate,Gaussian,1,1.0764819847212896,0.2274969401325478,2.7298460006713867,0.35125369093720876,0.007112202168577977,0.5288299322128296,0.1767803118342445,0.0008435598809524631,0.23562243580818176,0.11053513487180074,0.00016233985604646636,0.1352190375328064,0.07997933408570668,4.376867993327747e-05,0.09279122203588486,0.06407426871241086,1.65589462257025e-05,0.0716736763715744,0.054983225015420766,8.898781838530246e-06,0.06152696907520294,0.04939153015850082,6.34199389689623e-06,0.05599039047956467,0.045752748610481384,5.343939804821018e-06,0.052322812378406525,0.04327439351214303,4.911459101915417e-06,0.049798738211393356,0.04151937962761001,4.735551696436106e-06,0.048017468303442,0.040231129716313076,4.697334967149482e-06,0.046731479465961456,0.039260147878574944,4.72010330915775e-06,0.045773014426231384,0.03852353008493545,4.758965229450501e-06,0.04504215717315674,0.037968720117258645,4.80925410124982e-06,0.044486068189144135,0.03755284597476324,4.870965740898039e-06,0.04406409710645676,0.0372398341931994,4.928028856351551e-06,0.04374153912067413,0.036999943947035166,4.9549473059813865e-06,0.04349377751350403,0.036809221323993474,4.9333744768271965e-06,0.0433073490858078,0.03665085125064093,4.8662235895315505e-06,0.04317492991685867
499,12,self_attn_after_gate,Vertical,1,0.2573710545187905,0.08711365801865457,1.6919962167739868,0.10088900819657341,0.00015415400663403587,0.12664508819580078,0.08313996936120684,7.613296362291492e-05,0.10314573347568512,0.07292714703177648,5.360915731501582e-05,0.09211912751197815,0.06636439979312912,4.37889203729813e-05,0.08427104353904724,0.06186717707249853,3.918143696023536e-05,0.0785897895693779,0.05862917774726474,3.682203524766876e-05,0.07436098158359528,0.056192622830470405,3.5301903850514635e-05,0.07103461027145386,0.05427671620060527,3.41058067458146e-05,0.06829740107059479,0.05271235681951992,3.308002889020467e-05,0.06598964333534241,0.051395766377922085,3.218895970318267e-05,0.0640220195055008,0.05026169144918048,3.1429522850089376e-05,0.06233305484056473,0.049268667541799094,3.0797743837544304e-05,0.06087154522538185,0.04838952575884168,3.02792293861813e-05,0.05959411710500717,0.047605094455537345,2.9852021675238164e-05,0.05846696346998215,0.04690075305009645,2.949341492042553e-05,0.05746505782008171,0.04626479461079552,2.9184663501782048e-05,0.056943196803331375,0.04568755928249586,2.8912153770336342e-05,0.05647703632712364,0.045160882648021455,2.8666323184518115e-05,0.056026313453912735,0.04467774164818582,2.8439770901677814e-05,0.05558619648218155
499,12,self_attn_after_gate,Horizontal,1,0.18650501836386937,0.015241399917384999,0.7393711805343628,0.10927295944993458,3.516346147501576e-05,0.12212918698787689,0.09879595313280348,1.327655067580653e-05,0.10836264491081238,0.0932653398504333,7.958723106999459e-06,0.10068574547767639,0.08982778872762408,6.2101560308022285e-06,0.09555366635322571,0.08746272136294653,5.6341624209614966e-06,0.09233380109071732,0.08570989694387193,5.471146836708505e-06,0.09023533761501312,0.08433855644294194,5.475390380654043e-06,0.0886426568031311,0.08322202248705758,5.556611635865349e-06,0.08728387951850891,0.08228549822455361,5.671886251917268e-06,0.08638610690832138,0.0814828138266291,5.801119171616931e-06,0.08581607043743134,0.08078437807067992,5.936855662676246e-06,0.08529272675514221,0.08017027141555907,6.076822320284229e-06,0.08481018990278244,0.07962607414949507,6.219979973463853e-06,0.08436938375234604,0.07914072996567166,6.365956233655052e-06,0.08406390249729156,0.07870544505024714,6.5148670432015626e-06,0.08379507064819336,0.07831297755714446,6.66669677553812e-06,0.0835537314414978,0.07795725561796672,6.820894974609753e-06,0.08333206176757812,0.07763319533495676,6.976392443189242e-06,0.08312417566776276,0.0773365826360763,7.1318876699630726e-06,0.08292628824710846
499,12,self_attn_after_gate,Gaussian,1,0.14280806706538277,0.009452576775206977,0.6335837841033936,0.07292952412177646,6.805377683818237e-05,0.09226219356060028,0.05951026040646765,2.2429934475264586e-05,0.06851128488779068,0.053281562373278635,1.3474749669793211e-05,0.06092647463083267,0.04972183810813086,1.0759817049003556e-05,0.05827617272734642,0.047383267846372396,9.2756098349559e-06,0.055707596242427826,0.045699238185844725,8.311027327849772e-06,0.05333159118890762,0.04440995234818686,7.66921398471816e-06,0.051235370337963104,0.043381274988253914,7.242385128493807e-06,0.04944310337305069,0.04253648209666449,6.957333898538549e-06,0.04837006330490112,0.041828218137934095,6.765675069213717e-06,0.04766275733709335,0.041224949061870575,6.6363047326204306e-06,0.047033458948135376,0.04070423868676973,6.548642489633983e-06,0.04646807909011841,0.04024944164686733,6.488731489356317e-06,0.045956164598464966,0.03984807437611005,6.447246982133188e-06,0.045488931238651276,0.039490882366422626,6.418132139062354e-06,0.04505860060453415,0.039171022614316334,6.397413118553536e-06,0.04465865343809128,0.03888327657939896,6.382255925813845e-06,0.04428420588374138,0.03862345224571607,6.370415986714679e-06,0.043931908905506134,0.03838799669155999,6.360090332673024e-06,0.043599508702754974
499,12,cross_attn,Vertical,1,0.27080035351571585,0.019491467364776152,0.9653998613357544,0.15829717379713815,0.0007926073163042499,0.24386125802993774,0.13171270667087465,0.000266462303149942,0.1814357042312622,0.11817061191513425,0.0001156743804343245,0.1531362682580948,0.11005656042742351,5.845131077110255e-05,0.13535651564598083,0.10508137775792016,3.3449567620210205e-05,0.1248236671090126,0.10191044010340221,2.144496537917741e-05,0.11709700524806976,0.09984396445372748,1.4884833191273088e-05,0.11163686215877533,0.09837371572142556,1.1126465038798981e-05,0.10740509629249573,0.09693974256515503,7.649926573762386e-06,0.10363946855068207,0.09586401165477813,6.379717438148856e-06,0.10185320675373077,0.09480082764038963,5.480144923408115e-06,0.10000228881835938,0.09395365369698358,4.168591101515115e-06,0.09816432744264603,0.0934193107107329,3.426945168891152e-06,0.09773077070713043,0.09305864040340696,2.98191206373372e-06,0.0974397212266922,0.09266134588018296,2.8306292798946015e-06,0.09714215993881226,0.09205919220334008,2.4326980410253924e-06,0.0962241142988205,0.09160171756668696,2.1798323623634357e-06,0.09553799033164978,0.09130557744749009,2.0154961403247867e-06,0.09510863572359085,0.09107318213061681,1.8978922038122136e-06,0.0947151631116867
499,12,cross_attn,Horizontal,1,0.2639720503773008,0.03171418914928196,1.2983195781707764,0.156594646710252,0.000577948754571128,0.24264758825302124,0.13466389347163457,0.0002344136525542394,0.1918385624885559,0.12179173812979743,0.00010258048002380832,0.1529180258512497,0.11358774488880521,4.996270764902784e-05,0.1339007019996643,0.10817299806882465,2.7650221020702443e-05,0.12216310948133469,0.10443256263222013,1.7417087187853982e-05,0.11474937200546265,0.10172261818060799,1.1939960740729326e-05,0.10999348759651184,0.09969856660990488,8.685483430868364e-06,0.10662823915481567,0.09811066162018549,6.6134790200313605e-06,0.1048189103603363,0.0968635573037087,5.170988146483414e-06,0.10325364768505096,0.09585224387664644,4.128483471089581e-06,0.10192914307117462,0.09502576528087495,3.3311985157482204e-06,0.10083556920289993,0.09429604926752666,2.751972540626422e-06,0.09968185424804688,0.09368549429235004,2.2854799981833827e-06,0.09869544208049774,0.09317170544749215,1.9316208133608994e-06,0.09786207973957062,0.09272738392390902,1.67374275590037e-06,0.09711296856403351,0.0923493534090027,1.4469333665747605e-06,0.09642647206783295,0.09202438450994946,1.2506469737708605e-06,0.09583275020122528,0.09174255518213151,1.0744204150353076e-06,0.09526573121547699
499,12,cross_attn,Gaussian,1,0.4189342712126081,0.28652996860227237,3.808864116668701,0.15483811686909388,0.0010750120914651896,0.2751350402832031,0.12818776047418987,0.00047219325999978796,0.19361357390880585,0.11129535734653473,0.00023227716213663422,0.15155929327011108,0.099802146946627,0.00012891455800901602,0.1257426142692566,0.09173390257453161,7.922013125799719e-05,0.11411696672439575,0.08593679609752837,5.2363910570243006e-05,0.10622662305831909,0.08168409031534953,3.646268540353716e-05,0.09939952939748764,0.0784701191716724,2.625652938447612e-05,0.09354858845472336,0.07601461204744521,1.9618036773798827e-05,0.08868736773729324,0.07411322955574308,1.517252255469232e-05,0.08458377420902252,0.0725848517484135,1.196528116194844e-05,0.08163449168205261,0.07134441239020181,9.56639804369532e-06,0.0798569843173027,0.07035697074163527,7.862510495936481e-06,0.07833538949489594,0.06952232489037136,6.634312309546679e-06,0.07740306109189987,0.06878811712302858,5.69488650454695e-06,0.07661189883947372,0.06818496317617477,4.984632117981544e-06,0.07588417828083038,0.0676853499478764,4.408623439378638e-06,0.07520682364702225,0.06724817364934892,3.904602320528983e-06,0.0745825469493866,0.0668639409400168,3.4839878313971996e-06,0.07415845990180969
499,12,mix_ffn_after_gate,Vertical,1,1.4407427140644617,1.0017760776897588,5.351983070373535,0.47103899859246756,0.00832170750157848,0.6740025281906128,0.26020671403597273,0.0013437993062588832,0.3437957167625427,0.16676564230805352,0.00031897777346953855,0.20913177728652954,0.11839978278629364,0.00010172992357002253,0.14290933310985565,0.09041733046372731,4.080059159179275e-05,0.10579840838909149,0.07288129201957158,2.0249915923439285e-05,0.08474382758140564,0.06122446805238724,1.2365773654792859e-05,0.07111713290214539,0.0531071409110039,9.007715518856996e-06,0.06159511208534241,0.04724139324019826,7.421831309786344e-06,0.054685309529304504,0.042878975648255574,6.5809666098957895e-06,0.04954705387353897,0.039561586247550115,6.085359353560508e-06,0.04566856473684311,0.03699439840893897,5.7725686678523036e-06,0.04269790276885033,0.03498028212833026,5.56775382366153e-06,0.04071430861949921,0.03338240935570664,5.431271190297892e-06,0.03929692506790161,0.03210227194404791,5.339383513607207e-06,0.03819315880537033,0.0310665758711005,5.2739442174646935e-06,0.037323273718357086,0.030219948155775903,5.218594135480463e-06,0.036608487367630005,0.029521789933953966,5.162879751552432e-06,0.03598853200674057,0.02894388452645332,5.1069873662464846e-06,0.03543969988822937
499,12,mix_ffn_after_gate,Horizontal,1,0.8271218216608441,0.1257105984524067,2.220160722732544,0.268999192686308,0.004071134594151211,0.39623457193374634,0.13138476096921498,0.00044784510556646897,0.17221778631210327,0.08072738621443037,8.18857396616211e-05,0.09763150662183762,0.05804465433198308,2.251307130862832e-05,0.06749141216278076,0.04639793423906205,9.160186844029039e-06,0.052979789674282074,0.03981770232083306,5.254227148692796e-06,0.04519397020339966,0.03584739146015001,3.907061314152909e-06,0.04065482318401337,0.0333099461914528,3.3695550618449957e-06,0.03782445192337036,0.03160924638902384,3.1095652166722103e-06,0.03602931648492813,0.030426736861940414,2.949851056867168e-06,0.034733451902866364,0.029582717175048494,2.8508726098955228e-06,0.03372228518128395,0.02896609529852867,2.794216303964125e-06,0.03296142816543579,0.02850562703633119,2.762853399675894e-06,0.03250337019562721,0.028156474232673645,2.7458150163187485e-06,0.03215514495968819,0.027890311435811103,2.736340288212153e-06,0.031886667013168335,0.02768765821579903,2.7302898967632717e-06,0.03168054670095444,0.027533508807657255,2.7249371885032487e-06,0.03152167797088623,0.027416215647780705,2.7184540310556464e-06,0.03139860928058624,0.027326553941719116,2.7105292330424217e-06,0.03130542114377022
499,12,mix_ffn_after_gate,Gaussian,1,0.8295102020104727,0.13373044466953132,1.9752635955810547,0.2581763615210851,0.0037823858812273715,0.3833386301994324,0.12650761292094276,0.0003644397954015201,0.16607116162776947,0.0793902598439701,6.382065740249173e-05,0.09616076946258545,0.058305298466058,1.7613212436742645e-05,0.06611108034849167,0.04740959618772779,7.786001775387396e-06,0.05207398533821106,0.04122208910329001,5.172686573065282e-06,0.0453629344701767,0.037457529544120745,4.325512264171514e-06,0.041564226150512695,0.03505466789716766,4.0237208602361706e-06,0.03919906169176102,0.03346507014736297,3.9350491011312475e-06,0.037713125348091125,0.032375941644348795,3.935320897539997e-06,0.03672501817345619,0.03159946682197707,3.945052134951656e-06,0.03594633936882019,0.03102300871932317,3.909816133949079e-06,0.03524402529001236,0.030583618859213495,3.831275042965929e-06,0.034623801708221436,0.030247397011234647,3.7404455451951244e-06,0.034115128219127655,0.02999362943782693,3.656316233020934e-06,0.033730510622262955,0.029806902011235554,3.5821395742378496e-06,0.033560723066329956,0.029673959941618026,3.51621541444413e-06,0.033406808972358704,0.02958268341090944,3.458813545165311e-06,0.03327135741710663,0.029522194098385555,3.413150450126536e-06,0.03315868601202965
499,13,self_attn_after_gate,Vertical,1,0.5386607864546398,0.7276692327199739,4.242393493652344,0.11264003754135161,0.00013551482426340204,0.1402842104434967,0.09457153720515114,7.924854385588425e-05,0.11766275763511658,0.08446730933492146,6.617159328944545e-05,0.10391125082969666,0.0775140764576102,5.859750530914517e-05,0.09380922466516495,0.07234538358355326,5.4135225385954714e-05,0.08761342614889145,0.0683184429884903,5.134819960417072e-05,0.08490744233131409,0.06508634617877385,4.954482666191211e-05,0.08254118263721466,0.06243480251185478,4.83166286960552e-05,0.08043285459280014,0.06022047943302563,4.7397199608104846e-05,0.07852993905544281,0.05834293844444411,4.66354524926193e-05,0.07680083811283112,0.056729872134469804,4.5959724410098996e-05,0.0752248466014862,0.055328307229848134,4.534134322253424e-05,0.07378408312797546,0.054098977692543515,4.476700389133676e-05,0.07246023416519165,0.0530123927645267,4.422481584978403e-05,0.0712367594242096,0.05204593236484225,4.370118059022565e-05,0.07010149955749512,0.05118173142037694,4.318281518156722e-05,0.06904682517051697,0.05040515864652301,4.26574546842525e-05,0.06806717813014984,0.04970384359596267,4.211432713834922e-05,0.06715697795152664,0.04906698203985653,4.1545461022642286e-05,0.06630931049585342
499,13,self_attn_after_gate,Horizontal,1,0.30785421483100406,0.15650291969228022,2.17621111869812,0.11796411150504672,7.381370389401112e-05,0.13987764716148376,0.104392785165045,2.808899033270012e-05,0.11825866997241974,0.09676843692385961,1.5493469791242467e-05,0.10775873064994812,0.09175774526028406,1.0841338308344207e-05,0.10079154372215271,0.08815498851121419,9.268026055607438e-06,0.0956164002418518,0.08540865731617761,8.98581328176902e-06,0.09187550842761993,0.08323043537518335,9.241397640706957e-06,0.08917248249053955,0.08145261059204738,9.718376090222285e-06,0.08742743730545044,0.07996927036179437,1.0280387692463648e-05,0.08645492047071457,0.07870835124973267,1.0860380639512168e-05,0.08560317754745483,0.07761874605738928,1.1422252140361355e-05,0.08477573841810226,0.07666362762924224,1.194880462583447e-05,0.08396705985069275,0.07581599849084067,1.2434807176571711e-05,0.08317853510379791,0.0750558055819027,1.2881750344052424e-05,0.08241415023803711,0.07436808376085191,1.3293583041890917e-05,0.08167780935764313,0.07374171758927996,1.3673999129545452e-05,0.08113670349121094,0.07316844413677852,1.4026054993777042e-05,0.08063869923353195,0.07264188842640983,1.4352893901328186e-05,0.08018015325069427,0.07215682718725432,1.4658049866419419e-05,0.07976084202528
499,13,self_attn_after_gate,Gaussian,1,0.09871500210156517,0.0008870626553615132,0.2019573152065277,0.06157229462313273,3.621004844441617e-05,0.07950647175312042,0.05268627759956178,1.2871552330790919e-05,0.06253348290920258,0.04867838831647994,9.441700442722278e-06,0.055758923292160034,0.04629599072393917,8.391667681327093e-06,0.05246210843324661,0.04463569944103559,7.849893180601599e-06,0.05068376287817955,0.04338563381442948,7.482156330458529e-06,0.049370549619197845,0.04239927244091791,7.2037193097543224e-06,0.04831736907362938,0.04159541729660261,6.979673168131395e-06,0.04763564467430115,0.04092468818028768,6.79128495204282e-06,0.047076888382434845,0.04035494204551455,6.627983307514218e-06,0.04655797779560089,0.03986431776531159,6.4837930656763535e-06,0.04607037827372551,0.039437232805149894,6.3550853304191884e-06,0.045611970126628876,0.039062130191023385,6.239517304796568e-06,0.04518245533108711,0.038730156445314017,6.13542030288178e-06,0.044781602919101715,0.03843437034695867,6.0415691205685045e-06,0.04440874978899956,0.03816923646936341,5.956942322860274e-06,0.04406280070543289,0.03793028162585364,5.880696142080386e-06,0.043742503970861435,0.0377138341584849,5.812028584718116e-06,0.04344629868865013,0.037516861858348995,5.75017207315317e-06,0.04317259415984154
499,13,cross_attn,Vertical,1,0.3359566744830873,0.02584871325510589,1.0083762407302856,0.17765808010858203,0.0015483371631960837,0.33982041478157043,0.1415154113182946,0.0004912709291004144,0.21050794422626495,0.1246017622096198,0.000219655354272774,0.1656562089920044,0.11495217964762733,0.00011704525451303744,0.14517848193645477,0.10888168972636027,6.873335539912352e-05,0.13407990336418152,0.1046596612958681,4.317870727971525e-05,0.12476181983947754,0.10146985605122551,2.784902247341302e-05,0.11609477549791336,0.09920877383814918,1.8564400633268535e-05,0.11064182221889496,0.09735943022228423,1.3305494595014215e-05,0.10606260597705841,0.09588835222853555,1.0310236867144112e-05,0.10287680476903915,0.0947914905254803,8.243571762765147e-06,0.10110881179571152,0.09389958152222255,6.82066971153818e-06,0.10006211698055267,0.09323291563325459,6.0477775646400624e-06,0.09944523125886917,0.0927349492197945,5.59537093755136e-06,0.09951687604188919,0.09239114300599174,5.303046462656423e-06,0.09944630414247513,0.092212808628877,5.1558918102412475e-06,0.09949135780334473,0.09208300709724426,5.0152713000932504e-06,0.09936830401420593,0.09197552431197394,4.988358094037465e-06,0.09922292828559875,0.09172802110986104,4.888041660320125e-06,0.09881173074245453
499,13,cross_attn,Horizontal,1,0.3687831156310581,0.03614628282084746,1.241821527481079,0.1817148658964369,0.0010759275640747834,0.28259479999542236,0.14240683201286528,0.00023864482612231342,0.18026888370513916,0.12463877220002431,0.00012215479995553885,0.1559864580631256,0.1152072904838456,7.194280255560422e-05,0.13967573642730713,0.1094099192155732,4.65900670216886e-05,0.12856292724609375,0.10536673688699329,3.1448826736862395e-05,0.12175135314464569,0.10258785587927652,2.2499502017044457e-05,0.11799143254756927,0.10047297167872625,1.6597168862942167e-05,0.11347699165344238,0.09856798038596198,1.21783236395095e-05,0.11024075746536255,0.09708276935040004,9.387889884027532e-06,0.10730131715536118,0.09599893149875459,7.279272356721826e-06,0.10486842691898346,0.09516214484733249,5.963502112827857e-06,0.10291749984025955,0.09448135797939604,5.063457886194004e-06,0.10147536545991898,0.0938801873061392,4.296939390214007e-06,0.10027964413166046,0.09337352358159565,3.6515581058280733e-06,0.0990220457315445,0.0929816769702094,3.1352334532445577e-06,0.09826692938804626,0.09264383453225332,2.6418877250485353e-06,0.09688436985015869,0.09238880624373753,2.3754107909609984e-06,0.0965215414762497,0.09221319144680387,2.3640645566780686e-06,0.09843692928552628
499,13,cross_attn,Gaussian,1,0.22822386759614188,0.013651891424500866,0.6488314270973206,0.12312768387889104,0.0009610276664285143,0.2518719434738159,0.09933392608922625,0.00026478921045217405,0.16209882497787476,0.08901473134756088,0.00010890037640236162,0.12556031346321106,0.08208968383925301,4.606109927969115e-05,0.10181435942649841,0.07784349660551737,2.5325329173632056e-05,0.09162851423025131,0.07488794411931719,1.580908042667027e-05,0.08581328392028809,0.07293506203189729,1.218750631405511e-05,0.08336226642131805,0.07110200928790229,9.434348857728575e-06,0.0800524353981018,0.06990531583627065,8.525915932830433e-06,0.07796947658061981,0.0690515949612572,6.581149819940366e-06,0.07521095871925354,0.06864775717258453,8.340535238913134e-06,0.07629531621932983,0.06899145576688978,1.7852626997032244e-05,0.09387287497520447,0.06884014470473168,5.44575813166491e-05,0.11970876157283783,0.07236799384866442,0.00027804206636337627,0.19317622482776642,0.07425181685932099,0.000969964636220431,0.2983485460281372,0.08252648311474967,0.002799333891422198,0.46070370078086853,0.08545817966972079,0.004559521482976167,0.5565436482429504,0.08725692444140949,0.004988109615971461,0.5761493444442749,0.08520667538756416,0.0035832455005365615,0.5015727877616882
499,13,mix_ffn_after_gate,Vertical,1,0.8298736030147189,0.1434105057184837,1.739246129989624,0.23805456951497092,0.003796099680220287,0.37746620178222656,0.115084888916167,0.0003218452616092168,0.15309925377368927,0.07489465141580218,5.2635852798153126e-05,0.08846436440944672,0.05818482245954256,1.837814071337676e-05,0.06900310516357422,0.04993847308177796,1.1757446136194884e-05,0.059659555554389954,0.04534101929692995,9.89957015368054e-06,0.054287031292915344,0.042547918205696436,9.17508276180574e-06,0.050906866788864136,0.04074654367471498,8.790653288945558e-06,0.04864724352955818,0.03953870717022154,8.545096830697847e-06,0.04708398878574371,0.038708511739969254,8.382352363425375e-06,0.045974232256412506,0.038127586777721136,8.262110885498754e-06,0.0451459139585495,0.03771537938524806,8.155469146719642e-06,0.04449610784649849,0.03742041036723152,8.053209717307514e-06,0.04397130757570267,0.03720825969699829,7.955714491669148e-06,0.04354069009423256,0.03705487382553872,7.866583039982114e-06,0.043186526745557785,0.03694278389097206,7.789032652863362e-06,0.043048080056905746,0.036859187726227066,7.724405745760164e-06,0.043092578649520874,0.03679503287587847,7.672223893734126e-06,0.043137870728969574,0.03674433120186367,7.63093609394083e-06,0.043182604014873505
499,13,mix_ffn_after_gate,Horizontal,1,1.1848018841137962,0.28308993729380544,3.549243450164795,0.42874441922657075,0.00904869383442827,0.6327468156814575,0.2264645958230609,0.0012834596540860022,0.300701379776001,0.14372344728973177,0.00028323817662910295,0.1787305623292923,0.10330718034316623,8.28617730758046e-05,0.12205330282449722,0.08126399405891933,3.115358938274112e-05,0.09365274757146835,0.06823701376006716,1.4974553972919489e-05,0.07706744968891144,0.060062986458577806,9.021501093809103e-06,0.06679859757423401,0.05469209198204298,6.520570469624589e-06,0.06022290140390396,0.05103022622920218,5.3461263014403825e-06,0.05603853613138199,0.048456303183994597,4.7342182273953065e-06,0.05316769331693649,0.046599949399630226,4.3846191133409745e-06,0.051047809422016144,0.045229996066717876,4.169829872318837e-06,0.04944070801138878,0.04419604931322355,4.031366078089448e-06,0.04824049025774002,0.043398013072354455,3.94135762238994e-06,0.04761058837175369,0.0427700604001681,3.884933804728721e-06,0.04708017408847809,0.04227003325072546,3.849823467195069e-06,0.046642884612083435,0.041870411899354726,3.824129055967616e-06,0.04630005359649658,0.041551657612361605,3.8004704657039748e-06,0.046041641384363174,0.041298387246945546,3.7769474536884043e-06,0.04585076868534088
499,13,mix_ffn_after_gate,Gaussian,1,0.9845141110912202,0.19340621848225556,2.148326873779297,0.28997893371279276,0.0059467193637195905,0.4753514528274536,0.13688963273214916,0.0005572195401190642,0.19271138310432434,0.08437142935064104,9.036381097559652e-05,0.1071987897157669,0.06174863951783332,2.285958514280494e-05,0.07350379228591919,0.05045587764609428,9.211671666407326e-06,0.05747021734714508,0.04421824281887403,5.711757873355975e-06,0.04931379109621048,0.04051124440535667,4.659861887185984e-06,0.04583671689033508,0.03817962813708517,4.303040869396133e-06,0.04364704340696335,0.036648884563455504,4.18887819186625e-06,0.04228077456355095,0.03560139942500326,4.1608268862239694e-06,0.041337426751852036,0.034848501432746176,4.130980328050002e-06,0.0404629223048687,0.034284186978188774,4.070290526745409e-06,0.039490409195423126,0.03386075496082268,4.001837916322866e-06,0.03894953802227974,0.033557347332437835,3.953366735092683e-06,0.038725581020116806,0.033348378267080064,3.92898818351059e-06,0.03854689374566078,0.03320392457738755,3.919542734644882e-06,0.0384102463722229,0.03310445639940481,3.917052612524743e-06,0.038317710161209106,0.03303867537114355,3.918056714466416e-06,0.03826507180929184,0.03299734244743983,3.919191806775866e-06,0.038243889808654785
499,14,self_attn_after_gate,Vertical,1,0.5580918136097136,0.08297883787764264,1.3459382057189941,0.21346915028398,0.002134340889255944,0.3808528780937195,0.14517465399371254,0.0006167253858937592,0.21290981769561768,0.11322018977195497,0.0002899145073077682,0.15552784502506256,0.09514834719990926,0.00017100913989767788,0.12967950105667114,0.08370974553482873,0.00011711136937516641,0.11274081468582153,0.07589377190858598,8.92027476817366e-05,0.10095049440860748,0.07021777278610639,7.271856566873252e-05,0.09222466498613358,0.06588737158075211,6.170348342615268e-05,0.08543653041124344,0.06246838700913247,5.376923160668047e-05,0.0799918919801712,0.0597042894907414,4.790689535256052e-05,0.07556121051311493,0.05742570923434363,4.35466217086035e-05,0.07191596180200577,0.05551549804116052,4.028323442208918e-05,0.06887736916542053,0.053890670575792825,3.781135866399765e-05,0.06631191074848175,0.052490689392600744,3.591180739971406e-05,0.06489787995815277,0.05127019115856716,3.443868771323369e-05,0.06367038935422897,0.05019475496004498,3.329709297236788e-05,0.06260021775960922,0.04923821542234648,3.241969492509538e-05,0.06166255474090576,0.04838061888539602,3.175212920411426e-05,0.06083689257502556,0.04760661780361145,3.124801346532598e-05,0.06010647863149643
499,14,self_attn_after_gate,Horizontal,1,0.7258614225993081,0.12641715558038946,1.9725514650344849,0.28430320440776763,0.002578765727356693,0.4057351052761078,0.19336194012846267,0.0005534463121611299,0.2468319833278656,0.15594021715815104,0.0002203354896017995,0.18562081456184387,0.1359730295482136,0.00011476234537510912,0.16274294257164001,0.1237216607209236,7.052566301041167e-05,0.14711055159568787,0.11545810564642861,4.7491033646627724e-05,0.13479289412498474,0.1095292650991016,3.389170159619422e-05,0.1250731199979782,0.1050749265012287,2.532443118038043e-05,0.11746393889188766,0.10159307138787375,1.9747716588051873e-05,0.11132834106683731,0.09878200032408276,1.601642702401308e-05,0.10743379592895508,0.09645569194403905,1.3418682628634955e-05,0.10441848635673523,0.09449769201732817,1.1538425740901367e-05,0.1021750271320343,0.09282939325249384,1.0152546316790296e-05,0.10045881569385529,0.0913925865103328,9.132389153299103e-06,0.09900370240211487,0.09014289234838789,8.388259652850914e-06,0.09780173748731613,0.08904623393974608,7.843470944441014e-06,0.09681924432516098,0.08807616456160469,7.424525744110003e-06,0.09600281715393066,0.0872118580672476,7.065080570660965e-06,0.0952872708439827,0.08643668381467698,6.718223223814699e-06,0.09461019188165665
499,14,self_attn_after_gate,Gaussian,1,0.7501360069191645,0.1626302230336693,2.634484052658081,0.2594059944625885,0.0026654803220806066,0.44015318155288696,0.16767650937277173,0.0008172929628406779,0.2894754409790039,0.12640765439423304,0.0003599041291697551,0.19173429906368256,0.10238826783403518,0.00018451745148282482,0.1362852156162262,0.08730163141375497,0.00010725600900357732,0.11616601049900055,0.07714453629321522,6.998956635802947e-05,0.10094700008630753,0.06983692553781327,4.980272601746419e-05,0.08917416632175446,0.06429050123644253,3.797480560756426e-05,0.07992460578680038,0.05991413154535823,3.075332249100168e-05,0.07257229834794998,0.05637155420013836,2.618195749794761e-05,0.06946592032909393,0.0534512223823676,2.314239606415481e-05,0.06699337065219879,0.051008915144299706,2.098962931187922e-05,0.06471792608499527,0.048941747773261296,1.9352814642254896e-05,0.06258396804332733,0.04717360927708565,1.8018608190127088e-05,0.060553647577762604,0.04564681950779188,1.6867996244928858e-05,0.05859813839197159,0.04431744268725789,1.584242060021998e-05,0.05670500546693802,0.04315201701625945,1.491813150805635e-05,0.05488058924674988,0.042124704886523506,1.4085801732237709e-05,0.05314075946807861,0.041215024060673185,1.3339972953012227e-05,0.05150119960308075
499,14,cross_attn,Vertical,1,0.9077962140242258,1.768620420765836,8.91265869140625,0.24661605958900754,0.009596646130818634,0.627838134765625,0.1734332156086725,0.0022437083447696374,0.34477317333221436,0.14242281315345612,0.0007635362559209842,0.2349453717470169,0.12786129282580483,0.000357643331590539,0.18150877952575684,0.11958090901847869,0.00020244559421822981,0.15432995557785034,0.11417129150931797,0.00013182375378007833,0.14297232031822205,0.11031396450504424,9.418076999043455e-05,0.1375219225883484,0.10739862185622019,7.077740446226242e-05,0.13238376379013062,0.10510171736989703,5.456591435261844e-05,0.12772242724895477,0.10323477820271537,4.289725943745582e-05,0.12369129061698914,0.10167996526237517,3.430373060284867e-05,0.12011159956455231,0.10035603044051973,2.7660347853257632e-05,0.11670184135437012,0.09919409205516179,2.23143574256071e-05,0.1133127510547638,0.0981523689059984,1.8080649182122958e-05,0.11012943834066391,0.09723771339844144,1.485044196950338e-05,0.1074843481183052,0.09646443171160561,1.2351274229284042e-05,0.10547959804534912,0.0958105537389952,1.0305139434112463e-05,0.10447925329208374,0.09523611480281466,8.555855345055718e-06,0.10342064499855042,0.09470332177385452,7.127496082869433e-06,0.10227977484464645
499,14,cross_attn,Horizontal,1,0.44447854894494254,0.08028022650890036,1.7113921642303467,0.19747154189953728,0.0047601090730812505,0.40608668327331543,0.15252660995437986,0.0012886200216736083,0.25977781414985657,0.13372113236359187,0.0005136512312036098,0.2058551162481308,0.12240106517833377,0.0002367908518646669,0.1787300705909729,0.11457846479283439,0.00011848006122902984,0.15567362308502197,0.10966762817568249,7.175117366663855e-05,0.14054466784000397,0.10621918950762067,4.871208490402034e-05,0.12843218445777893,0.10382214164923108,3.594213169708572e-05,0.12076345831155777,0.10202046826718346,2.846566985057902e-05,0.11753030121326447,0.10038357322651242,2.325182938908047e-05,0.11565963178873062,0.09889356058741373,1.8622009770610996e-05,0.11220914125442505,0.0977645152144962,1.4949227059091732e-05,0.10895344614982605,0.09691776205149907,1.2039217056759605e-05,0.10688674449920654,0.09615820031317454,9.626699587259236e-06,0.10555306077003479,0.09542799350761232,7.87157101781271e-06,0.10420975089073181,0.09478913318543207,6.633674228855821e-06,0.10298587381839752,0.09426094579791265,5.625978244298005e-06,0.10196417570114136,0.09381952219539219,4.803247369791826e-06,0.10109621286392212,0.09345284021563,4.292694686869169e-06,0.10026241838932037
499,14,cross_attn,Gaussian,1,0.6978543757919281,0.4488569619755647,4.242733478546143,0.2172326630070096,0.008400620132881224,0.6748471260070801,0.1504825566496168,0.0020488775269961196,0.3572944402694702,0.1242631964740299,0.0007748495706432928,0.20651456713676453,0.10942962789346301,0.0004159762738713054,0.15889352560043335,0.09968497935268614,0.00026051252904122946,0.14595679938793182,0.09237888254343517,0.000163154097129716,0.1315615326166153,0.08699304220222291,0.00010414935223853044,0.11861512064933777,0.08326548680899636,7.050795406919816e-05,0.1101703941822052,0.08052649751069053,5.0510252312482847e-05,0.10479655861854553,0.07836999448518904,3.805573575349151e-05,0.10107237845659256,0.07663890364624205,2.939641878124211e-05,0.09771664440631866,0.07525540616304155,2.321467825195581e-05,0.0945584774017334,0.07413994024197261,1.895000654208516e-05,0.091859832406044,0.07322615893587234,1.600537715948823e-05,0.08963640034198761,0.07246105112726726,1.3752444510829693e-05,0.08760721981525421,0.07181343448067469,1.1903381440903595e-05,0.08562923967838287,0.07126521449240428,1.0389273014665158e-05,0.08372670412063599,0.0708043510242114,9.169583576830812e-06,0.08194604516029358,0.07042503203191454,8.223073193163775e-06,0.0803668200969696
499,14,mix_ffn_after_gate,Vertical,1,0.9861020223488883,0.19527799967350873,2.1986162662506104,0.30344097978538936,0.00508130408503782,0.44665586948394775,0.1525160302481954,0.0004919388958451936,0.1962362676858902,0.09838952703608407,8.860979401045656e-05,0.11622220277786255,0.0739578539062114,2.7203274579084987e-05,0.08485245704650879,0.06127653755838909,1.449952021205872e-05,0.06928452849388123,0.05399599943369154,1.1293531025832268e-05,0.060723818838596344,0.04948175308250245,1.033178076425557e-05,0.05710035189986229,0.046529838017054966,1.0027698807614014e-05,0.05474592745304108,0.04453343058389331,9.944784391748015e-06,0.053255390375852585,0.04314582321851972,9.935148969647272e-06,0.05232546851038933,0.042157470233856686,9.958992886102634e-06,0.051785144954919815,0.04143922107796821,1.0002484024618653e-05,0.05151696503162384,0.04091024044014159,1.0048183602239135e-05,0.05141443759202957,0.04051883370866851,1.0078359474168708e-05,0.05139683932065964,0.04022962576340115,1.0091253068166887e-05,0.05143023282289505,0.040017250333986586,1.0095533646676411e-05,0.051503971219062805,0.03986327793626558,1.0097684565539031e-05,0.05160532891750336,0.03975357487797737,1.0100361982508441e-05,0.051717761904001236,0.03967669369682433,1.0103747672611189e-05,0.051825642585754395
499,14,mix_ffn_after_gate,Horizontal,1,0.9908769958549075,0.1901223229996172,2.2640626430511475,0.30113923407736276,0.005986273424158415,0.48524072766304016,0.15044674620268836,0.0005619383261067207,0.2106393575668335,0.09999065822552121,0.00010014051376535109,0.1253228783607483,0.07837978182804017,3.155282495385423e-05,0.09121677279472351,0.06744730165080419,1.5605637967988303e-05,0.07538050413131714,0.061226000861516076,1.0400379395274297e-05,0.06771637499332428,0.057378913320246194,8.19693953428578e-06,0.06371583044528961,0.05485711536473698,7.086116499325878e-06,0.061042480170726776,0.05314028966757986,6.485403340600903e-06,0.05924383923411369,0.051938396656797045,6.158982895906512e-06,0.05800618976354599,0.05107396852875513,5.984618422481964e-06,0.05712531879544258,0.05044109244195242,5.880827783808054e-06,0.056481994688510895,0.04997725223028471,5.795271059151938e-06,0.056008756160736084,0.04964048539598783,5.714396253149918e-06,0.05566079169511795,0.04939719313193881,5.644855005470224e-06,0.05540509894490242,0.04922239919976583,5.590139033017462e-06,0.0552186518907547,0.04909809637400839,5.551689435108724e-06,0.05508701875805855,0.04901068545286617,5.531512915508824e-06,0.054999757558107376,0.048950325165476115,5.531494629099497e-06,0.054948389530181885
499,14,mix_ffn_after_gate,Gaussian,1,0.8918275289119236,0.1811082766233518,1.9337482452392578,0.24799681490375883,0.004374968553275118,0.39258137345314026,0.11923714597073812,0.00035613439911097184,0.16048523783683777,0.0773873252291528,5.908239374733934e-05,0.09476394951343536,0.059619279844420295,1.6864662444094195e-05,0.06854057312011719,0.05075122250450982,7.998045647663042e-06,0.0574423223733902,0.04584235000231909,5.592958437514345e-06,0.05263848602771759,0.04295893374180037,4.8857237035405305e-06,0.04978908225893974,0.04117454990508065,4.698151358229503e-06,0.04800597205758095,0.04000050704630594,4.659370806986927e-06,0.04686988890171051,0.0391744715826852,4.64903753682178e-06,0.046159036457538605,0.038563061150766555,4.623570975120128e-06,0.045700136572122574,0.03810399191247092,4.570231448993065e-06,0.04535134509205818,0.03776370775368479,4.50023614748597e-06,0.04504791647195816,0.037516154821902986,4.425696806373101e-06,0.04478427767753601,0.03733958540454743,4.355417470798782e-06,0.04456939548254013,0.03721716432344346,4.294889754960487e-06,0.04440748691558838,0.037136119923421314,4.2457004149904685e-06,0.04429583624005318,0.03708660389695849,4.207985810883755e-06,0.04422805458307266,0.03706087361252497,4.182313659320963e-06,0.04419688880443573
428,12,self_attn_after_gate,Vertical,1,0.1725665539030045,0.01520245785159903,0.7847509384155273,0.08905999681779317,8.575141280656165e-05,0.1153523251414299,0.07551525740159883,5.3199349192477115e-05,0.0983334332704544,0.06740065279697614,4.183146889129361e-05,0.08754703402519226,0.062094979579486544,3.6288264663375805e-05,0.08033250272274017,0.058412513740005945,3.3110623407905186e-05,0.07512494921684265,0.055701223689885365,3.11255762363146e-05,0.07110325992107391,0.0536090423545194,2.9828863458981473e-05,0.06788565218448639,0.05193899660592988,2.8948246055266407e-05,0.06527352333068848,0.05056951467006925,2.8319825751540185e-05,0.06312397867441177,0.04942037472649226,2.7845861735574996e-05,0.06132717430591583,0.048437300655576915,2.7468905192119345e-05,0.059802018105983734,0.04758269948855279,2.715403777887068e-05,0.058488644659519196,0.046829847234582146,2.6878652197715846e-05,0.05734222009778023,0.046159249213006764,2.6627439194060763e-05,0.056641802191734314,0.04555635816521115,2.6389851751506058e-05,0.05611126869916916,0.045010091884741706,2.6159073046228183e-05,0.05561423301696777,0.04451184163963984,2.5931028988572267e-05,0.055145859718322754,0.044054809898611096,2.5703643508705908e-05,0.05470312014222145,0.04363351705528441,2.5476125735649612e-05,0.05428401380777359
428,12,self_attn_after_gate,Horizontal,1,1.1451421505402004,3.1068686244547523,7.354388236999512,0.15463869533841573,0.0002430293057954981,0.20542995631694794,0.13021648284934817,6.602641963330263e-05,0.1533738076686859,0.11745064883005052,2.804728829213323e-05,0.13139033317565918,0.10974967290484716,1.656490990868383e-05,0.11932994425296783,0.10453434560507063,1.1657676943916812e-05,0.11273849755525589,0.10073893351687326,9.000380157618437e-06,0.10869008302688599,0.09783889838154354,7.383009278603874e-06,0.1054045781493187,0.09553947287892538,6.359453164315456e-06,0.10264171659946442,0.09366137238721998,5.712347769422546e-06,0.10028095543384552,0.09208992147256458,5.312377922771325e-06,0.0982607752084732,0.09074929770496157,5.075199699420518e-06,0.09653244912624359,0.08958787092613796,4.945203583552376e-06,0.09504877030849457,0.08856914641838225,4.886289762483278e-06,0.09386657178401947,0.08766629676970225,4.8752318767545034e-06,0.09303559362888336,0.08685892844010913,4.897090161013699e-06,0.09228679537773132,0.08613113018255385,4.942061618939141e-06,0.09160511940717697,0.08547027964913656,5.0034740273119524e-06,0.09097900986671448,0.08486625930619618,5.0765637859786806e-06,0.09039950370788574,0.08431090390871442,5.1577925667122805e-06,0.08985962718725204
428,12,self_attn_after_gate,Gaussian,1,0.1471383563346333,0.010872268086957786,0.7105265855789185,0.07468352951700725,6.152545988321567e-05,0.09211434423923492,0.06208031701426658,2.2905385583928046e-05,0.07427382469177246,0.055704952291552985,1.3829717023776895e-05,0.06643912196159363,0.05191718000504705,1.090257570430088e-05,0.061581991612911224,0.049391004478647596,9.617945158871868e-06,0.0581662617623806,0.04757066354865119,8.885183241229745e-06,0.05549585819244385,0.046179448150926165,8.370115076808117e-06,0.05331134423613548,0.045068720385195715,7.963885257256052e-06,0.05150286480784416,0.044152589130496224,7.628514401167227e-06,0.05000333487987518,0.04337826625458778,7.348516532875091e-06,0.048758991062641144,0.042711539933132744,7.115146635042791e-06,0.047752559185028076,0.04212916145722071,6.921548167569218e-06,0.04716547206044197,0.041614595091059095,6.761474820000906e-06,0.04662753641605377,0.04115568473935127,6.629204147605406e-06,0.04613463953137398,0.04074324779803791,6.51959173932297e-06,0.04568232595920563,0.040370215499211874,6.428195789159769e-06,0.045266151428222656,0.04003107423583666,6.3512658555621105e-06,0.0448819138109684,0.039721456725919056,6.285797224671322e-06,0.04452568292617798,0.03943784682760163,6.2293856387068446e-06,0.044193968176841736
428,12,cross_attn,Vertical,1,0.23108077025602733,0.012400149528390135,0.7348392605781555,0.1430401275791819,0.0004528190364290687,0.2398897409439087,0.12259978245175074,0.00017234554905409458,0.17852041125297546,0.11215369391535955,8.247284167276597e-05,0.1474338173866272,0.10585020825503365,4.3862741549307874e-05,0.13121943175792694,0.10183906685265284,2.5283414035597167e-05,0.12080198526382446,0.09914363601378032,1.5669542078263948e-05,0.11344662308692932,0.09719495924692305,1.0556268484639542e-05,0.10818195343017578,0.09575107055050987,7.418498361829283e-06,0.10473240911960602,0.09462969206155293,5.457912365179079e-06,0.10237519443035126,0.0937911979262791,4.278749792067252e-06,0.10058937966823578,0.09310143807577709,3.3538173465584077e-06,0.09885377436876297,0.0925388429609556,2.6637121412830283e-06,0.09735725820064545,0.09209672420743913,2.2263938293693537e-06,0.09630422294139862,0.09188691502998746,1.899490028720459e-06,0.09537453949451447,0.09165140004858138,1.699272275169102e-06,0.09467202425003052,0.09129867395238271,1.6884458785218625e-06,0.09430798888206482,0.09103069679131584,1.6393375854425707e-06,0.09429622441530228,0.09086033122407065,1.8032434227628465e-06,0.09430782496929169,0.0906353337424142,1.7076396632599495e-06,0.09444616734981537
428,12,cross_attn,Horizontal,1,0.3081377846381021,0.08497999165539023,2.087266683578491,0.14742142695283134,0.00042860194985662567,0.21534118056297302,0.1290252526837682,0.00017207742245106718,0.1646089404821396,0.11870129524715363,9.30092930794783e-05,0.14526855945587158,0.11211787152384954,5.628215330187126e-05,0.13231033086776733,0.10760572883817884,3.6139756512565876e-05,0.12288790196180344,0.10438857783400823,2.4346338763163456e-05,0.11593586951494217,0.10199983808256331,1.701246799205899e-05,0.1122235506772995,0.10016757060611059,1.230475346936094e-05,0.10953888297080994,0.09867576391450943,9.401467119367072e-06,0.10752996802330017,0.0974578767541855,7.381365767047749e-06,0.10552726686000824,0.0964799052666104,5.854858915835876e-06,0.10359224677085876,0.09566505087746514,4.6952500406088174e-06,0.10201039910316467,0.09498720805323313,3.820891734101024e-06,0.10064169764518738,0.09441778394911024,3.1485452823052437e-06,0.09943931549787521,0.09394208720279118,2.604567252897395e-06,0.09840841591358185,0.09351583463805062,2.167275951888081e-06,0.09760044515132904,0.09310180540122683,1.8559202356898591e-06,0.09704668819904327,0.09274245018050783,1.6068686950211098e-06,0.09656975418329239,0.09243822582657375,1.4051616761975793e-06,0.09607669711112976
428,12,cross_attn,Gaussian,1,0.708853628900316,1.8245696179398296,9.245813369750977,0.14524946692917082,0.0008838962528551627,0.25913339853286743,0.12193426584440564,0.0003782586537498636,0.19607216119766235,0.10900683973043684,0.00018662152421930313,0.15833094716072083,0.10040454140731267,0.00010735097277523189,0.1341504156589508,0.09432059431832934,7.178935645685809e-05,0.11838830262422562,0.08981777810388142,5.293478786636678e-05,0.10869213938713074,0.08633555613812946,4.111377007378846e-05,0.10286516696214676,0.08354729260244066,3.287115572339347e-05,0.09807291626930237,0.08125549708566969,2.6718275603225348e-05,0.0940222293138504,0.07932737718025844,2.1933596182923574e-05,0.0905555710196495,0.07766865513154439,1.8150620551569793e-05,0.08749569207429886,0.07623283482260174,1.514890665029394e-05,0.08470495790243149,0.0749946500337313,1.2740339954862514e-05,0.08221879601478577,0.07391943274036286,1.0797717309154227e-05,0.08065108954906464,0.0729748500244958,9.22062030566197e-06,0.07922385632991791,0.07213756288327867,7.931840219120132e-06,0.07793718576431274,0.07139598944830516,6.881089347442827e-06,0.07675069570541382,0.07073750961867589,6.023908152273531e-06,0.07563075423240662,0.07014444387621349,5.3404315889482605e-06,0.07461391389369965
428,12,mix_ffn_after_gate,Vertical,1,0.7706706921259562,0.09212245754267698,1.6940016746520996,0.2607970859796282,0.003636876481295938,0.399620920419693,0.13085364337478364,0.00043243780505495985,0.17791511118412018,0.0816578786997568,8.32282364980058e-05,0.10017792880535126,0.05902802577567479,2.4074744705389315e-05,0.07072335481643677,0.04707460123158637,1.0650856666818856e-05,0.0565371960401535,0.04013177480489489,6.887168555538619e-06,0.04814859479665756,0.03582979534708318,5.657871211840144e-06,0.04281489551067352,0.03304045313289241,5.186061630917596e-06,0.039273470640182495,0.031166110572124286,4.951185413549012e-06,0.03684602677822113,0.029864049767927517,4.796231605936986e-06,0.035099003463983536,0.02892753322209631,4.698660245457788e-06,0.0339694581925869,0.0282331057306793,4.678902368914671e-06,0.03324723243713379,0.02771417113641898,4.739825964432398e-06,0.03273916244506836,0.02733546480654724,4.857025365152339e-06,0.03241737186908722,0.02707115528247659,5.004728952438294e-06,0.032231807708740234,0.026896180555460943,5.168734664006882e-06,0.03225967288017273,0.026786472204895245,5.336455894414968e-06,0.032559625804424286,0.02672004545964892,5.4897698097595925e-06,0.032846126705408096,0.02667819885980515,5.6102636293716065e-06,0.03306062892079353
428,12,mix_ffn_after_gate,Horizontal,1,1.3040332661734686,0.5727557154000578,4.7563676834106445,0.47771607741476996,0.008849852103942322,0.6692071557044983,0.2624527821465144,0.001471775582146082,0.33612269163131714,0.16829493499937512,0.0003502132214897906,0.20287275314331055,0.12003062192409758,0.00011005530108606534,0.14002403616905212,0.09221977503999831,4.32501170357291e-05,0.1052531972527504,0.07478961963502187,2.0583180818958584e-05,0.08432906866073608,0.06316933621253286,1.1627701207064454e-05,0.07085320353507996,0.055048798876149316,7.6265769832917e-06,0.0616762638092041,0.04916319233321008,5.6402255839863e-06,0.05514080449938774,0.04477407848314634,4.560475022497338e-06,0.05032697692513466,0.04142781465299546,3.928190771399086e-06,0.046697452664375305,0.03883379248399583,3.538212821624611e-06,0.04391690343618393,0.03679747891331476,3.2908808079624163e-06,0.04175826162099838,0.035182373686915354,3.1314794314980978e-06,0.04006015881896019,0.033889397387466734,3.0268267363216874e-06,0.03870770335197449,0.0328452145710351,2.955703119844747e-06,0.03761930391192436,0.031994806779992016,2.9043993369171196e-06,0.03673618286848068,0.031296733766794205,2.865352406502612e-06,0.03601495921611786,0.030719830669344417,2.8359705592845756e-06,0.03542172908782959
428,12,mix_ffn_after_gate,Gaussian,1,1.004309646666996,0.23956469826220003,2.761819362640381,0.3385570373327013,0.005259695834282499,0.4966673254966736,0.17449645272323064,0.000744137029338511,0.23217536509037018,0.10749618602650506,0.00015509687788849104,0.13421499729156494,0.07585167837521387,4.358003539485863e-05,0.09018994867801666,0.0591699436070427,1.6836041484466076e-05,0.06766398251056671,0.04952879912323422,8.899861949215943e-06,0.05541875213384628,0.04352921484008668,6.0372229216915635e-06,0.04843417555093765,0.03957800549410638,4.797233330396586e-06,0.043870709836483,0.03686990878648228,4.168067549749661e-06,0.04108226299285889,0.03496655875018665,3.824410232502492e-06,0.03909750655293465,0.03360336483825767,3.640448483059466e-06,0.03764522820711136,0.0326098349418432,3.554682062969183e-06,0.036569949239492416,0.031872621663506066,3.5352608306693808e-06,0.03578675538301468,0.03131470096016687,3.553272078394908e-06,0.03523489087820053,0.030884462512201734,3.565419066768932e-06,0.034841787070035934,0.030547407914012198,3.533670768879379e-06,0.034535445272922516,0.030281010246466077,3.4585915280537366e-06,0.034279804676771164,0.03007167252519774,3.3674367406393917e-06,0.03406854346394539,0.029910667488972347,3.2818510094229137e-06,0.0338999480009079
428,13,self_attn_after_gate,Vertical,1,0.590464543492075,0.8290398356962903,4.041228294372559,0.11944617792254403,0.00019758319741410027,0.15355552732944489,0.09913170183934862,0.00011230620880457298,0.12258424609899521,0.08689804493434845,8.557151716596156e-05,0.11112964153289795,0.07872039268887232,7.25098827852013e-05,0.10260408371686935,0.07293220887344981,6.471519037399613e-05,0.09574175626039505,0.06863931631521573,5.943336784550369e-05,0.0900653675198555,0.06532768106886319,5.553510175454549e-05,0.08530251681804657,0.06268759834624472,5.249863774297373e-05,0.08127408474683762,0.060524113949329134,5.005554159833155e-05,0.07901996374130249,0.05870985032783614,4.804556041720778e-05,0.0772482305765152,0.057159012331376,4.636161427600791e-05,0.0756479948759079,0.055812570429037485,4.492915033350012e-05,0.07419201731681824,0.05462912582452335,4.3698022620632134e-05,0.07286481559276581,0.05357880506014067,4.263529215274541e-05,0.07165743410587311,0.052639219377722056,4.1717291913678546e-05,0.07056286185979843,0.051792982315260264,4.092272042567053e-05,0.0695732980966568,0.051026275233616906,4.023032968111743e-05,0.06868040561676025,0.05032785940501425,3.961845786254475e-05,0.06787562370300293,0.04968839676843749,3.906634284973558e-05,0.06714994460344315
428,13,self_attn_after_gate,Horizontal,1,0.49078214073938037,0.5027561793041093,3.388038158416748,0.12067509797357377,6.459449397214407e-05,0.14485013484954834,0.10658296292263364,2.2607531407799467e-05,0.11847425252199173,0.09904085915713083,1.4198180171333795e-05,0.10647325217723846,0.09416547476772279,1.1587983935526033e-05,0.09915867447853088,0.09071422013498488,1.0769627964809953e-05,0.09649564325809479,0.08811928461941462,1.0616693960366644e-05,0.09465131908655167,0.08607210419953816,1.0765398974132636e-05,0.09299598634243011,0.0843936059446562,1.1069010699199134e-05,0.09148341417312622,0.08297647866937849,1.1449298942642091e-05,0.09010151773691177,0.0817535456920427,1.185754984144923e-05,0.08884751796722412,0.08068069839288318,1.2263094287158282e-05,0.08771853148937225,0.07972775115853264,1.2647357263047614e-05,0.08686412870883942,0.07887315146979831,1.3000131920058628e-05,0.08604832738637924,0.07810077319542567,1.3317072709347708e-05,0.08526402711868286,0.07739805583916014,1.359760887416136e-05,0.08450674265623093,0.0767548939301854,1.384283730373251e-05,0.08377200365066528,0.07616295464455135,1.405394141612331e-05,0.08309262990951538,0.07561529593335257,1.423150749709839e-05,0.08259822428226471,0.07510624459338566,1.4376298823472161e-05,0.08215941488742828
428,13,self_attn_after_gate,Gaussian,1,0.5455438475760203,0.6272627078600714,3.545851945877075,0.09577841926661748,0.00011442051787727067,0.1178056001663208,0.0774810401101907,4.2485400584144297e-05,0.09468592703342438,0.06802737529552172,2.6294851501015926e-05,0.08109426498413086,0.062097186666159404,1.88882173462298e-05,0.07207688689231873,0.05804438575629204,1.4869113146065606e-05,0.06610426306724548,0.055070010974766714,1.2352608698061786e-05,0.0619501993060112,0.05276467006594416,1.0620050275358905e-05,0.059417836368083954,0.05090403255252611,9.359729496615395e-06,0.05736641585826874,0.04935793507666815,8.419729760714567e-06,0.05561549961566925,0.04804700571629736,7.71513120452686e-06,0.054093144834041595,0.046920689502878796,7.1883734008028286e-06,0.05275922268629074,0.04594478099828675,6.793820764396005e-06,0.05158940702676773,0.04509370803596482,6.495194105528181e-06,0.050562113523483276,0.04434648930789933,6.265662690654255e-06,0.04965466260910034,0.043685485505395465,6.086285380749595e-06,0.04884575679898262,0.04309618567663526,5.943878548843327e-06,0.04811769723892212,0.042566913401796705,5.829330902539838e-06,0.04762972891330719,0.042088356992555045,5.736398905152591e-06,0.0472053699195385,0.0416530795868427,5.660821073916291e-06,0.046793486922979355
428,13,cross_attn,Vertical,1,0.26829229508127483,0.011840101824197284,0.6647088527679443,0.15699200095638396,0.0006094146096445449,0.22890432178974152,0.12860269785400422,0.0001928652768584429,0.16521458327770233,0.11606793081949628,9.671008250169311e-05,0.14394062757492065,0.10886864742589375,5.11431172008048e-05,0.12809818983078003,0.10411895031020754,3.027219339072973e-05,0.11936016380786896,0.10100427139846105,1.9796950645584867e-05,0.11461175233125687,0.09882705031879364,1.40227225590859e-05,0.11089078336954117,0.09722046636872822,1.0473675392548342e-05,0.10764612257480621,0.09601622264063547,8.11613773908973e-06,0.10489994287490845,0.09509003659089406,6.61624363831925e-06,0.102196104824543,0.09441665110606996,5.3929893557473155e-06,0.10002728551626205,0.09378411502592147,5.163166851668035e-06,0.09980826079845428,0.09319200591435509,7.4994468303321085e-06,0.10753071308135986,0.09353401086160115,2.6951110111309265e-05,0.12914814054965973,0.09485160665852684,0.00018184522079660358,0.19394518435001373,0.10020848883995934,0.001218390271467401,0.35625988245010376,0.11047699929229797,0.005804249519772134,0.6634304523468018,0.12599341039146697,0.013452916644302957,0.9400137662887573,0.12544944634040198,0.01119791178733158,0.8443971872329712
428,13,cross_attn,Horizontal,1,0.2893670021541535,0.02060645886006748,0.8554002642631531,0.16847720588483509,0.0010140968401464786,0.2707691192626953,0.1367786650856336,0.00038672666940291265,0.1951141506433487,0.12222519824429164,0.00019640541443781764,0.16642865538597107,0.11426749837303919,0.00010655379587564445,0.1466003805398941,0.10916991153406719,6.192186408241656e-05,0.1337430328130722,0.10568247321579191,4.1914450856349256e-05,0.1249355673789978,0.10327558929011935,3.081460169625072e-05,0.11921627819538116,0.10120889485355407,2.1539871502506366e-05,0.11428515613079071,0.09971650808103501,1.5629446971478078e-05,0.11026981472969055,0.09856967663481123,1.1513135038808965e-05,0.10727852582931519,0.09741447593957658,8.22766754911438e-06,0.10542531311511993,0.09628781309676548,6.021456213056319e-06,0.10380662977695465,0.0954267420465984,4.8402021378888775e-06,0.10271235555410385,0.09478972154477286,4.223487070624199e-06,0.10201674699783325,0.09428429650881934,3.6344657969987866e-06,0.10111982375383377,0.09388358205083817,3.2055783359757126e-06,0.10022449493408203,0.09350072131270454,2.868289158014653e-06,0.09895837306976318,0.09306647226450936,2.5103429584951692e-06,0.0982908383011818,0.09264241513751802,2.0895548128996064e-06,0.09791569411754608
428,13,cross_attn,Gaussian,1,0.2509382582373089,0.010177636175319213,0.5981100797653198,0.13251502327029668,0.0007749761192792009,0.2298997938632965,0.10400581040552684,0.0002931545071337869,0.17092767357826233,0.09135320132213925,0.00014208693822100242,0.1377355456352234,0.08396413697609825,7.441837675709426e-05,0.11712144315242767,0.07925292459272203,4.35267436501501e-05,0.10365395247936249,0.07599900118888371,2.712851222392209e-05,0.09384363889694214,0.07375330194121316,1.8860288468658614e-05,0.08712278306484222,0.0722175979661563,1.3543020017335224e-05,0.08249805867671967,0.07098184064740226,1.044820761778327e-05,0.07933501899242401,0.06989305064318672,8.584035450881976e-06,0.07643691450357437,0.06891173195271265,7.165309657787779e-06,0.074177086353302,0.06817308730549282,7.171246459498329e-06,0.07562445104122162,0.06757874816419586,6.781056755311137e-06,0.07523121684789658,0.06760707757775745,8.493295278009625e-06,0.07705174386501312,0.06710172917634721,9.844543603997919e-06,0.07928688079118729,0.06898459945879286,3.322318110883125e-05,0.10277995467185974,0.0687698344626124,0.0001530382656619309,0.1552286148071289,0.07656339100665516,0.0008755109993071518,0.2864843010902405,0.07987648703985745,0.0032148329672350385,0.4785214960575104
428,13,mix_ffn_after_gate,Vertical,1,1.0100304640474773,0.18600082842630108,2.1929078102111816,0.32966793174781495,0.005904136397010266,0.49456652998924255,0.16678365994067418,0.0006645699238046446,0.21794241666793823,0.10509201210169565,0.0001237016525576387,0.12480582296848297,0.0769728325189106,3.542463730538502e-05,0.08821232616901398,0.06249823569068833,1.68075568683595e-05,0.07183675467967987,0.05432357284284774,1.2074392270023017e-05,0.06254992634057999,0.04934344884185564,1.0617887425732725e-05,0.05709124356508255,0.04610888311077678,1.002234848939664e-05,0.05351264774799347,0.04389580676243419,9.67460741994102e-06,0.05103772133588791,0.04232161580806687,9.424738939964588e-06,0.0492350272834301,0.04116929777794414,9.22835308033502e-06,0.04786713421344757,0.040307296883492244,9.065723039839292e-06,0.04680994153022766,0.03965189922896643,8.923464243189563e-06,0.04598688334226608,0.039147302153564635,8.791828970627964e-06,0.04543530195951462,0.03875642464984031,8.67187633262699e-06,0.045026447623968124,0.0384555220722206,8.570307393639952e-06,0.04471481218934059,0.038227438749302,8.485833561861573e-06,0.04447539895772934,0.038057218941431194,8.410970816749575e-06,0.04428620636463165,0.03793213380471108,8.339683475452796e-06,0.04413250833749771
428,13,mix_ffn_after_gate,Horizontal,1,1.095904459082891,0.22534425990353943,2.841130256652832,0.35175198198310914,0.007240737051742627,0.52553391456604,0.1758939836706434,0.00075565029976882,0.22890304028987885,0.11270086963971455,0.00013689976107369688,0.13384872674942017,0.08422409884986423,3.773902098366212e-05,0.09593018889427185,0.06925541948941019,1.4893733327567983e-05,0.07710468769073486,0.06052734578649203,7.812954202893846e-06,0.06638789921998978,0.055078325349660145,5.183967445521463e-06,0.05968552082777023,0.05150118505670911,4.1012350444293e-06,0.05533572658896446,0.049052913451478594,3.623765085809675e-06,0.052610620856285095,0.047324475019224106,3.420227966990079e-06,0.05091347545385361,0.04607834808883213,3.3563517305815717e-06,0.049678415060043335,0.04516240836135925,3.362505500181018e-06,0.04874776303768158,0.04447471864876293,3.3987466218885365e-06,0.04802469164133072,0.04394845433887981,3.4392683179867675e-06,0.04746343567967415,0.043539507284997,3.469246032695695e-06,0.04703376442193985,0.04321784360541238,3.4869072243969954e-06,0.04679598659276962,0.0429639442572518,3.4975155278153205e-06,0.0466419942677021,0.0427653505097306,3.505628427398203e-06,0.04655402898788452,0.04261214782794317,3.513361624562268e-06,0.046512823551893234
428,13,mix_ffn_after_gate,Gaussian,1,0.9698774630115146,0.19822775208330512,2.4056806564331055,0.28690235931721947,0.005507467004573651,0.45087945461273193,0.13790922422730734,0.0005073340416951211,0.18637403845787048,0.08636226706088536,8.698813132959168e-05,0.10545840114355087,0.0637067583581758,2.347516742840356e-05,0.07310870289802551,0.05216659434021465,9.442559815665685e-06,0.05920130014419556,0.0456805784432661,5.426433906155322e-06,0.05218787491321564,0.04176521596927491,4.105822287413554e-06,0.04783915728330612,0.03926686924837884,3.684851639931875e-06,0.04507073014974594,0.03760809995352276,3.5834266125130007e-06,0.043425917625427246,0.03646522263685862,3.5659342829079995e-06,0.04252336919307709,0.03564124317869308,3.5357114056191278e-06,0.041584312915802,0.03502358230096953,3.4888480979706915e-06,0.04048715904355049,0.03455901601248317,3.4662325905436116e-06,0.03993373364210129,0.03422515129759198,3.481938104327843e-06,0.03963875770568848,0.03399760438691056,3.506241592936088e-06,0.03939789533615112,0.03384185239436135,3.517317385339984e-06,0.03918575495481491,0.03373151739674901,3.518180575670779e-06,0.03901803493499756,0.03365393461925643,3.516777030394947e-06,0.03890258073806763,0.03360150707146478,3.5163690865297787e-06,0.03883272036910057
428,14,self_attn_after_gate,Vertical,1,0.6340952856200082,0.1037834791732958,1.5539085865020752,0.23047528214870938,0.0025970072682319854,0.3853059411048889,0.15517898175924544,0.0007950764741758451,0.24697622656822205,0.12084787469061595,0.0003566890222531905,0.17404955625534058,0.10112019001491486,0.0002171918123806615,0.13776227831840515,0.08821026235818863,0.00015353847114403453,0.11514690518379211,0.07929494291070908,0.00011917796434539801,0.1019502729177475,0.07284061007556461,9.885876534893495e-05,0.09496337920427322,0.06797607450021638,8.572894807607754e-05,0.0892859548330307,0.06418155541732198,7.647600070642589e-05,0.08575001358985901,0.061135810400758474,6.946695600521225e-05,0.08286549150943756,0.0586338456542719,6.387817496397576e-05,0.08027353137731552,0.05654028466060048,5.927677145790369e-05,0.07791928201913834,0.05476267020853739,5.541968781815974e-05,0.07577161490917206,0.05323557449238641,5.215681402636752e-05,0.07380446791648865,0.051910807570767784,4.9384204254550265e-05,0.07199055701494217,0.05075134484777375,4.7022061460704234e-05,0.07030268013477325,0.04972787751328377,4.5004398518348934e-05,0.06871761381626129,0.04881694150112924,4.3274749965083734e-05,0.06721794605255127,0.047999635338783264,4.178443536625425e-05,0.06579069793224335
428,14,self_attn_after_gate,Horizontal,1,0.7660998503367106,0.25534994289434443,3.0048322677612305,0.2882727822141042,0.0029513165887080977,0.47832587361335754,0.2028602056560062,0.0007049213702670118,0.28701961040496826,0.16590855518976846,0.00030051676957682926,0.21701553463935852,0.14511390408826252,0.00015462573276548734,0.18113285303115845,0.1316489356141242,8.71103841055203e-05,0.15623590350151062,0.12219980169856359,5.370983188621648e-05,0.13851463794708252,0.11518804374195281,3.6198768270036024e-05,0.1265174150466919,0.10978102707673633,2.6223567660169958e-05,0.12157607823610306,0.10550665252265476,2.0082711962598602e-05,0.11721675097942352,0.10205934717068596,1.6060912816869352e-05,0.11330640316009521,0.0992278547750579,1.3281025614612535e-05,0.10977306962013245,0.09686388725799228,1.1270500757681949e-05,0.1065615564584732,0.09486247551819635,9.77209768502964e-06,0.10363885760307312,0.09314903297594615,8.647301993997279e-06,0.10100071132183075,0.09167011980972593,7.81543476792132e-06,0.09865717589855194,0.09038657411223366,7.219115702636166e-06,0.09661221504211426,0.08926845081741848,6.8117327534744435e-06,0.09499695897102356,0.08829163641683639,6.5542414440343276e-06,0.09399593621492386,0.08743555914788019,6.413497818212601e-06,0.09307949244976044
428,14,self_attn_after_gate,Gaussian,1,0.5288910265006717,0.0705124026040637,1.475999355316162,0.18775688904145407,0.0019312685706684189,0.33382874727249146,0.12404827324170915,0.0005434977534070382,0.19936136901378632,0.09635590572678854,0.00023996095972548444,0.14430731534957886,0.08076866757538584,0.00013110093106872607,0.11280173063278198,0.0707379678293826,8.19338551825233e-05,0.09264831244945526,0.0638084661747728,5.738032895564748e-05,0.0840304046869278,0.05879955153380122,4.385488377442049e-05,0.07730508595705032,0.0550420753776081,3.553903268222687e-05,0.07165470719337463,0.05212376183933682,2.995660695308132e-05,0.06691218912601471,0.049780584043926664,2.598909289466357e-05,0.06295578926801682,0.04784529437384908,2.3047493814154333e-05,0.05964406579732895,0.046210429025074794,2.078736049526053e-05,0.056843578815460205,0.04480465454241586,1.8995975024100958e-05,0.05444365739822388,0.043579146029457214,1.7538203309496524e-05,0.05235936865210533,0.04249983345941892,1.632648937832242e-05,0.050528548657894135,0.041542506377611844,1.5302952991365648e-05,0.04934946820139885,0.040689485886740304,1.4428220805170033e-05,0.04873473942279816,0.03992741433755746,1.3674503160064562e-05,0.04818341135978699,0.039245722076249503,1.302085996547284e-05,0.04767979681491852
428,14,cross_attn,Vertical,1,0.6207075012581689,0.3392614941732668,4.117974758148193,0.20586897763941023,0.002898800812909191,0.3801206946372986,0.1475847992632124,0.0008878654076610802,0.27052628993988037,0.1299883434696803,0.00042740484568100384,0.21807828545570374,0.12105200782654778,0.0002509532172984064,0.18262892961502075,0.11544859326548046,0.00016535425157552627,0.15662845969200134,0.1111590647035175,0.00011111164974294189,0.14047721028327942,0.10784258456930282,7.665605895731702e-05,0.13062754273414612,0.10534595165933881,5.55301486371997e-05,0.1240973174571991,0.1031905370099204,4.033155071740695e-05,0.11872944980859756,0.10122335962359867,2.9420860235325518e-05,0.11371998488903046,0.09958287103781624,2.243433730845012e-05,0.11155185103416443,0.09828700385396442,1.798376285375495e-05,0.11039342731237411,0.0972513554115144,1.4872485990871818e-05,0.10921160876750946,0.09641552882062064,1.2505407618552083e-05,0.10794658958911896,0.0957490967379676,1.0614685424598435e-05,0.10659132152795792,0.09522188809655961,9.032783642771761e-06,0.10512074828147888,0.09478512974012465,7.715699645676719e-06,0.1035713255405426,0.0943539830900374,6.690118598000958e-06,0.10216373205184937,0.09387044111887614,5.884736673990862e-06,0.10103365778923035
428,14,cross_attn,Horizontal,1,0.35404383805063033,0.03438089330279792,0.9997472763061523,0.17591987928700825,0.0018578036635628172,0.3212912380695343,0.13871301958958307,0.0005424132750314386,0.21241995692253113,0.12236609558264415,0.00022098575090727095,0.1777126044034958,0.11350690478843356,0.00011302899857796285,0.1525690108537674,0.10829292036711223,7.119558495659156e-05,0.13828596472740173,0.1048029994680768,4.9383283666766906e-05,0.12899217009544373,0.10224529000974837,3.618957525215294e-05,0.12327754497528076,0.10009493193929157,2.6263344867528905e-05,0.11900955438613892,0.09832942071888182,1.875644730817056e-05,0.11511202156543732,0.09709110465787706,1.387871958247516e-05,0.11204217374324799,0.09619984255423622,1.0851938629585662e-05,0.11000983417034149,0.09543121783506303,9.382041832503906e-06,0.10839951038360596,0.09477684244750038,8.74561540312193e-06,0.10730232298374176,0.09427305973238415,8.628992122439015e-06,0.10732225328683853,0.09389417819560521,9.001813846418857e-06,0.10859917104244232,0.09363560532293623,1.0341688906287808e-05,0.11152087897062302,0.0935255740843122,1.46382144975595e-05,0.1169513389468193,0.093669930620799,2.7793238488289382e-05,0.12683886289596558,0.0942539597551028,6.519887298611194e-05,0.1440926492214203
428,14,cross_attn,Gaussian,1,0.4893339061074787,0.27935104685233464,3.7915055751800537,0.1716104426554271,0.0040395316807745095,0.4134331941604614,0.12956590654831085,0.001238914980543224,0.28403228521347046,0.1095479139023357,0.0005327632604852239,0.18954190611839294,0.09908971273236805,0.00029260256677846275,0.15843573212623596,0.09264647546741697,0.0001815196470622221,0.14255723357200623,0.08827567289745997,0.00011954803417621576,0.1297723650932312,0.0849470833227748,8.0002474693611e-05,0.11868523061275482,0.08219543170361292,5.3043270072212295e-05,0.10982769727706909,0.08006970111339812,3.571288780864803e-05,0.10341984033584595,0.07831293675634596,2.4481578779555107e-05,0.09822997450828552,0.07667465827294759,1.716430565540245e-05,0.09311965107917786,0.07520995395524162,1.2455811111802976e-05,0.08818317949771881,0.07404767568149263,9.544405393312454e-06,0.08423201739788055,0.07314617399658475,7.737654963931015e-06,0.08127449452877045,0.07238393182319308,6.5377141612949234e-06,0.07913435995578766,0.0716896660271145,5.576705488095211e-06,0.07786825299263,0.07109323226743275,4.742331736316122e-06,0.0766381323337555,0.07060617787970437,4.1167352094049385e-06,0.07534022629261017,0.07020645340283711,3.686722559380152e-06,0.07464435696601868
428,14,mix_ffn_after_gate,Vertical,1,0.9248960249953799,0.18447770075070657,2.0388002395629883,0.2597034675261331,0.004706745084154704,0.39943307638168335,0.12426463467261148,0.0003926697365953363,0.16509009897708893,0.08109985114563079,6.472827948182849e-05,0.09768708050251007,0.06341326869432888,2.2179800143435516e-05,0.07343052327632904,0.05471414108834569,1.4343100393321358e-05,0.06334176659584045,0.0498483150251328,1.2431726620661279e-05,0.057962313294410706,0.046900892423258886,1.18269582007471e-05,0.05584299564361572,0.045014770258040654,1.1556719517914881e-05,0.054531849920749664,0.04375550097652844,1.138710840820105e-05,0.05374212563037872,0.04288851333752511,1.1266592861166452e-05,0.053321775048971176,0.04228112142946985,1.1177027154425803e-05,0.05315003916621208,0.04185418583570965,1.1104336046210941e-05,0.053137995302677155,0.04155571238389091,1.1043833019071333e-05,0.05322376638650894,0.04134906721966607,1.0994337964221672e-05,0.05335475131869316,0.0412069314292499,1.0954292398786684e-05,0.05348963290452957,0.04110851659188195,1.0921859806385655e-05,0.053603239357471466,0.041038551619128574,1.0895478485106583e-05,0.053685568273067474,0.04098654142211354,1.08740828299666e-05,0.05373688414692879,0.040945760728347866,1.085686416006601e-05,0.05376216396689415
428,14,mix_ffn_after_gate,Horizontal,1,0.9064818800441803,0.17197132470959714,2.0309624671936035,0.26640391042308204,0.0044959828857165565,0.42009663581848145,0.13231427056921852,0.0004087670428094748,0.17616689205169678,0.08863851274289782,7.006126656759412e-05,0.1051691472530365,0.07095681757680954,2.224446648754403e-05,0.07920514047145844,0.06253494138992022,1.1931908783352607e-05,0.06931321322917938,0.05801411842306455,8.984868755306913e-06,0.06405259668827057,0.05534979919829066,7.88091298121627e-06,0.061528280377388,0.053679671552446157,7.294770785828351e-06,0.05991935729980469,0.05260685547476723,6.913143405996753e-06,0.05881845951080322,0.051904336150203435,6.647707520705818e-06,0.0580420196056366,0.05143146908708981,6.455256785848263e-06,0.05749513953924179,0.05109883720676104,6.329625905275824e-06,0.05711405724287033,0.05085526028322795,6.258058969393246e-06,0.056845542043447495,0.05067780123107017,6.222395674507363e-06,0.056654758751392365,0.05055448809076869,6.213942197244834e-06,0.05652296915650368,0.050475137988253246,6.229723898954824e-06,0.056439489126205444,0.0504303520752324,6.266667530277351e-06,0.056397244334220886,0.05041146579952467,6.320479580756132e-06,0.05638990178704262,0.05041039575423513,6.385533429669203e-06,0.056409865617752075
428,14,mix_ffn_after_gate,Gaussian,1,0.9499559970129103,0.20871821830602513,2.284717082977295,0.27512326765628087,0.0046908827127700265,0.4180203676223755,0.136410331087453,0.0004333689063630904,0.17727072536945343,0.08837805652902239,7.64193651159272e-05,0.10609778016805649,0.06714426063828999,2.157866221598071e-05,0.0769784152507782,0.056223208291663065,9.411398783801913e-06,0.06242389604449272,0.05000163224481401,5.97877294280911e-06,0.05517507344484329,0.046209386298580776,4.901420790960918e-06,0.05186246335506439,0.043795173189469745,4.628059004164084e-06,0.049699023365974426,0.04220383271338448,4.665194128867252e-06,0.04819781333208084,0.04110534713854865,4.762876914229165e-06,0.04723159596323967,0.04029318436034142,4.783968464450361e-06,0.046301040798425674,0.0396545681925047,4.716736206835075e-06,0.04572945460677147,0.03914437673631169,4.614826862261617e-06,0.04535456374287605,0.038748023055848624,4.517914901988876e-06,0.045094121247529984,0.03845296806049726,4.438892540077684e-06,0.04489342123270035,0.03824049873011453,4.377476417489716e-06,0.044732220470905304,0.038091453649694955,4.329519486903767e-06,0.044608622789382935,0.03799086093666062,4.290748368662413e-06,0.04452430456876755,0.03792746601596711,4.2567410487472915e-06,0.04447859898209572
345,12,self_attn_after_gate,Vertical,1,0.11006223883420702,0.0008252095166048968,0.24445612728595734,0.07346913248064026,5.2423128626099175e-05,0.0947020873427391,0.0636071725378907,3.919275721482807e-05,0.08204725384712219,0.05855114196264555,3.516180579662299e-05,0.07633151113986969,0.05532295168155715,3.299436662350747e-05,0.07216896861791611,0.053037184689726145,3.1696144534794055e-05,0.06907978653907776,0.051294604464182776,3.084051659381417e-05,0.06663075089454651,0.049904081733926894,3.0221569132868228e-05,0.06460316479206085,0.04875919483010731,2.9726907465720772e-05,0.06287669390439987,0.047793793418104684,2.9298257765237286e-05,0.06137917935848236,0.04696393911800687,2.8906290774155975e-05,0.06006200611591339,0.04623934756668787,2.853637295286583e-05,0.058889761567115784,0.04559852241996735,2.8181431377352936e-05,0.05783607065677643,0.04502580220264102,2.7838302531905645e-05,0.056881096214056015,0.04450949068580355,2.7505761012796286e-05,0.056188616901636124,0.04404063936736849,2.718349128706163e-05,0.05566731467843056,0.043612255581787655,2.6871557905701286e-05,0.05518820136785507,0.043218775341908135,2.6570154531907562e-05,0.05474583059549332,0.04285569264302178,2.6279468981940248e-05,0.054335735738277435,0.04251931028233634,2.599967784758934e-05,0.05395418778061867
345,12,self_attn_after_gate,Horizontal,1,0.16423860003077795,0.009253454703043822,0.7090572118759155,0.10458913693825404,2.649250178305832e-05,0.11665607988834381,0.09637874956168825,1.077014255877228e-05,0.10383260995149612,0.09202013129279726,6.437912017688988e-06,0.09682923555374146,0.08920817431949433,4.590968606890293e-06,0.09339740872383118,0.08721169829368591,3.84231215705675e-06,0.09105341881513596,0.08570905077078986,3.627370404804362e-06,0.08946732431650162,0.08451582491397858,3.640301961880184e-06,0.08823893964290619,0.08353404523361296,3.7506173488548493e-06,0.08718898892402649,0.08270672401265493,3.902143213366521e-06,0.0864010602235794,0.08199737291960489,4.071920532067728e-06,0.08586159348487854,0.08138043764564726,4.2485120587551404e-06,0.08538329601287842,0.0808371025181952,4.425549995058833e-06,0.08495140075683594,0.0803532459669643,4.599819952198239e-06,0.08455462008714676,0.07991823695954822,4.769610832271342e-06,0.08418460190296173,0.07952412596297642,4.933279371835582e-06,0.08383579552173615,0.07916496362951067,5.088847712491177e-06,0.08350519835948944,0.07883616998082116,5.234453499108857e-06,0.08319154381752014,0.07853407365462137,5.368949640189316e-06,0.0828944593667984,0.0782555988620198,5.4921480428909295e-06,0.08261381089687347
345,12,self_attn_after_gate,Gaussian,1,0.3359246023354076,0.2549490616038878,2.6343882083892822,0.08839735944592764,0.00013432528884249433,0.11968769878149033,0.07205727720071399,4.209603118842597e-05,0.08796019852161407,0.06372619189676784,2.3545597254737958e-05,0.07608544826507568,0.0584957908898119,1.611897742842258e-05,0.0686739832162857,0.054909266767993806,1.2399583556155522e-05,0.06341429054737091,0.05228630778571916,1.0320172731884737e-05,0.059617336839437485,0.050275288049190764,9.08209436924476e-06,0.056818727403879166,0.048678457145653074,8.296501671471883e-06,0.054681599140167236,0.0473764907154772,7.76325807411209e-06,0.05298400670289993,0.04629279537096856,7.380240466671351e-06,0.05159197002649307,0.04537549112287779,7.092491706269234e-06,0.05051238089799881,0.04458787528768418,6.867398622806762e-06,0.04987434297800064,0.043903194427017185,6.6847769604721135e-06,0.04929701238870621,0.04330152988670364,6.5317715301988644e-06,0.048769235610961914,0.042767847695993996,6.399822428484907e-06,0.048283010721206665,0.042290711923251074,6.283050887238576e-06,0.04783270135521889,0.04186135654648145,6.177660156929188e-06,0.04741442948579788,0.04147295653820038,6.081647516200644e-06,0.047025300562381744,0.04112008148952136,5.994342751650399e-06,0.046662963926792145
345,12,cross_attn,Vertical,1,0.222895284966817,0.025619862781334206,1.1987426280975342,0.13575260967962324,0.0002602033351207492,0.17742353677749634,0.12166329047509603,0.00012573860722517042,0.14919321238994598,0.11349627387429041,7.046586413163589e-05,0.131947860121727,0.10812574932499537,4.365397051484397e-05,0.12472660839557648,0.10428434291056224,2.8596448179709553e-05,0.11920085549354553,0.10149345428697647,2.011940446426237e-05,0.11490852385759354,0.09942282688996149,1.4682195043433111e-05,0.11117993295192719,0.09785787465553435,1.1092720769293549e-05,0.10822772979736328,0.09667010345156231,8.761055773550947e-06,0.10589562356472015,0.09568442628970222,7.029935964090087e-06,0.10408905148506165,0.0949151837636554,5.55543107578423e-06,0.10275280475616455,0.0942138031361595,4.37947228484326e-06,0.10194114595651627,0.09353511579452999,3.425086320704497e-06,0.10045547783374786,0.09300376143720415,2.940705454817404e-06,0.09914600849151611,0.09255839411228423,2.4995122955245978e-06,0.09769667685031891,0.09221261905299293,2.0605857152807886e-06,0.096834197640419,0.0919415493096624,1.7846098143136974e-06,0.09634244441986084,0.09172847464917198,1.6986375591433323e-06,0.09596440196037292,0.09148008163486208,1.586980792489937e-06,0.09560701251029968
345,12,cross_attn,Horizontal,1,0.26472731502283187,0.04298879631601199,1.492812991142273,0.15047547836152333,0.0005832817894068591,0.2349826693534851,0.132335199723168,0.00024207551153254014,0.17247286438941956,0.12119193055800029,0.00011400708457593985,0.15208467841148376,0.11368231794663838,6.267171010052464e-05,0.13861849904060364,0.10843634688191944,3.8662190211412664e-05,0.1281556487083435,0.10467797565081763,2.571859776452722e-05,0.12010768800973892,0.10192518409282442,1.7970808809080517e-05,0.11412937939167023,0.09986816476734858,1.2895291392208034e-05,0.10954200476408005,0.098263732970707,9.619942284409607e-06,0.10629038512706757,0.09701514717132326,7.373511567166697e-06,0.10437007993459702,0.09601726477581357,5.746727706037868e-06,0.10279496014118195,0.0951664172231205,4.552168683969847e-06,0.10141736268997192,0.09447075438404841,3.674316894273843e-06,0.10052040219306946,0.09389576386837732,3.0029010380546966e-06,0.09971772134304047,0.09340876411823999,2.4806158230186486e-06,0.09895872324705124,0.09298851069003816,2.0734287642681512e-06,0.09825295954942703,0.09262453859287595,1.7471521789492374e-06,0.09761384129524231,0.09231041253559173,1.4768651795124257e-06,0.0970245972275734,0.09203338741310059,1.2575586962867875e-06,0.09646061062812805
345,12,cross_attn,Gaussian,1,0.2912506472969812,0.13290415949149245,2.712641477584839,0.12111503571744948,0.00035755691144275474,0.19448523223400116,0.1052602566187344,0.0001822964459564891,0.15424516797065735,0.09551602850357692,0.00010963117083794148,0.1278599351644516,0.08888529974316793,7.178593053884848e-05,0.11790888011455536,0.08416659810713359,4.9511402436404114e-05,0.10982240736484528,0.08068914522254278,3.532226928872079e-05,0.10259546339511871,0.07806971491802306,2.5641313518536433e-05,0.09624422341585159,0.07604353673874385,1.920103688981123e-05,0.09102866798639297,0.07438000220628012,1.4912897439011574e-05,0.0869845598936081,0.07307008866752897,1.1585183841098325e-05,0.08363912254571915,0.07198956242156407,9.223482604996308e-06,0.08085047453641891,0.0710314435381738,7.552318886559694e-06,0.07849182933568954,0.07026806639300452,6.353864816150201e-06,0.07751575112342834,0.06962437750328154,5.5105359368424775e-06,0.07658451050519943,0.06905126831834278,4.84079415366617e-06,0.07558019459247589,0.06857321411371231,4.361153770931959e-06,0.07481841742992401,0.0681710998926844,3.993114388554128e-06,0.07411369681358337,0.06782551523711947,3.6722422519416383e-06,0.07325046509504318,0.0675312297211753,3.353285008944508e-06,0.07228635251522064
345,12,mix_ffn_after_gate,Vertical,1,0.6246534155474769,0.08074857035411796,1.2741806507110596,0.17817006603119864,0.0019719031839591896,0.269614577293396,0.0878671423073799,0.00017333597345784124,0.11432991921901703,0.057344490041335426,3.043658735509234e-05,0.07027608156204224,0.044141360455089144,9.767363059851808e-06,0.05169512704014778,0.037469281327156795,5.864616821937677e-06,0.04306434839963913,0.03373823306035428,5.091023983918241e-06,0.038563236594200134,0.03152571473684576,5.103017995287979e-06,0.036797914654016495,0.030166927133760756,5.3379565531730605e-06,0.03624548763036728,0.029300286271978938,5.6024024873572795e-06,0.036057934165000916,0.028715332970023155,5.812584591194337e-06,0.03591075539588928,0.0282925795763731,5.942982287944179e-06,0.03567831218242645,0.027969451739437996,6.0023556817755645e-06,0.03536176681518555,0.027712925647695858,6.00972787310179e-06,0.03499532863497734,0.027503440452236978,5.982565704380243e-06,0.0346071794629097,0.027328423653093594,5.934669639007285e-06,0.03421594947576523,0.027179780105749767,5.876706927773602e-06,0.03383461758494377,0.027052507691440127,5.816762376191349e-06,0.033472977578639984,0.026943689182637228,5.760696982968244e-06,0.033138737082481384,0.026851660379814724,5.712418007246249e-06,0.03283773362636566
345,12,mix_ffn_after_gate,Horizontal,1,1.101724350263202,0.2999860327161312,3.244182586669922,0.39802540389318314,0.006705752380511999,0.563072919845581,0.21208838456206852,0.001022707059752979,0.2773769497871399,0.13305124403938415,0.00023015309192355764,0.1619010865688324,0.09364571221291072,6.822141305080528e-05,0.10963629186153412,0.07182708991661904,2.585011692794992e-05,0.08156588673591614,0.05874665743774838,1.2393632347392329e-05,0.06638339161872864,0.05039635637686366,7.3659598632385084e-06,0.057048581540584564,0.04479408205028564,5.215870293428016e-06,0.0508057102560997,0.040887384069344355,4.196846720825089e-06,0.04644990712404251,0.03807907853098143,3.675858736443165e-06,0.043318960815668106,0.036009740912252,3.3905900412060666e-06,0.041019707918167114,0.0344526135613994,3.217510561460183e-06,0.0393039807677269,0.03326019538300378,3.095912159408407e-06,0.038005530834198,0.03233470188246833,3.0019270837838126e-06,0.03700651228427887,0.03160899129533579,2.9282387152293318e-06,0.036219995468854904,0.031035147104707974,2.8692558848548047e-06,0.03558577597141266,0.030578450521542913,2.820259510189558e-06,0.035068631172180176,0.03021328780977499,2.778697066602476e-06,0.03464818745851517,0.029920270577782675,2.743205564779798e-06,0.034309327602386475
345,12,mix_ffn_after_gate,Gaussian,1,0.6902856878818028,0.09551501474463343,1.3963220119476318,0.2075868397951126,0.0025582908912443448,0.3092964291572571,0.10381458652397943,0.0002449508686215311,0.13303931057453156,0.06766522705318435,4.334835691070564e-05,0.08057650923728943,0.051768231782175246,1.2738590766012934e-05,0.05818924680352211,0.043646417735587986,6.276526043560697e-06,0.04800429940223694,0.03900534440837209,4.495987772745133e-06,0.04371573030948639,0.03613706941287669,3.838013714082354e-06,0.040909700095653534,0.034284711120620606,3.491837291602045e-06,0.03894868865609169,0.033053896493381925,3.2746363579667175e-06,0.037576302886009216,0.03221478744868248,3.1389869940152394e-06,0.03661419078707695,0.03162621751072861,3.070438598379664e-06,0.035941414535045624,0.0311999883620985,3.055160347759272e-06,0.03548291698098183,0.03088366456093296,3.073251543989957e-06,0.035186558961868286,0.030647654382009355,3.1057730118728395e-06,0.03500710427761078,0.030473914411332872,3.139920775086073e-06,0.03490445017814636,0.03034906597837569,3.168973536115874e-06,0.03484780341386795,0.030261870473623276,3.1901517834953013e-06,0.034816592931747437,0.030202615887872757,3.20289260606961e-06,0.03479834645986557,0.030163093100464534,3.207903203621422e-06,0.034786101430654526
345,13,self_attn_after_gate,Vertical,1,0.40172312420512,0.32046621145556775,2.8507614135742188,0.10665342424597059,8.791934154291446e-05,0.12850871682167053,0.08887100219726562,5.23740061752055e-05,0.10568348318338394,0.07943889782542274,4.555912576478042e-05,0.09573666751384735,0.07322213166053333,4.2310900208901515e-05,0.08925683796405792,0.06872561745463855,4.084359075082589e-05,0.08435056358575821,0.06527022863664324,4.021463035605869e-05,0.08050348609685898,0.06250557942049843,4.0024470494282235e-05,0.07740418612957001,0.06023235926552424,4.002732602755773e-05,0.07486175745725632,0.058326649169127144,4.0060013232423145e-05,0.07274455577135086,0.05670696219045018,4.004714681552296e-05,0.0709681361913681,0.05531693823517315,3.998598653504393e-05,0.06947995722293854,0.05411454095017342,3.989745342425305e-05,0.06823909282684326,0.05306632491567778,3.978967027589403e-05,0.06720747798681259,0.05214501544833183,3.965512655640424e-05,0.06635232269763947,0.05132798767752118,3.94780169474976e-05,0.06564690917730331,0.050596108098351765,3.9239896994293724e-05,0.06506726145744324,0.049933182814764596,3.892636873112614e-05,0.06458789110183716,0.049326035948026745,3.853430164414868e-05,0.0641796812415123,0.04876475201712714,3.807487457782887e-05,0.06381168961524963
345,13,self_attn_after_gate,Horizontal,1,0.8443150785234239,1.8350464004956515,5.9235310554504395,0.13576495540993555,0.00017619076693060982,0.187713161110878,0.11892874645335334,4.8830026716253e-05,0.13709035515785217,0.10943316975756297,2.3930839640203332e-05,0.12086217105388641,0.10312111770349836,1.4883296078253538e-05,0.11179503798484802,0.09856336954094115,1.0463326872714944e-05,0.10475946217775345,0.09509044045966769,8.135133347622997e-06,0.10094332695007324,0.09233807535871627,6.9255654432384384e-06,0.09799385815858841,0.09009564502371682,6.363948231577346e-06,0.09593880921602249,0.08823132479474657,6.193531531171701e-06,0.09425182640552521,0.08665568334242654,6.264170530645909e-06,0.09283891320228577,0.08530489769246843,6.483640381742642e-06,0.09163380414247513,0.08413204858227381,6.79237704932119e-06,0.09059081971645355,0.08310180843349486,7.150057905218929e-06,0.08967838436365128,0.08218711922093043,7.5284965071901285e-06,0.08887404203414917,0.08136700708714742,7.908140014468377e-06,0.0881614089012146,0.08062514071426695,8.276369110315968e-06,0.08752743154764175,0.07994880290731551,8.626433861429835e-06,0.08696036785840988,0.0793280778896241,8.955969496654876e-06,0.08644892275333405,0.07875512835998384,9.265220265184393e-06,0.08598242700099945
345,13,self_attn_after_gate,Gaussian,1,0.09158238248219566,0.0009113268879307818,0.2667897939682007,0.05994348535462031,2.269359209623384e-05,0.07339682430028915,0.0526373955820288,1.1610445786149008e-05,0.06219882518053055,0.04870294064046845,8.105442603437151e-06,0.0562606081366539,0.046322293106525664,6.975667668144869e-06,0.0524396151304245,0.04468415695286933,6.40076710084059e-06,0.05087834224104881,0.043476237191094294,6.063558856819785e-06,0.049633074551820755,0.04254067387609255,5.848489826669118e-06,0.04858889430761337,0.041788461544210946,5.698915724847642e-06,0.04771493002772331,0.04116733389950934,5.585176207139649e-06,0.04698169231414795,0.04064355997575654,5.49302753763052e-06,0.04635774716734886,0.040194195236951585,5.416293934210673e-06,0.045815952122211456,0.0398030366807703,5.351171944297262e-06,0.04533690959215164,0.03945832427531954,5.294721781862808e-06,0.04490771144628525,0.039151392936233494,5.244793399881213e-06,0.04451974481344223,0.03887574853641646,5.199960113212051e-06,0.044166963547468185,0.03862643360145508,5.15933129189128e-06,0.04384487122297287,0.03839957755472925,5.122383684478239e-06,0.04354989528656006,0.03819209804374074,5.08879775455738e-06,0.043279100209474564,0.038001495930883616,5.0583517982312734e-06,0.043029993772506714
345,13,cross_attn,Vertical,1,0.2945671568787287,0.02100572522076059,0.7345833778381348,0.1596114377653788,0.0008452621921608855,0.23400020599365234,0.13184235386905216,0.00025619081978705996,0.1815328299999237,0.11887329603944506,0.00012860171435518844,0.14843246340751648,0.11121898747625805,6.931675860959026e-05,0.1304672658443451,0.10628092218013037,4.5667784711910145e-05,0.12381375581026077,0.1028208602515478,3.0697908486370016e-05,0.11825283616781235,0.10035926860476298,2.1393983572697762e-05,0.11400416493415833,0.09863001190953785,1.5700228584343333e-05,0.11104703694581985,0.09733388501973379,1.1898101191868799e-05,0.10785268247127533,0.09624787833955553,9.107157757758226e-06,0.10479991883039474,0.09518294272914765,7.4077216340016455e-06,0.10316282510757446,0.0943801977804729,6.271558259601051e-06,0.1017669215798378,0.0936868628339162,5.246249285708661e-06,0.10005698353052139,0.09304299442067979,4.37818950936357e-06,0.09901492297649384,0.0925720768078925,4.053216830206752e-06,0.09880203753709793,0.09219308031929864,4.003404600634423e-06,0.09853661805391312,0.09194328706888925,3.5404402089616613e-06,0.09799282252788544,0.09168873668190032,3.4166656850450102e-06,0.09693256765604019,0.09201967657085448,5.049620342177105e-06,0.10360869765281677
345,13,cross_attn,Horizontal,1,0.27027112363822875,0.018095927524664795,0.6889829635620117,0.1627257311391452,0.0015946340438073594,0.3648955523967743,0.13432855241828495,0.000544797436469159,0.257040798664093,0.12099504281604101,0.00022828809635039036,0.1951112002134323,0.11277169332144753,0.00010933023594054993,0.15922611951828003,0.10774111901483839,5.989823848270303e-05,0.1384623646736145,0.10413139218848849,3.423859438739064e-05,0.12432697415351868,0.1013363121993958,2.0194248956812027e-05,0.11559794843196869,0.09934636536571714,1.3188686664442683e-05,0.1098516583442688,0.09787521333921523,9.135228015727996e-06,0.10554587095975876,0.09674044745782065,6.876664545697363e-06,0.10283078998327255,0.0958757558985362,5.515536860795692e-06,0.10103674232959747,0.09529339356554879,4.720161847656376e-06,0.1000259667634964,0.09486240917255008,4.117822415817179e-06,0.09904502332210541,0.09434673781432802,3.5563046597631032e-06,0.09841854870319366,0.0937394688999842,3.1016501786161684e-06,0.0975794643163681,0.09328945300408772,2.806103586395389e-06,0.09737661480903625,0.09292867957126527,2.547002923063414e-06,0.0972406417131424,0.09257602336860839,2.3035559890197996e-06,0.0972825288772583,0.09236710542251193,2.0694789056721637e-06,0.09667851030826569
345,13,cross_attn,Gaussian,1,0.8325822587524142,2.091725127876191,9.585472106933594,0.19476655634149673,0.011791716260214573,0.7951014041900635,0.1540062382580742,0.0032258234785232627,0.4184717535972595,0.12930190645986134,0.0010686391321505693,0.2719079852104187,0.11451049917747104,0.0005693530917671855,0.23595008254051208,0.10488803436358769,0.0003713978142460735,0.20524325966835022,0.09810533942211241,0.00025741617469051786,0.18113787472248077,0.09294301389701783,0.00018603275926261877,0.16242441534996033,0.08862559249003728,0.0001338759745519077,0.1459924280643463,0.08496530909859945,9.313173369299194e-05,0.13158711791038513,0.08206773797671,6.653790682993532e-05,0.12067069113254547,0.07977671034279324,4.913800930267273e-05,0.11235913634300232,0.07789547008181376,3.699813077692427e-05,0.10566647350788116,0.07631633040450868,2.815988615145734e-05,0.09996198117733002,0.07499486539098951,2.1646418793484896e-05,0.09499499946832657,0.07388910237285826,1.681979660934813e-05,0.0906449556350708,0.07294570997593895,1.3181055607155815e-05,0.08680316805839539,0.07211658003784362,1.0440623979190385e-05,0.08355160057544708,0.0713673336874871,8.486730716126599e-06,0.0810038149356842,0.07070051713122262,7.14701318614972e-06,0.07903093844652176
345,13,mix_ffn_after_gate,Vertical,1,0.9903320305877261,0.18613634337643484,2.088625431060791,0.3124402773285669,0.005802818654861907,0.4633815884590149,0.15524867425362268,0.0005764920484557594,0.20328065752983093,0.0991400024957127,0.00010235336665021338,0.11799419671297073,0.07417200972873067,3.268266752639959e-05,0.0836862102150917,0.06130820406334741,1.778717642908552e-05,0.06973109394311905,0.05395667183966864,1.3404447219860656e-05,0.061934083700180054,0.04943719813748011,1.1647493319044132e-05,0.057210735976696014,0.0464989146188138,1.071159424598637e-05,0.054150234907865524,0.04450037093862655,1.0118155794716204e-05,0.05206722021102905,0.043090281032380606,9.718348494776833e-06,0.05058426409959793,0.042066874839956796,9.440881526984986e-06,0.04948859661817551,0.041309274614803375,9.23972005632491e-06,0.048663437366485596,0.04074248837100135,9.088490137845246e-06,0.04804141819477081,0.04031743257055207,8.969926794480228e-06,0.047574881464242935,0.039998959040357954,8.869861973722469e-06,0.04722485691308975,0.03976122437724992,8.779458104118131e-06,0.046964652836322784,0.03958508987275381,8.693744056544938e-06,0.04677494615316391,0.039455749922328524,8.61060078371062e-06,0.04663689434528351,0.039361048785467,8.5301347257135e-06,0.04652983695268631
345,13,mix_ffn_after_gate,Horizontal,1,0.8880966807168628,0.17901504440400862,1.9816899299621582,0.2534133032673881,0.004038166442357517,0.3958769142627716,0.12976000931054826,0.0003528479612232101,0.16858235001564026,0.08789535931178502,6.419807388659947e-05,0.10616672039031982,0.06926481378456903,1.9534706868255125e-05,0.08086546510457993,0.059625290393356296,8.8490830354737e-06,0.06821223348379135,0.0541712406963583,5.607080807594206e-06,0.060932960361242294,0.05087900067132617,4.436992430168091e-06,0.05643470957875252,0.0487771410908964,3.978089647693798e-06,0.05350170284509659,0.04737346784936057,3.8123600666499833e-06,0.05157376825809479,0.04640984694872584,3.7412223017925956e-06,0.050739556550979614,0.045740357526238,3.69283504967018e-06,0.050152696669101715,0.04527522990154841,3.6560817667778996e-06,0.04973363131284714,0.04495659056637022,3.6312513920584255e-06,0.049434926360845566,0.04474415878454844,3.616915829947089e-06,0.04922249913215637,0.044606764224313554,3.6047155599688212e-06,0.04906731843948364,0.04452038721905814,3.5837325586293042e-06,0.04894708842039108,0.044467235959711526,3.550137678332325e-06,0.04884878545999527,0.04443400784853905,3.509791305145262e-06,0.04876721277832985,0.04441128062113883,3.4728431338269516e-06,0.048701390624046326
345,13,mix_ffn_after_gate,Gaussian,1,0.8941127601123992,0.18940597098938464,2.2545323371887207,0.2564481132560306,0.004213338934248271,0.3901987075805664,0.12551182070894848,0.0003936098146360337,0.16349563002586365,0.0801167002036458,6.302069914514723e-05,0.0961686223745346,0.0602071156932248,1.566294875640938e-05,0.06914296746253967,0.050165123646221464,6.619974199332002e-06,0.05637529864907265,0.04467441596918636,4.51321818614315e-06,0.05092264711856842,0.041419539364084365,3.924162859212778e-06,0.047683000564575195,0.03932352919900228,3.6934104129248687e-06,0.045042484998703,0.03789458524376627,3.5949519490946606e-06,0.04295436292886734,0.0369074870314863,3.5546449602893383e-06,0.0416824109852314,0.03622049252901759,3.520073539270028e-06,0.04105830192565918,0.035731990008600174,3.4764851325461668e-06,0.040576934814453125,0.03538036127648656,3.427375234795746e-06,0.04022199660539627,0.03512595221400261,3.377507021660281e-06,0.03996467590332031,0.034940552646442066,3.3303447164719122e-06,0.039778366684913635,0.03480373290441339,3.2894805140125825e-06,0.03964288532733917,0.034700951051144374,3.2578914196921145e-06,0.03954411298036575,0.03462207565704981,3.236262618250274e-06,0.03947172686457634,0.034560067608715994,3.2224315224216115e-06,0.03941670432686806
345,14,self_attn_after_gate,Vertical,1,0.5994390897334568,0.09787299601898032,1.7375777959823608,0.22170901511396682,0.001863329986795568,0.33025455474853516,0.1451705794722315,0.0004407610815562218,0.19835154712200165,0.1138953703736502,0.0002037515346819321,0.14888857305049896,0.09615554341248103,0.00012328753943192738,0.12212291359901428,0.08480935934044066,8.836885594943282e-05,0.10690807551145554,0.07711044231814052,7.1587368329496e-05,0.09777501970529556,0.07153261571176468,6.238289000326957e-05,0.09152988344430923,0.06725996519838061,5.663662919906058e-05,0.0867660865187645,0.06384621968581564,5.2531645326575396e-05,0.08284831047058105,0.06104422484834989,4.9294139106398356e-05,0.07953470200300217,0.05870575410506082,4.662106073454218e-05,0.07671932876110077,0.05673151806233421,4.437934021137291e-05,0.0743187889456749,0.05504929061446871,4.249153353374471e-05,0.07237786054611206,0.05360356310293788,4.089948774511919e-05,0.07067912817001343,0.05235065714943977,3.955382703971215e-05,0.0690823644399643,0.05125620204304892,3.841144232891212e-05,0.06757152080535889,0.05029309251242214,3.743435983446378e-05,0.06623746454715729,0.04943946086698108,3.658803772659507e-05,0.06508970260620117,0.04867711349848717,3.584039193695647e-05,0.06403733789920807
345,14,self_attn_after_gate,Horizontal,1,0.8737497996716272,0.24328249232526486,3.5824761390686035,0.3365898404329542,0.005268508028794804,0.5212677121162415,0.22366260914575486,0.0011073017975819486,0.306507408618927,0.17890179180909718,0.0004046951658299907,0.23776501417160034,0.15421642954387363,0.0001857155190401585,0.19678276777267456,0.13860796947800924,0.00010171239098953242,0.17061258852481842,0.12790759652853012,6.360200641733703e-05,0.1525452435016632,0.12006740910666329,4.320990129019474e-05,0.13938379287719727,0.11400613153264635,3.1053888947907685e-05,0.12940749526023865,0.10914213056602175,2.342246526182892e-05,0.12157770991325378,0.1051592401095799,1.8476948338989298e-05,0.11528688669204712,0.10186527503861321,1.5130888247175773e-05,0.1103471964597702,0.09911961546019903,1.2756997507062208e-05,0.1067664623260498,0.0968116418946357,1.1015246573721214e-05,0.10426155477762222,0.09485441635525416,9.716803724203539e-06,0.10228241980075836,0.09318002289722836,8.744997494311645e-06,0.10050098598003387,0.0917354320722913,8.019232177902691e-06,0.09890525788068771,0.09047902777554497,7.480167458031005e-06,0.09747876226902008,0.08937787300064451,7.0829768853215935e-06,0.09620092809200287,0.08840567843308525,6.7934356889451235e-06,0.09504896402359009
345,14,self_attn_after_gate,Gaussian,1,1.0526186133187914,0.767727974382433,4.949792861938477,0.30022184763635906,0.004983447595554275,0.47364455461502075,0.18724687054516778,0.0011208758187811207,0.2713431119918823,0.13734203068509934,0.0004356574239360679,0.18662278354167938,0.11005075287724299,0.00021591315472219505,0.13819986581802368,0.09317651059892443,0.00012384305154621313,0.11464106291532516,0.08210211625647923,8.106619068959882e-05,0.09993549436330795,0.07434279991993828,5.881511066902795e-05,0.09011185169219971,0.06858126210078361,4.5939279841764665e-05,0.08278745412826538,0.06407959504969536,3.7708928302369265e-05,0.07722286880016327,0.060421562797966455,3.195111287621891e-05,0.0728399008512497,0.05737818641558526,2.7657047409199426e-05,0.06928353011608124,0.054810576140880585,2.4343901483818672e-05,0.06634166091680527,0.05262122788126507,2.1740682344534582e-05,0.06386131048202515,0.05073644469181696,1.9666144680024767e-05,0.06172186881303787,0.04909908203851609,1.7988254487482263e-05,0.05982901155948639,0.04766467840425552,1.6608880294730736e-05,0.05811250954866409,0.04639870360020607,1.5456186433410362e-05,0.056524645537137985,0.04527426564267704,1.4479418198269383e-05,0.05503698065876961,0.04427023947475448,1.3644098528883203e-05,0.05363503098487854
345,14,cross_attn,Vertical,1,0.3183400666429883,0.029529267781087654,1.0544085502624512,0.1634490348043896,0.0017643788138284695,0.3807666301727295,0.13333922045098412,0.00036041382961556783,0.21478953957557678,0.1219609302897302,0.00017531030819170572,0.16176262497901917,0.11470680139840596,0.00012004596579360754,0.1568123698234558,0.1095672482772479,8.262553811801418e-05,0.14854280650615692,0.10531351372363075,5.2152950833336116e-05,0.13539648056030273,0.10200339366519262,3.3582135826725726e-05,0.12333809584379196,0.09968490851303888,2.343680062336117e-05,0.11509686708450317,0.09803882028375353,1.7534554099971952e-05,0.10937462747097015,0.09690774173017531,1.4547254084089072e-05,0.10612925887107849,0.09610953572250548,1.2507644868946576e-05,0.10497352480888367,0.0955131487950446,1.0737980177600174e-05,0.10382366925477982,0.09496073235595037,9.24475448882582e-06,0.10234279930591583,0.09435675009375527,8.03136420037261e-06,0.10088196396827698,0.09371696152384319,7.081815863594386e-06,0.10070706903934479,0.09310333915646114,6.301384248545522e-06,0.10034430027008057,0.09259376734022111,5.8198072361263e-06,0.10004934668540955,0.09221923552335255,5.678288338929078e-06,0.09986646473407745,0.0919796870577903,6.249392160295792e-06,0.1001184731721878
345,14,cross_attn,Horizontal,1,0.5357621283758254,0.3422705443043304,4.09174919128418,0.20077129689947007,0.004417876174444189,0.4171298146247864,0.15524081826683075,0.0012836375262306244,0.2707316279411316,0.13488459480660303,0.0005312453225783563,0.20093229413032532,0.1243582773539755,0.000276862229805114,0.17383131384849548,0.11721330337108128,0.00016041902709776072,0.15087789297103882,0.11194427748994222,0.0001055627744167241,0.1451457440853119,0.10829005177531924,7.616903506707858e-05,0.13986343145370483,0.10552667187792915,5.7631117508750944e-05,0.13477195799350739,0.10336249759272924,4.503393470695965e-05,0.1302269697189331,0.10166815833912955,3.606985840292285e-05,0.12644898891448975,0.10031724129877394,2.955821713692784e-05,0.12330853939056396,0.09920603923854374,2.468877293450826e-05,0.12065933644771576,0.09827676782059291,2.0930000146249764e-05,0.11834034323692322,0.09749720032726016,1.792929654662782e-05,0.11626832187175751,0.09682808189638077,1.548442007842426e-05,0.11442960798740387,0.09622467912378765,1.3487466345467136e-05,0.11281749606132507,0.09567961380595252,1.1848129140692208e-05,0.11135970801115036,0.09521417603606269,1.048760243118588e-05,0.11000688374042511,0.09482399918257244,9.331281394662335e-06,0.10874854028224945
345,14,cross_attn,Gaussian,1,0.40699342200680383,0.10519829103454753,2.0054121017456055,0.16545106565195417,0.003790062527838811,0.37772148847579956,0.12194656486076022,0.0009788787654788026,0.22328492999076843,0.10458212062006905,0.0004284369058296496,0.18782544136047363,0.09547478705644608,0.00024868413444589256,0.1643286943435669,0.08908885374428734,0.00016166454210039393,0.1453579068183899,0.08437955982628323,0.00010568061435227822,0.12954756617546082,0.08107703711305346,7.125620440565025e-05,0.11718873679637909,0.07863762619949523,4.974999109651519e-05,0.10756737738847733,0.07675879779789183,3.5785613763022194e-05,0.10002659261226654,0.07527145317622594,2.644935280320836e-05,0.09406228363513947,0.0740846386031499,2.009632101651878e-05,0.0892663523554802,0.07314977404617128,1.573237746215851e-05,0.08540339767932892,0.072402861264963,1.2543074211383426e-05,0.08300098776817322,0.07176343103249867,1.0027420918943193e-05,0.08219358325004578,0.07120887734114177,8.142302705299684e-06,0.08152134716510773,0.07077465230037296,6.93436663704595e-06,0.08102112263441086,0.07044618600417697,6.3222364981670775e-06,0.08073680847883224,0.07017209641044102,6.103790985104663e-06,0.08047125488519669,0.06993622498379813,6.151917982251058e-06,0.08001794666051865
345,14,mix_ffn_after_gate,Vertical,1,0.8130628225349245,0.16325908230801747,1.821927547454834,0.21938807647379618,0.003146149754870782,0.3454669117927551,0.10973345795794139,0.0002350436869064949,0.14393149316310883,0.07477478913608052,4.319997705371056e-05,0.08946261554956436,0.06007767545561942,1.884437415598735e-05,0.0704134851694107,0.05285074626879087,1.4284832174306543e-05,0.06215278059244156,0.04890378877993614,1.3052809438956598e-05,0.059051282703876495,0.04659187515813207,1.253208169126337e-05,0.05748903006315231,0.045177307807736926,1.2202765466219665e-05,0.05665798485279083,0.04428298038149637,1.1953603299226434e-05,0.056212857365608215,0.0437001371904025,1.1754780887273326e-05,0.05595049262046814,0.04330738976834312,1.1595813460675542e-05,0.05576232075691223,0.04303211582795022,1.1471005700932918e-05,0.05560028553009033,0.04283070901320094,1.137528855563911e-05,0.05544813349843025,0.0426770979095073,1.130352449445963e-05,0.055302560329437256,0.042555543756674204,1.1250858479517831e-05,0.05516394227743149,0.04245628505235627,1.1213228143739441e-05,0.0550331249833107,0.04237306384103639,1.1187395657862728e-05,0.054910607635974884,0.04230175344716935,1.1170902002288877e-05,0.05479653924703598,0.04223957521811364,1.116188916554671e-05,0.054690804332494736
345,14,mix_ffn_after_gate,Horizontal,1,1.2095283629402283,0.31370192641890166,3.2943108081817627,0.4206660432474954,0.009359315979094293,0.6197259426116943,0.22210445456088534,0.0012117416047224482,0.2940738797187805,0.14552852168442712,0.0002613005928423204,0.17784637212753296,0.10909658753209645,8.074438564700337e-05,0.1255720853805542,0.08933815513811415,3.3221427548795093e-05,0.10117854177951813,0.07767371821498113,1.7781097592480604e-05,0.08704892545938492,0.07033456938843878,1.191159111398216e-05,0.07815034687519073,0.0654640674945854,9.333982135620817e-06,0.07226358354091644,0.06208372370354713,8.061301170040893e-06,0.0685274600982666,0.059652007051876614,7.3762281061455676e-06,0.06612095236778259,0.05785167039859863,6.975506793050919e-06,0.06433354318141937,0.05649104004814511,6.715249620100649e-06,0.06295696645975113,0.05545028671622276,6.5343480319329175e-06,0.06186271086335182,0.054647575827345016,6.409069955018343e-06,0.060991086065769196,0.054022902356726785,6.32364741301933e-06,0.060302309691905975,0.05353247687693626,6.265633391971684e-06,0.059757936745882034,0.05314485923874946,6.226435462169175e-06,0.05932574346661568,0.052837194845316904,6.199476145576556e-06,0.05897962301969528,0.05259238757074825,6.178451257206112e-06,0.05869753658771515
345,14,mix_ffn_after_gate,Gaussian,1,0.8671133201273661,0.184237616353724,2.3216700553894043,0.25186228799441507,0.003977760904726158,0.3870658278465271,0.12522134681542715,0.0003756311263011483,0.16322478652000427,0.0814350935674849,6.001458131262252e-05,0.0977618396282196,0.06263363716148194,1.6089676620968873e-05,0.07147787511348724,0.05320963009245812,7.6054048976105485e-06,0.05882794409990311,0.04798883773268215,5.536905105282081e-06,0.05376897752285004,0.044923324492715654,5.067609415026828e-06,0.05116279423236847,0.0430436289854466,5.078570445564549e-06,0.05000735819339752,0.041824062014856035,5.160483662493829e-06,0.04904762655496597,0.04096610329690434,5.1557027171439965e-06,0.04791180416941643,0.04031498795227399,5.066408259178244e-06,0.04659781605005264,0.03980566377914141,4.948917697793131e-06,0.04604632407426834,0.03941389717279919,4.8349081492319616e-06,0.045565277338027954,0.03912466989150123,4.734932247381446e-06,0.045270100235939026,0.03891992155048582,4.656680086007548e-06,0.045127175748348236,0.03878010720724151,4.601246964919749e-06,0.045037150382995605,0.03868914117652272,4.563546645273322e-06,0.0449991375207901,0.03863485074705548,4.535890075928456e-06,0.04500792920589447,0.038607085330618754,4.510214914237e-06,0.04505378007888794
249,12,self_attn_after_gate,Vertical,1,1.3130669125488825,4.063830804748483,8.106636047363281,0.14067369214599096,0.0002874219971251247,0.18837717175483704,0.11353497207164764,0.00011334437914312982,0.14388608932495117,0.09826009235684834,6.67992663247228e-05,0.12157084047794342,0.08856853003066684,4.9007313132114077e-05,0.10827776044607162,0.08178509618081743,4.056587503018297e-05,0.09984207153320312,0.07672882683220364,3.63018492202684e-05,0.09430617839097977,0.07280036156612729,3.4164030297158615e-05,0.09047075361013412,0.06964860655485637,3.312110223307173e-05,0.08759728074073792,0.06705164595965356,3.2620538109489106e-05,0.08526279032230377,0.06486466586116761,3.236971952892983e-05,0.08324258029460907,0.06299083141816987,3.221873912928114e-05,0.08142422139644623,0.06136332014723429,3.2095065335838895e-05,0.07975363731384277,0.05993422682559679,3.196754558055866e-05,0.07820501923561096,0.058667847029273475,3.182636601484353e-05,0.07676519453525543,0.057536617157951234,3.1671295408360726e-05,0.07542609423398972,0.05651861967311965,3.150548355173869e-05,0.07418139278888702,0.055596019895303814,3.133238367469525e-05,0.0730254054069519,0.05475408761274247,3.115473984920582e-05,0.07195256650447845,0.05398063048247307,3.097463805265421e-05,0.07095713913440704
249,12,self_attn_after_gate,Horizontal,1,0.381634140889796,0.2553392247963013,2.577329158782959,0.11636458834012349,4.6354035534990075e-05,0.13316339254379272,0.10597058373784261,1.5837609804149865e-05,0.11436502635478973,0.10016564007789369,8.792506342800643e-06,0.10573910176753998,0.0962473592824406,5.646781059416878e-06,0.1003103032708168,0.09343980347353315,4.078276607467028e-06,0.09654649347066879,0.09133783467705288,3.2716001336216664e-06,0.09451144933700562,0.08970426827196092,2.8745255880059007e-06,0.09308326989412308,0.08839122631720134,2.706690530505755e-06,0.09192072600126266,0.08730512242468577,2.671776939513623e-06,0.09093169122934341,0.08638553084835174,2.715809752758061e-06,0.0900595635175705,0.08559204484262163,2.8070202066661586e-06,0.08927266299724579,0.08489665471845204,2.9261803585916704e-06,0.08855360746383667,0.08427933473435659,3.0614754598241087e-06,0.08789122104644775,0.08372529430521859,3.2052609174664984e-06,0.08749470859766006,0.08322326756185955,3.3521639880981056e-06,0.08714982867240906,0.08276448162302139,3.4980256981376814e-06,0.08683811128139496,0.0823420626776559,3.6398101393763227e-06,0.08654851466417313,0.08195066854121193,3.775965534879649e-06,0.08627398312091827,0.08158616567887957,3.906439985957728e-06,0.08601170033216476
249,12,self_attn_after_gate,Gaussian,1,0.585485696437813,0.8477634276718264,4.222775936126709,0.09768837737658667,9.489251657977066e-05,0.11934839934110641,0.08085794888791584,4.406403441810102e-05,0.09588984400033951,0.07144569374975704,2.8974435591638738e-05,0.08196170628070831,0.06536282841411847,2.0983693128446676e-05,0.0745362937450409,0.06112701516775858,1.617765567746634e-05,0.06947256624698639,0.058034554005615295,1.3166962579240368e-05,0.06567069888114929,0.05568809210071488,1.1194828729110348e-05,0.06267444789409637,0.053843264719323505,9.851213708914558e-06,0.06024022772908211,0.052347410351984085,8.910604046923999e-06,0.05881619453430176,0.05110233265256125,8.237328727824935e-06,0.05758920684456825,0.050042337191010276,7.743761831965124e-06,0.05647930130362511,0.049122074707632975,7.370941078383958e-06,0.05546385049819946,0.04830963010825808,7.078991428502053e-06,0.05452645570039749,0.04758239992790752,6.841896305869161e-06,0.05365273728966713,0.04692438386735462,6.643754040099248e-06,0.05283143371343613,0.04632417177633634,6.475134711147732e-06,0.05205550789833069,0.045773378499443566,6.330022070603531e-06,0.05132132023572922,0.04526554864077341,6.204068924551142e-06,0.050626955926418304,0.04479551303481299,6.093996570133064e-06,0.049971166998147964
249,12,cross_attn,Vertical,1,0.3977071562456706,0.3662717750127006,4.4268903732299805,0.14652287546131346,0.00037917872571268654,0.19518525898456573,0.13305362254854233,0.00020341439521615894,0.17245204746723175,0.12398886089287108,0.00012287345131327493,0.15499460697174072,0.11746932991913386,7.960159434831577e-05,0.14135557413101196,0.1126186361625081,5.411666363973286e-05,0.13106811046600342,0.10889496382266756,3.820214531843194e-05,0.12331289798021317,0.10596615229807203,2.7862096371395468e-05,0.11749756336212158,0.10362450021599966,2.090282589312978e-05,0.1139969751238823,0.10170822886247484,1.612629171209449e-05,0.11117535829544067,0.10012482295906733,1.2753366574606859e-05,0.10886044800281525,0.098811051320462,1.027463449907884e-05,0.10697862505912781,0.09770458510943822,8.411027876290775e-06,0.10541518032550812,0.09676772864565017,6.997045402095124e-06,0.10405094921588898,0.09597563223233299,5.907520788798448e-06,0.10286666452884674,0.09529980863370592,5.063571959942687e-06,0.10184536874294281,0.09472227924399906,4.421327430236161e-06,0.10099651664495468,0.09423211276058167,3.908307984082769e-06,0.10027563571929932,0.09380268778592821,3.4478808746633224e-06,0.09959492087364197,0.0934011729227172,3.0104080431053185e-06,0.0989081859588623
249,12,cross_attn,Horizontal,1,0.18305312794825387,0.006352076510729941,0.5663894414901733,0.13104917984160167,0.00027122875156816305,0.2044122815132141,0.1176249473577454,0.00013264596426439742,0.16836416721343994,0.10926246359234765,6.740324203475745e-05,0.144847571849823,0.10407373474703895,3.682346431239067e-05,0.1297127902507782,0.1006452324134963,2.172056760449133e-05,0.11973831057548523,0.09830644360137364,1.3551268494102043e-05,0.11283709108829498,0.09665819671418932,8.894679553584118e-06,0.10791638493537903,0.09546067837684874,6.117502816875457e-06,0.10424654185771942,0.09452212944863335,4.368843535604999e-06,0.10145801305770874,0.09377544113094845,3.2043517105833738e-06,0.09931379556655884,0.09316895535540959,2.436127605399408e-06,0.09787076711654663,0.0927148564230828,1.8810124947281035e-06,0.09665989875793457,0.09234731088555048,1.5590612006619494e-06,0.09570980817079544,0.09194898416125585,1.2627005887907387e-06,0.09501353651285172,0.09163227109681993,1.0241930145212327e-06,0.09416855126619339,0.09135327440878702,8.542493860960741e-07,0.09370633959770203,0.0912274584647209,8.403412530245427e-07,0.09338895976543427,0.09112309747272068,9.167478711609753e-07,0.09430783987045288,0.09104099053712118,9.269481174498666e-07,0.09441743791103363
249,12,cross_attn,Gaussian,1,0.21287400784000518,0.03461252917853392,1.3029121160507202,0.11160079366157925,0.00046449827022421864,0.19500881433486938,0.09783405254757593,0.00022578043519255297,0.15352442860603333,0.08962463835875194,0.00012329768243523988,0.1248038187623024,0.08415221742221288,7.061412402753434e-05,0.1096256673336029,0.08036820401274969,4.277416155784228e-05,0.10176460444927216,0.07764575819647501,2.705280222180223e-05,0.09549477696418762,0.07554929691647726,1.787562773363631e-05,0.09058308601379395,0.07397986108821536,1.2876551740760056e-05,0.08657019585371017,0.07267296373371095,9.835735197161545e-06,0.08354458957910538,0.07161460320154826,7.602007516844142e-06,0.08121977746486664,0.07070359327490368,5.978449269413794e-06,0.07944884151220322,0.06993918357387421,4.5503635141311775e-06,0.07732953131198883,0.06934468613730536,3.654734135270315e-06,0.07560312747955322,0.0688714866363813,3.06594926659234e-06,0.07421962916851044,0.06849950481028784,2.677544172046738e-06,0.07305911183357239,0.06816296929877902,2.326088726005831e-06,0.07206830382347107,0.0679393701610111,2.042619540461798e-06,0.07120891660451889,0.06771653630430736,1.898448286197862e-06,0.0712902694940567,0.06741972515980403,1.6711763848320516e-06,0.07060622423887253
249,12,mix_ffn_after_gate,Vertical,1,0.6780250077209775,0.0918163696322715,1.4805328845977783,0.2112138597738175,0.0024676764254259777,0.32668158411979675,0.10681846300287852,0.0002449365230511959,0.14130723476409912,0.06836475408266461,4.540475613843817e-05,0.08118585497140884,0.050992134308058115,1.4920927302340367e-05,0.060762159526348114,0.04219761165598082,8.548347184684857e-06,0.050492167472839355,0.03728856796783114,6.842106051248746e-06,0.04451031982898712,0.034283693081566265,6.330251371907764e-06,0.04070725291967392,0.03231438494745701,6.235813947808433e-06,0.0381229892373085,0.03099311122463809,6.330986458726604e-06,0.03750291466712952,0.030112164745491648,6.550997680251821e-06,0.03756428509950638,0.0295233146124889,6.83398997754635e-06,0.03776894137263298,0.029114228569799,7.087988881045454e-06,0.03789227828383446,0.028808971482609944,7.247406745874781e-06,0.037828121334314346,0.028564429679323756,7.3023326894286925e-06,0.03758693113923073,0.028358585659473662,7.2749188424598e-06,0.037224624305963516,0.028179666056992517,7.192344615079693e-06,0.036793071776628494,0.028020609140632643,7.076744702894573e-06,0.0363285131752491,0.02787697362521338,6.9445358962273216e-06,0.03585527092218399,0.02774615316755242,6.8078789847820796e-06,0.03539090231060982
249,12,mix_ffn_after_gate,Horizontal,1,0.7804533091802446,0.1424958525688561,1.7640511989593506,0.22583612728686558,0.0031337374219210213,0.3413428068161011,0.11223709713371974,0.00030827753339251335,0.14826956391334534,0.07233637080542625,5.5285025342260114e-05,0.08973044157028198,0.0545134719402071,1.6038908702945587e-05,0.06499266624450684,0.04533335915397084,7.2812069940304005e-06,0.05304350703954697,0.040135759268961256,4.743200064700961e-06,0.04665914177894592,0.03699499977723,3.8419495910884535e-06,0.042924657464027405,0.034998975161995204,3.4446896898207775e-06,0.04056882485747337,0.03367099686274453,3.2325270419617357e-06,0.039007917046546936,0.032742115713301156,3.0973005674163637e-06,0.037911348044872284,0.03206292539834976,2.994809168902618e-06,0.03711395338177681,0.031557635005031316,2.9150598755706474e-06,0.03652848303318024,0.031179723374190785,2.8575331524705282e-06,0.036067038774490356,0.03089527224027921,2.8153425465718874e-06,0.03568955138325691,0.030680909959806338,2.78357091445288e-06,0.035393618047237396,0.030521796365815496,2.7635889460197092e-06,0.03517838194966316,0.030406895847547622,2.7561481769507594e-06,0.03502734750509262,0.030326344841529452,2.755029068703321e-06,0.034914951771497726,0.03027154156376445,2.751881633446327e-06,0.03482156619429588
249,12,mix_ffn_after_gate,Gaussian,1,0.8200656828426179,0.13595608466512737,2.0078125,0.2596392593686543,0.003588966254121708,0.3983113169670105,0.1324170572417123,0.0004071909465173155,0.17445433139801025,0.08488852956465312,7.859161169116986e-05,0.10192003101110458,0.06275395463619914,2.203613229473101e-05,0.07230201363563538,0.051086110373338066,8.976948877540958e-06,0.05700603872537613,0.04438292785059838,5.441740909166616e-06,0.04979735612869263,0.040233921673562795,4.353678579951689e-06,0.04551633447408676,0.03749887320020842,3.948922914211852e-06,0.04222387820482254,0.035615325299283816,3.757855412266278e-06,0.03987279161810875,0.034284579079775584,3.6224809870231894e-06,0.038638949394226074,0.03332365384059293,3.4933680754586647e-06,0.037688981741666794,0.03261742711303726,3.3723612459300714e-06,0.03696155548095703,0.03209431567007587,3.2675310733709204e-06,0.036411888897418976,0.031704361387898054,3.184758096425092e-06,0.03600655123591423,0.03141083074585786,3.128486293693001e-06,0.03572067618370056,0.031187584061944294,3.0993604596542726e-06,0.035536184906959534,0.031017148985512673,3.0923518558398185e-06,0.035436686128377914,0.030887886704433532,3.0990840354038385e-06,0.035402633249759674,0.03079069796062651,3.111496491234974e-06,0.03541102260351181
249,13,self_attn_after_gate,Vertical,1,1.2413544654846191,3.6293192309141546,7.552563667297363,0.12978293663925594,0.00020881902595075525,0.16144777834415436,0.11004425431527788,7.98397241698218e-05,0.13752612471580505,0.09908144365227411,5.574890122036468e-05,0.12120872735977173,0.09110713087850147,4.490668237176574e-05,0.10916880518198013,0.08494452765536686,3.929510486406786e-05,0.10006353259086609,0.08002469191948573,3.618768507043835e-05,0.09297128766775131,0.07600407852303415,3.440329081218763e-05,0.08842495083808899,0.0726575522668778,3.337897996006144e-05,0.08510180562734604,0.06982929703025591,3.280798672094452e-05,0.08238784968852997,0.06740739279323155,3.251246166205179e-05,0.08016559481620789,0.06530936890178257,3.23923283617658e-05,0.07832515239715576,0.06347331280509631,3.239315913163341e-05,0.07678097486495972,0.061852069128127324,3.2483807180123895e-05,0.07547011226415634,0.060409328353310386,3.2643700360153016e-05,0.07434442639350891,0.05911675456260878,3.285696213281607e-05,0.07336589694023132,0.05795188023457452,3.3109845541724484e-05,0.07250376045703888,0.05689660850025359,3.338989275819126e-05,0.07173296809196472,0.0559361440440019,3.368558649131034e-05,0.07103301584720612,0.05505826885974596,3.398619218013767e-05,0.07038752734661102
249,13,self_attn_after_gate,Horizontal,1,0.6667433214329538,1.1512078847965634,4.672406196594238,0.12322569141785304,8.431750967790876e-05,0.14919781684875488,0.11004627555135697,2.635429658188484e-05,0.12155412137508392,0.10325351452070569,1.5332210604528684e-05,0.11197903752326965,0.09875428972263185,1.131340108426244e-05,0.10610804706811905,0.09536906639261851,9.347275295510547e-06,0.10159308463335037,0.09267425300583007,8.324928525301782e-06,0.09878652542829514,0.09046812426476251,7.821007083638736e-06,0.09651367366313934,0.08862778532599645,7.615505831048607e-06,0.09471065551042557,0.08706852758214587,7.582570572730716e-06,0.09327071905136108,0.08572900141515429,7.648311872418251e-06,0.09197431057691574,0.08456386270977202,7.768426485957118e-06,0.09079784154891968,0.08353910536047011,7.915421903279473e-06,0.08972454816102982,0.08262883990056931,8.071837876505902e-06,0.08874114602804184,0.08181303301973948,8.22705529833227e-06,0.08783651888370514,0.08107595701539327,8.375619667395443e-06,0.08700162172317505,0.08040509857828655,8.516021396245582e-06,0.08622948825359344,0.07979041586319606,8.648996656476915e-06,0.08551491796970367,0.07922375225831592,8.776103909561255e-06,0.08485376834869385,0.07869838532947358,8.898944672457862e-06,0.0842423066496849
249,13,self_attn_after_gate,Gaussian,1,0.36449577068052597,0.2659488786585807,2.4662375450134277,0.08353797984974724,7.743794303542052e-05,0.1028747409582138,0.07038695507106327,3.4506616603874253e-05,0.08420287817716599,0.06338035368493625,2.189796245255057e-05,0.07551086694002151,0.058811096149304555,1.5528382253132967e-05,0.06959857046604156,0.05551630713873439,1.1972014344089911e-05,0.06529158353805542,0.053005456569648925,9.858114686601957e-06,0.06203717738389969,0.051024620495145286,8.499551131655834e-06,0.05947718024253845,0.0494207109487246,7.553852554756731e-06,0.05738034099340439,0.04809404785434405,6.851020535433101e-06,0.05560338497161865,0.04697705882172736,6.305316116499991e-06,0.05406443774700165,0.0460221003445368,5.871820370554827e-06,0.05271878093481064,0.045194440713477516,5.524611772956785e-06,0.051538463681936264,0.04446837773162221,5.246749426467716e-06,0.050501517951488495,0.04382469304024227,5.026300223899142e-06,0.04958854615688324,0.04324874938243911,4.85451839410696e-06,0.04878177493810654,0.04272915978753378,4.72446506391285e-06,0.04806472361087799,0.04225693737703656,4.629731878603825e-06,0.04742255434393883,0.041825048861995576,4.563879742300313e-06,0.0468430295586586,0.041428086007871325,4.520737584960493e-06,0.04631747677922249
249,13,cross_attn,Vertical,1,0.3980942421725818,0.16987845606156896,2.8109049797058105,0.1632853848120523,0.002163019909372239,0.35521799325942993,0.1400948782998418,0.0005969627707262492,0.2192402482032776,0.1271905317192986,0.00025206085796792584,0.1656886637210846,0.11914473015164571,0.00012722486200928917,0.1480351686477661,0.1133154190721966,7.469217568633588e-05,0.13493125140666962,0.10929157833258311,5.188160261040303e-05,0.1264074742794037,0.10633115955288448,3.8939700818726715e-05,0.12098871171474457,0.10402243489783908,3.0124449077290316e-05,0.11636883020401001,0.10226204128019394,2.3765030866673e-05,0.11208166182041168,0.10076964575619925,1.8943343304858128e-05,0.11006152629852295,0.09936740686969152,1.5075083823786973e-05,0.10714320093393326,0.09826359897851944,1.2463700046596123e-05,0.10521580278873444,0.09739000326584256,1.0839835742755951e-05,0.10432757437229156,0.0965189819061567,9.54689307298964e-06,0.10379400849342346,0.09565806140502293,8.203704979608476e-06,0.10227924585342407,0.09495854815320363,6.9456648361694246e-06,0.10087969154119492,0.09439056130155685,5.987827826042923e-06,0.10005761682987213,0.0938718430106602,5.431464161856179e-06,0.09925831109285355,0.0934230253573448,5.1187455263496535e-06,0.09836724400520325
249,13,cross_attn,Horizontal,1,0.7618510205121267,1.7915096884195503,9.184289932250977,0.18860981400523866,0.004334042570045879,0.4534129500389099,0.15923307173781925,0.0015343555154283771,0.2778010964393616,0.14122537133239565,0.0005936539080778693,0.2131671905517578,0.12962113072474798,0.00028191505134356366,0.18152546882629395,0.12163976165983412,0.00015768478015251985,0.1660996675491333,0.11598589637922863,9.765186392706918e-05,0.15338751673698425,0.11178603046943271,6.54192110980759e-05,0.14303690195083618,0.10855270212604887,4.634448673347061e-05,0.13463860750198364,0.10600948120866503,3.430202494761103e-05,0.12781985104084015,0.10395482691034438,2.6450950974162155e-05,0.12235398590564728,0.10225663062125917,2.117426000384297e-05,0.1179635226726532,0.1008411900155128,1.7433466267869025e-05,0.11434537917375565,0.0996757024337375,1.4633811965707114e-05,0.11143459379673004,0.09871780458423826,1.2515639912466077e-05,0.10918550193309784,0.09790179535510048,1.0744276889669536e-05,0.10733327269554138,0.09715118294670469,8.970638977029575e-06,0.10550709813833237,0.09643860173130793,7.2771014289696866e-06,0.10373388230800629,0.09581305677928621,5.95932519806611e-06,0.10226739197969437,0.09529120652448564,5.006027450389422e-06,0.10106945037841797
249,13,cross_attn,Gaussian,1,0.7499374547411525,1.8562019090558377,9.315635681152344,0.16134739951008842,0.003494543945462284,0.43136531114578247,0.13443187080205432,0.0013516762772921348,0.2966344952583313,0.11937634315755632,0.0007217119535918987,0.2376759946346283,0.10930962990673762,0.0004510050329745429,0.20558755099773407,0.10202719235704058,0.0003032862670800913,0.18220257759094238,0.09657841424147288,0.00021193396896149758,0.1631634533405304,0.09220592216366813,0.00015241197485650713,0.14754441380500793,0.08841790956637216,0.00011064512340674937,0.13409340381622314,0.08520381956819505,7.991271134186721e-05,0.12282206118106842,0.08265699552638191,5.872229263863665e-05,0.1137939840555191,0.08059531473924243,4.393612539708434e-05,0.10626541078090668,0.07884785899567226,3.343223081793851e-05,0.09977743029594421,0.07734389697748517,2.598904765142651e-05,0.09501242637634277,0.07607250305868331,2.0551997303420416e-05,0.09246430546045303,0.07499410330303131,1.6422817159103594e-05,0.09009963274002075,0.074058174377396,1.3299339865982421e-05,0.0879637598991394,0.07323577302315878,1.0995887154592483e-05,0.08613011240959167,0.07252190936179388,9.254911595348073e-06,0.08455441892147064,0.071908196523076,7.832039763367965e-06,0.08305889368057251
249,13,mix_ffn_after_gate,Vertical,1,1.005065953920758,0.20701011449113763,2.2028627395629883,0.3223551760117213,0.005777984228517652,0.5041863322257996,0.16435855130354562,0.0006506166733276904,0.21812285482883453,0.1058899863135247,0.00011978201057192456,0.12980428338050842,0.07943929956545906,3.59165215864445e-05,0.09343975782394409,0.06557143148448732,1.7851637151296444e-05,0.07660427689552307,0.05751201687824158,1.285173397682041e-05,0.06728918850421906,0.05247491923353029,1.1072116171438185e-05,0.06140894815325737,0.049147036577027944,1.0267053286436219e-05,0.05750712379813194,0.04685116837185527,9.845105023200389e-06,0.05483432859182358,0.04521790495704091,9.613533667436052e-06,0.052999235689640045,0.0440313887619783,9.47173200900897e-06,0.05168312415480614,0.0431528797461873,9.359990349310913e-06,0.0506998747587204,0.042492290337880455,9.259681389858557e-06,0.049946270883083344,0.041993016761446754,9.16666757854828e-06,0.04937915876507759,0.041616337935602855,9.075601727994585e-06,0.04896716773509979,0.04133312829903194,8.98427765669411e-06,0.04867618903517723,0.04112069338323578,8.89393157482899e-06,0.048470187932252884,0.040960360732343465,8.806927087368656e-06,0.048310600221157074,0.040836405009031296,8.725129282303108e-06,0.048160627484321594
249,13,mix_ffn_after_gate,Horizontal,1,0.8597464159367576,0.1639328884934366,1.831990361213684,0.24428552081660618,0.0038759863248344273,0.386560320854187,0.1243378875984086,0.000297513926452128,0.16210117936134338,0.08579905118261065,4.810365102531418e-05,0.09930510818958282,0.06926674774241826,1.4534943837629433e-05,0.0766521543264389,0.060727814715059975,7.237657729678941e-06,0.06632274389266968,0.05578154301832593,5.068466053426884e-06,0.06065203249454498,0.052714450373536066,4.282217052859824e-06,0.05789962410926819,0.050740506026952986,3.97270395681525e-06,0.056117475032806396,0.04943810876399752,3.845779368951417e-06,0.054921671748161316,0.04856359509248582,3.794249349144662e-06,0.05409802868962288,0.04796742435012545,3.7700200383147383e-06,0.053513191640377045,0.04755390187104543,3.7397006247473296e-06,0.053081780672073364,0.04726373203217037,3.689743590705089e-06,0.05275220423936844,0.047058113333251744,3.6288207962896793e-06,0.05249445512890816,0.04690925280253092,3.5749470675606338e-06,0.052291225641965866,0.046797457905042736,3.541177727858396e-06,0.052132055163383484,0.04670986497686023,3.5299965638290394e-06,0.052009254693984985,0.04663874545977229,3.5367343563866126e-06,0.05191614478826523,0.046579515886685206,3.5549205068041863e-06,0.05184683948755264
249,13,mix_ffn_after_gate,Gaussian,1,0.7566867967446645,0.14046180499900204,1.6635723114013672,0.20891510825308543,0.0028810221938799195,0.3201436996459961,0.10314784849446917,0.0002460172970772601,0.1349327564239502,0.06792458466121129,3.8393968338579775e-05,0.08130259811878204,0.053305048613794266,1.1092929473096825e-05,0.0602324940264225,0.046299931962811756,5.877488277795503e-06,0.05239042639732361,0.04243681349215053,4.45236902287156e-06,0.048665013164281845,0.04005693076621918,3.818840603921294e-06,0.04619183391332626,0.03850828371350727,3.4867635348252276e-06,0.044309474527835846,0.037467204921302344,3.3110619573501684e-06,0.042941030114889145,0.036746381116764884,3.209519899112661e-06,0.04198423773050308,0.0362343325146607,3.151634220484384e-06,0.04130089282989502,0.035862436370244104,3.122260335240965e-06,0.040795210748910904,0.0355881124380089,3.1087565552384913e-06,0.040406834334135056,0.03538500133251387,3.098710828067349e-06,0.040193796157836914,0.03523615984216569,3.083029834671306e-06,0.04014335572719574,0.035129458658278934,3.0577458484393054e-06,0.04008377343416214,0.03505512865053283,3.0235674120530176e-06,0.04000736027956009,0.03500485556229713,2.9845239346589855e-06,0.03991590440273285,0.034971764518154994,2.9458024859984183e-06,0.039816755801439285
249,14,self_attn_after_gate,Vertical,1,0.6501596371332804,0.11322182910626276,1.7240087985992432,0.23170936817214602,0.0029032342674249908,0.3755025267601013,0.15035873320367601,0.0005826776391400874,0.22272470593452454,0.11671980612334751,0.0002049899742335166,0.15455886721611023,0.09859567786019946,0.00010743549267932113,0.12268038094043732,0.08710284460158575,7.057046837142312e-05,0.10370472073554993,0.07914419105601689,5.44421433849644e-05,0.09220662713050842,0.07328324581659029,4.6941111459770894e-05,0.08558034896850586,0.06876097548575628,4.3621961097041255e-05,0.08084630966186523,0.0651388130490742,4.224915104664493e-05,0.07676385343074799,0.06216053345373699,4.1610260146767073e-05,0.07336822152137756,0.059670788132482104,4.114210675039991e-05,0.07166288793087006,0.0575647083303285,4.064971050570481e-05,0.07012784481048584,0.055765263204063685,4.009324538416737e-05,0.06867021322250366,0.054213156421033165,3.947774975378637e-05,0.06724748015403748,0.05286202627041983,3.881604493612795e-05,0.06585201621055603,0.05167581755963583,3.8123577786467915e-05,0.06449563801288605,0.05062671313210139,3.741954196016234e-05,0.06348146498203278,0.04969306266497052,3.6724571423543224e-05,0.06280417740345001,0.04885757773641556,3.6056211562680964e-05,0.06214332953095436
249,14,self_attn_after_gate,Horizontal,1,0.6186581575681293,0.14366681177564908,2.2330703735351562,0.25768242752741255,0.0015468402899559708,0.36502593755722046,0.1932808742636726,0.0005104854435662245,0.24521313607692719,0.1608956420705432,0.0002561801944190618,0.1961282640695572,0.14127764815375918,0.00015687548944506182,0.17124000191688538,0.12823892526683353,0.0001059391718305524,0.15660515427589417,0.11897562361425823,7.477771645764238e-05,0.14434149861335754,0.11217683210732445,5.520883375103675e-05,0.1336112767457962,0.10707882697147036,4.27854545974049e-05,0.12774237990379333,0.10314259063156825,3.440500310805988e-05,0.12310244143009186,0.10001091327932146,2.8386939676570905e-05,0.11905942112207413,0.09744959241814083,2.3839601475688605e-05,0.11538320034742355,0.09530571978243571,2.0300903919378996e-05,0.112002894282341,0.09348061491572668,1.7532993028427504e-05,0.10892781615257263,0.0919089475794444,1.5386557165538507e-05,0.10617796331644058,0.09054387419942826,1.37377238479649e-05,0.1037493497133255,0.08934889816575581,1.2477103049025572e-05,0.1016179770231247,0.08829403940647368,1.151308536033048e-05,0.09975370764732361,0.08735414795459263,1.0773675195845884e-05,0.09812874346971512,0.08650852869900447,1.0205001503590438e-05,0.09671825915575027
249,14,self_attn_after_gate,Gaussian,1,0.5667334861225553,0.08824817563799683,1.6371588706970215,0.20180080878356146,0.0018569440991766232,0.3360128700733185,0.13253054058267957,0.00046349375858444655,0.1994219571352005,0.10214312634770832,0.00019244307564672439,0.13525071740150452,0.08567047320188038,0.00010950102890717545,0.10827181488275528,0.07513485973079999,6.891331665521509e-05,0.09687070548534393,0.06769882520985981,4.52848682740639e-05,0.08681546896696091,0.06222199098694892,3.180168507135381e-05,0.07830554246902466,0.058027751980319855,2.389145206135818e-05,0.07142824679613113,0.05470678559134877,1.9029659393523186e-05,0.0659661740064621,0.05200719644152929,1.5886720255468755e-05,0.0616292729973793,0.04977393676600759,1.3775660140789136e-05,0.0581519715487957,0.047905860675705805,1.2315439014415067e-05,0.05533304065465927,0.046331255327141475,1.1275087833115816e-05,0.053220443427562714,0.044996460456223714,1.0509475495306273e-05,0.052363909780979156,0.043859497008342595,9.92630855676013e-06,0.05167306214570999,0.042886408785032845,9.468075360663007e-06,0.051110878586769104,0.042049393708270696,9.101329525617684e-06,0.0506446473300457,0.041325481933733775,8.80852566291199e-06,0.05024729669094086,0.0406952186354569,8.580673559063434e-06,0.04989482834935188
249,14,cross_attn,Vertical,1,0.3172270545647258,0.030034011945355495,1.0980846881866455,0.1692915800071898,0.0017586992018078823,0.4079817533493042,0.139703815773366,0.0007335382012808253,0.2936932444572449,0.12377650586385576,0.0003771622188462804,0.22728927433490753,0.11577922460578736,0.00021002666914406694,0.18544422090053558,0.11004693983566194,0.00011141501945213787,0.15544788539409637,0.10604385724143377,6.81788631818145e-05,0.1360575407743454,0.10313403961204347,4.3293079615674276e-05,0.12806889414787292,0.10098901521118861,2.881079052900205e-05,0.11954731494188309,0.09937660514362275,2.120305263052426e-05,0.11377928406000137,0.09814028276337518,1.6894339821606487e-05,0.11205624043941498,0.09721148238768654,1.4413380334710772e-05,0.11028952896595001,0.09648376573172826,1.314749663485231e-05,0.10907839238643646,0.09584651556279924,1.2541913049024835e-05,0.11040773242712021,0.09525649592516915,1.242548689021412e-05,0.11225961893796921,0.09475906867356527,1.3178226045720373e-05,0.11470698565244675,0.09440964472199244,1.5371869236196587e-05,0.11799989640712738,0.09418825284829216,1.9681971774429027e-05,0.12243874371051788,0.09402665838835732,2.695869199010973e-05,0.1282379925251007,0.09386284093535135,3.87170964810086e-05,0.13576366007328033
249,14,cross_attn,Horizontal,1,0.3250851517631894,0.02741407773979569,0.7918127179145813,0.17120043022765052,0.0015944531145313694,0.2865104675292969,0.13571637182954757,0.0005098737932630467,0.2170826643705368,0.1214657664772064,0.00025689424507205247,0.17904314398765564,0.11286803748872545,0.000136633172221916,0.14881092309951782,0.10781776053564888,8.436607022713398e-05,0.135484516620636,0.10445430330813878,5.6405334500198746e-05,0.12760743498802185,0.10189153372295319,3.792461370765433e-05,0.11947177350521088,0.09979060079370226,2.5974310098916474e-05,0.11281868070363998,0.09842265515573441,2.013120183234304e-05,0.10947315394878387,0.09753133983366073,1.7216391299019793e-05,0.10992984473705292,0.09675894843207465,1.4752811584035037e-05,0.10983060300350189,0.09598481737905079,1.215217070289718e-05,0.10859917104244232,0.0952581637908542,9.930063856092209e-06,0.10687137395143509,0.09449967635529381,7.54426540845993e-06,0.10418428480625153,0.09378133217493693,5.430106820273357e-06,0.10119007527828217,0.09321639379338613,3.929089652131153e-06,0.09875234961509705,0.09284346858187327,3.039358502125145e-06,0.09778133034706116,0.09263531591684099,2.5427291670451747e-06,0.0973871648311615,0.09248732184133833,2.329765609978902e-06,0.09684190154075623
249,14,cross_attn,Gaussian,1,0.2755866481198205,0.024804982559937776,0.7944536209106445,0.13593603233023296,0.001864711009610219,0.34213733673095703,0.10842551113594145,0.0006716404518528294,0.2175145447254181,0.09484437687529458,0.0002856766884426362,0.14596055448055267,0.08697730101763256,0.00014534541832823703,0.12836046516895294,0.08217710516755543,8.496466864032634e-05,0.11443249136209488,0.07922542201621192,5.514903010767485e-05,0.10431550443172455,0.07723634725525266,3.946641606341851e-05,0.0980057418346405,0.07589420924584071,3.0302947144690408e-05,0.09466482698917389,0.07494084726250361,2.3295310017077103e-05,0.09188920259475708,0.07417955308679551,1.794625205246293e-05,0.08923827111721039,0.07347354162780065,1.4431892095073304e-05,0.0867326408624649,0.07274790368382893,1.2136966740874916e-05,0.08461518585681915,0.07211379588596405,1.035591830817042e-05,0.08269913494586945,0.07160678600508069,8.900496383516684e-06,0.08088858425617218,0.07117590426452576,7.721883946359371e-06,0.07933321595191956,0.07076320868162882,6.8829966545942715e-06,0.0781743973493576,0.07041875544994597,6.733184885319615e-06,0.08002238720655441,0.07020023429677599,7.897101530959976e-06,0.08378805220127106,0.07016069099070533,1.170692955345528e-05,0.08951473236083984
249,14,mix_ffn_after_gate,Vertical,1,0.9696263779723455,0.2018778173651149,2.249162435531616,0.2926000851014304,0.005030238820304397,0.435316801071167,0.14795336990602434,0.000454255305390755,0.1874110996723175,0.09786670347527852,7.530690032011398e-05,0.11376328766345978,0.07569411124974962,2.3106083185034597e-05,0.08558452129364014,0.0641360054650004,1.3402223769995799e-05,0.07361200451850891,0.05741873377608874,1.1284384908375523e-05,0.06664930284023285,0.05322467813652659,1.0887438896573821e-05,0.06225082650780678,0.050469331443309784,1.0937408464511438e-05,0.059293270111083984,0.04858364909887314,1.1089257242420328e-05,0.05742445960640907,0.047251375244250375,1.1245877890174172e-05,0.056503359228372574,0.046289824185863374,1.1369264694010971e-05,0.0559035986661911,0.04558726465181699,1.1446711901715999e-05,0.055531106889247894,0.045070589653083255,1.1484892147337551e-05,0.05532257631421089,0.04468995125757323,1.1495656115489255e-05,0.05522085353732109,0.04440929533706771,1.148853880460178e-05,0.05517570301890373,0.044201407404172985,1.1470104889692997e-05,0.05514894798398018,0.04404554173113808,1.1445327957389032e-05,0.055117204785346985,0.04392613080285844,1.1418392722069593e-05,0.05507052689790726,0.04383193086537104,1.1392753124365689e-05,0.055008187890052795
249,14,mix_ffn_after_gate,Horizontal,1,1.0466500180108207,0.2315146550083058,2.5857887268066406,0.3200675892451453,0.006491656786311745,0.49432823061943054,0.1625673555665546,0.0006435226979397323,0.2153570055961609,0.10847218807727571,0.00011800759966088078,0.12972679734230042,0.08502076518914056,3.488077301242449e-05,0.09500181674957275,0.0732374018619931,1.601118623764677e-05,0.08087571710348129,0.06662849845394256,1.0395675564188403e-05,0.07313679158687592,0.0625946835747787,8.301497253082738e-06,0.0687071904540062,0.05997568250648559,7.401379012336344e-06,0.06613233685493469,0.05819726475174465,6.973070467079606e-06,0.064327672123909,0.05694472848895996,6.7299783252791964e-06,0.0630127415060997,0.05603638516058997,6.557245850813117e-06,0.06203250214457512,0.05536507880167356,6.4176501347431996e-06,0.06129506602883339,0.05486467427441052,6.300465396173564e-06,0.06073194742202759,0.05449178318182627,6.198060474175519e-06,0.06029267981648445,0.05421801011950251,6.1046533802187895e-06,0.059945713728666306,0.05402448944865711,6.01805493476923e-06,0.059676896780729294,0.05389522270314277,5.941311404334831e-06,0.05948590859770775,0.05381117725656146,5.8821195156501585e-06,0.05937439948320389,0.05375064217618534,5.847031178175682e-06,0.059330638498067856
249,14,mix_ffn_after_gate,Gaussian,1,0.8540123667981889,0.16741731958281283,1.9785912036895752,0.244016566919902,0.003892212771008167,0.3735164403915405,0.12287014900218873,0.0003525527363802895,0.1599830985069275,0.08180115324637247,6.35001830418648e-05,0.09730058163404465,0.06367515689796871,1.871919884499571e-05,0.0725642740726471,0.05432570459587233,8.574929038418425e-06,0.06029777228832245,0.04901311026206092,5.715114636849686e-06,0.05377556011080742,0.04582765692519763,4.886344950637738e-06,0.050832539796829224,0.04385842643086872,4.727841094006236e-06,0.04954611137509346,0.04259212941877426,4.738757719746382e-06,0.04852695018053055,0.04173096825206091,4.757176840255201e-06,0.047446005046367645,0.04110747877331007,4.7686170410471745e-06,0.04689546674489975,0.04063312460978826,4.774469077002267e-06,0.046536583453416824,0.040266637823411396,4.76017500370047e-06,0.04617839306592941,0.039990213832684925,4.722329630244579e-06,0.045833248645067215,0.039791099608890594,4.677877131018266e-06,0.045531708747148514,0.039654091828399234,4.642037965332161e-06,0.04545479267835617,0.03956344936575208,4.61707250016753e-06,0.04549647122621536,0.039505506200449805,4.597106450309564e-06,0.045562274754047394,0.03946910763070697,4.574474575862743e-06,0.04564054682850838
136,12,self_attn_after_gate,Vertical,1,0.5580680553638746,0.6973522139030385,4.057263374328613,0.11783209975276675,6.700131552919651e-05,0.13370777666568756,0.10057353843299169,4.206705337801738e-05,0.11423708498477936,0.09031936632735389,3.766662549009389e-05,0.10436329990625381,0.08299330267168227,3.4596376033406594e-05,0.09692218899726868,0.07740626283108241,3.235353978027547e-05,0.09110543131828308,0.07299843643392835,3.087242918656901e-05,0.08652190864086151,0.0694330097545707,2.9960251349890277e-05,0.08282685279846191,0.06649079185629649,2.9417036328425544e-05,0.0797780305147171,0.06402308144976222,2.9090374393103458e-05,0.0772203803062439,0.061924864493665244,2.8877041034154686e-05,0.07505021244287491,0.060119243131743536,2.8713083050004476e-05,0.07319021224975586,0.05854871023505453,2.856230401629333e-05,0.07157649844884872,0.05717010222493656,2.8406213362824904e-05,0.07015791535377502,0.05595070732727883,2.8237578883923914e-05,0.06889951229095459,0.054864980989978426,2.8056339158497372e-05,0.06777959316968918,0.053892272214094795,2.7865694162993778e-05,0.06678290665149689,0.05301562105379407,2.767021419758359e-05,0.06589693576097488,0.052220948395274934,2.747519956576361e-05,0.06511103361845016,0.05149652879862558,2.7286188871141596e-05,0.06441618502140045
136,12,self_attn_after_gate,Horizontal,1,0.11550422675079769,0.00029691468820093993,0.19631004333496094,0.09578313039881843,8.88210884486691e-06,0.10465279221534729,0.0905658710334036,3.7860673367683755e-06,0.09651901572942734,0.08774601810035251,2.7586143773718882e-06,0.09242185205221176,0.08584719186737425,2.428586610751557e-06,0.08974483609199524,0.08448702345291774,2.4163607318154643e-06,0.08814296126365662,0.08343959434164895,2.5035764330258138e-06,0.08704335987567902,0.08259174842683095,2.62555264605722e-06,0.08620893955230713,0.08188236670361625,2.757074761143003e-06,0.08553086221218109,0.08127481525852567,2.8868703165576773e-06,0.0849640816450119,0.08074470349247494,3.0081398423858573e-06,0.08448097109794617,0.08027563823593988,3.1178032071105246e-06,0.08406102657318115,0.07985648619277137,3.215724693157939e-06,0.08368925750255585,0.0794793220739516,3.3033850317704354e-06,0.08335570991039276,0.07913814224894085,3.3826848622700953e-06,0.08305379748344421,0.07882813021304115,3.4553627138054234e-06,0.08277881145477295,0.07854527104941625,3.5228120484163057e-06,0.0825270488858223,0.07828615771399604,3.5860959634186385e-06,0.0822954848408699,0.07804789772582432,3.6459947136208642e-06,0.08208158612251282,0.07782802470619717,3.70308646992802e-06,0.08188313990831375
136,12,self_attn_after_gate,Gaussian,1,0.1347588034612792,0.017359029217361502,0.8803054690361023,0.06732856322612081,3.074282062725325e-05,0.0809805616736412,0.058200583512347845,1.1426446182882774e-05,0.06583719700574875,0.05342134354369981,7.36701260091099e-06,0.05873789265751839,0.050424528500390434,6.207222496261251e-06,0.05499269813299179,0.04833237560732024,5.865252105378167e-06,0.05336800217628479,0.04676940564125303,5.784219115392448e-06,0.05218609422445297,0.045549165634881886,5.783642523286034e-06,0.051211338490247726,0.04456643913946454,5.806632754029522e-06,0.05036605894565582,0.04375593695375654,5.832562367882177e-06,0.049612630158662796,0.043073561811257925,5.852112877558094e-06,0.04893121123313904,0.042488330886477514,5.862985573937871e-06,0.048311494290828705,0.041977803444578535,5.86656294670053e-06,0.04774630069732666,0.04152550778928257,5.86473823417288e-06,0.047224968671798706,0.041119854897260666,5.858080179388821e-06,0.04673314839601517,0.040753234769143755,5.846812401161693e-06,0.046260036528110504,0.04042051135311051,5.832277592681149e-06,0.045802824199199677,0.04011765938429605,5.816416718554421e-06,0.04536300152540207,0.039841132859388985,5.8010689476973634e-06,0.044942066073417664,0.039587653818584624,5.787905225391037e-06,0.0445404015481472
136,12,cross_attn,Vertical,1,0.3390570990149937,0.2357844766555852,3.604343891143799,0.1268107879256445,0.00026647001644894956,0.1770959496498108,0.11711447177425263,0.00013954700193203885,0.15672580897808075,0.11114355957224256,8.77659356386597e-05,0.14270693063735962,0.10703946082364946,5.7626938266345275e-05,0.1317102015018463,0.10410075575586349,3.939829492804197e-05,0.12341032922267914,0.1019442245837242,2.8001584333562136e-05,0.11821440607309341,0.10028225360881715,2.054993153083719e-05,0.114499032497406,0.09894566084184343,1.5536815354880307e-05,0.11144468933343887,0.09784353796451811,1.1996043420067021e-05,0.10888088494539261,0.0969120722914499,9.44758865898276e-06,0.10664328932762146,0.09612134134485609,7.632990053388274e-06,0.10475781559944153,0.09544054714460222,6.290726975928005e-06,0.10315363109111786,0.0948279785021903,5.22020957912375e-06,0.10165362060070038,0.09429310581513814,4.37883473630932e-06,0.10034162551164627,0.09383291987672684,3.735388340772232e-06,0.09943050891160965,0.09342917421507457,3.239531103693987e-06,0.09907234460115433,0.0930766108490172,2.8505510246790943e-06,0.09872051328420639,0.09276609181884736,2.5389033343645333e-06,0.09839226305484772,0.09249313684209945,2.279969277913449e-06,0.09805064648389816
136,12,cross_attn,Horizontal,1,0.5810689402241556,1.3271993720823037,8.163073539733887,0.13379987009934016,0.0002061662495827884,0.17995096743106842,0.1248428003182487,0.0001459755246151169,0.16802182793617249,0.11934745359042334,0.00012019434977981454,0.15991733968257904,0.11519651043982733,9.829139420374664e-05,0.15194424986839294,0.11185576222718709,7.899893328207664e-05,0.14439162611961365,0.10909827975999742,6.271247736564038e-05,0.13748899102210999,0.10678456014110929,4.944219765291603e-05,0.13135743141174316,0.1048274225895367,3.88772751966525e-05,0.125994473695755,0.10315435509833079,3.058700059541171e-05,0.12130963802337646,0.10171147636950963,2.4124154783815032e-05,0.11722542345523834,0.10045856627680007,1.9117293700249647e-05,0.11371426284313202,0.09936307997457565,1.5251664846471967e-05,0.11107465624809265,0.09839563142685663,1.2250081544979504e-05,0.10873152315616608,0.09753665410810047,9.907351862981104e-06,0.10663065314292908,0.0967763363132401,8.082073153282444e-06,0.10477199405431747,0.09610339537972495,6.652475249837001e-06,0.10313308238983154,0.09550143068745023,5.526148097438033e-06,0.1016916036605835,0.0949580455346713,4.628738786159567e-06,0.10042818635702133,0.09447148631489466,3.899089095644716e-06,0.09929442405700684
136,12,cross_attn,Gaussian,1,0.2650032289444454,0.10157791713952015,2.2210428714752197,0.1073683248389335,0.0002983891381479694,0.1583808958530426,0.09654721582219714,0.00016753713515239954,0.1433543860912323,0.08949889975880819,0.0001022573868897819,0.12969189882278442,0.08448019399056358,6.270263309878882e-05,0.11656617373228073,0.08086893045239979,3.8384325644730735e-05,0.10514511913061142,0.07822555362705201,2.4030262803522263e-05,0.09588207304477692,0.07624668060314088,1.5638709637860676e-05,0.08880162984132767,0.07470728433321393,1.0613108725494746e-05,0.08358095586299896,0.07342591065736044,7.5563099128341415e-06,0.08122745156288147,0.07234246768648663,5.620482538757739e-06,0.07917492091655731,0.07150110590552526,4.415493429924008e-06,0.07763070613145828,0.07081652621901224,3.5832123482651422e-06,0.0763905793428421,0.07024429431037298,2.9512603447880085e-06,0.07533451914787292,0.06976381843052214,2.506592189197433e-06,0.07451467216014862,0.06936391336577279,2.1757798059093923e-06,0.07381682097911835,0.06901935594422477,1.9643855878055026e-06,0.07301202416419983,0.06869603196779887,1.7869687094249385e-06,0.07222460210323334,0.06842269807580918,1.6764123405897323e-06,0.07172847539186478,0.06818755455906429,1.6249078250604491e-06,0.07142869383096695
136,12,mix_ffn_after_gate,Vertical,1,0.7208310332563188,0.1138057203948073,1.5799226760864258,0.21580813801477824,0.002464511298984493,0.31557539105415344,0.11071433789200252,0.00024109893860039115,0.14054039120674133,0.07273641961907583,5.1746789875974356e-05,0.08792176842689514,0.05501747947363626,1.9456109812149318e-05,0.06501442939043045,0.045488350684680635,1.1082101733605759e-05,0.05387992039322853,0.039871357677001805,8.291845295024365e-06,0.046963296830654144,0.03633623774207774,7.2907848189622865e-06,0.04243139177560806,0.034016825110902864,7.011733726473131e-06,0.04026620090007782,0.03246800566003436,7.026467305331905e-06,0.03881964087486267,0.031430107023980886,7.165651317579949e-06,0.037787728011608124,0.03072687102452157,7.35561532023637e-06,0.0373653769493103,0.030230647869526395,7.526486318748909e-06,0.03740016743540764,0.029852535398233505,7.62335201907009e-06,0.037302467972040176,0.02954028585245685,7.632901757104e-06,0.03703528642654419,0.029268644070104946,7.573296967721526e-06,0.03663179278373718,0.029026364700661764,7.471347931615815e-06,0.03614436835050583,0.028808701044273754,7.351455199400628e-06,0.03562314435839653,0.02861464981521879,7.233286103968882e-06,0.035112593322992325,0.02844544015233479,7.131221773484285e-06,0.03464985638856888
136,12,mix_ffn_after_gate,Horizontal,1,0.9359499982425145,0.19689167422388723,2.6153993606567383,0.340843347329942,0.004695286348091807,0.4861892759799957,0.18739255316673764,0.0007066004604514833,0.24177494645118713,0.12225554540516838,0.0001661859812703041,0.14852702617645264,0.08919097707858162,5.133190110447978e-05,0.10380184650421143,0.07049446056286494,1.9716749573084692e-05,0.08035838603973389,0.059094979176445614,9.554898174676332e-06,0.06676505506038666,0.05173259571431175,5.935006882208023e-06,0.058172568678855896,0.0467440973789919,4.455639949795621e-06,0.052419066429138184,0.04323321184705174,3.7323713206537406e-06,0.0483652725815773,0.04068088637931006,3.319106567566993e-06,0.04543078690767288,0.03877457757554357,3.081218320781943e-06,0.04328598082065582,0.03732658573795879,2.948780407573136e-06,0.04179396107792854,0.036214301865252235,2.8686478426568635e-06,0.04071997106075287,0.035351437472161795,2.8167476315300336e-06,0.039854470640420914,0.03467614333780985,2.785465406212174e-06,0.039150699973106384,0.03414079984502187,2.7687094523507142e-06,0.03856373578310013,0.03370539430114958,2.753830404961733e-06,0.03804685175418854,0.03333895901838938,2.7265519337054924e-06,0.03756990283727646,0.033024553623464376,2.6853448287422854e-06,0.03713693842291832
136,12,mix_ffn_after_gate,Gaussian,1,0.7190148045146276,0.10083129371717973,1.611677646636963,0.22985961323692686,0.002638658115892729,0.3373079001903534,0.12036995672517353,0.00030528718754467814,0.15324673056602478,0.07899549189541075,6.215588537245247e-05,0.09500980377197266,0.05975253436537016,1.8613725974368955e-05,0.06940846145153046,0.04958477545352209,8.658330079863305e-06,0.056171491742134094,0.043654294004515995,5.612207203614936e-06,0.04834653437137604,0.03991922801212659,4.377020144641777e-06,0.044356465339660645,0.03743647192678754,3.8025696631765386e-06,0.04214140772819519,0.03572939286038043,3.5554625450103567e-06,0.040791578590869904,0.03453268705024606,3.4440538917463634e-06,0.03989960625767708,0.03367851550380389,3.3706562408221592e-06,0.03925124928355217,0.033052726988754576,3.306676739560743e-06,0.03876017779111862,0.03257318689591355,3.232880068789373e-06,0.038337670266628265,0.03218266149125402,3.1406801600343056e-06,0.03791610151529312,0.03185101586674887,3.0437115998664016e-06,0.03748755156993866,0.03157032508816984,2.963572893862586e-06,0.03708946704864502,0.03134134036326219,2.90979934022426e-06,0.0367591492831707,0.03116245074049821,2.8779692844174117e-06,0.03650502488017082,0.031026855850267033,2.859258839952404e-06,0.036313705146312714
136,13,self_attn_after_gate,Vertical,1,0.12059073161984248,0.0012877142537166355,0.2782108783721924,0.08081282178560893,5.700606072549131e-05,0.09644733369350433,0.07028174737379664,4.244269538806678e-05,0.08486785739660263,0.06419245880984124,3.808769774163332e-05,0.07665187120437622,0.060274937618819496,3.705013089482696e-05,0.07268877327442169,0.05749223144754531,3.741013233996283e-05,0.07019692659378052,0.055364555901005155,3.8039749295687454e-05,0.06883576512336731,0.053660087287425995,3.843823259449744e-05,0.06791239231824875,0.052253054011435734,3.8537019863981323e-05,0.06704184412956238,0.05106604619631692,3.8401992676492466e-05,0.06620141863822937,0.05004802777890175,3.811497757567264e-05,0.06539464741945267,0.04916332206792302,3.774105021341507e-05,0.06462801992893219,0.04838602658775118,3.732455794846565e-05,0.06390600651502609,0.047696868519461345,3.689299567087256e-05,0.06323037296533585,0.04708117938467434,3.646218005012059e-05,0.06260071694850922,0.046527529933622906,3.6040675608930075e-05,0.06201497092843056,0.04602683471545341,3.56329370402138e-05,0.06147037819027901,0.04557174739856568,3.524110815595407e-05,0.060963936150074005,0.04515625672444465,3.4866158883198415e-05,0.06057782843708992,0.0447753897261998,3.450863684462705e-05,0.06026414781808853
136,13,self_attn_after_gate,Horizontal,1,0.19906580424497997,0.037453820108853356,1.2177257537841797,0.10436635902003637,2.2905493808429e-05,0.1178438812494278,0.09618837776638213,8.349652328556968e-06,0.10523111373186111,0.09178342741160166,5.498231159689375e-06,0.09827462583780289,0.08874602533049053,4.869923038821877e-06,0.0937875509262085,0.08643074369146711,4.946939998970451e-06,0.09155522286891937,0.08457356005434007,5.260219954261562e-06,0.08996278792619705,0.08303835148376132,5.653355384207581e-06,0.08870561420917511,0.08174066446603291,6.082028882573792e-06,0.0879470556974411,0.08062195446756151,6.530436193143124e-06,0.08731088042259216,0.07964142139941927,6.9740259597137255e-06,0.08671800792217255,0.07877260635769556,7.380285749365424e-06,0.08612288534641266,0.07799801289562196,7.732286865062373e-06,0.08552412688732147,0.07730339361088616,8.033611832869713e-06,0.08493098616600037,0.0766763732073799,8.295772407788028e-06,0.08434747159481049,0.07610647912536349,8.53080528561626e-06,0.08377502113580704,0.07558496852242758,8.749396418309193e-06,0.08321674913167953,0.07510476358353145,8.959309614138667e-06,0.08267949521541595,0.07466041982646972,9.163391085723281e-06,0.08217103779315948,0.07424783269091258,9.35971789967448e-06,0.08169539272785187
136,13,self_attn_after_gate,Gaussian,1,0.08535711349002899,0.0006807455936664189,0.18773363530635834,0.05722073784896305,1.8608628510795138e-05,0.06804288923740387,0.050990394006172814,8.453299178546552e-06,0.057046785950660706,0.04784609235468365,6.2688653103383126e-06,0.053540848195552826,0.045834402775480634,5.4687946240676365e-06,0.050897035747766495,0.04439041751717764,5.119485186391569e-06,0.048996299505233765,0.04328968387747568,4.96085585101797e-06,0.048087749630212784,0.04241863052759852,4.894894289335137e-06,0.047376878559589386,0.04170818875233332,4.878766818638616e-06,0.04678522050380707,0.041113359055348804,4.889813910026851e-06,0.04627232998609543,0.04060450923584756,4.914736459743509e-06,0.045814018696546555,0.04016192446625422,4.9458848170894965e-06,0.04539569094777107,0.03977202706866794,4.979104842604564e-06,0.045008718967437744,0.039425024023604774,5.0122239189264565e-06,0.04464787244796753,0.03911353186482475,5.044144270612871e-06,0.04430978745222092,0.03883179401357969,5.074401153249921e-06,0.043992143124341965,0.038575231201118894,5.102848062618778e-06,0.04369321092963219,0.03834015444394142,5.12955653806274e-06,0.043411701917648315,0.038123584337650784,5.154707423290288e-06,0.0431465245783329,0.0379230851928393,5.178539805111407e-06,0.042896803468465805
136,13,cross_attn,Vertical,1,0.2164912052334301,0.019512236684955636,0.9619331955909729,0.1368836665910388,0.0015327520768955198,0.35881930589675903,0.11983031543001296,0.0005060657946586764,0.2286410927772522,0.11178307164283026,0.00021241676807540885,0.1645212471485138,0.10704186771597181,0.00010524525979801876,0.1346445381641388,0.10314992543250795,5.8592382689581776e-05,0.12145616114139557,0.10059885999986104,3.6065656603861195e-05,0.11341093480587006,0.09885318056931572,2.4578937172362847e-05,0.1089150533080101,0.09757398648394479,1.835123436252951e-05,0.10717714577913284,0.0962581837934161,1.2837535358544567e-05,0.10408555716276169,0.09513274710329753,9.401540060646775e-06,0.10145466029644012,0.09440399647232085,7.735939994564979e-06,0.10006639361381531,0.09374110329718817,6.316296388189539e-06,0.0991617813706398,0.09333050617622951,5.340629515726864e-06,0.09825628995895386,0.09283362778406294,4.783422426548223e-06,0.09899388998746872,0.0933523020810551,1.4500543937856335e-05,0.11753353476524353,0.09415496720208062,0.0001284138758442225,0.17887373268604279,0.10112875522602172,0.001737906349942641,0.4155479073524475,0.11506343774852298,0.010972415968746806,0.895039975643158,0.13429866388203607,0.021848727427331523,1.1836862564086914
136,13,cross_attn,Horizontal,1,0.22146869048712745,0.01533891344999775,0.680310845375061,0.13783605136568583,0.0009788316196694237,0.26027974486351013,0.12247176787682942,0.00039594866808332057,0.1942674219608307,0.1140119656920433,0.0001893379005648777,0.1631222814321518,0.10778613033748809,8.862341460496495e-05,0.13486886024475098,0.10383270337941154,4.9634793914136404e-05,0.12102004885673523,0.1009739755638062,3.0854854460420556e-05,0.11610247194766998,0.09880969342258242,2.152591871016066e-05,0.11282765865325928,0.09742238999359192,1.6090359693935844e-05,0.11046481877565384,0.09645931257141961,1.2971090165169833e-05,0.10953762382268906,0.09569326043128967,1.1306633647119951e-05,0.10859178751707077,0.09502364091929935,1.0032574535450033e-05,0.10695642232894897,0.09440896494521035,8.384353037941545e-06,0.10458693653345108,0.09399785089587408,7.5411639170164275e-06,0.1033254861831665,0.09341635661465782,5.813852747584831e-06,0.10148618370294571,0.09287281287094903,4.420306985586329e-06,0.09998691082000732,0.09248556445042293,3.479372183079123e-06,0.0989399179816246,0.09223778876993391,3.2481033428680495e-06,0.09813858568668365,0.09199645488508164,2.3115583514597778e-06,0.09689943492412567,0.09221996780898836,5.035208209295769e-06,0.10138599574565887
136,13,cross_attn,Gaussian,1,0.2256085610105878,0.018460621750084345,0.6879358887672424,0.11201022198748967,0.0005737664475167528,0.19974207878112793,0.09833232242436636,0.0003156040497167341,0.17392051219940186,0.08930998697640403,0.0001256921590041711,0.12763938307762146,0.08331106413924505,5.7029836176982424e-05,0.1091616153717041,0.07940174308088091,2.9127453813570145e-05,0.09794861078262329,0.07660881063294789,1.687143899101206e-05,0.0893939733505249,0.07490598020099458,1.1270902394709582e-05,0.08366688340902328,0.07342202429260526,9.193098855692399e-06,0.08320276439189911,0.07213950914049906,6.716141049153909e-06,0.08001601696014404,0.07124850851675821,5.1160471445542456e-06,0.07759633660316467,0.07063327292128214,4.097410171815705e-06,0.0758042186498642,0.07018572375887916,3.5072282822109467e-06,0.07437227666378021,0.06974702541317258,3.0766356636869105e-06,0.07350568473339081,0.06933173880217568,2.6187335691848926e-06,0.07278981804847717,0.0688477296914373,2.226239062592455e-06,0.07227703183889389,0.06850920664885687,2.0596411441618103e-06,0.07216688245534897,0.06830077996802708,1.9322988176352188e-06,0.07150314748287201,0.06830825964136729,2.105061740456061e-06,0.07173268496990204,0.06860315338486717,7.726823289488272e-06,0.08657535165548325
136,13,mix_ffn_after_gate,Vertical,1,1.0091818074385326,0.2029246882175174,2.436112403869629,0.32109976122303613,0.005636346118629471,0.48686927556991577,0.16467471917470297,0.0006298298985965717,0.22098717093467712,0.1067502914913117,0.00011580312755139633,0.13043272495269775,0.0807010123417491,3.45813559019241e-05,0.0924147218465805,0.06717529449434508,1.739480013987531e-05,0.07687388360500336,0.059355830685013815,1.2636244510386914e-05,0.06827951967716217,0.05448066555554905,1.1055200980967271e-05,0.06286086142063141,0.05124948096890298,1.0448059395571627e-05,0.05925559997558594,0.04899482553203901,1.0174990345413618e-05,0.05679148808121681,0.04735869837422219,1.0019848546600339e-05,0.055011048913002014,0.04613523439518989,9.904242063023602e-06,0.053649306297302246,0.04520365377030675,9.814668402236804e-06,0.052590932697057724,0.04449077772479209,9.74173434471039e-06,0.051773108541965485,0.04394436302402663,9.671535828763308e-06,0.051128700375556946,0.04352324905376586,9.602112194595925e-06,0.05060041323304176,0.04319534864690569,9.53752489950436e-06,0.05015289783477783,0.042935266854271056,9.479717420088958e-06,0.050104472786188126,0.04272329961023633,9.427563060596786e-06,0.050061799585819244,0.04254598081821487,9.381307184403555e-06,0.05000906437635422
136,13,mix_ffn_after_gate,Horizontal,1,1.0541250525958954,0.22325933427902836,2.762758493423462,0.35592345775119844,0.006137457965650123,0.5156770944595337,0.19179471641305892,0.0007591870927348235,0.24975907802581787,0.12773719134311828,0.0001630258793769682,0.15412217378616333,0.09675780399924233,4.845059453298857e-05,0.11013932526111603,0.07986259034701756,1.85502939630702e-05,0.08764737844467163,0.06989406061077875,9.24083326278975e-06,0.07576952874660492,0.06362908658763719,5.902607919115928e-06,0.06839941442012787,0.059478903159735697,4.57129359489212e-06,0.06467202305793762,0.056614030448217244,4.017651981732744e-06,0.06214003264904022,0.054572413424177776,3.78182657016529e-06,0.060325078666210175,0.053082638730605446,3.6721218124547227e-06,0.058984387665987015,0.051975468262320475,3.6149760573209916e-06,0.057969771325588226,0.05113945889567572,3.58176048198851e-06,0.05718471482396126,0.0505002760106609,3.5644046647344425e-06,0.0565652959048748,0.050008415584526365,3.563554688785813e-06,0.0560731440782547,0.049628304761080516,3.572865150222121e-06,0.05568370968103409,0.04933185703934185,3.5786038368412357e-06,0.05537635087966919,0.04909783584021386,3.571518101944965e-06,0.05513268709182739,0.04891264409063354,3.5524219529649053e-06,0.054938942193984985
136,13,mix_ffn_after_gate,Gaussian,1,0.829802912379068,0.193739975705324,2.053349018096924,0.21684589225148398,0.0033362853484213344,0.3457270860671997,0.10709759616662586,0.0002650667260356335,0.14127421379089355,0.07166337884134716,4.225295491998995e-05,0.08482380956411362,0.05647302306597195,1.1681933227953465e-05,0.06392601132392883,0.04872826800223381,5.56929329760435e-06,0.05404402315616608,0.04433521516029797,3.880385087954947e-06,0.04842076823115349,0.04164707926767213,3.3307440955043384e-06,0.04541163146495819,0.03989823079771466,3.1588608439580602e-06,0.043677881360054016,0.038704348402836965,3.1282386962124966e-06,0.042819201946258545,0.0378611416570724,3.141897626270444e-06,0.042279861867427826,0.03725228103853408,3.155485528708091e-06,0.04184913635253906,0.036808727870857906,3.157054868616439e-06,0.04145209491252899,0.036485706589051654,3.153387019412305e-06,0.041094519197940826,0.03625052635158811,3.1529901274323913e-06,0.04079852253198624,0.036079726758457366,3.160158734541986e-06,0.04056776314973831,0.03595640439362753,3.1751630239398456e-06,0.04038945585489273,0.03586766508127016,3.196395916433064e-06,0.040248967707157135,0.035803647623175665,3.2219736285162724e-06,0.04013490676879883,0.03575704051625161,3.250092710370238e-06,0.04003949835896492
136,14,self_attn_after_gate,Vertical,1,0.5372969508171082,0.058939359869136634,1.3687169551849365,0.22313395757523793,0.0021446244069854804,0.38651955127716064,0.15258744441800648,0.0006846313299851143,0.25805604457855225,0.12037418558010979,0.0003316737097029067,0.19228202104568481,0.10123200194230156,0.00018191221428005876,0.15345729887485504,0.0887996947008466,0.00011479464877850489,0.12816989421844482,0.0802120611899429,8.185750736653478e-05,0.11073783040046692,0.07397798549324747,6.42129893737303e-05,0.09809090197086334,0.06926221938596831,5.409604329731003e-05,0.08857700228691101,0.06557243618936766,4.7997254516152594e-05,0.0812130719423294,0.06260453483888082,4.4185300772726696e-05,0.07778406888246536,0.060163617607146974,4.1724517827072924e-05,0.0752122551202774,0.05812034442547768,4.00750771354556e-05,0.07307805866003036,0.05638642325287774,3.8921937336523925e-05,0.07128847390413284,0.054900067429693916,3.808997794797799e-05,0.0697682574391365,0.05361636988227329,3.748478099677976e-05,0.06846044957637787,0.05250081212984191,3.7049134835252844e-05,0.0673227310180664,0.051525379516302594,3.673915234186918e-05,0.06632213294506073,0.050666590354272296,3.6516148122655526e-05,0.06543174386024475,0.049904561113743556,3.6345688101207834e-05,0.06462924182415009
136,14,self_attn_after_gate,Horizontal,1,0.8472884240604582,0.598080640795159,5.309304237365723,0.3218659030066596,0.0032375681324282547,0.4789469838142395,0.22914146076119135,0.0010778390143943747,0.31535476446151733,0.1836675854902419,0.00046120836562894016,0.24442370235919952,0.15759682205934372,0.0002317977283559877,0.20193761587142944,0.1410822750083984,0.00013079955641084336,0.17394950985908508,0.12984144321036717,8.047362022892685e-05,0.1544497311115265,0.1217570508283282,5.304917663405245e-05,0.14047829806804657,0.11565727409389284,3.6965942523534056e-05,0.1300981640815735,0.11087158038502648,2.6944278947131224e-05,0.12273244559764862,0.10699878514759124,2.0367590538807782e-05,0.11817958205938339,0.10379243606612795,1.5821366067362004e-05,0.11410059034824371,0.10110198091419917,1.2554661645622558e-05,0.11045178771018982,0.09882961355504535,1.0197829618852351e-05,0.1072087213397026,0.09689968777081323,8.537916634650495e-06,0.10433480143547058,0.09524804661198268,7.415719879573331e-06,0.10178700089454651,0.09382024229992003,6.703609228990705e-06,0.09952737390995026,0.09256943362572836,6.296747019408181e-06,0.09752916544675827,0.09145513945628726,6.103735050899968e-06,0.09617054462432861,0.09044433018517872,6.0433236837741126e-06,0.09514489769935608
136,14,self_attn_after_gate,Gaussian,1,0.4902723478892493,0.08195634811235898,1.5903421640396118,0.17375044985896065,0.0012069080909223192,0.28755325078964233,0.11850219622017845,0.00029076735762529195,0.1797911822795868,0.09410040092373652,0.000125777571186485,0.13056907057762146,0.07988317724731234,7.147219493492948e-05,0.10212890803813934,0.07046105683086411,4.761889114134399e-05,0.0880659818649292,0.06380678689669049,3.523840290848082e-05,0.07928457856178284,0.058918653144722895,2.805120403665507e-05,0.07244299352169037,0.055201365006348445,2.3368130752742937e-05,0.06699332594871521,0.052294856262585475,2.000148551543995e-05,0.06256256252527237,0.04997374821040365,1.742102504504396e-05,0.05921114236116409,0.04808929219605431,1.537303807971298e-05,0.05677604675292969,0.046538352729782226,1.3717418623608777e-05,0.054861098527908325,0.045246961807447764,1.2364533317448359e-05,0.05326920747756958,0.04416082036637124,1.1252923642073903e-05,0.05193608999252319,0.04323924622601933,1.0340548382985818e-05,0.05081532895565033,0.042451283938827966,9.599708883618254e-06,0.04986778646707535,0.04177317383979994,9.011875444771902e-06,0.04905838519334793,0.04118659465558945,8.562088190014614e-06,0.04855571687221527,0.040677233170422294,8.234477759883637e-06,0.04821429401636124
136,14,cross_attn,Vertical,1,0.2884452007119618,0.024735146916429862,0.7950734496116638,0.15729048658931066,0.0017652610133391492,0.3142613470554352,0.1319306767176068,0.0004931272962764622,0.2210085541009903,0.1186649590021088,0.0002082396568178475,0.17066454887390137,0.11138691859585899,0.00010553840882945883,0.1406765878200531,0.10831827055367213,6.579093305287257e-05,0.1350676715373993,0.10628393410690247,4.902334474881969e-05,0.12698891758918762,0.10390793319259371,3.572015364231314e-05,0.1185721904039383,0.10133994997493805,2.468392360677409e-05,0.1120690405368805,0.09910598255339123,1.8091080694717472e-05,0.11082442104816437,0.09751030637158288,1.4711588041890803e-05,0.10955527424812317,0.09640190005302429,1.2609888301527859e-05,0.10827045142650604,0.09560539348730965,1.110365902141436e-05,0.10676787793636322,0.09502882001891969,1.0011325153726634e-05,0.10522538423538208,0.09457720000119436,9.056767782838798e-06,0.10486071556806564,0.09414033414352507,7.985403473543793e-06,0.10457087308168411,0.09369156391374649,6.872254080366376e-06,0.1037464439868927,0.09326538029644224,5.860933612895103e-06,0.10250057280063629,0.09289175413903736,5.067758709480044e-06,0.10122819989919662,0.0925778705212805,4.496814978407337e-06,0.10046832263469696
136,14,cross_attn,Horizontal,1,0.8522497065483577,1.7497967340109846,9.172433853149414,0.21998881820648436,0.005363601585006592,0.48151832818984985,0.1729032930637163,0.001834809792788632,0.2728756070137024,0.14893204009249097,0.0008715388779211534,0.23045846819877625,0.13566157020746716,0.0005061713211510925,0.20567795634269714,0.1266209782352523,0.00031274017597858716,0.18295276165008545,0.11996931961131474,0.0002015000435398831,0.16378650069236755,0.11502304543105382,0.0001365634142840714,0.1482129842042923,0.11123674398376829,9.713422796784338e-05,0.13586851954460144,0.10822547558281156,7.194044424975614e-05,0.12798552215099335,0.10579787703260543,5.5494304874191574e-05,0.12294583022594452,0.10382629777230913,4.425471094377785e-05,0.11950616538524628,0.10220211578740014,3.609971329512324e-05,0.11709398776292801,0.1008412590812123,2.982009213321131e-05,0.11500103771686554,0.09969180242882834,2.4715237482080313e-05,0.11308062076568604,0.09873375627729628,2.056253292211344e-05,0.1112794578075409,0.09795024021277352,1.7298707701119098e-05,0.10966725647449493,0.0973031705334073,1.471624191872041e-05,0.10822931677103043,0.09674064483907488,1.256962532299601e-05,0.10686443746089935,0.09620785902416895,1.071134307289378e-05,0.10551296174526215
136,14,cross_attn,Gaussian,1,0.49864516454556634,0.4762607305823498,5.14911413192749,0.1658579640918308,0.003187509555503637,0.3230276107788086,0.12377915081996767,0.0009953235318757477,0.21901381015777588,0.10577751660630816,0.0004142044568070031,0.16297301650047302,0.0960066770277326,0.00020203985670703354,0.13920298218727112,0.09021703756990887,0.0001157766740640014,0.12024978548288345,0.0863122461097581,7.79749460494764e-05,0.11146420240402222,0.0835486248372093,5.8612427251677e-05,0.10608332604169846,0.08136384271913105,4.604209399841693e-05,0.09984968602657318,0.07960618571156547,3.7398373158845624e-05,0.09641392529010773,0.0782763571256683,3.1484677460816095e-05,0.09384535253047943,0.07721554487943649,2.675745452172432e-05,0.09223467856645584,0.07620011778577926,2.2180638511666897e-05,0.0913219153881073,0.0752047034246581,1.821931548862952e-05,0.09040258079767227,0.07433066422504092,1.5399058763128105e-05,0.08926798403263092,0.07357495420035862,1.351102864491203e-05,0.08808650076389313,0.07289937197689027,1.2152335259482807e-05,0.08680644631385803,0.07229936785168117,1.0923977857638512e-05,0.08531975001096725,0.07178886826076204,9.746278005076982e-06,0.08385588228702545,0.07136160123442846,8.66417031696284e-06,0.08256962150335312
136,14,mix_ffn_after_gate,Vertical,1,0.9049380118884738,0.17456494299868064,2.0182228088378906,0.27454255450339543,0.004275309774254776,0.41212695837020874,0.1403234526515007,0.0004064789143318177,0.18113645911216736,0.09359925358541428,7.307513321445486e-05,0.11226758360862732,0.07331075501583871,2.637459723093517e-05,0.08873766660690308,0.06299701711488148,1.7395093543721782e-05,0.07673748582601547,0.05711474287368003,1.5182632219639094e-05,0.06987406313419342,0.0534801638670384,1.4561916538968652e-05,0.06559880077838898,0.05110473416390873,1.4370172531127903e-05,0.06277003884315491,0.04948679274982876,1.42433302848237e-05,0.060811541974544525,0.04834624847012853,1.4078377957510775e-05,0.0593721941113472,0.04752161093647518,1.3905374557524289e-05,0.058267440646886826,0.04691970921934597,1.3747305474117729e-05,0.05741015076637268,0.04648130789162621,1.3598187334828584e-05,0.05673840641975403,0.046163389843607704,1.3456411749922187e-05,0.05620737373828888,0.04593230174883964,1.332436183417273e-05,0.05578675493597984,0.0457597869847502,1.3206592638949739e-05,0.055597200989723206,0.045622884576755854,1.3108418658736873e-05,0.055441997945308685,0.045505883379115,1.30328665508787e-05,0.05527403950691223,0.04540061282496604,1.2979160087731327e-05,0.05511247366666794
136,14,mix_ffn_after_gate,Horizontal,1,0.8932468143720476,0.16063584637048012,2.0985946655273438,0.2900457401124258,0.003933869015716759,0.41668516397476196,0.16002258232661656,0.0004457348500564137,0.20189154148101807,0.11117292503042826,9.454652866606314e-05,0.13045451045036316,0.08834652685456806,3.099221629779685e-05,0.10031269490718842,0.07621793602667158,1.5038940718413344e-05,0.08477821201086044,0.06918887037133413,9.919027795280383e-06,0.07578205317258835,0.06484922299545909,7.975015068839472e-06,0.07023439556360245,0.06203607150486538,7.121061093932906e-06,0.06720249354839325,0.06012989964986604,6.661249901133682e-06,0.06526410579681396,0.05879266288072344,6.3583888880576096e-06,0.06387080252170563,0.057837460367452534,6.1499457891026944e-06,0.06285551190376282,0.0571503493757475,6.010813266380335e-06,0.06212815269827843,0.056656754206097316,5.900120550077527e-06,0.06163337826728821,0.05630818884524088,5.79810702982685e-06,0.06130801513791084,0.056069564488199025,5.709699715634376e-06,0.06108164042234421,0.05590602643196545,5.643745857763458e-06,0.06089042127132416,0.05578163094700329,5.604481245972771e-06,0.06088632345199585,0.055670458705179275,5.587636661863446e-06,0.0609055757522583,0.05556483401192559,5.586941915621786e-06,0.06090991571545601
136,14,mix_ffn_after_gate,Gaussian,1,0.7939368084309593,0.1687492746541516,1.86317777633667,0.21162798835171592,0.0028903391936116463,0.32489341497421265,0.1072571732931667,0.00024270689191139059,0.14136230945587158,0.07299051262320035,3.9992189807119836e-05,0.08784554898738861,0.05861414767920025,1.1677757593395849e-05,0.0663561001420021,0.05161929195598951,6.559790811603725e-06,0.05669400468468666,0.04773474945908501,5.330370943497612e-06,0.05338773876428604,0.04532137956647646,4.795600228577215e-06,0.05118750035762787,0.04372469578233976,4.504282777686228e-06,0.04957250505685806,0.042637546029355794,4.347890650434629e-06,0.04838518798351288,0.04188689305668786,4.265062798393112e-06,0.047521062195301056,0.041361290133661695,4.2177400025972365e-06,0.04695136845111847,0.040986091430698125,4.182951908038062e-06,0.04670620709657669,0.04071007751756244,4.147143304009708e-06,0.0465366467833519,0.04049877479435906,4.10577725381199e-06,0.04638996347784996,0.04033131069607205,4.0618082714892656e-06,0.04623900353908539,0.0401969411898227,4.0209275799083405e-06,0.04608284682035446,0.04009038564704713,3.987447662364427e-06,0.04593440890312195,0.040007986069198635,3.96326089549118e-06,0.04580612853169441,0.03994600947887179,3.948606267240737e-06,0.045703619718551636
