timestep,position,component,gradient_type,kernel_size,epoch_0_mean_loss,epoch_0_var_loss,epoch_0_max_loss,epoch_1_mean_loss,epoch_1_var_loss,epoch_1_max_loss,epoch_2_mean_loss,epoch_2_var_loss,epoch_2_max_loss,epoch_3_mean_loss,epoch_3_var_loss,epoch_3_max_loss,epoch_4_mean_loss,epoch_4_var_loss,epoch_4_max_loss,epoch_5_mean_loss,epoch_5_var_loss,epoch_5_max_loss,epoch_6_mean_loss,epoch_6_var_loss,epoch_6_max_loss,epoch_7_mean_loss,epoch_7_var_loss,epoch_7_max_loss,epoch_8_mean_loss,epoch_8_var_loss,epoch_8_max_loss,epoch_9_mean_loss,epoch_9_var_loss,epoch_9_max_loss,epoch_10_mean_loss,epoch_10_var_loss,epoch_10_max_loss,epoch_11_mean_loss,epoch_11_var_loss,epoch_11_max_loss,epoch_12_mean_loss,epoch_12_var_loss,epoch_12_max_loss,epoch_13_mean_loss,epoch_13_var_loss,epoch_13_max_loss,epoch_14_mean_loss,epoch_14_var_loss,epoch_14_max_loss,epoch_15_mean_loss,epoch_15_var_loss,epoch_15_max_loss,epoch_16_mean_loss,epoch_16_var_loss,epoch_16_max_loss,epoch_17_mean_loss,epoch_17_var_loss,epoch_17_max_loss,epoch_18_mean_loss,epoch_18_var_loss,epoch_18_max_loss,epoch_19_mean_loss,epoch_19_var_loss,epoch_19_max_loss
999,18,self_attn_after_gate,Vertical,1,0.2005115807766006,0.015498031212761715,0.6353647708892822,0.07997371321396222,0.00017872916580114915,0.117866650223732,0.061474782488648856,8.721878856895718e-05,0.08656691014766693,0.05374124746710535,6.389892053734976e-05,0.0720209851861,0.04897701048425266,5.433466000653021e-05,0.06779500842094421,0.045689340976495595,4.847464544129695e-05,0.06313660740852356,0.0434068918582939,4.542281087685457e-05,0.058960746973752975,0.04168061223176737,4.363104755589138e-05,0.05605434253811836,0.04033447296491691,4.230867655477218e-05,0.05547081679105759,0.039213281302225025,4.1300524640710535e-05,0.05491156503558159,0.038237006980038825,4.064864493377464e-05,0.05404038354754448,0.0373622632275025,4.024227005286651e-05,0.053120844066143036,0.036571047786209315,3.9950647492927834e-05,0.05227304995059967,0.035853395415913494,3.9698209532254874e-05,0.05152357369661331,0.03520028464614399,3.9451231592940936e-05,0.0508640855550766,0.034603000810695075,3.9195949897682423e-05,0.050471171736717224,0.034053629412064475,3.892742862418524e-05,0.05027492716908455,0.033545358076928156,3.86451733341058e-05,0.05005714297294617,0.033072404001676846,3.8350770967901964e-05,0.04982931166887283,0.03262994503454557,3.80471461472032e-05,0.04960056394338608
999,18,self_attn_after_gate,Horizontal,1,0.2427959708230836,0.03467934956822546,1.011265516281128,0.12125205094852144,0.00024020875850866015,0.15463657677173615,0.10285556032544091,0.00013156306822203933,0.1478203386068344,0.09403836857231837,9.905229471777477e-05,0.13517628610134125,0.08835194425450431,0.00010569243916214421,0.13386043906211853,0.0836016432870002,9.026917651657192e-05,0.1235068216919899,0.08019493922354683,7.980196060800037e-05,0.1146918311715126,0.0775514289973274,7.115621873837746e-05,0.10656291991472244,0.07527661536421094,6.134351739300867e-05,0.09795475006103516,0.0732182047906376,5.17921934127309e-05,0.09357240051031113,0.07136907688682041,4.4077691974152374e-05,0.08859901130199432,0.06977759094701873,3.852095937425984e-05,0.0839306116104126,0.06846078390639926,3.474644833320957e-05,0.08046574890613556,0.06737135723233223,3.22242466866852e-05,0.07873798161745071,0.06643026345779025,3.0523674375093744e-05,0.07751622796058655,0.06556965611756795,2.9346494492069548e-05,0.07654880732297897,0.06475675052830152,2.8477946772226548e-05,0.0754278302192688,0.06399004539800068,2.7779869167603012e-05,0.07431493699550629,0.06328083326419194,2.7195382095708385e-05,0.07375285774469376,0.06263925407140974,2.6739434747022032e-05,0.07385566830635071
999,18,self_attn_after_gate,Gaussian,1,0.3541517958991111,0.18226874580791605,2.448619842529297,0.09802800783562282,0.0003371140136030647,0.14750532805919647,0.07406213022177181,0.00013039934451826795,0.10515214502811432,0.06373047988329615,7.613668672624057e-05,0.08438184857368469,0.056856368505765524,6.325058286133876e-05,0.07404933124780655,0.04998905430473979,4.562121221915312e-05,0.06425727903842926,0.04532544539561347,3.565553651111615e-05,0.058849893510341644,0.04219870984790817,3.2076528977230246e-05,0.05423608422279358,0.03985185705361858,3.0504536659855448e-05,0.054437343031167984,0.037983007462961335,2.627036717921248e-05,0.052169982343912125,0.03649583784124208,2.2109705835493756e-05,0.04936513304710388,0.035198552297457816,1.850658299784365e-05,0.045874182134866714,0.03392607044605982,1.581558284584674e-05,0.04518217220902443,0.03274855594195071,1.3912222675930868e-05,0.04385675489902496,0.03176255790250642,1.2420600914978548e-05,0.04220384731888771,0.030945188528488553,1.1246112007562497e-05,0.04093753546476364,0.030255070370104577,1.0414028387313417e-05,0.04027098789811134,0.02967326357842438,9.902002302933795e-06,0.0400359109044075,0.02919448178911966,9.643105193054634e-06,0.03987042233347893,0.02880255082651736,9.674355919573567e-06,0.03966126590967178
999,18,cross_attn,Vertical,1,0.29800748221931006,0.04112745730051153,1.270621657371521,0.14753197890425485,0.0008539215634747739,0.22475150227546692,0.12624946804273696,0.0003540576006975276,0.1694777011871338,0.11726401426962443,0.00020754672692730117,0.15580642223358154,0.11127981153272447,0.00011468697940620104,0.13991257548332214,0.10690561516417398,6.393476268998696e-05,0.12655389308929443,0.10399600343098717,4.290610886023981e-05,0.12102695554494858,0.10161904990673065,2.9980673571196172e-05,0.11619351804256439,0.09996942253339858,2.2426082981776586e-05,0.11292056739330292,0.09857927357393598,1.6754765979919472e-05,0.11077354848384857,0.0972369404302703,1.2245576278122798e-05,0.10870085656642914,0.09620415135508492,9.380395001435064e-06,0.106859490275383,0.09544960362097574,7.687481133210258e-06,0.10537886619567871,0.09477657481791481,6.571210478438793e-06,0.1040925458073616,0.09414713380355684,5.546978542262293e-06,0.1027471125125885,0.09363381919406709,4.700419768424692e-06,0.10152283310890198,0.09322851151227951,4.0738495772757546e-06,0.10055239498615265,0.0929027112230422,3.642319347998201e-06,0.09978263080120087,0.09268074849295238,3.4403227946559167e-06,0.09915430098772049,0.09257157821030844,3.4785796979041356e-06,0.09867028892040253
999,18,cross_attn,Horizontal,1,0.25239948656350847,0.024268783219519294,1.239356517791748,0.14672945546252386,0.0005598752396808002,0.2185310572385788,0.12813439527674328,0.00021690810769535709,0.16847461462020874,0.11744518578052521,0.00012142530477732635,0.14685167372226715,0.11112209054685775,7.408539538044836e-05,0.13183170557022095,0.10610651402246385,4.687572779895466e-05,0.12423395365476608,0.10284359930526643,3.407513868710211e-05,0.11761889606714249,0.10036982205652055,2.579023310974374e-05,0.11479028314352036,0.09843709130608846,2.0146564226997067e-05,0.11193187534809113,0.09718154902969088,1.792244143019917e-05,0.11126600205898285,0.09612466170201225,1.602785108355178e-05,0.1094059944152832,0.09519866357247035,1.337164080678518e-05,0.10813470929861069,0.09446199214647687,1.0791875651848449e-05,0.10601048171520233,0.09390184330561804,8.774487572969184e-06,0.10370104759931564,0.09348667755959526,7.383576620025805e-06,0.10156157612800598,0.09315144542663817,6.401911161574206e-06,0.10064271092414856,0.09282883670594957,5.426982074100395e-06,0.09941710531711578,0.09255266828196389,4.567351685131675e-06,0.09883316606283188,0.09234613357555299,3.822223446793078e-06,0.0980684906244278,0.09218620674477683,3.229194259025529e-06,0.09752579033374786
999,18,cross_attn,Gaussian,1,0.21688913672216356,0.010605421623841258,0.5506371855735779,0.11224711757330667,0.0005893487393226256,0.1756487488746643,0.09572942897913948,0.0002284092483854116,0.137142613530159,0.08676520380235854,0.0001089092568791421,0.11740833520889282,0.08238961157344636,6.776187824377942e-05,0.10670351982116699,0.07957842685873547,4.989596112652254e-05,0.10123758018016815,0.07727889692972577,3.84593884768586e-05,0.09882080554962158,0.07556328047362584,2.8772559935651365e-05,0.09604654461145401,0.07434146378248457,2.1515502675597612e-05,0.09248541295528412,0.07320499136334374,1.631316923875753e-05,0.08838322758674622,0.07227754864900832,1.3521535541896658e-05,0.08536803722381592,0.07160061739739917,1.1794608709341656e-05,0.0822363942861557,0.07108214923313685,1.0441293740545854e-05,0.08230485022068024,0.07072306542642533,9.859744593743357e-06,0.08237004280090332,0.07050721666642598,9.983829724787497e-06,0.0821748822927475,0.0703498859490667,1.027539090441227e-05,0.08151916414499283,0.07019045073834676,1.0283798388164992e-05,0.08158618211746216,0.0700495798909475,1.0149637197352634e-05,0.08200879395008087,0.06996419694688585,1.0217793251759498e-05,0.08234450221061707,0.06994390984376271,1.0654427556341895e-05,0.08283459395170212
999,18,mix_ffn_after_gate,Vertical,1,0.285756025995527,0.05098528505741276,1.1537433862686157,0.09613979359467824,0.0002441697269331138,0.13498151302337646,0.06612256222537585,7.00804099095548e-05,0.08803856372833252,0.051818318724159214,3.93010146099554e-05,0.07815574109554291,0.04326454674204191,2.6904866724034687e-05,0.06738946586847305,0.03727837489356124,1.8228670683371533e-05,0.05632813647389412,0.032953931166539115,1.2994141926481038e-05,0.04684145748615265,0.02986077656821599,1.0798817308012425e-05,0.04119153320789337,0.02751743234694004,1.0065983330163346e-05,0.03938068822026253,0.025672335887239092,9.779962103888553e-06,0.037487439811229706,0.024221110468109448,9.658122606924304e-06,0.03560566157102585,0.023034411408598462,9.71287709159137e-06,0.034037910401821136,0.0220146526597322,9.780370412973477e-06,0.032871223986148834,0.021124677259534125,9.791504989233032e-06,0.03229500353336334,0.02035882117019759,9.8415504988786e-06,0.03215639665722847,0.0196932807771696,9.891647306221473e-06,0.03189236298203468,0.019099893048405647,9.84434541747643e-06,0.03143840283155441,0.018557984071473282,9.646957198599653e-06,0.030770273879170418,0.01805809660563393,9.32097828857508e-06,0.029944444075226784,0.017597846790320344,8.924940682491799e-06,0.029048535972833633
999,18,mix_ffn_after_gate,Horizontal,1,0.44278874520271544,0.1570946671041269,2.2919809818267822,0.137227349101551,0.0004330817157755483,0.18641048669815063,0.10016247913950965,0.00012182198068281162,0.12641406059265137,0.08047946341454036,5.9692154838091645e-05,0.10244154930114746,0.06789876467415265,3.791576345430096e-05,0.08679687231779099,0.058837361692909214,2.782523555470455e-05,0.07501488924026489,0.05183703215822341,2.129905891006058e-05,0.06567123532295227,0.04639865854193294,1.696649635068986e-05,0.05860372260212898,0.04205246683624056,1.4182025396583185e-05,0.05289474129676819,0.03845520873391439,1.2107587748882314e-05,0.048066072165966034,0.03545843715232516,1.053382728675547e-05,0.044100694358348846,0.03295152184982148,9.398399307303311e-06,0.0408988855779171,0.03082610870755854,8.541372899874887e-06,0.03832874447107315,0.02900251131209116,7.900373168627412e-06,0.03625742718577385,0.02743102621937555,7.42474912565009e-06,0.03449319675564766,0.026080493297841813,7.014000089200483e-06,0.032960787415504456,0.024907012573546834,6.587258076893634e-06,0.0315370187163353,0.023861356493499544,6.154865407917061e-06,0.030255313962697983,0.02291359705111337,5.7875523696933445e-06,0.02929065003991127,0.02206514465312163,5.4715888466971e-06,0.02827518619596958
999,18,mix_ffn_after_gate,Gaussian,1,0.8638041681713529,1.4264755819539547,7.215411186218262,0.1632581858171357,0.0005077836336573317,0.21398338675498962,0.12359152911674409,0.00020189818385665622,0.1507962942123413,0.10050897643206612,0.00011365325216553875,0.12471584230661392,0.08514150196597689,7.426286955537507e-05,0.1053805723786354,0.07414943949570732,5.4083084068632986e-05,0.09140178561210632,0.06590971835548916,4.230062330154863e-05,0.08150851726531982,0.05943428358388326,3.422943024814976e-05,0.07362856715917587,0.054177731985137575,2.8193630427241202e-05,0.06731820851564407,0.04981881102162694,2.359106469190664e-05,0.06208933889865875,0.046161903689304985,2.012202717195897e-05,0.05765282362699509,0.04304950731614279,1.7416147621301458e-05,0.053770583122968674,0.04033406492736605,1.5154241061111181e-05,0.050086263567209244,0.03789361187862971,1.3247392045685995e-05,0.046421147882938385,0.03567912225567159,1.1679675080772995e-05,0.043793581426143646,0.033707326603314235,1.0380338866751607e-05,0.04155932366847992,0.03197897382317081,9.301485290808142e-06,0.040192440152168274,0.03046057042148378,8.374034897740206e-06,0.03884202241897583,0.02911368813661356,7.531839758585595e-06,0.03748386353254318,0.027903395128392038,6.761020898548059e-06,0.03605799376964569
999,19,self_attn_after_gate,Vertical,1,0.14935905734697977,0.0115800328601416,0.7408819794654846,0.08760183162632443,1.4808659369146525e-05,0.09479118138551712,0.08271086204146581,1.434391776867629e-05,0.08978643268346786,0.07885585784439057,1.7838276146671496e-05,0.08861444890499115,0.0758187643119267,1.875554764055264e-05,0.08604447543621063,0.07342506874175299,2.087715469467924e-05,0.08395994454622269,0.07138048147871381,2.288452733157414e-05,0.08253984153270721,0.06968916597820464,2.510922810164029e-05,0.08165019005537033,0.06831287622215255,2.8292937692154958e-05,0.08064471185207367,0.06701802125289327,3.1485362528252854e-05,0.07837172597646713,0.06559069448756794,3.245357103774791e-05,0.07625261694192886,0.06428892638475175,3.22635480125448e-05,0.07479236274957657,0.06327288603735348,3.279461666635621e-05,0.07395026087760925,0.06241650205282938,3.405067812494875e-05,0.07432781159877777,0.061611880799607624,3.5634970207196265e-05,0.07438349723815918,0.06081876880119717,3.717886873890851e-05,0.07403130829334259,0.06004371919802257,3.855954979301855e-05,0.07343900203704834,0.05930035129662544,3.978758038662125e-05,0.07274296879768372,0.058596021421844995,4.0891356743752064e-05,0.07201354950666428,0.057933067932488425,4.189336692666281e-05,0.07128569483757019
999,19,self_attn_after_gate,Horizontal,1,0.17920113473184526,0.018619037565670814,0.7289809584617615,0.09329044310346482,5.12105825860521e-06,0.1012970358133316,0.09146004040089864,2.1344313412460566e-06,0.09609463065862656,0.09026153610339241,1.4339584810227215e-06,0.09427075833082199,0.08926848830684783,1.052460719484805e-06,0.09261509776115417,0.08839909957041817,9.282475318741119e-07,0.09116371721029282,0.08761275985411235,9.936924560455414e-07,0.08995427191257477,0.08680695354465455,9.661326260393825e-07,0.0891999751329422,0.08608463607610219,9.308794864077426e-07,0.08813892304897308,0.08546255339705755,9.97189542227472e-07,0.087923064827919,0.08486571352160166,1.0339630701327767e-06,0.08717645704746246,0.08438293269229313,1.2713911170893284e-06,0.08720433712005615,0.08392831032711362,1.6095061444564388e-06,0.08775125443935394,0.08341360754436916,1.6388320098443877e-06,0.08726181834936142,0.08296800251044924,1.685915494953442e-06,0.086691714823246,0.08263226811374937,1.866916525939071e-06,0.0871124118566513,0.08234011393690867,2.0343739852897767e-06,0.0870872437953949,0.08203840858879544,2.180626040850076e-06,0.08649943768978119,0.0817444757336662,2.3937865479720096e-06,0.0858222246170044,0.08146317728928157,2.66560475603533e-06,0.08543285727500916
999,19,self_attn_after_gate,Gaussian,1,0.12553229922103504,0.026161471019677023,1.2214887142181396,0.06045299732968921,2.42146566249297e-05,0.08432653546333313,0.05595582877359693,2.297830502068866e-05,0.07526995241641998,0.05277036556175777,2.1411492658403265e-05,0.0690440833568573,0.05023013936385276,1.7727463160736978e-05,0.0640764832496643,0.04813523933527961,1.5689110214861128e-05,0.059891656041145325,0.046434065001824544,1.4986645980659357e-05,0.05661435052752495,0.04504623435555943,1.4808616357501751e-05,0.05489291995763779,0.0438667976903537,1.3503814876004316e-05,0.05332323908805847,0.04272488108466542,1.1621205152231143e-05,0.05216887220740318,0.04165634648903968,1.0526956210877928e-05,0.051147863268852234,0.04079937166164792,1.0127281448354414e-05,0.050243079662323,0.040042603181468114,9.884536861674195e-06,0.049270618706941605,0.03936564993290674,9.820614674761974e-06,0.048182643949985504,0.03880998858856776,1.016448262465596e-05,0.047731123864650726,0.03833020608576517,1.0838836314403387e-05,0.048084575682878494,0.037855234292764516,1.1434884464342488e-05,0.04895434528589249,0.037381845038561595,1.1677780684774132e-05,0.049803271889686584,0.036976209117306605,1.1837508812963e-05,0.050555355846881866,0.03665950013295052,1.2163267865124172e-05,0.05151677131652832
999,19,cross_attn,Vertical,1,0.17381906994278468,0.04639339957962196,1.5574818849563599,0.08885430177998921,5.5953447418363534e-08,0.08984729647636414,0.08875405374500486,7.229854559437063e-09,0.08913476020097733,0.08875996690420877,8.135754170382674e-09,0.08914884924888611,0.088768493798044,8.189637526825187e-09,0.08912037312984467,0.08878203067514631,7.271016686054315e-09,0.08906489610671997,0.08879526373412874,6.609974477428265e-09,0.08903299272060394,0.08878346083183138,4.123931830133274e-09,0.08901682496070862,0.08876576522986095,3.9381514768809295e-09,0.08903515338897705,0.08876055159739085,4.076471056153264e-09,0.08903507888317108,0.08876181713172368,4.627716384197169e-09,0.08907109498977661,0.08876654399292809,5.7036569732773786e-09,0.08907938748598099,0.08876957093912458,6.034490927221824e-09,0.08906195312738419,0.08877599854317922,5.12886690179909e-09,0.08902391791343689,0.08877166490706187,4.050331466234562e-09,0.08900369703769684,0.08877462243276929,4.999497210388732e-09,0.08907150477170944,0.0887695863133385,5.3894993879697654e-09,0.08906468003988266,0.08876416512898036,4.929541804233454e-09,0.08904862403869629,0.08876680949377636,5.373234514951452e-09,0.08902501314878464,0.08876255805057193,5.33088336523737e-09,0.08903826773166656
999,19,cross_attn,Horizontal,1,0.29687528702474775,0.2974969486556358,3.9647443294525146,0.08901581002606286,2.8776813156624146e-07,0.09129468351602554,0.08874068562946623,3.0650456743364793e-09,0.0889541506767273,0.08873946964740753,2.931632881779279e-09,0.08894402533769608,0.08873934949201251,2.812057081886252e-09,0.08893905580043793,0.0887382800380389,2.731567009620998e-09,0.08893224596977234,0.08873658781013792,2.7343330477404136e-09,0.0889299064874649,0.08873625986632847,2.70166930600859e-09,0.088926762342453,0.08873632609371156,2.651703132736391e-09,0.08892351388931274,0.08873664351209762,2.5652005825056776e-09,0.08892055600881577,0.08873652737765085,2.469137710367076e-09,0.0889187753200531,0.0887356290505046,2.3994755597914646e-09,0.08891735970973969,0.08873500201910262,2.3251589125011487e-09,0.08891429007053375,0.08873473781914938,2.262141967069786e-09,0.08891254663467407,0.08873438019128073,2.21902111273988e-09,0.08891158550977707,0.08873416235049565,2.1753128381488883e-09,0.08890834450721741,0.08873423602845934,2.1398935300588427e-09,0.08890551328659058,0.08873435275422202,2.1056871844838626e-09,0.08890657871961594,0.08873473994788669,2.080774829082523e-09,0.08890891075134277,0.08873604592822847,2.0851867232129757e-09,0.08891105651855469
999,19,cross_attn,Gaussian,1,0.11565642188938838,0.01405835439763287,0.8097771406173706,0.06720499824436885,3.520583245308497e-08,0.06805591285228729,0.06713823382816618,1.7284271642083255e-08,0.06783583760261536,0.06713931120577313,1.5153655746198887e-08,0.06775248050689697,0.0671357734808846,1.5656179690410503e-08,0.06773827970027924,0.06713762276229404,1.499895646107084e-08,0.06771877408027649,0.06713971909549502,1.411739779535843e-08,0.06769566982984543,0.06714133658106365,1.4353279692056094e-08,0.06769107282161713,0.06714057946015918,1.4516075049161911e-08,0.06772109866142273,0.06714234572081339,1.495870097933118e-08,0.0677708089351654,0.06715071248629736,1.4392626626433948e-08,0.06769800186157227,0.06716760141508919,1.5512173018506015e-08,0.06777453422546387,0.06718713352604518,1.3507373527675046e-08,0.06771913170814514,0.06716785012256532,1.1896248934289686e-08,0.06761744618415833,0.06714805499428794,1.1130979877549005e-08,0.06762313842773438,0.06715018361333817,1.185959755145675e-08,0.0677160769701004,0.06715872115085995,1.2370698849718924e-08,0.06765294075012207,0.06716084716812012,1.207138298108027e-08,0.06760676950216293,0.06716727796528074,1.5608331551001715e-08,0.06774604320526123,0.06717671146468511,1.3263628299088673e-08,0.0677398219704628
999,19,mix_ffn_after_gate,Vertical,1,0.27210365058410735,0.18017111997467813,2.9445013999938965,0.0883813849280751,2.850756443553188e-05,0.09793873131275177,0.0776295375729364,1.417491776848939e-05,0.08621814101934433,0.07104450712601344,1.2325069289581105e-05,0.07956022769212723,0.06629952599131872,1.2025693830061854e-05,0.07453227043151855,0.06266899412823101,1.2191211385409855e-05,0.0705176368355751,0.05979229273304107,1.258461547405568e-05,0.06783445924520493,0.05748158592789892,1.3138124247079492e-05,0.06629031896591187,0.055582721732438556,1.3883754266473589e-05,0.06503801047801971,0.053991120190374435,1.4819464897359704e-05,0.06401164829730988,0.05264320325047251,1.5936016128260536e-05,0.063142329454422,0.05149872813905988,1.7095478578644885e-05,0.062402114272117615,0.05053181124348489,1.8138526510985667e-05,0.06179405748844147,0.049670406572875525,1.9024445103874466e-05,0.06144414842128754,0.04878736305094901,1.9971676378748192e-05,0.061482854187488556,0.047788975967301264,2.121360992780975e-05,0.061699047684669495,0.04670822862831373,2.2542806836258983e-05,0.06162106245756149,0.04566624577319811,2.36225791775485e-05,0.061128199100494385,0.04474805679822725,2.4417479748346098e-05,0.06051724776625633,0.043956477076761306,2.498177808034196e-05,0.060048907995224
999,19,mix_ffn_after_gate,Horizontal,1,0.12617099190515185,0.004082910316607382,0.4916861653327942,0.08112046087072008,8.513628453867422e-06,0.08903813362121582,0.0739035341474745,4.2250143949756775e-06,0.0798858031630516,0.06961411367806178,3.4600870671843236e-06,0.07519286125898361,0.06700415530848125,3.895136681476111e-06,0.07265792042016983,0.06519854388066701,4.7388842943243734e-06,0.07125847041606903,0.06374549475454148,5.518549641649615e-06,0.06981940567493439,0.06240420268168525,6.385707519863767e-06,0.06878083944320679,0.06113340191188313,7.227223246269847e-06,0.06786251813173294,0.05997648521784752,7.9986499156754e-06,0.06694960594177246,0.05887445624149035,8.763844384104282e-06,0.06605084985494614,0.05786551475997955,9.427511922027472e-06,0.06520435959100723,0.05694893020249549,9.928200032792865e-06,0.06434963643550873,0.05610566101376972,1.0408814370902674e-05,0.06353369355201721,0.055344643692175545,1.0859624293884416e-05,0.06302016973495483,0.05459395606839468,1.119153160953534e-05,0.06272587180137634,0.053839374629278035,1.1486731496311333e-05,0.06214766576886177,0.05315349789129363,1.1791175286566442e-05,0.061454810202121735,0.05256258105001752,1.2144067803513608e-05,0.061042267829179764,0.05202035067809953,1.248826729396694e-05,0.060735903680324554
999,19,mix_ffn_after_gate,Gaussian,1,0.1080328022085485,0.0092079152206932,0.6586544513702393,0.04137038764736009,1.3271528946355512e-05,0.04969149827957153,0.03736206380620835,8.415909341972818e-06,0.045358624309301376,0.03571690639687909,8.414714958931816e-06,0.043931685388088226,0.0344785994717053,7.928584532059504e-06,0.04196200892329216,0.03333831729278678,7.520633097817377e-06,0.040458258241415024,0.03227495759843834,7.374799403209584e-06,0.039375513792037964,0.03135553404452309,7.423480080618698e-06,0.03840925544500351,0.030560729108632556,7.52054819811327e-06,0.03754784166812897,0.02989802893901628,7.593459532469235e-06,0.03667162358760834,0.02930893006897162,7.660171069070611e-06,0.036794111132621765,0.02876984230464413,7.661805375852709e-06,0.036188118159770966,0.02833310520601651,7.761046851545325e-06,0.03520818054676056,0.027979278996113747,7.96441063391429e-06,0.03448469191789627,0.027659075364233957,8.155250875297101e-06,0.034238092601299286,0.027346608716817128,8.261522610015123e-06,0.03449656441807747,0.027037397381805238,8.27133335894554e-06,0.034543901681900024,0.02673594570822186,8.208003741614538e-06,0.03443125635385513,0.026446523470064952,8.098293111583156e-06,0.034207575023174286,0.026170847257451404,7.961171554618648e-06,0.0339052677154541
982,18,self_attn_after_gate,Vertical,1,0.2610972238674996,0.03641230890803034,0.8402007818222046,0.11342966272717431,0.00030146389670878565,0.15218937397003174,0.0855861772147436,0.00010449002812516205,0.11437259614467621,0.0731876234095248,6.600503621313598e-05,0.09531249105930328,0.06625728663944062,5.900385836603864e-05,0.08508166670799255,0.06214502075361827,6.474895277261659e-05,0.08393898606300354,0.05939097430497881,7.169292201327464e-05,0.08135081827640533,0.057003575362383374,7.135235673062811e-05,0.07637613266706467,0.05493233482989054,6.744228406139441e-05,0.07605282962322235,0.053207990964726795,6.357230798755452e-05,0.07538989931344986,0.05181112104938144,6.080832743466386e-05,0.07428860664367676,0.050675257567375426,5.889258108742397e-05,0.07298789918422699,0.04971665333187769,5.7332927881825e-05,0.07152663171291351,0.04886874456017736,5.5850372808580985e-05,0.06993866711854935,0.04809207291830154,5.436559856804316e-05,0.06828642636537552,0.04736677941585344,5.287655335345231e-05,0.06662476062774658,0.04668206496844216,5.138735862592875e-05,0.06498280167579651,0.046030177720009335,4.9894100736140824e-05,0.06336911767721176,0.04540419897862843,4.838924486889724e-05,0.061782266944646835,0.04479776730849629,4.6869970612885e-05,0.06021913141012192
982,18,self_attn_after_gate,Horizontal,1,0.3162698776475967,0.1174699127012176,2.113719940185547,0.12648304078787093,0.0001893584594504598,0.16942904889583588,0.11121583339713868,8.138869912147268e-05,0.13391950726509094,0.10301576259117277,5.3692941327392885e-05,0.13101474940776825,0.09798919870739892,3.892023491714695e-05,0.1265166848897934,0.09511573825563703,3.3117540333642394e-05,0.12102104723453522,0.09325831761908909,2.8679779455899667e-05,0.11581411957740784,0.09185421904401174,2.5489350350252806e-05,0.11098994314670563,0.09026348011361228,2.4061562652954375e-05,0.1071980744600296,0.0883099093796715,2.164903686814278e-05,0.1035778671503067,0.08653335722665938,1.8980761580905122e-05,0.09884793311357498,0.08512126890912888,1.7289852038660356e-05,0.09528665244579315,0.08393035497930315,1.635895835282819e-05,0.09329795837402344,0.08285534547434913,1.603514532127322e-05,0.09161953628063202,0.0819143345431676,1.6126074779625944e-05,0.09039155393838882,0.08113428583693882,1.6306233912947313e-05,0.08998198062181473,0.08049105900147605,1.6256109016077454e-05,0.08973821252584457,0.07992734488040681,1.577263815735497e-05,0.08925898373126984,0.07941334919323997,1.5092362371790278e-05,0.08845893293619156,0.07897117355513195,1.4494563809479297e-05,0.08752027153968811
982,18,self_attn_after_gate,Gaussian,1,0.11085083844169738,0.003727595850131402,0.3876384496688843,0.06684905657219509,8.082929463436833e-05,0.08962538838386536,0.06127192966994785,0.00011659336762219472,0.09104745090007782,0.05362937699944254,6.984077455989827e-05,0.0859365463256836,0.04778207188087796,3.771305777648294e-05,0.07011716812849045,0.044143161662514245,3.4103449662330884e-05,0.06382957100868225,0.041152505115384146,3.174304719429721e-05,0.0606699138879776,0.03873393622537454,2.4848454039311262e-05,0.05450212210416794,0.03694069994583962,1.8865951340885128e-05,0.049395158886909485,0.03563601993733928,1.5170658843769076e-05,0.047595929354429245,0.03476672891586546,1.4362410417997867e-05,0.04815385118126869,0.03418684987321732,1.4859676659578814e-05,0.048518478870391846,0.033739784200276644,1.5617417141935746e-05,0.048518501222133636,0.03331825905849063,1.6181109186400863e-05,0.04812375456094742,0.032889588336859434,1.6370741940276575e-05,0.04741162806749344,0.032461709268982446,1.6243279558539326e-05,0.046528592705726624,0.03204480996207586,1.5911931193459727e-05,0.04557862505316734,0.0316411272755691,1.5454838833963754e-05,0.044608838856220245,0.031247622555210477,1.491367671026426e-05,0.043634768575429916,0.030858799371690976,1.4307164465482978e-05,0.042657844722270966
982,18,cross_attn,Vertical,1,0.3459944263810203,0.03422582726339406,0.9688900709152222,0.16760196288426718,0.0009737768550283007,0.2459612488746643,0.13836077624370183,0.00035239797461970835,0.18616828322410583,0.12349682301282883,0.00017037246580309427,0.16185349225997925,0.11474041628932195,8.648167213779407e-05,0.14459320902824402,0.10965377624545779,5.572928132532707e-05,0.13385510444641113,0.10632102901027315,4.25200476863671e-05,0.12729141116142273,0.10386716314251461,3.341599315747589e-05,0.12342340499162674,0.10179262691073948,2.549915097215499e-05,0.11939004063606262,0.09990046918392181,1.8969116014391288e-05,0.11455511301755905,0.09828883835247584,1.4114617522302447e-05,0.11015227437019348,0.097033586293932,1.0893832555743175e-05,0.10700228065252304,0.0960767718534621,8.880839412995315e-06,0.10488986223936081,0.09533437932767565,7.6048796721921915e-06,0.10324105620384216,0.09473772760894564,6.634391459904735e-06,0.10167663544416428,0.09426444875342506,5.789373225884122e-06,0.10024305433034897,0.09388408254063318,5.021243839247794e-06,0.09913301467895508,0.09353829683765533,4.292327979273158e-06,0.09819907695055008,0.09321800489274282,3.630297687669616e-06,0.0976281687617302,0.0929795243437328,3.1088170054537098e-06,0.09742733836174011
982,18,cross_attn,Horizontal,1,0.3938413777994731,0.11682082119887457,2.3052759170532227,0.18016898537439013,0.0014216244191229857,0.2938726544380188,0.14925867295454417,0.000589425707989248,0.21457844972610474,0.13253895205164712,0.0003432190109022769,0.2023489624261856,0.12085033503789751,0.00021431420667367146,0.18517759442329407,0.1144628023344373,0.00014307992312221496,0.16860894858837128,0.11023274572595718,9.045145895184204e-05,0.15067140758037567,0.1071708318259981,5.715174163426462e-05,0.13638994097709656,0.10484877370652698,3.8471426082217114e-05,0.12586607038974762,0.10280246346715897,2.8012715997748936e-05,0.11878073215484619,0.10093850701574296,2.1214567461318766e-05,0.11593590676784515,0.09938088331430678,1.6059581857314554e-05,0.11297912895679474,0.09812461738548582,1.2323536431273728e-05,0.11022482812404633,0.09708561180602937,9.6199866188826e-06,0.10774241387844086,0.09622032136198073,7.5830453180617245e-06,0.1055627316236496,0.09553026443436033,6.09272004267602e-06,0.10372316837310791,0.09500600953423788,5.069448904053607e-06,0.10213316231966019,0.09461157331390986,4.400371117717567e-06,0.10068780183792114,0.0942848790732641,3.919428153024818e-06,0.09936806559562683,0.09397627874499276,3.458585427317002e-06,0.09829048812389374
982,18,cross_attn,Gaussian,1,0.34230311439623906,0.07331078564220753,1.7974071502685547,0.150345202949312,0.0013391660380364255,0.2980683445930481,0.1205418323950162,0.000432576986744458,0.18518343567848206,0.10510813196500142,0.00021348532856730037,0.13803830742835999,0.09489837194245959,0.00012595869125790724,0.1278119832277298,0.0889203930421481,8.393461966607751e-05,0.11711203306913376,0.08477768372921717,5.392571289747212e-05,0.10785211622714996,0.08164772249403454,3.652177542806025e-05,0.10291153192520142,0.07919804598130877,2.710018839819452e-05,0.09790250658988953,0.0770977854965225,2.0170056939785537e-05,0.0928458422422409,0.07533264443987892,1.5030518836900655e-05,0.08825737237930298,0.07399457775884205,1.1716110090511215e-05,0.08373431116342545,0.07294296118475142,9.404890006476007e-06,0.07961712777614594,0.07202217680594278,7.586641384930296e-06,0.07781615853309631,0.07118818483182363,6.231294998243423e-06,0.07670265436172485,0.07047642128808158,5.393150527894052e-06,0.07566448301076889,0.0698893249980987,4.950090358920798e-06,0.07510296255350113,0.06939855135149425,4.747964497647562e-06,0.07461660355329514,0.06897311870540891,4.658982816166485e-06,0.07424598932266235,0.06858755387957134,4.567120694080525e-06,0.0739658921957016
982,18,mix_ffn_after_gate,Vertical,1,0.31702684693866306,0.055014065195623026,1.546963095664978,0.11843918323043794,0.00034716279324213266,0.1592777818441391,0.0856637955894546,9.889973437216597e-05,0.11373661458492279,0.06861078337071434,5.281851082477535e-05,0.0886266678571701,0.057937485653729665,3.777615088973074e-05,0.0733901709318161,0.05079299235154712,3.0275763388117897e-05,0.06456911563873291,0.04558999824618536,2.507332450709514e-05,0.05808284506201744,0.04165776836730185,2.1422247451200585e-05,0.05324435234069824,0.03850008609394232,1.909817698405761e-05,0.04949644207954407,0.036001689259022,1.7561130166159525e-05,0.04669710248708725,0.03400712673153196,1.652246734167534e-05,0.04421357065439224,0.03239123360623443,1.5927436816512484e-05,0.04200325161218643,0.03110878568674837,1.576560604399521e-05,0.040259987115859985,0.03006997595112475,1.5887263543528813e-05,0.038902170956134796,0.029150635122306763,1.5927298125873633e-05,0.038062527775764465,0.028265352612213482,1.5675230595310785e-05,0.03751709684729576,0.02739111946097442,1.5142132513119086e-05,0.03694859892129898,0.02653463418403315,1.4409131718650041e-05,0.03623618930578232,0.025706977864343023,1.3554409611712129e-05,0.03536418080329895,0.024925281308473102,1.267430680947265e-05,0.034382134675979614
982,18,mix_ffn_after_gate,Horizontal,1,0.6056166740636977,0.43314862961302325,4.418497562408447,0.17671629360743932,0.0005154502259272738,0.22448696196079254,0.1317210950785213,0.0001521811854816821,0.15952476859092712,0.10990567434401739,8.894554274519912e-05,0.13209882378578186,0.09500633783283688,6.064429030351413e-05,0.11408692598342896,0.08368814476425686,4.473253215136794e-05,0.10153587907552719,0.07485517971808948,3.411374242032399e-05,0.09099876880645752,0.06779070884462386,2.70261161271112e-05,0.08258633315563202,0.062042273581027985,2.2652037169487936e-05,0.0760030448436737,0.05730566944158266,1.9694154348363837e-05,0.07058194279670715,0.053384279625283346,1.7413020294902864e-05,0.0660613626241684,0.050083711211170466,1.5621457717206722e-05,0.06232086941599846,0.04722698937569346,1.424636225689978e-05,0.059319205582141876,0.0447222465678813,1.3309632297417025e-05,0.05682778358459473,0.042549952214199396,1.2549759322776556e-05,0.054460909217596054,0.04066347372200754,1.1829662905713854e-05,0.0522083081305027,0.0390025649278883,1.119027841018935e-05,0.050130512565374374,0.03752150549183762,1.0688902878061708e-05,0.048265472054481506,0.03619449567936715,1.0339052887429496e-05,0.04664909839630127,0.03500460085296442,1.0105509885228232e-05,0.04527116194367409
982,18,mix_ffn_after_gate,Gaussian,1,0.29278033498733763,0.04066576200392408,0.9857989549636841,0.11745367601277336,0.0003244985222462788,0.165800541639328,0.08635246268813572,0.000133116518194686,0.11415768414735794,0.06903249344655446,6.973723843080639e-05,0.091478131711483,0.05813323387077877,4.448095927213539e-05,0.07559636235237122,0.05066164021217634,3.0368940611960148e-05,0.06410451233386993,0.04525566840219119,2.2515871747612878e-05,0.05636044591665268,0.0412079200503372,1.836076129506518e-05,0.051563866436481476,0.037824979554566124,1.5240106923532028e-05,0.04739809036254883,0.03499095520329854,1.3305357261081879e-05,0.044161416590213776,0.03276205361480751,1.2534943143906066e-05,0.04156996309757233,0.030964370196064312,1.2215524965537587e-05,0.039701685309410095,0.02943344594585517,1.148793894636571e-05,0.037957169115543365,0.028119185525510047,1.044748080424365e-05,0.036203205585479736,0.02699491171728051,9.445417568746072e-06,0.03453897684812546,0.025990848266889178,8.420965553829364e-06,0.03286510333418846,0.025051347793094696,7.329923877687445e-06,0.031173471361398697,0.02417413905144684,6.296133179644696e-06,0.02963239699602127,0.023389986671862147,5.463726700915008e-06,0.028372297063469887,0.02271626333868693,4.853752779673406e-06,0.02737574651837349
982,19,self_attn_after_gate,Vertical,1,0.2072426433128024,0.09551559095491673,2.315268039703369,0.08836772564857726,3.7179400999544065e-06,0.09244707971811295,0.08596896131833394,4.949745560521734e-06,0.09038414061069489,0.08392923502694993,6.393448571612812e-06,0.08815714716911316,0.08213146988834653,8.118364563688275e-06,0.08746277540922165,0.08055907594306129,9.827906110712835e-06,0.08665087819099426,0.0792235013038393,1.1980202168680287e-05,0.08519643545150757,0.07795383580147273,1.3763329028749906e-05,0.0850927084684372,0.0768238300132373,1.4969109507781276e-05,0.08482059836387634,0.07569392853313023,1.6207004481329085e-05,0.08360200375318527,0.07454212080864679,1.7178560637369764e-05,0.0828872099518776,0.07355413089195888,1.8374149370421692e-05,0.08250677585601807,0.07266188791346928,1.9258378312900135e-05,0.08222560584545135,0.07176026512706091,1.9566754422017704e-05,0.08169311285018921,0.07085116089336456,1.9884859838106278e-05,0.08113968372344971,0.07000778290250945,2.0272314057705292e-05,0.08065874874591827,0.06921544322182262,2.0688761628509954e-05,0.0802195817232132,0.06842335094771688,2.1234202028326055e-05,0.079911008477211,0.06763656354612774,2.1817990196486984e-05,0.0796733945608139,0.06690608993882224,2.2360306614582295e-05,0.07933073490858078
982,19,self_attn_after_gate,Horizontal,1,0.11286856695300057,0.0017175389205059527,0.37048840522766113,0.0924826402749334,3.336945303467694e-06,0.0982610359787941,0.09096032865936794,2.481370795992459e-06,0.09516050666570663,0.08999160038573402,1.935367065275277e-06,0.0945061668753624,0.0892817499855208,1.9841244100972428e-06,0.09400884807109833,0.08894773962951842,2.504706532571348e-06,0.09522531926631927,0.08831167575858888,2.471058535528387e-06,0.0935952365398407,0.08747467516906678,1.8408233594839971e-06,0.09112261235713959,0.08698146944008177,1.704242695523649e-06,0.09032931923866272,0.08667042295611094,2.0157033728659006e-06,0.08984550833702087,0.08646329421372641,2.703161100607502e-06,0.09026061743497849,0.08626735257723975,3.458197250428564e-06,0.09094968438148499,0.0860114118882588,4.026316123643017e-06,0.09153039753437042,0.08570323482392327,4.3731238991448e-06,0.09207065403461456,0.08537718748289441,4.591384911425467e-06,0.09239841997623444,0.08505038645059343,4.743070711781052e-06,0.09260307252407074,0.08472773432731628,4.854118942855027e-06,0.09273196011781693,0.0844098406415137,4.9344410700513275e-06,0.09280342608690262,0.084096007876926,4.9870568720825835e-06,0.09281831979751587,0.08378563915926313,5.013347359540509e-06,0.09276808798313141
982,19,self_attn_after_gate,Gaussian,1,0.13405334896274976,0.029217336854266526,1.2257769107818604,0.060390171905358635,1.565989089423877e-05,0.0687517374753952,0.05594241181536326,1.5015828619741018e-05,0.06356576085090637,0.052769476873061015,1.4285939961697505e-05,0.06085994094610214,0.05085370323014638,1.5069812476102758e-05,0.05936940014362335,0.049402165330118604,1.5964165455120404e-05,0.059328436851501465,0.048088459327580435,1.6251804981359488e-05,0.05794656276702881,0.04713798716427788,1.5746840661556282e-05,0.05718664824962616,0.04634241209853263,1.5127200000117956e-05,0.05584903806447983,0.04549852226461683,1.3850696988936895e-05,0.052959829568862915,0.044713032328420214,1.3192006360000959e-05,0.05356784909963608,0.043998432242208056,1.3369450790355704e-05,0.05421966314315796,0.04320991003797168,1.3114238878352734e-05,0.053128212690353394,0.04243556025718886,1.2021383987776374e-05,0.051150351762771606,0.04185797575683821,1.1062599266786437e-05,0.05148947238922119,0.04145227975788571,1.0578216468415757e-05,0.0517142191529274,0.04106105556563726,1.0604282416129559e-05,0.05153046175837517,0.040612753125883284,1.0904966023030255e-05,0.05077161639928818,0.040186883615595956,1.1265543789434151e-05,0.049942970275878906,0.03983528155183035,1.1783007365064232e-05,0.04943445697426796
982,19,cross_attn,Vertical,1,0.14497737681108808,0.019037478653207346,0.9798191785812378,0.08889629289744393,8.302545463801776e-08,0.08996092528104782,0.08878948421232284,3.4301472426478e-08,0.08959200978279114,0.088791699518287,3.203857512190071e-08,0.08956137299537659,0.08880380328212466,3.4386892323774963e-08,0.0896233320236206,0.0888227800291682,3.077286068857912e-08,0.08957814425230026,0.0888403816119073,2.2529883346140354e-08,0.08947472274303436,0.08880794213877784,2.1187789308657244e-08,0.08945249021053314,0.08880524514686494,2.105393110947589e-08,0.08943021297454834,0.08882554596851742,2.5142052801181907e-08,0.08948922157287598,0.08883827901075757,3.058127167190277e-08,0.08967600762844086,0.08882226806784434,2.268231860095135e-08,0.0895281434059143,0.08881988530121153,1.71493095899672e-08,0.08938932418823242,0.08880920116863554,1.4572733344836937e-08,0.08936792612075806,0.0887998788366242,1.4706278033959414e-08,0.08930951356887817,0.08878832322264475,1.368567162857435e-08,0.08930717408657074,0.08878416934656719,1.5468165249323913e-08,0.08929932862520218,0.08877980437070604,1.2583714933033437e-08,0.08925366401672363,0.08879075435891984,1.196466675792041e-08,0.08924734592437744,0.08881728776863643,1.4358794939143264e-08,0.08925347030162811
982,19,cross_attn,Horizontal,1,0.11026919916981742,0.002466942011605724,0.4116886854171753,0.088820328906415,1.587096774455409e-08,0.08924610167741776,0.08880038760484212,1.3982783872930712e-08,0.089264877140522,0.08880120125554856,1.2094227145086472e-08,0.08923984318971634,0.08879061811973178,1.3078602796820544e-08,0.08922568708658218,0.08881679898689664,1.693899224760625e-08,0.08941024541854858,0.08881404404602354,2.1887926184318333e-08,0.08968130499124527,0.08881433662914094,1.7134562988669823e-08,0.08951567858457565,0.0888354027318576,2.276675087483899e-08,0.089445099234581,0.08886465181907018,2.7653210834074683e-08,0.08960738778114319,0.0888574951224857,3.641392656737563e-08,0.08963365107774734,0.08889209360830368,4.250243186359469e-08,0.08959077298641205,0.08889400166651559,3.2452282169943796e-08,0.08945900946855545,0.0888700427280532,1.494571972962314e-08,0.0892055332660675,0.08882501543987364,1.653407851322303e-08,0.08922766149044037,0.08883908485609388,1.8537233768258076e-08,0.08929459750652313,0.08886647744784279,2.0409807540039005e-08,0.089222252368927,0.08889958297922498,4.295550908699199e-08,0.0896545946598053,0.08893853189453246,6.61457009144945e-08,0.09005369991064072,0.08896429576571026,1.2443264258335e-07,0.09051026403903961
982,19,cross_attn,Gaussian,1,0.18907507414382602,0.09832802153498593,2.26224422454834,0.06731754340349681,1.446544090088096e-07,0.06888897716999054,0.06712385811029918,6.974848535077893e-09,0.0674528032541275,0.06711947030964352,7.1377981617989036e-09,0.06744077801704407,0.06712084476436887,7.085982124573301e-09,0.06744709610939026,0.06711917358731466,6.5130289248096276e-09,0.06743885576725006,0.06711911303656441,6.4646426939235814e-09,0.06743554025888443,0.06711889070177836,6.0109108316737214e-09,0.0674227923154831,0.06711981232677187,5.783274835089504e-09,0.06741367280483246,0.06712247324841362,5.450316673921341e-09,0.06740587949752808,0.0671272264823081,5.412380905959707e-09,0.06740939617156982,0.06713507868467815,6.107848830244268e-09,0.06745443493127823,0.06713316684204435,6.406997480162318e-09,0.06750568002462387,0.06712811511187326,5.2801100277139985e-09,0.06748031079769135,0.06712761024634044,4.390079624342892e-09,0.06742656975984573,0.06712411143003948,4.199557264913106e-09,0.06739969551563263,0.06712310501034298,4.20551055031282e-09,0.06741517782211304,0.06711981823993107,4.0676909616160075e-09,0.0674084946513176,0.06711587830195351,3.7842463706464696e-09,0.06739131361246109,0.06711556478625252,3.858615946036247e-09,0.06739544868469238
982,19,mix_ffn_after_gate,Vertical,1,0.34282786387299735,0.37836247031484727,4.136537551879883,0.09274856923591523,3.918855089727127e-05,0.10837528109550476,0.08234386228852802,1.3844545564667781e-05,0.09135263413190842,0.07663317213928889,1.168366891828269e-05,0.08508457243442535,0.0722901692229604,1.1041381233060469e-05,0.08089093118906021,0.06882265210151672,1.0826899608546322e-05,0.07751984149217606,0.06607432196301127,1.0974811899915901e-05,0.0750274509191513,0.06388525895419575,1.144902284262152e-05,0.07329460978507996,0.06211802653140492,1.214986798728728e-05,0.0721784234046936,0.06067007632246093,1.2956042000753237e-05,0.07146503031253815,0.059461347049190885,1.3786207647584889e-05,0.07093781232833862,0.058432689853130826,1.4621456852013811e-05,0.07048237323760986,0.05754568415974814,1.5554843355421272e-05,0.06997919082641602,0.05676971979084469,1.6748495283538204e-05,0.06941813230514526,0.05608580675390032,1.8178525313857803e-05,0.06888933479785919,0.05549463387283068,1.964872871759028e-05,0.06836733222007751,0.0549775974618064,2.086974470159799e-05,0.06774358451366425,0.054475011570113044,2.1518637158577448e-05,0.06703932583332062,0.05390642104404313,2.1639518555670484e-05,0.0664648711681366,0.05322558001156837,2.169784079046818e-05,0.06618746370077133
982,19,mix_ffn_after_gate,Horizontal,1,0.4360585483530211,0.668154591588066,5.1763834953308105,0.10000618831032798,2.7785604796001263e-05,0.1145324856042862,0.08870282166060947,5.286106315819501e-06,0.0934218019247055,0.08248540759086609,2.999645925678026e-06,0.08613564074039459,0.07811819951212595,2.4622610515703293e-06,0.08162130415439606,0.07485750412184095,2.470505997797888e-06,0.0785483568906784,0.07237444439577678,2.728086257792914e-06,0.07634589076042175,0.07047304463764978,3.1268793474972713e-06,0.07477334886789322,0.0690093482770617,3.6054460788218044e-06,0.0737110897898674,0.06786823272705078,4.116895317614795e-06,0.07298218458890915,0.06695768444074525,4.633798534149118e-06,0.0724102184176445,0.06620793488054048,5.149384363125628e-06,0.07196523994207382,0.06556891868748362,5.655146509409734e-06,0.07160995900630951,0.06500556970399524,6.14015964789117e-06,0.07130388915538788,0.06449421654854502,6.596588833609859e-06,0.07105717808008194,0.06401944391074635,7.0171191482759054e-06,0.07085464894771576,0.06357161464199187,7.395054792900496e-06,0.07065895199775696,0.06314507044023937,7.727586353755128e-06,0.07046344876289368,0.06273610505556303,8.015499007301182e-06,0.07026614248752594,0.06234137530601214,8.263455703534353e-06,0.07006770372390747
982,19,mix_ffn_after_gate,Gaussian,1,0.19765243578761343,0.10470327383679735,2.205936908721924,0.05040809216480407,2.131113755375466e-05,0.060930285602808,0.04295303613420517,1.016978655939874e-05,0.05030912160873413,0.039943150702923064,8.786423554049681e-06,0.04755321890115738,0.038458701045740215,7.926395978630397e-06,0.04576728120446205,0.03750796125285209,7.45356139736092e-06,0.044732000678777695,0.03676755386330779,7.108294843431303e-06,0.04355639964342117,0.03613899801931684,6.96591770529154e-06,0.04268772900104523,0.035562177972188073,6.889938777491845e-06,0.042102567851543427,0.035019282961175555,6.787544314905748e-06,0.04169672727584839,0.03451319680445724,6.688190656309231e-06,0.041270993649959564,0.03404262916199745,6.627236798251247e-06,0.04079063981771469,0.03359642598245825,6.571514808462566e-06,0.040201716125011444,0.033167782934412124,6.470144790463995e-06,0.03946157544851303,0.03276336042299157,6.356956118335854e-06,0.03873004764318466,0.03239100325911764,6.271384636582638e-06,0.03812800347805023,0.0320442799951822,6.214879666777287e-06,0.03763629123568535,0.031704635285432374,6.1668049291063945e-06,0.03722873330116272,0.03135983264517216,6.08157426212835e-06,0.03687376156449318,0.03102193054343973,5.956263365487554e-06,0.03656912222504616
963,18,self_attn_after_gate,Vertical,1,0.4529281288148865,0.8207055681814935,6.407711982727051,0.10313649073479668,0.0001282878976135822,0.13597650825977325,0.09419592540888559,0.00010023086837504077,0.11727535724639893,0.08747819704668862,7.936890681872069e-05,0.10738417506217957,0.08205410672558679,7.062886647758122e-05,0.10162308812141418,0.07816535128014428,7.182220046092013e-05,0.09842891991138458,0.07491579220171958,7.252096563306752e-05,0.09667316824197769,0.07179092864195506,7.12721673665537e-05,0.09314151853322983,0.06917101759759206,6.978407115411397e-05,0.08958327770233154,0.06713980010577611,6.9447686036721e-05,0.08637867867946625,0.06540261794413839,6.772336776545302e-05,0.08430755138397217,0.06378036802486768,6.362859397656424e-05,0.08189773559570312,0.06228025334458503,5.9654345756453337e-05,0.08021201193332672,0.060939900281410365,5.687237105719449e-05,0.07890783995389938,0.059698766540913356,5.48007039574938e-05,0.07757079601287842,0.058515078491634794,5.2866684141150623e-05,0.07599054276943207,0.05741606185597087,5.1250579200206784e-05,0.07446464896202087,0.05643537930316395,5.01376284556232e-05,0.07319580018520355,0.055563113341728844,4.934311373352234e-05,0.07209064066410065,0.054764833360437366,4.890830576786634e-05,0.07110747694969177
963,18,self_attn_after_gate,Horizontal,1,0.15206969848700932,0.004806121874611759,0.5538293719291687,0.10906432119626848,6.916063849122752e-05,0.1336897611618042,0.10206681430812865,2.828150734416053e-05,0.1145891398191452,0.09920972112625365,2.531627884349302e-05,0.11099263280630112,0.09618762159158313,1.9449511109375526e-05,0.10759998112916946,0.09445902953545253,2.369616891136888e-05,0.10852714627981186,0.09236567692151146,1.8600258123612675e-05,0.10474415123462677,0.09060468288168075,1.4069082243980429e-05,0.10235415399074554,0.0891261716920232,1.0966307755802064e-05,0.10040664672851562,0.08773007705098107,7.3795530572934375e-06,0.09629198908805847,0.08663715859727254,5.695332154038644e-06,0.09403850883245468,0.08580737182545284,5.3960122394778305e-06,0.0936354398727417,0.08502766395372058,5.259733169732105e-06,0.0930277481675148,0.08433863638885437,5.33516453938826e-06,0.09221445769071579,0.08378207588952685,5.594065073810824e-06,0.0920758843421936,0.08331148397354853,5.935613334326509e-06,0.09276075661182404,0.0828936995258407,6.36172129532298e-06,0.09351713210344315,0.08252542300356759,6.786637774894775e-06,0.09399056434631348,0.08220121441852479,7.1823610296895255e-06,0.09421546757221222,0.08190294970122594,7.5321991709052764e-06,0.09420333802700043
963,18,self_attn_after_gate,Gaussian,1,0.2600258718880396,0.19727265471892294,3.367875099182129,0.08351674983425746,0.00023684867711406545,0.1788080930709839,0.07152438962033816,0.00011866764949388761,0.1308954954147339,0.0639387069950028,6.851184422021525e-05,0.10259279608726501,0.05919716938857048,5.732182330329683e-05,0.09142129868268967,0.056132493451947256,6.555742010261406e-05,0.09139122068881989,0.053264367970682326,6.165956116239029e-05,0.0862479954957962,0.050440665807515855,4.52866341830491e-05,0.07505211234092712,0.04814942281634089,3.367779667361038e-05,0.06555119156837463,0.045959388334599754,2.39401281569328e-05,0.06089349091053009,0.04397480816595138,1.845817722790761e-05,0.056172020733356476,0.04244200802511639,1.5994270442021923e-05,0.05399847403168678,0.04121732244652415,1.4576947998569674e-05,0.05260315537452698,0.04014991229725263,1.3919559308499888e-05,0.05140931159257889,0.039203867611903996,1.34997517922447e-05,0.05027145519852638,0.03840539338333266,1.313907163943771e-05,0.04922487959265709,0.03773165500116727,1.2989200813565137e-05,0.04823889210820198,0.037141191285280956,1.3099447275230263e-05,0.04721609503030777,0.03662278609616416,1.338115264854548e-05,0.04617777094244957,0.036187764966771716,1.3859615860930194e-05,0.04528786242008209
963,18,cross_attn,Vertical,1,0.42511498194838326,0.09508614564909323,1.862863540649414,0.1776392159480897,0.0008918851936153492,0.27709871530532837,0.14329704370290514,0.0003193601606352584,0.1928488314151764,0.12701898848726637,0.0001699428555281937,0.16894926130771637,0.11851503309749421,0.00011123540619683218,0.1493641436100006,0.11256593288410277,6.93608675197828e-05,0.13538858294487,0.10857184195802325,4.381365331694464e-05,0.12983518838882446,0.10574324618256281,2.968794580798525e-05,0.12428194284439087,0.10353347032316147,2.1979094794317392e-05,0.11835096031427383,0.1018500014666527,1.744148614777475e-05,0.11405214667320251,0.10058035133850007,1.4423341977480843e-05,0.1105557233095169,0.09953649519454866,1.2157488911688702e-05,0.10798440128564835,0.09857803488534594,1.0234463761764924e-05,0.10644291341304779,0.0976634140289019,8.618478842202713e-06,0.10533571243286133,0.09682724009903651,7.357617102724094e-06,0.10418614745140076,0.09610039894542997,6.43794157080508e-06,0.10328982770442963,0.095479230913851,5.789321832729698e-06,0.10264986753463745,0.0949450573987431,5.304359672279438e-06,0.10208214074373245,0.09448779717324272,4.907901699272464e-06,0.10145308077335358,0.09410246201450863,4.593210730335404e-06,0.10076829046010971
963,18,cross_attn,Horizontal,1,0.393742364077341,0.05324123235892659,1.4568805694580078,0.17168436920832073,0.0008233761490719329,0.25873568654060364,0.13505724332635366,0.00020428300504089038,0.180382639169693,0.12086071523409041,8.565345641980447e-05,0.1463169902563095,0.11353904966797147,4.9425582463113543e-05,0.1308285892009735,0.10896493801994929,3.340410016453001e-05,0.12592735886573792,0.1057340767648485,2.436761077523203e-05,0.12252965569496155,0.10335546128806614,1.8839357657071027e-05,0.11919919401407242,0.10153263334244017,1.477435354467161e-05,0.1159345805644989,0.10013407232269408,1.182401264009744e-05,0.11298830807209015,0.099051176555573,9.917632152969665e-06,0.1105070635676384,0.09815013420487208,8.473174414664379e-06,0.10831478238105774,0.09735556715537631,7.156029899641133e-06,0.1064189076423645,0.09665044834689489,6.020420165977083e-06,0.1049140989780426,0.09602248822412794,5.1032090388668735e-06,0.1037067323923111,0.0954631862659303,4.382121724797158e-06,0.10270006209611893,0.09497794390670837,3.828908499168047e-06,0.10189985483884811,0.09459347620842949,3.411774241462423e-06,0.10128127783536911,0.09430613569797032,3.0713119803035e-06,0.10070541501045227,0.09406899790915232,2.7392303154037835e-06,0.09997256100177765
963,18,cross_attn,Gaussian,1,0.3347843067040519,0.052556630431496866,1.597314476966858,0.1392877817390457,0.0011350264136835398,0.24391353130340576,0.11039714586167108,0.00031521169644322663,0.15803515911102295,0.0972553693822452,0.00012797799158813998,0.1222180426120758,0.08932133551154818,6.21281348331092e-05,0.10811349749565125,0.0844384537093223,3.93775917581234e-05,0.10179224610328674,0.08137707021974382,2.8887813428926626e-05,0.09919621050357819,0.07920276811198583,2.1388098052575597e-05,0.09240052103996277,0.07751491985150746,1.683519444667771e-05,0.08952119946479797,0.0762037548517424,1.3968358803546325e-05,0.08733616024255753,0.07507661458045717,1.1936610755328545e-05,0.08508794754743576,0.0740316944226386,1.0436984073403875e-05,0.08307783305644989,0.07307793294626569,9.288569075434623e-06,0.0815749317407608,0.0722551125855673,8.364194593015858e-06,0.08048446476459503,0.07155941556843501,7.553658692195743e-06,0.07955910265445709,0.07094849847138875,6.7836413926937945e-06,0.07856282591819763,0.07040816746533864,6.085398209652155e-06,0.07748720049858093,0.06993813824559016,5.502038573512358e-06,0.07643160223960876,0.0695269884807723,5.02545524859206e-06,0.07540127635002136,0.06916234736877774,4.630467844549859e-06,0.07438476383686066
963,18,mix_ffn_after_gate,Vertical,1,0.5422393795516756,0.35417042313577013,4.172806739807129,0.17481057274909245,0.0006439224778346959,0.22851262986660004,0.1359148451260158,0.00035126015751698393,0.17832478880882263,0.11206499037761537,0.0002205923850314751,0.1457759588956833,0.09655285543865627,0.00015760116616338763,0.12488582730293274,0.08561101437561096,0.000122384776265925,0.11200374364852905,0.07757540242302985,0.00010100650483394316,0.10240238904953003,0.07137947488162252,8.54721334843449e-05,0.09396274387836456,0.0663942823570872,7.353792412300603e-05,0.08698459714651108,0.06234606526910313,6.401788753072915e-05,0.08097247034311295,0.05891499869407169,5.626233194737828e-05,0.07546773552894592,0.055786519000927605,5.1096390985562747e-05,0.07186179608106613,0.05283886809197683,4.7849392091968026e-05,0.06957162171602249,0.05018802880058213,4.490196599986518e-05,0.06698891520500183,0.047919089004160864,4.202059396313764e-05,0.06436574459075928,0.045973689428397586,3.9389061182299615e-05,0.062068503350019455,0.04427146432655198,3.6980391577376476e-05,0.06016474962234497,0.04276166383236173,3.484803241234673e-05,0.058570101857185364,0.04142278489021082,3.308780781637503e-05,0.05709231644868851,0.040236014104078684,3.1551561471270366e-05,0.0555911622941494
963,18,mix_ffn_after_gate,Horizontal,1,0.3356167976818388,0.04104254540697836,1.1200551986694336,0.1472351701250152,0.0003357701075637081,0.19254812598228455,0.11149032839706965,0.00013945395426598686,0.1464882493019104,0.09221099884737105,8.82019415700739e-05,0.12130424380302429,0.07902656726184346,6.397898635853718e-05,0.10332179069519043,0.06943484094171297,4.959092101889748e-05,0.09337694942951202,0.06247770206795798,3.9742491534141345e-05,0.0846569836139679,0.05709608135715363,3.229358010006627e-05,0.07728694379329681,0.052809972197763504,2.7070309278884522e-05,0.07089351117610931,0.04924782418778965,2.345773709459792e-05,0.06567282974720001,0.04635475918887153,2.0499587865911388e-05,0.06142548471689224,0.04397050646089372,1.8855059400661112e-05,0.05779336020350456,0.04191424928250767,1.808178860388127e-05,0.054648056626319885,0.04018689331317705,1.7553628101351738e-05,0.05219839885830879,0.03872468588607652,1.7352663722181036e-05,0.050609610974788666,0.037409080074183525,1.689310248693655e-05,0.04972055181860924,0.036213169761356856,1.605666180744015e-05,0.04888715595006943,0.03518103580507967,1.5362783954668895e-05,0.04804207384586334,0.03428416634126315,1.4801302223007463e-05,0.047195594757795334,0.033467063325501624,1.4156996961375281e-05,0.046195968985557556
963,18,mix_ffn_after_gate,Gaussian,1,0.27002530213859344,0.026697179554067817,0.7927398681640625,0.11324412162814822,0.00037028432939160223,0.16745397448539734,0.08507888184653388,0.00016535592011917053,0.12803934514522552,0.06910175232896729,8.310806558436374e-05,0.0958949476480484,0.05889292132286798,5.103031198260102e-05,0.07779760658740997,0.05209377484898719,3.627601662162476e-05,0.06640509516000748,0.04718316044835817,2.7956500454862726e-05,0.06021691858768463,0.04348465244448374,2.217908913694428e-05,0.05527615174651146,0.040513217803977784,1.8022432496174367e-05,0.05135107412934303,0.03805001440738875,1.5331390851602212e-05,0.04818420484662056,0.03607609989269385,1.3500815815725573e-05,0.04558006301522255,0.0345153652486347,1.2237652089063499e-05,0.04337092116475105,0.033231315572583485,1.1375644816966073e-05,0.041454240679740906,0.0321330072446948,1.080314895877973e-05,0.03985009714961052,0.03116573804309444,1.0387466881902573e-05,0.038545407354831696,0.03030330670021829,1.0018477280895086e-05,0.037455569952726364,0.02953279290407423,9.657358835099398e-06,0.03652442991733551,0.028842815597142493,9.305015740009668e-06,0.03592140972614288,0.028221623232913395,8.969148773325824e-06,0.03526199609041214,0.02765867125893396,8.655160898297362e-06,0.03458184003829956
963,19,self_attn_after_gate,Vertical,1,0.20965248287197144,0.07327391545903521,2.1009902954101562,0.10039123620778795,2.9146700705025576e-05,0.11752357333898544,0.09432218957041937,2.026090726747488e-05,0.11069929599761963,0.08981275120897898,1.5956823202819592e-05,0.10325454920530319,0.0864564941989051,1.30184135195091e-05,0.09607020020484924,0.08374239669905768,1.2024936754992952e-05,0.09215670824050903,0.08169320746073647,1.2746347870235487e-05,0.08950534462928772,0.08014200450409026,1.3718659699511752e-05,0.08795878291130066,0.07883769959684402,1.474391495261733e-05,0.08747708797454834,0.07773342184604161,1.5717333457439906e-05,0.08707115054130554,0.07676360945379923,1.6517913589020805e-05,0.08673577010631561,0.07589712017585361,1.7150180533040137e-05,0.08649031072854996,0.07510692141358814,1.7736559373238604e-05,0.08637453615665436,0.07437337000691702,1.8587535576484576e-05,0.08627001196146011,0.07370144436283717,1.9402536273412096e-05,0.08598241209983826,0.07309190704235954,1.993689915642498e-05,0.08570422232151031,0.07253005272812313,2.0271569429014113e-05,0.08549191802740097,0.07200214053903307,2.0565237126190415e-05,0.08541667461395264,0.07153056875344306,2.1004894889621008e-05,0.08547429740428925,0.07112091460398265,2.155250674428984e-05,0.08550303429365158
963,19,self_attn_after_gate,Horizontal,1,0.11337028207286956,0.001219589577243266,0.2961297035217285,0.09410947218300804,5.933451045474324e-06,0.10524865984916687,0.09177669527984801,3.2885913723863146e-06,0.09954038262367249,0.08985620677944213,1.9600931839295035e-06,0.09510784596204758,0.0886759301499715,1.3541707080941788e-06,0.09300271421670914,0.08787842378729865,1.4088252023947473e-06,0.0920710563659668,0.08714652025983446,1.5828672361813032e-06,0.09098751842975616,0.08660720702674654,1.6684740966923726e-06,0.09038802981376648,0.08628295846874752,1.8599589224470172e-06,0.09020964801311493,0.08600327443508875,2.2961149017511468e-06,0.09112328290939331,0.0855914962197107,2.688641641673388e-06,0.09123804420232773,0.08519839507246775,2.8754659403630645e-06,0.09046619385480881,0.08490418619106686,3.0240501162722477e-06,0.08960675448179245,0.08462319310222353,3.198130579053288e-06,0.08989249169826508,0.08435499017673825,3.4465518605603043e-06,0.08998498320579529,0.08413223780336834,3.779614525033834e-06,0.08967655897140503,0.08395020486343474,4.1639847638208395e-06,0.0892079621553421,0.0837861852986472,4.531100466282796e-06,0.0887577012181282,0.08363122906949785,4.8609227981080876e-06,0.08898751437664032,0.08348777606373742,5.169985523052562e-06,0.0892459973692894
963,19,self_attn_after_gate,Gaussian,1,0.22155150014256675,0.15717178061207934,2.922982692718506,0.06840806974778099,8.884344067418542e-06,0.07388794422149658,0.06300914435396118,6.8307823201361564e-06,0.06975626945495605,0.05899592282043563,6.718824442590291e-06,0.06603802740573883,0.05625128899774854,7.23318309008857e-06,0.06279341876506805,0.05438172639835449,7.833046076283237e-06,0.06110353022813797,0.05306127631948108,8.16145967212026e-06,0.05981031060218811,0.052092874038314065,8.30338657893804e-06,0.058949656784534454,0.051328707368127884,8.437443375973518e-06,0.05833403393626213,0.05067051828853668,8.627819975950848e-06,0.05788319557905197,0.050054690490166344,8.75860722513814e-06,0.05768785625696182,0.04945282726770356,8.82316797984327e-06,0.057744935154914856,0.048913616450533035,8.80189556376647e-06,0.05750275403261185,0.048443980515003204,8.719300144681662e-06,0.057054031640291214,0.0480215446580024,8.58841167872919e-06,0.05656598135828972,0.047641261525097345,8.386667580224659e-06,0.05609796196222305,0.04730578452821762,8.14368772826566e-06,0.05565366894006729,0.04699541557402838,7.952160666272336e-06,0.05524424463510513,0.04665581408947233,7.93821860048403e-06,0.05491714924573898,0.04627752717998293,8.041474552197048e-06,0.05469362065196037
963,19,cross_attn,Vertical,1,0.1896880931324429,0.06663995866257309,1.8749480247497559,0.08887391596559495,5.759028431794478e-08,0.08968425542116165,0.0887483452993726,1.0695701696814745e-08,0.08915095031261444,0.0887497127765701,1.0254877876071578e-08,0.08913496881723404,0.08875019150593924,9.492601547621102e-09,0.08910404145717621,0.08874634700635123,9.375966702981538e-09,0.08909550309181213,0.08874580713491591,9.109412110943667e-09,0.08908119797706604,0.08874509921149602,8.650990998753634e-09,0.08906328678131104,0.08874421578551096,8.227382599702454e-09,0.08905138075351715,0.0887435647466826,8.21289636176049e-09,0.08904287219047546,0.0887438269361617,8.094405094236194e-09,0.08902446925640106,0.08874375692435674,7.820403463635674e-09,0.08900272846221924,0.08874450706773335,7.328619115641233e-09,0.08898668736219406,0.0887423696972075,6.7285599027463e-09,0.08897720277309418,0.08874087331313936,6.478844796702288e-09,0.08897120505571365,0.08874115608041248,6.429208019860156e-09,0.08895835280418396,0.08874299542771445,6.542495657130795e-09,0.0889502614736557,0.08874716302232137,6.917633116481963e-09,0.08896050602197647,0.08875577660307052,7.200435427487512e-09,0.08899076282978058,0.08876801329472708,7.388760879805986e-09,0.08905360847711563
963,19,cross_attn,Horizontal,1,0.1129368224314281,0.0027590397948859006,0.3747784495353699,0.08888978168131813,7.460789980319904e-08,0.09030282497406006,0.08890171810275033,6.516442165312551e-08,0.09029373526573181,0.08896165388444113,6.002694809622727e-08,0.09003672003746033,0.08887887414958742,5.002023349273604e-08,0.09005104005336761,0.0889243335714416,5.3426727818710324e-08,0.089952751994133,0.0888748358166407,4.736276034475664e-08,0.08978733420372009,0.08884183542122917,3.89938167639539e-08,0.08970644325017929,0.08882659448990746,3.16598711967068e-08,0.08962814509868622,0.08882214436455378,2.885262902253835e-08,0.08956479281187057,0.0888342566433407,2.7199096420831057e-08,0.08953331410884857,0.08888028562068939,3.249297395873061e-08,0.0897107869386673,0.0889262089890147,3.201188586909408e-08,0.08944970369338989,0.08890614741378361,3.19481963232254e-08,0.08946646749973297,0.08885317319442355,2.7460510391114614e-08,0.08935341238975525,0.08887502148983971,2.370094854031441e-08,0.08929187059402466,0.08889024349905196,2.6033806531809227e-08,0.08930007368326187,0.08887331566167256,3.8509860134752315e-08,0.08948209881782532,0.08888555140722365,3.707025345898154e-08,0.08951245248317719,0.08903308342846614,1.4243373607109244e-07,0.09082247316837311
963,19,cross_attn,Gaussian,1,0.1125369452767902,0.011546910627345239,0.7607330083847046,0.06719664484262466,2.6907313948371884e-08,0.0677216425538063,0.06711198909888191,6.486210012890969e-09,0.06744448840618134,0.06711823859858135,6.620259606605592e-09,0.06745295226573944,0.06712093511744151,6.568998119067422e-09,0.06746780872344971,0.0671187157905291,6.086935891524973e-09,0.06742093712091446,0.06711953086039377,5.995301905495603e-09,0.06741170585155487,0.06711715944702663,5.71478316548759e-09,0.06740609556436539,0.06711130305415108,5.155828599028213e-09,0.06739352643489838,0.0671118072101048,4.924500023685349e-09,0.06738431006669998,0.06711345603541723,5.208791536778594e-09,0.0673968717455864,0.0671094117893113,4.958469704397206e-09,0.06737759709358215,0.0671104724918093,4.5223145983843815e-09,0.06735154986381531,0.06711239474160331,4.328849793361684e-09,0.06733343750238419,0.06711333162254757,4.1264587956685596e-09,0.06731702387332916,0.06711643201018137,4.635363034314109e-09,0.06733903288841248,0.06711935322909128,4.625041740621769e-09,0.06732237339019775,0.06712937260430957,4.653044557226593e-09,0.06731365621089935,0.06712940146052648,4.201465944057127e-09,0.06728512048721313,0.06713786934103284,5.364032573371583e-09,0.06737007200717926
963,19,mix_ffn_after_gate,Vertical,1,0.32659060129570583,0.28555796352098056,3.5673117637634277,0.09634825516314734,4.840572102774411e-05,0.11463996022939682,0.08493695798374358,1.2691572059368179e-05,0.09298337996006012,0.0790623195824169,9.371867788889266e-06,0.08527041971683502,0.0748735728954512,8.973467521003175e-06,0.08144569396972656,0.0716660927448954,9.269819853226965e-06,0.07899222522974014,0.0691594902485136,9.911675016615209e-06,0.07735970616340637,0.06716391042111412,1.0732826096448065e-05,0.07639622688293457,0.06556582474519336,1.1565975012638449e-05,0.07574568688869476,0.06427413130563403,1.2332644011888156e-05,0.07512395083904266,0.06320058317884567,1.3087558300828793e-05,0.07452782988548279,0.06228247426805042,1.3908429270637169e-05,0.07388684153556824,0.06147051218246657,1.4845131744932071e-05,0.07323324680328369,0.060740986336318276,1.578897120559166e-05,0.0726551041007042,0.06010182190036017,1.6610247513437658e-05,0.07211042940616608,0.05953813935556109,1.7214922409215834e-05,0.07152168452739716,0.05899358611731302,1.7587861515425635e-05,0.07094870507717133,0.05839715614205315,1.7931221866857783e-05,0.07055771350860596,0.057718161611802994,1.8417528584914656e-05,0.07035784423351288,0.05700182808297021,1.89305239893357e-05,0.07012622803449631
963,19,mix_ffn_after_gate,Horizontal,1,0.1714695053441184,0.03687205806950756,1.454904556274414,0.0837690873988091,9.435784953755109e-06,0.08992232382297516,0.07693436493476231,3.3187396180501766e-06,0.08165217936038971,0.07313212503989537,2.8299442051202236e-06,0.07767276465892792,0.07080428207677508,3.1253345583675333e-06,0.07537823915481567,0.0693462241500143,3.5633806366698067e-06,0.07448600977659225,0.06837005582120684,3.950006114857266e-06,0.07385704666376114,0.06764169333000032,4.243310284679749e-06,0.07332639396190643,0.06704326937832529,4.476152352063074e-06,0.0728103369474411,0.0665192718188914,4.6288606640698475e-06,0.07229778170585632,0.0660475663959034,4.697998017465801e-06,0.07179147005081177,0.06560697773146251,4.689309398218422e-06,0.0712556391954422,0.06518092544542418,4.664022767110312e-06,0.07072892040014267,0.06478230063877409,4.669761121483493e-06,0.0702335387468338,0.06441184127378086,4.696459795205454e-06,0.069781094789505,0.0640540076863198,4.745599884039586e-06,0.06940609216690063,0.06370043683619726,4.7961508844565745e-06,0.0690167099237442,0.06336394194809217,4.843469224345923e-06,0.06853683292865753,0.06305090190162735,4.894997061456559e-06,0.06800978630781174,0.06274987455634844,4.957991189326198e-06,0.06748960167169571
963,19,mix_ffn_after_gate,Gaussian,1,0.16666727518988034,0.053590823101809466,1.6300677061080933,0.05531918139211715,2.2208014416546114e-05,0.0665646567940712,0.04915031394551671,1.0491667758985656e-05,0.057284943759441376,0.047122047238406684,9.910037673827875e-06,0.05580995976924896,0.04611139614430685,9.85997273646735e-06,0.05462336912751198,0.045428118003266196,9.693931293757808e-06,0.05390641465783119,0.04477198806310457,9.454484295375844e-06,0.053649477660655975,0.044042363053276426,8.92760619944448e-06,0.052698101848363876,0.0433502650804936,8.539475908195892e-06,0.05126465857028961,0.042767699689619125,8.37434069747874e-06,0.05020323395729065,0.042265410401991436,8.296176516614796e-06,0.049442410469055176,0.04183264662112508,8.295421362727525e-06,0.048981450498104095,0.041467272513915625,8.40862343577825e-06,0.04872016981244087,0.04115291826781772,8.56634682867441e-06,0.048441968858242035,0.040836844948076066,8.610568173858087e-06,0.04787025600671768,0.04044595159708508,8.46867996503703e-06,0.04684453457593918,0.03996412089419744,8.203289238395634e-06,0.046215180307626724,0.03945949413473644,7.815374760026723e-06,0.04611534625291824,0.0390076246408243,7.398125256072383e-06,0.04563115909695625,0.03862520662092027,7.052271625905275e-06,0.044957324862480164
944,18,self_attn_after_gate,Vertical,1,0.23285733411709467,0.035014022197395286,1.1282035112380981,0.10729353922227072,0.00014911933677848937,0.1586817353963852,0.09555731406287542,0.00011385753921443817,0.1405189335346222,0.08776479297214085,9.743933686993679e-05,0.12444136291742325,0.08312190655204985,0.000106279359263282,0.1211169958114624,0.07865372696329677,8.61326764916389e-05,0.11246464401483536,0.07418638154391259,7.351447867136394e-05,0.10163480788469315,0.07089777314473712,7.28592680314956e-05,0.09528252482414246,0.06844020853676493,7.186509909320427e-05,0.09086718410253525,0.0663239009796627,7.039537653861576e-05,0.08744519203901291,0.06459104736882543,6.851062335564708e-05,0.08446639031171799,0.06318086255637426,6.675042477473035e-05,0.08195031434297562,0.062015613984493984,6.554765762802808e-05,0.0798288956284523,0.06104468861742625,6.526450140909005e-05,0.07824884355068207,0.060186079865883264,6.542884396845832e-05,0.07821422070264816,0.05935449052661184,6.571741432225955e-05,0.07862825691699982,0.058512514664067164,6.592093185311987e-05,0.07782556116580963,0.057737481203817186,6.608288416004129e-05,0.07672479748725891,0.057091978452508414,6.62270514233016e-05,0.07614978402853012,0.056543259748390744,6.598804225727025e-05,0.07568248361349106
944,18,self_attn_after_gate,Horizontal,1,0.16482181137516386,0.004836165371110975,0.4211030602455139,0.11259623723370689,6.992350867018505e-05,0.13641086220741272,0.10489099614676975,3.888857806732362e-05,0.12330660223960876,0.1004363206170854,2.677226759924151e-05,0.11563534289598465,0.09652828318732125,1.309860103061366e-05,0.10492333769798279,0.09394643349306923,8.88312909660538e-06,0.10030867904424667,0.0925441879838232,8.743131839207148e-06,0.09995363652706146,0.09153756132674595,9.529187572837294e-06,0.10021684318780899,0.09064281802801859,1.0106941804202049e-05,0.1003037691116333,0.08984753241141637,1.0504623270464585e-05,0.1001100167632103,0.08915876750908201,1.0889841496902238e-05,0.1001560315489769,0.08856782766561659,1.1333179731381136e-05,0.10026224702596664,0.08805935274040888,1.1843768396805482e-05,0.10043077170848846,0.08761872232906402,1.241221548232856e-05,0.10066035389900208,0.08723359590484983,1.3022166516092778e-05,0.10094567388296127,0.08689360639878682,1.3651500547365724e-05,0.1012742668390274,0.08658959089763581,1.4270155250402493e-05,0.10162296891212463,0.08631313249232277,1.4840514148745404e-05,0.10195567458868027,0.08605622902276024,1.5320401423677382e-05,0.10222455114126205,0.08581143747719508,1.5670153490320427e-05,0.10237665474414825
944,18,self_attn_after_gate,Gaussian,1,0.1362426102397934,0.002942032841222966,0.3492148518562317,0.0782005466402523,0.00013352067253691427,0.12596924602985382,0.06640627814663781,5.9587240864826054e-05,0.08834949135780334,0.06015616608044458,4.1662276220485485e-05,0.0783396065235138,0.05625456500621069,3.5852328670530125e-05,0.08327975869178772,0.05308763310313225,3.0098048240911275e-05,0.08030625432729721,0.05089157388087303,2.5000102219480653e-05,0.0753980427980423,0.049420902653345984,2.3740858802158985e-05,0.07247336208820343,0.04799378858435722,2.2346690385121392e-05,0.06868762522935867,0.04652582919077268,2.0752040559637443e-05,0.06433586776256561,0.0450532611400362,1.9036671303873494e-05,0.05991121381521225,0.0436486652091382,1.7103727821262997e-05,0.05579061806201935,0.04241794548810474,1.5118412787694634e-05,0.052730731666088104,0.04140341920512063,1.3379369068995881e-05,0.05052937939763069,0.04057018216403704,1.2421503927739669e-05,0.04839462786912918,0.03987826022600371,1.2340857921984775e-05,0.04704156517982483,0.0392996971569364,1.2476390353239167e-05,0.04640662670135498,0.038807055898128995,1.2566637486963565e-05,0.04601377993822098,0.03836262436021888,1.2524189962667433e-05,0.045437268912792206,0.037948546724187,1.2342666696240288e-05,0.04496847465634346
944,18,cross_attn,Vertical,1,0.4379762557763902,0.15902542316861343,2.7778472900390625,0.17948395534167214,0.0009918864033160385,0.2645419239997864,0.1440439224243164,0.0002535547207668278,0.19041858613491058,0.12910117764794637,0.00012596890179074357,0.16180947422981262,0.12022490468290117,8.131945127478822e-05,0.14629079401493073,0.11419939474454002,5.140012412554997e-05,0.1351330280303955,0.10994498656382637,3.29041784723776e-05,0.126310795545578,0.1066474358713816,2.1241582411867867e-05,0.11951881647109985,0.10409065560689049,1.4613924017018521e-05,0.11680906265974045,0.10213255042594577,1.1260890743423162e-05,0.11400505900382996,0.10057920465866725,9.584477773974575e-06,0.11099262535572052,0.09929671067567099,8.56169593089306e-06,0.10796509683132172,0.09823138254975515,7.719171497420694e-06,0.1067713052034378,0.09736172618373992,6.977894262315287e-06,0.10554422438144684,0.09665191362774561,6.336245011872371e-06,0.10432776808738708,0.0960492269387321,5.765518876625682e-06,0.10307495296001434,0.09549889867267912,5.250021922914234e-06,0.10172712802886963,0.094968405034807,4.820718584710479e-06,0.10036204010248184,0.09445907376588338,4.50979532503986e-06,0.09917403757572174,0.09399003618293339,4.300357599418818e-06,0.09866593033075333
944,18,cross_attn,Horizontal,1,0.33541328282583327,0.02228403668709557,0.8357440829277039,0.17622863241131342,0.0011054604491284776,0.2857680022716522,0.14296085186420926,0.00041216172247869094,0.22569376230239868,0.12913117664200918,0.0002373698547848781,0.18824997544288635,0.12093981225339193,0.00015138366647258404,0.17216607928276062,0.11543590338930251,0.00010394136458033015,0.16190125048160553,0.11140084574146876,6.892626424177158e-05,0.15116024017333984,0.10833793322718333,4.3939170606047634e-05,0.14042428135871887,0.10599565612418312,2.9455934249606976e-05,0.1314496099948883,0.10407834724774437,2.109855692868048e-05,0.12357303500175476,0.10244811432702201,1.5918979424527245e-05,0.11740222573280334,0.10112573490256355,1.2737673200256318e-05,0.11325902491807938,0.1000744847078172,1.0675360442596906e-05,0.11176660656929016,0.09919387385958717,9.022061511001258e-06,0.11045601963996887,0.0983797764730832,7.533122014101779e-06,0.10872292518615723,0.09758299565504468,6.267562213654598e-06,0.10665244609117508,0.09681874265273412,5.231164489924929e-06,0.10461026430130005,0.09612145641493419,4.383165923780002e-06,0.10285674035549164,0.09551010836684515,3.6979634464830677e-06,0.1014496386051178,0.0949840174307899,3.15594380996651e-06,0.10028380900621414
944,18,cross_attn,Gaussian,1,0.3336735074482267,0.03301547003087967,1.2483861446380615,0.15101157720126804,0.0021853512054233774,0.4075947105884552,0.1205658819230776,0.001157119749381783,0.3082135319709778,0.10584316698331682,0.0004686303819103595,0.22301681339740753,0.09625691376508229,0.00020865568791653564,0.1714818775653839,0.08967304182431055,0.00011466168750017828,0.13855990767478943,0.08526626595902065,6.980734263558392e-05,0.11806926876306534,0.0820307641748398,4.514091428311771e-05,0.10405164957046509,0.0796049680738222,3.1424882488208834e-05,0.09696883708238602,0.07772257072584969,2.3753742538976518e-05,0.09195743501186371,0.07620021121369468,1.91138545225814e-05,0.08777208626270294,0.07497668514649074,1.6100965770915112e-05,0.08458246290683746,0.07402609513392525,1.430986171670159e-05,0.08523636311292648,0.07330833966769869,1.3346176042086447e-05,0.0856475755572319,0.07274623569988069,1.2475347578182358e-05,0.08526148647069931,0.07223107606645614,1.1098914862645999e-05,0.08367656916379929,0.0717021809920432,9.39083039338617e-06,0.08133777230978012,0.07116851352509998,7.804175658974032e-06,0.07894973456859589,0.07065903348109079,6.548125515589279e-06,0.07690384984016418,0.07019281860381837,5.618112821325127e-06,0.07526528090238571
944,18,mix_ffn_after_gate,Vertical,1,0.3109014287354454,0.021911854585878927,0.8005319237709045,0.14220453077365483,0.0004719251617699792,0.1947176158428192,0.10581604805257586,0.00021331293323355788,0.14100971817970276,0.0862531243335633,0.00014181336734092948,0.11728213727474213,0.07314052846696642,9.39109714578511e-05,0.09743236750364304,0.06419662374352651,7.054219050121767e-05,0.08557970821857452,0.05797002878453997,5.7608072532417065e-05,0.07733266055583954,0.05344666723930647,5.102008273798963e-05,0.07100837677717209,0.0499288524308848,4.697093709230487e-05,0.06670785695314407,0.046947802875250105,4.255804550438341e-05,0.06330733001232147,0.04442033514616981,3.8109348791833297e-05,0.060126349329948425,0.04232663395149367,3.4405076067444105e-05,0.057301461696624756,0.04057041665036527,3.135751224508024e-05,0.05494069308042526,0.03903907569982703,2.8689088134496957e-05,0.05300378054380417,0.03765977833360907,2.6346788668792353e-05,0.051443155854940414,0.036412091452687506,2.446105522635257e-05,0.05021759867668152,0.035305942216562844,2.309595752614186e-05,0.0492144376039505,0.03434696790599634,2.2125316716252643e-05,0.04825998842716217,0.033519888208025976,2.1347895053205577e-05,0.04724006727337837,0.03279897263125768,2.064359361866843e-05,0.046133846044540405
944,18,mix_ffn_after_gate,Horizontal,1,0.5468110747280575,0.3255393501998121,4.165225028991699,0.20347021354569328,0.0006003324051737055,0.2532595098018646,0.16001976648020366,0.00028724914001396657,0.20488280057907104,0.13448381766913428,0.0001790985783456657,0.17230483889579773,0.11673339326230306,0.00012316854618146233,0.14729943871498108,0.10375998240141641,9.279409604549479e-05,0.12884926795959473,0.09387886867163674,7.455285981709658e-05,0.11491081863641739,0.0860958235367896,6.163429901273e-05,0.10412774980068207,0.07982368755435186,5.240828466066918e-05,0.09695091098546982,0.0746713112744074,4.5777158537050206e-05,0.09125836938619614,0.07032466821727298,4.053668356557181e-05,0.0859663113951683,0.06658633851579257,3.6055878753533284e-05,0.08079881221055984,0.06335156960856347,3.251527658941417e-05,0.07630062103271484,0.06052896173463927,2.975400154318039e-05,0.07249189168214798,0.05803740012740332,2.7561587721072875e-05,0.06951572746038437,0.05582190050728737,2.5738302097131195e-05,0.06697261333465576,0.053853481653190795,2.4188951786124164e-05,0.06470140814781189,0.05209325827539913,2.2960226413627623e-05,0.06267069280147552,0.050480821716880044,2.202025940289229e-05,0.06084543466567993,0.04896295727008865,2.116482792845791e-05,0.059132885187864304
944,18,mix_ffn_after_gate,Gaussian,1,0.29922085338168675,0.02122297906779513,0.8051566481590271,0.13686938394629766,0.00036755796892376736,0.1795501857995987,0.09861336530201019,0.0001537217438351816,0.1279970109462738,0.07856852206445876,8.101289018180655e-05,0.10513994097709656,0.06657601431721732,4.8930297533254464e-05,0.08583717793226242,0.05848184369859241,3.432963068130283e-05,0.07345539331436157,0.052800140328823575,2.664735396026013e-05,0.06621726602315903,0.04865205536286036,2.2050180095177396e-05,0.06039191409945488,0.045381143748287174,1.8687956743748407e-05,0.05660466104745865,0.04281081572648079,1.590760185705169e-05,0.05289167910814285,0.04070344721041028,1.3595724928776302e-05,0.04953840747475624,0.03890247122635917,1.1723433074001139e-05,0.04711410403251648,0.037414819475204225,1.0404619341881804e-05,0.04575899988412857,0.03618218220533833,9.409437582780126e-06,0.04447242617607117,0.0351414413206161,8.634768182916526e-06,0.043194763362407684,0.034254297554966,8.052793063124332e-06,0.04204942286014557,0.033493401098345955,7.635596422260247e-06,0.04104343056678772,0.032825739137710086,7.347130960606462e-06,0.04013688117265701,0.032225645723797026,7.144114456144547e-06,0.03931427001953125,0.031677125790526,6.988251515994708e-06,0.03856930881738663
944,19,self_attn_after_gate,Vertical,1,0.5519794123986411,1.4884603628596822,8.189081192016602,0.09888259983725017,2.0885718517197018e-05,0.11246185004711151,0.09456797795636314,1.06011843879842e-05,0.10458600521087646,0.0914389615257581,8.841234749931307e-06,0.0999833196401596,0.08892551088143909,8.672585787761852e-06,0.09707444906234741,0.0869763150574669,9.281357875874822e-06,0.09480084478855133,0.08546710203564356,1.0211882369119342e-05,0.09279385209083557,0.08425059973720521,1.1221360072039266e-05,0.0907544270157814,0.08325016084644529,1.2212718253552343e-05,0.0890822634100914,0.08242157527378627,1.3127796498737616e-05,0.08875449001789093,0.0817145099715581,1.393142389208069e-05,0.08844856917858124,0.08109563246132835,1.4568872333025247e-05,0.0881303995847702,0.08054977962895045,1.503839544340562e-05,0.08783009648323059,0.08006503669515488,1.5399537667810034e-05,0.0875949114561081,0.07961159542439476,1.5797495098802848e-05,0.08746898174285889,0.07914664903803477,1.6435124348520085e-05,0.08736920356750488,0.07863959741024744,1.7200187020033277e-05,0.08706941455602646,0.07811048816120814,1.7742591856250506e-05,0.08667740970849991,0.07760174596120441,1.81218020383701e-05,0.08651414513587952,0.07712535997704854,1.850432863456544e-05,0.08644600212574005
944,19,self_attn_after_gate,Horizontal,1,0.11674274042958305,0.001372789830585184,0.24622952938079834,0.092661666491675,4.5695848180947085e-06,0.10006596148014069,0.09064867631310508,1.8089945143164206e-06,0.09400654584169388,0.08982175955223659,1.5879472203455704e-06,0.09335266053676605,0.08885147268809969,1.268328824936291e-06,0.09213230758905411,0.0879184099889937,1.0042870204512104e-06,0.09164288640022278,0.08743545235622496,1.1572069355170263e-06,0.09137499332427979,0.08702666312456131,1.3392918865710229e-06,0.09073375910520554,0.08667971371185212,1.4737574745945209e-06,0.09035524725914001,0.08650242371691598,1.7454264326819232e-06,0.09008745104074478,0.08639916848568689,2.196832181083845e-06,0.09060437977313995,0.08629143462767677,2.720421098644876e-06,0.09146545082330704,0.0861513005599143,3.15366223847225e-06,0.0919002890586853,0.08601791837385722,3.5438644536748373e-06,0.09211601316928864,0.08590887013881926,3.944556852793678e-06,0.09241531789302826,0.0858114967270503,4.364628812423721e-06,0.0927077978849411,0.08568518892640159,4.693050270077276e-06,0.09249945729970932,0.085503432249266,4.790952140728598e-06,0.09172716736793518,0.08530497231653758,4.795527430182917e-06,0.09089647978544235,0.08513577388865608,4.880714613437712e-06,0.09044484049081802
944,19,self_attn_after_gate,Gaussian,1,0.1070519027019304,0.004063700489914205,0.46147599816322327,0.0688253254999244,1.3045470025244498e-05,0.07731877267360687,0.061529019344893715,1.168831997849533e-05,0.0691019594669342,0.05757515457650972,7.896106792540818e-06,0.0633014440536499,0.055891721849403685,8.52895500314559e-06,0.06179526448249817,0.05508162033936334,9.673047085726354e-06,0.06219187378883362,0.05437878158593935,1.1099704958272824e-05,0.06335151195526123,0.05352225107333017,1.0545478574430114e-05,0.06216272711753845,0.05291040649726277,9.230220493014217e-06,0.0608673095703125,0.05220198542589233,8.261599434931606e-06,0.059429243206977844,0.05133400354830046,7.499841353955587e-06,0.0579320453107357,0.05063510579722268,7.222579971519261e-06,0.05704829469323158,0.05011348923047384,7.209898993396123e-06,0.05643409490585327,0.0496994922794993,7.4072458298653374e-06,0.05593911185860634,0.049363772547434244,7.798614684979573e-06,0.05554579570889473,0.049061967680851616,8.261140839195393e-06,0.05526183545589447,0.04871507982412974,8.371648270434651e-06,0.05554226040840149,0.048335365241482145,8.01053113325205e-06,0.05502649396657944,0.04801335812561096,7.588829649622024e-06,0.054035332053899765,0.047769544912236075,7.288118519603092e-06,0.05369539558887482
944,19,cross_attn,Vertical,1,0.7433474074516978,3.0300514476606595,11.95258617401123,0.08947394953833686,1.5460959626208852e-06,0.09413919597864151,0.08877228247740912,1.364676237071452e-08,0.08931359648704529,0.08876767387938878,1.3701313156120112e-08,0.0893169641494751,0.08876683929609874,1.353033027042184e-08,0.08931414783000946,0.08876616330373854,1.3284140210621927e-08,0.08930844068527222,0.08876552988612463,1.308288475961194e-08,0.0893058180809021,0.08876490782177637,1.289720768096131e-08,0.08930477499961853,0.08876433732017638,1.2675658915485396e-08,0.08930204063653946,0.08876392469992714,1.2405208880648252e-08,0.0892966166138649,0.08876358942380028,1.2016569114776383e-08,0.08928553760051727,0.08876327850988933,1.1463039821968014e-08,0.08926580846309662,0.08876309815853362,1.092718227066881e-08,0.08924522995948792,0.08876311045790476,1.0553115311938687e-08,0.08922947943210602,0.08876340386886446,1.0150437785778625e-08,0.08920882642269135,0.0887637548739948,9.553729405246875e-09,0.0891774594783783,0.08876324279440774,8.886247276720885e-09,0.08914549648761749,0.08876129168839682,8.508594285425271e-09,0.08912648260593414,0.0887590145307874,8.401089284918731e-09,0.08911613374948502,0.08875774816861229,8.314150878583304e-09,0.08910639584064484
944,19,cross_attn,Horizontal,1,1.1316940680382743,7.689130475044716,18.289264678955078,0.08992703176207012,4.723797460304466e-06,0.09829388558864594,0.08878387179639605,6.480314566049248e-08,0.09016245603561401,0.08878406480191246,5.970160387368122e-08,0.09014395624399185,0.08878304076100153,5.777681030693863e-08,0.09011074155569077,0.08878306417711197,5.721750102324384e-08,0.09008410573005676,0.08878291942297466,5.606313357329011e-08,0.09005769342184067,0.08878209347289706,5.444627822224859e-08,0.0900455042719841,0.08878126728629308,5.297003539056765e-08,0.09004393965005875,0.08878100675249857,5.148841155636482e-08,0.0900382325053215,0.08878063919052245,4.941120510953949e-08,0.0900190994143486,0.08877917225398714,4.693219551816597e-08,0.08998449891805649,0.08877694322949364,4.48614493532735e-08,0.08994732052087784,0.08877521268432102,4.333817503659003e-08,0.08991469442844391,0.08877406222006631,4.1863898999738883e-08,0.08988238126039505,0.08877309884816881,4.021790596550143e-08,0.08984888345003128,0.08877210602873847,3.84151106999209e-08,0.08981751650571823,0.08877106483966585,3.665518756654453e-08,0.08979211002588272,0.0887701426233564,3.5100127366985376e-08,0.08977187424898148,0.08876949761595045,3.366137234987027e-08,0.08975387364625931
944,19,cross_attn,Gaussian,1,0.0903418209581148,0.002910685469533106,0.4291783571243286,0.06716255914597284,2.6885763833441748e-08,0.06818227469921112,0.06714225785126762,2.4790863981828023e-08,0.06814934313297272,0.06714942791159191,2.5166398520961536e-08,0.06815645098686218,0.06717560404822939,2.2070299611559814e-08,0.06809473782777786,0.06717520526477269,2.646565056827808e-08,0.0682082548737526,0.06713905351029502,2.046077639494199e-08,0.06809461116790771,0.06713317630309908,1.8455994264681604e-08,0.06803849339485168,0.06713092055112596,1.6583886328215908e-08,0.06797297298908234,0.06712803209111803,1.5443499996336694e-08,0.06792782992124557,0.06713150808262447,1.493688532274614e-08,0.06790921092033386,0.06714295725973826,1.4794772820498025e-08,0.06788066774606705,0.06716144439719972,1.5125522449800914e-08,0.0678166002035141,0.0672176494484856,1.8889295499639893e-08,0.06792865693569183,0.06717929657962587,1.7779413746859088e-08,0.0677417516708374,0.0671626226533027,1.1096713420152566e-08,0.0677236020565033,0.06717630889680651,1.6026013759046088e-08,0.0677998811006546,0.06719550892474159,1.8004188488972077e-08,0.0677710697054863,0.0673171899148396,5.42673173495606e-08,0.06810453534126282,0.0673285246131912,9.342276089685816e-08,0.06848815083503723
944,19,mix_ffn_after_gate,Vertical,1,0.37027900323035223,0.4712682679917308,4.362879753112793,0.08863648429276451,3.066493411080286e-05,0.10490372031927109,0.07979025254173884,1.4969896022836008e-05,0.09247662127017975,0.07462766636458654,1.237049799363458e-05,0.08579157292842865,0.07102586802036043,1.149566786409506e-05,0.08170013874769211,0.06843437331299933,1.122680510851298e-05,0.07868564873933792,0.06657094898678008,1.1345796054449527e-05,0.07653501629829407,0.06521642758023172,1.1722146983433024e-05,0.07517866045236588,0.06418153028639537,1.2236209132666847e-05,0.07433785498142242,0.06334045647628724,1.279234703658106e-05,0.07384173572063446,0.06262897061450141,1.3318555654636508e-05,0.07353097200393677,0.062013835897521366,1.3794062477293942e-05,0.07322987914085388,0.06147056197126707,1.426142065836086e-05,0.07286695390939713,0.060985696457681204,1.4817872173302893e-05,0.07241855561733246,0.060547815251445015,1.5577890283160344e-05,0.0718933492898941,0.060144090463244725,1.6532652742642513e-05,0.07137537002563477,0.059775474584764905,1.7550231662995634e-05,0.07094722241163254,0.05946437310841349,1.8580461208748457e-05,0.07059583067893982,0.059220103990463985,1.9599776868510405e-05,0.07024180889129639,0.05901778926925054,2.044561076996736e-05,0.07036484777927399
944,19,mix_ffn_after_gate,Horizontal,1,0.18952147627160662,0.050165424870881666,1.615399718284607,0.08553343408164524,1.0382804023076395e-05,0.09216964244842529,0.07894766922034914,3.2907127678817418e-06,0.08382315188646317,0.07547651160331,2.0685519641693246e-06,0.0795152336359024,0.07339192477483598,1.7535722367627353e-06,0.07696690410375595,0.07215657983980482,1.760879441804173e-06,0.07548359036445618,0.0713827009238894,1.867388969912686e-06,0.07467705011367798,0.07082609323755143,1.9801494591301405e-06,0.07419063150882721,0.07038001479610564,2.0700237967776923e-06,0.07377242296934128,0.0699963988292785,2.1380698056486425e-06,0.0734325498342514,0.06963741412711522,2.160430412858297e-06,0.07306881248950958,0.06929286687620102,2.18238397095024e-06,0.07264623045921326,0.06897863674731482,2.2728282767842095e-06,0.07232403010129929,0.06868260401108908,2.42675236740254e-06,0.07212033867835999,0.06837309222845804,2.53784246921116e-06,0.07184892892837524,0.06804019413770192,2.5140384160971437e-06,0.07135125994682312,0.06772086781168742,2.460690128814295e-06,0.07083547115325928,0.06743903517250031,2.4562936168552333e-06,0.07049153745174408,0.06718106508728057,2.485179565560525e-06,0.07027381658554077,0.0669300989026115,2.5198732225088096e-06,0.07005883008241653
944,19,mix_ffn_after_gate,Gaussian,1,0.37619263560525956,0.5444171811298788,4.593715667724609,0.05933014575451139,1.975419285223661e-05,0.07036072015762329,0.052347590052892294,4.659352741156792e-06,0.05703103542327881,0.05000941041443083,3.964705994130529e-06,0.054798662662506104,0.04882277430049957,4.08512022997428e-06,0.054357439279556274,0.04799375357845473,4.287981151651408e-06,0.054076917469501495,0.04730290742147537,4.427993492923637e-06,0.053729601204395294,0.04669555258892831,4.497303573600441e-06,0.05326472222805023,0.04614425036642286,4.51744658051574e-06,0.05268862843513489,0.04562072940762081,4.5021490436187e-06,0.05206191912293434,0.045108961857973584,4.503873725204664e-06,0.05150303989648819,0.044626593589782715,4.529337029072669e-06,0.05102739855647087,0.044195665135270075,4.549721397755038e-06,0.050593145191669464,0.04380883666731063,4.555206292813271e-06,0.05019517242908478,0.04344440766033672,4.538911545476553e-06,0.04983115941286087,0.04307791744432752,4.495785644618288e-06,0.049470897763967514,0.04269950499846822,4.450663372821914e-06,0.04911641776561737,0.04232754936767003,4.456085365327582e-06,0.04881890118122101,0.041988784949930885,4.510647260252042e-06,0.04856705665588379,0.041690163728263646,4.573280909692602e-06,0.04831425100564957
922,18,self_attn_after_gate,Vertical,1,0.20288348008715917,0.009652848656694022,0.5077967643737793,0.11392651297270305,0.0002527805084076744,0.16345423460006714,0.09904770505806756,0.00018130296145421544,0.1483709216117859,0.08960919105817401,0.00011572515798216205,0.11767672747373581,0.08358573594263621,0.00011718431936272831,0.11582453548908234,0.07926880237129,0.00010396668625007695,0.10855981707572937,0.07628421757429366,8.804808374891418e-05,0.10346062481403351,0.07363580368340962,7.307086014571079e-05,0.09561215341091156,0.07144358588589562,6.84495911430004e-05,0.08996683359146118,0.06987033707518427,6.952365923356453e-05,0.08909229934215546,0.06849483069446352,7.101584592579122e-05,0.08855921030044556,0.06714382424714073,7.033927264320438e-05,0.08739642053842545,0.0659511915393292,6.854484948467748e-05,0.08522868156433105,0.06501524706208517,6.740407231312036e-05,0.08281756937503815,0.06429254163115744,6.758906473644265e-05,0.0810164287686348,0.06371008019362177,6.90370820937115e-05,0.08162283152341843,0.0632016391508163,7.081696394905044e-05,0.0821484923362732,0.06273911911107245,7.23471905708529e-05,0.08234961330890656,0.06231367020379929,7.361525656831238e-05,0.08232399821281433,0.06190883817653808,7.460847450879459e-05,0.08215714991092682
922,18,self_attn_after_gate,Horizontal,1,0.17638702122938066,0.004079459819942697,0.48121821880340576,0.12565610900757804,0.00016103948213378093,0.16940242052078247,0.1125831026879568,8.123277154345591e-05,0.14418601989746094,0.10703388625194156,5.632204290357149e-05,0.13106468319892883,0.10205718259962779,3.169918038387952e-05,0.12046097218990326,0.09890311116737033,1.968856262389109e-05,0.113863505423069,0.09641038874785106,1.3169244378608885e-05,0.10909844189882278,0.09465697029280284,1.0762477154502771e-05,0.10522270202636719,0.09328038032565798,9.503786422621555e-06,0.10369494557380676,0.0921830918107714,9.066022751403056e-06,0.10452074557542801,0.09126909183604377,8.20726787406917e-06,0.10418033599853516,0.09056852379488567,7.306061895545477e-06,0.10319577157497406,0.08997880123437398,6.564637796067555e-06,0.10199062526226044,0.08939426522406321,5.809255047104675e-06,0.10036250203847885,0.08878287223596422,5.115888963855841e-06,0.09855717420578003,0.0881794085578313,4.613462619595047e-06,0.09688983112573624,0.0876326212097728,4.342111997577783e-06,0.09550049901008606,0.08717339142920479,4.2521541757265535e-06,0.09436243772506714,0.08680370698372523,4.2709129173627395e-06,0.09339208900928497,0.08650247504313786,4.352997226821637e-06,0.09254497289657593
922,18,self_attn_after_gate,Gaussian,1,0.7564550238469291,2.5670630412588236,10.742668151855469,0.1274543690776068,0.0007628492933540092,0.22936537861824036,0.10209928311052777,0.0003818136501061845,0.18472182750701904,0.08572488697984862,0.00018873704944635865,0.14289410412311554,0.07574639416166715,0.00011139005034097648,0.11507725715637207,0.06940928905729264,7.495392706397523e-05,0.09712120145559311,0.06498248135996243,5.4800245935323387e-05,0.0857008844614029,0.061805066253457754,4.278900356722171e-05,0.07921481132507324,0.059445892830216694,3.5113528896978514e-05,0.07519100606441498,0.057557803297799734,2.9889426968806984e-05,0.07205119729042053,0.055978652622018545,2.5741784351807187e-05,0.06970487534999847,0.05464257063373687,2.261233987702559e-05,0.06772179901599884,0.05352822809465348,2.074672045898434e-05,0.06609958410263062,0.05258182406662002,1.9824318552057296e-05,0.06499896198511124,0.05168017591275866,1.9488162868020103e-05,0.06415042281150818,0.05073527814376922,1.920855550364506e-05,0.06291709840297699,0.04979434432018371,1.8735209837541348e-05,0.061231423169374466,0.04896013018867326,1.8346902536471476e-05,0.05959612876176834,0.04824718513659069,1.8070986438883e-05,0.058289192616939545,0.04759186636360865,1.7529404082172807e-05,0.05744689330458641
922,18,cross_attn,Vertical,1,0.3949836475981606,0.03639858576644636,1.2472237348556519,0.17525516592320942,0.0009196792923560717,0.2625570297241211,0.1414209578245405,0.0003583460713773009,0.19828766584396362,0.1264732082684835,0.00017527714091461344,0.16083946824073792,0.11792871805410536,9.777390268552369e-05,0.14719092845916748,0.11210942410287403,5.868984973723953e-05,0.13979044556617737,0.1080146518255037,3.954657496162859e-05,0.1342269480228424,0.10493256258113044,3.0121486105005442e-05,0.1280568540096283,0.10228009900403401,2.324600405211349e-05,0.12024420499801636,0.10011380000246896,1.7161736225866872e-05,0.11346614360809326,0.09849728655720515,1.2789345331926885e-05,0.10861846059560776,0.09732852982623237,1.0003969256144279e-05,0.10536016523838043,0.09648716473390186,8.352357200410998e-06,0.10318227857351303,0.0958736790787606,7.376757620600024e-06,0.10163302719593048,0.09540958891785334,6.776480559726221e-06,0.1007678210735321,0.09502140952954216,6.372135301455101e-06,0.10136564821004868,0.09464307685220053,5.996250406602099e-06,0.10165785253047943,0.09425285044643614,5.540707057118458e-06,0.1014021635055542,0.09386941069175327,5.0268945350620565e-06,0.10078702867031097,0.09351364393082875,4.5023335226651685e-06,0.09993556141853333
922,18,cross_attn,Horizontal,1,0.5246490767550847,0.11033819428587678,2.434091567993164,0.2216858762124228,0.0019507673835657791,0.3417084515094757,0.16360834051692297,0.0005501823002572224,0.23180821537971497,0.13909682489576794,0.0002162174891940043,0.17795968055725098,0.12605188231146525,0.00010431492967002825,0.14931559562683105,0.11776406317949295,6.167521584566146e-05,0.13708285987377167,0.11202764038055663,3.921656562440828e-05,0.1291283369064331,0.10785610938356036,2.5514814683746113e-05,0.12222839146852493,0.10474457615424716,1.6897675145573272e-05,0.11643396317958832,0.10238575899884814,1.1314708521101812e-05,0.11155101656913757,0.100607682906446,8.01945838614746e-06,0.10781201720237732,0.09923871452846224,6.09764336349888e-06,0.10494601726531982,0.09813539908518867,4.951299937911559e-06,0.1027250736951828,0.09721852011150783,4.172264433401115e-06,0.10122845321893692,0.09646052949958378,3.5576153414408477e-06,0.10011325031518936,0.09584058809375005,3.0694882870458685e-06,0.09928815066814423,0.09533170965455827,2.705557884483179e-06,0.09873936325311661,0.09491191473272112,2.4686498664633404e-06,0.09827933460474014,0.09456662656295867,2.359915532663565e-06,0.09798901528120041,0.09428607530537106,2.3682108708403256e-06,0.09787984192371368
922,18,cross_attn,Gaussian,1,0.36061821121072013,0.08209789669571993,1.8474125862121582,0.1569264101840201,0.0009074686111498571,0.2662893831729889,0.12084413899315728,0.00023232440725871938,0.1532641053199768,0.1037293572037939,0.00010569459453033979,0.12620125710964203,0.09417037961501924,6.838401613162766e-05,0.11335169523954391,0.08821788844135073,5.009124743642976e-05,0.1050833910703659,0.08397279939954243,3.7267090254681876e-05,0.09943176805973053,0.08088610309457021,2.8223102062660834e-05,0.09426580369472504,0.07864125806187826,2.2091198006584757e-05,0.09004989266395569,0.07711780213174366,1.8803999084634206e-05,0.08825072646141052,0.07603935045855385,1.7164305060446515e-05,0.08800848573446274,0.07509338382690672,1.576407602767423e-05,0.08668483048677444,0.07413595406309006,1.384686510649573e-05,0.08461681753396988,0.07320710922044421,1.1666979582005569e-05,0.08242397010326385,0.07236992768825047,9.652792051384488e-06,0.08035871386528015,0.07164193737128424,7.988320040313468e-06,0.07841262221336365,0.0710072283233915,6.746307181612502e-06,0.07662562280893326,0.07044808684833466,5.946493584206557e-06,0.07647870481014252,0.06996230911167842,5.485873276644149e-06,0.07623014599084854,0.06955544544117791,5.196413707149494e-06,0.07588876038789749
922,18,mix_ffn_after_gate,Vertical,1,0.4151862992180718,0.06554231960899866,1.8750048875808716,0.18782165883079407,0.0006580787588177317,0.25981688499450684,0.14376243026483626,0.0002957695730897906,0.18892362713813782,0.11935953748604608,0.00019397593413785294,0.155021071434021,0.10293724920068469,0.00014072304276698867,0.1329881101846695,0.09110903846366065,0.0001106501857882034,0.11672015488147736,0.08174762922146964,8.8930969117898e-05,0.10600543022155762,0.07451582936540482,7.271195276946134e-05,0.09626538306474686,0.06880168344766374,6.255501769180871e-05,0.0884273424744606,0.06420055380652821,5.433974998295777e-05,0.08262566477060318,0.06045123260645639,4.708077847054859e-05,0.07726645469665527,0.05726929795410898,4.160200005697116e-05,0.07288601994514465,0.05438848324711361,3.8034010682008746e-05,0.06985003501176834,0.05181752559211519,3.532639101683975e-05,0.0666750892996788,0.04963122751741182,3.294262935113429e-05,0.06348888576030731,0.047751782018513905,3.08904540610935e-05,0.060920607298612595,0.04608795478466957,2.9235779662589464e-05,0.059070371091365814,0.04460216431863724,2.7990765689065203e-05,0.05735522136092186,0.043299435268318844,2.7097984867961685e-05,0.05582284554839134,0.04215260299425277,2.642653955441139e-05,0.054542411118745804
922,18,mix_ffn_after_gate,Horizontal,1,0.6694702903429667,0.39069778885859946,4.365493297576904,0.223082606281553,0.0008603370152847282,0.2905905246734619,0.1733400805128945,0.000295165832487416,0.2136925756931305,0.14536880583517134,0.0001688266123074699,0.17640571296215057,0.1257628913200091,0.00011347546845756828,0.14959251880645752,0.11139294883561512,8.241685186469985e-05,0.13036704063415527,0.10042161435361892,6.409145891694182e-05,0.11626753211021423,0.09180070424363726,5.243231689310595e-05,0.10680486261844635,0.08491451600714335,4.4596903181236314e-05,0.09935696423053741,0.07927816373015208,3.8958801169516826e-05,0.0930083766579628,0.07453099070560365,3.487006046232855e-05,0.08754726499319077,0.0704860029712556,3.177776210140898e-05,0.082865409553051,0.06706316106849247,2.9219177084636915e-05,0.07880164682865143,0.06413728572309964,2.723525111974244e-05,0.07521383464336395,0.06157017511034769,2.6103744374776076e-05,0.07201565057039261,0.059256820274250846,2.5422141916744796e-05,0.06923942267894745,0.05717301540194996,2.452789467237617e-05,0.06679444760084152,0.055320895262180814,2.3493705046864444e-05,0.0650445744395256,0.05365002616530373,2.2309267107206497e-05,0.06344641745090485,0.05210171367913958,2.0911855279056227e-05,0.06172806769609451
922,18,mix_ffn_after_gate,Gaussian,1,0.38191457755035824,0.05405537050133153,1.50950026512146,0.1649327092464008,0.0006265892992049466,0.21626587212085724,0.12302358554942268,0.00028048291080238813,0.15944647789001465,0.09902846765896631,0.00015797444433324266,0.1292802095413208,0.08360982556191701,9.955855124250807e-05,0.10759185254573822,0.0729836927401641,6.639085544089452e-05,0.09335456788539886,0.06542868592909404,4.979755314721053e-05,0.08322346955537796,0.059902406105446435,3.8460159917852473e-05,0.07424718886613846,0.05568631549203207,2.9322505836271017e-05,0.06847330927848816,0.052126890964924344,2.3188053087323585e-05,0.06359057873487473,0.04902752908685851,1.9826488478052003e-05,0.06025109440088272,0.046583855613356547,1.763493692317704e-05,0.05764412134885788,0.044599779541530306,1.6041573058454982e-05,0.055681418627500534,0.04289562432538895,1.472220220118791e-05,0.05389931797981262,0.04140924999401683,1.3669460791649963e-05,0.051892418414354324,0.04014328145791614,1.2862309213848201e-05,0.04996242746710777,0.03904298497807412,1.2186310058301291e-05,0.04816746711730957,0.03804761023511962,1.1559096850816017e-05,0.04720667004585266,0.03716294863630855,1.1086538225554115e-05,0.04648303985595703,0.03640664014078322,1.0771835058465936e-05,0.04574773088097572
922,19,self_attn_after_gate,Vertical,1,0.1118166283482597,0.002009312859560235,0.34349343180656433,0.08822512401947899,7.573574737252432e-06,0.09496705234050751,0.0858796898807798,8.021727850346793e-06,0.09247857332229614,0.08443977009682428,9.498532087545678e-06,0.09304667264223099,0.0827265710584701,9.635833084440197e-06,0.09121128916740417,0.0815239173788873,1.1064296523030723e-05,0.09058047086000443,0.08063505152388224,1.2065337330467408e-05,0.08973677456378937,0.07974014856985637,1.289738395674093e-05,0.08870843052864075,0.07870626272190184,1.3360809952046024e-05,0.08763615787029266,0.07789861351724654,1.4247099561319898e-05,0.08654525876045227,0.07723448058915516,1.500256795475825e-05,0.08532342314720154,0.0767235326625052,1.6025144371161547e-05,0.08524839580059052,0.07627302739355299,1.749753865793127e-05,0.085381880402565,0.07579100924351859,1.884398637677664e-05,0.0852397084236145,0.07529722296056293,1.9824357067741818e-05,0.08473694324493408,0.07483771892767103,2.061112143638149e-05,0.08464937657117844,0.07442809724145466,2.1365215675540937e-05,0.08454593271017075,0.07405590916436816,2.2114903412827662e-05,0.0844244584441185,0.07370409925305654,2.2819727760608534e-05,0.08425753563642502,0.07336453667708806,2.345117366060981e-05,0.08403858542442322
922,19,self_attn_after_gate,Horizontal,1,0.3244198520505239,0.3777426932015628,4.379153728485107,0.09536186286381312,4.025621289196047e-06,0.1006762906908989,0.09391609756719499,2.4698226441635773e-06,0.098483607172966,0.09295909899094748,2.1179528960298275e-06,0.09684833884239197,0.09220142910877864,1.8442269290086169e-06,0.09557276964187622,0.0915630114456964,1.6978857362104564e-06,0.09490089118480682,0.09098215874225374,1.7402846949371029e-06,0.0949084535241127,0.09034921429933064,1.5261658891012506e-06,0.09356208145618439,0.08976504525968007,1.2809953019332881e-06,0.0918637216091156,0.08931308062303633,1.1937262505828398e-06,0.09137977659702301,0.08892508974624058,1.1733554982723865e-06,0.09113830327987671,0.0885701101450693,1.1634707814751984e-06,0.09085696935653687,0.08826442606865413,1.1692628959718288e-06,0.09051874279975891,0.08800918975519756,1.2017890713134138e-06,0.09025827050209045,0.08777572391998201,1.246661541514789e-06,0.09013141691684723,0.08754165328684307,1.3019088927503408e-06,0.08986611664295197,0.08732419803975121,1.3713724063193303e-06,0.08975716680288315,0.0871414647452415,1.44740746603832e-06,0.089952751994133,0.08698762184570706,1.5338877456817946e-06,0.09014067053794861,0.08685705290427284,1.6440760778558334e-06,0.09033394604921341
922,19,self_attn_after_gate,Gaussian,1,0.15001832220762495,0.03694282283951329,1.4169118404388428,0.06668524538713788,1.1622722402102784e-05,0.07602037489414215,0.06281129607842081,9.240192043270356e-06,0.07002703100442886,0.06013059953138942,8.215616536418043e-06,0.06828360259532928,0.058463376074556324,7.737303957572456e-06,0.06682445108890533,0.05738940101767343,7.67998268198677e-06,0.0654667466878891,0.05666545808078751,7.854881768959388e-06,0.06410043686628342,0.05609237343545944,8.159592526942593e-06,0.06278576701879501,0.055653047053113816,8.251363305621547e-06,0.061721693724393845,0.055177804082632065,8.276052151145137e-06,0.06061527878046036,0.05464651252305697,8.195108428839126e-06,0.060669198632240295,0.054213409859036645,8.23956819237153e-06,0.06081102415919304,0.053817725962116605,8.298456675392381e-06,0.06131023168563843,0.05328630851138206,7.880503483641634e-06,0.06092212721705437,0.052707868140368236,7.445165416465651e-06,0.059200040996074677,0.05223348902331458,7.177034817181414e-06,0.0577881745994091,0.051826848633705624,6.960028406891762e-06,0.05697192996740341,0.05146006985552727,6.802200061370148e-06,0.056511979550123215,0.05113295696320988,6.740642549776592e-06,0.056105837225914,0.050834025537210795,6.738071824474254e-06,0.05574853718280792
922,19,cross_attn,Vertical,1,0.3411277609448584,0.439054895542808,4.789469242095947,0.08920367594276156,6.31073050004687e-07,0.0927252322435379,0.08884553812325947,9.899163389921923e-08,0.09061714261770248,0.08884500097187739,9.439944838083351e-08,0.09056567400693893,0.08884036540985107,8.745773732558221e-08,0.09050987660884857,0.08883501908608846,8.280000731211103e-08,0.09044794738292694,0.08883200810542183,7.800062052274725e-08,0.09038297832012177,0.0888281979021572,7.387694630069181e-08,0.09031587839126587,0.08882572229892488,6.911838537899987e-08,0.09024924039840698,0.0888198371680956,6.351394537462035e-08,0.09017574787139893,0.08881419920732105,5.910015975015158e-08,0.09010588377714157,0.08881018239827383,5.4945446183574086e-08,0.09003865718841553,0.08880445030000475,5.0568403948853215e-08,0.08996379375457764,0.08879847103168094,4.653555824101569e-08,0.08989101648330688,0.08879390607277553,4.320724663238925e-08,0.08982197940349579,0.08878973079106164,4.031067731619365e-08,0.08975487947463989,0.08878587789478756,3.7656946800408714e-08,0.08968807756900787,0.08878284408932641,3.5258583533288934e-08,0.08962444961071014,0.08877979952191549,3.316202718159323e-08,0.08956621587276459,0.08877628556792698,3.1266772386631946e-08,0.08950838446617126
922,19,cross_attn,Horizontal,1,0.16160169657733706,0.0331071609486005,1.312185287475586,0.08912049352176606,7.178422505220616e-07,0.09365864098072052,0.08899780220928646,5.372892076784663e-07,0.09312545508146286,0.08896782923312414,4.1820784143077675e-07,0.09257976710796356,0.08893457835628873,3.124077910923219e-07,0.09200897067785263,0.0889195158841118,2.3037982244570457e-07,0.09149017930030823,0.08891470742131037,1.6625115765448125e-07,0.09103112667798996,0.08891255361220193,1.1579491278687232e-07,0.09060297161340714,0.08889673165385685,7.843967847768519e-08,0.09024085104465485,0.08885150426436984,5.510268195868662e-08,0.08991217613220215,0.0888387340874899,4.2331521421221525e-08,0.08964736759662628,0.08882237249423587,3.297410904987847e-08,0.08942724019289017,0.08881797996305284,2.6628787781263193e-08,0.08935755491256714,0.08880699520546292,2.1163721039317844e-08,0.08928094804286957,0.08880383663234256,2.023960260210377e-08,0.08931981027126312,0.08879814580792472,2.0008642568944317e-08,0.08932959288358688,0.08879465089430885,1.8509383563122806e-08,0.08927379548549652,0.08878633616462586,1.555710279792369e-08,0.0892045721411705,0.08878202913772493,1.4518854391607747e-08,0.08918238431215286,0.08878528255791891,1.4056521122936699e-08,0.08919373154640198
922,19,cross_attn,Gaussian,1,0.19552234548424918,0.1104467672484871,2.398090362548828,0.06729525611514137,1.133161143937926e-07,0.06866825371980667,0.06714013100616516,2.4494202604832243e-08,0.06792432814836502,0.06713386944362096,2.4217317045392303e-08,0.06790287792682648,0.06712920289664041,2.436604389985745e-08,0.06793425977230072,0.06712802227527376,2.3905515830187788e-08,0.0679355263710022,0.06712788248819018,2.2494953320693988e-08,0.06788656115531921,0.0671271900572474,2.0891467027004355e-08,0.06783181428909302,0.06712505706245937,1.969442158413969e-08,0.06780830025672913,0.06712520536449221,1.8283779438927364e-08,0.06776827573776245,0.06712577421040762,1.72696897800084e-08,0.06773585081100464,0.06713146101387721,1.5065865173649266e-08,0.06769056618213654,0.06712900102138519,1.3046406523010823e-08,0.06765066087245941,0.06711823682463358,1.3002618288893247e-08,0.06763048470020294,0.06711388710472319,1.3215789936439784e-08,0.0676407516002655,0.06710914640672623,1.2938488240598736e-08,0.06765039265155792,0.06710466163025962,1.1966338319608506e-08,0.06762200593948364,0.06710431724786758,1.129131641801582e-08,0.06759800761938095,0.0671069235319183,1.0920034583562698e-08,0.06758103519678116,0.06711226216857395,1.0713185608756222e-08,0.06754834949970245
922,19,mix_ffn_after_gate,Vertical,1,0.4377902614928427,0.770786692641515,5.56196403503418,0.08631500294284215,1.985681251137387e-05,0.10137945413589478,0.07807563375385981,7.505861704748434e-06,0.08627776801586151,0.07383477297567186,5.869055677163303e-06,0.07903850078582764,0.07114660917293458,6.008739962994283e-06,0.07725454121828079,0.06928012839385442,6.65670140943086e-06,0.07603628933429718,0.06792194041467849,7.44860558365777e-06,0.07518628239631653,0.0668903190110411,8.259236612478356e-06,0.07456434518098831,0.06606704333708399,9.04088643421631e-06,0.07407087087631226,0.06537497262396509,9.788508300331108e-06,0.07365259528160095,0.06476733733027701,1.0504868674347957e-05,0.0732799544930458,0.06422018514029564,1.11798337582291e-05,0.07293738424777985,0.06372531952839049,1.1795691290806924e-05,0.0726148933172226,0.06327940068311161,1.2340820864218521e-05,0.07230162620544434,0.06287855146423219,1.2809629181554303e-05,0.07199395447969437,0.0625197288417627,1.3224956364107039e-05,0.07171150296926498,0.06219845968816015,1.3683774191629068e-05,0.07151109725236893,0.061907091488440834,1.4319308472684196e-05,0.07146346569061279,0.06163922756437271,1.5142023355028936e-05,0.07156538963317871,0.06140173173376492,1.6036288879315163e-05,0.07173942029476166
922,19,mix_ffn_after_gate,Horizontal,1,0.10201935671151631,0.0004215749282126248,0.16982457041740417,0.07666266035465967,7.480929591662145e-06,0.08476553857326508,0.07229011896110717,2.611375620685785e-06,0.07589466869831085,0.07095371671612301,2.180307566400974e-06,0.07437852025032043,0.07005086233691564,1.8091590637402539e-06,0.07275316119194031,0.06948784833389615,1.924088184096404e-06,0.07261613756418228,0.0690131542228517,2.0049648855139117e-06,0.07229802757501602,0.06857772869250131,2.031626551704697e-06,0.07183170318603516,0.06824331860693675,2.0778727560656996e-06,0.07160776853561401,0.06792617908545903,2.173922262054957e-06,0.07127191126346588,0.06761009943863702,2.246179267036017e-06,0.07088049501180649,0.06727735106907194,2.2345116995723124e-06,0.07049684971570969,0.06700568516103048,2.2634029324182435e-06,0.07035878300666809,0.06677571506727309,2.3315602395623872e-06,0.07037176191806793,0.06655338099078527,2.3890190870676095e-06,0.07030721753835678,0.06634915241646389,2.4378766164729454e-06,0.07016719877719879,0.06616020131678808,2.487089632665735e-06,0.07003109902143478,0.06597739706436793,2.5292167926136353e-06,0.06985476613044739,0.06580082321214298,2.5686907385547254e-06,0.06965338438749313,0.06563192883890773,2.6102653729082704e-06,0.0694599449634552
922,19,mix_ffn_after_gate,Gaussian,1,0.16385692582717018,0.04049508232784592,1.4315681457519531,0.059478589703166294,2.435421450022345e-05,0.07068067044019699,0.05358188356908541,1.0814017629558019e-05,0.06394799053668976,0.05131473327203402,7.551218359338606e-06,0.05872877687215805,0.049944430944465455,6.139979159833579e-06,0.05588945001363754,0.0489970434989248,5.480047695725372e-06,0.05452612042427063,0.04822224248496313,5.227361850334223e-06,0.05384606868028641,0.047492299465433,5.1117556760616755e-06,0.05299179628491402,0.046857969864966376,5.115628584086822e-06,0.052535608410835266,0.046324441652922405,5.159637557179809e-06,0.05224659666419029,0.045856662922435336,5.19902402257231e-06,0.051901161670684814,0.0454426629557496,5.239367305843253e-06,0.05154070630669594,0.045073345244403866,5.29623960950693e-06,0.05113226920366287,0.044728549167750375,5.375932509796101e-06,0.050661828368902206,0.044381151774099896,5.453391520026085e-06,0.050232402980327606,0.044027844946535805,5.4645760992262145e-06,0.04990383982658386,0.043696256147490606,5.42401727960216e-06,0.049672070890665054,0.043402447764362605,5.396543833702099e-06,0.0495264008641243,0.04314114342606257,5.391518291194392e-06,0.04945928230881691,0.042905684205747786,5.414524859193342e-06,0.04943373054265976
899,18,self_attn_after_gate,Vertical,1,0.24353357570038903,0.060081191217132915,1.865067481994629,0.12953963343586242,0.0004312870569472993,0.18808913230895996,0.10952424896614892,0.00019627933042705694,0.15503275394439697,0.09833039331530767,0.00015085268508156408,0.13814988732337952,0.08950729691793048,0.00012267838371062535,0.11800085008144379,0.08407003698604447,0.00011264843457332109,0.11162751913070679,0.08014064660621067,0.00010735385294621748,0.10657651722431183,0.07713662330356855,0.00010245000894594587,0.10357119143009186,0.07469176104854024,9.720882067898886e-05,0.1010451465845108,0.07263276105125745,9.276206704452005e-05,0.09790311008691788,0.07091010870441558,8.926221333990892e-05,0.09437016397714615,0.06945439014169905,8.654943165876094e-05,0.09053131192922592,0.06823330082827145,8.474794903392185e-05,0.08927726745605469,0.06722528777188724,8.346769480350656e-05,0.0887334868311882,0.06637930645356102,8.214379591948761e-05,0.08767332136631012,0.0656758031793057,8.165371907969624e-05,0.08673330396413803,0.06512312963604927,8.236555667924021e-05,0.08664527535438538,0.06468616650691109,8.326201730725348e-05,0.08705712854862213,0.06429674961264172,8.371440260163589e-05,0.08744053542613983,0.06391250892054468,8.371487230090666e-05,0.08749739825725555
899,18,self_attn_after_gate,Horizontal,1,0.5034375857739222,0.64839633198618,5.503744125366211,0.13984504779652943,0.0004577320349777228,0.20530414581298828,0.12415013580568253,0.00016280127010820153,0.16808082163333893,0.11645591022476318,8.559800929467561e-05,0.14558635652065277,0.1118682153404705,5.548579436859821e-05,0.13416427373886108,0.10871527060156777,4.071611606278772e-05,0.12750785052776337,0.10630790546299919,3.204867704889956e-05,0.1228828877210617,0.10430702366053111,2.6133146379853543e-05,0.11933933198451996,0.10258799874120289,2.179614111906886e-05,0.1165722906589508,0.1009704771022948,1.7869711705555263e-05,0.11420034617185593,0.09944404732613336,1.4535986388394445e-05,0.11152404546737671,0.09816060073318936,1.2113178246187061e-05,0.10897310078144073,0.09710111634598838,1.0386310660865336e-05,0.1069427877664566,0.09618848550414281,9.058145210112942e-06,0.10529083013534546,0.09537955574573033,8.04054148072234e-06,0.10391520708799362,0.09465900962314909,7.2949370228104336e-06,0.10269895195960999,0.09402111350070863,6.7725530267020995e-06,0.10163136571645737,0.09345058907592108,6.405754531166218e-06,0.10072603821754456,0.09293257728928611,6.064598355207037e-06,0.09985415637493134,0.0924751999832335,5.685789882152551e-06,0.09894341975450516
899,18,self_attn_after_gate,Gaussian,1,0.32632527062817224,0.055913249913182854,1.4080164432525635,0.1221468946526921,0.000784098343411213,0.23058828711509705,0.08800640288326475,0.00018043197099412627,0.132318913936615,0.07472634451493385,8.928975256128008e-05,0.10560734570026398,0.06817911890527559,6.373836336754144e-05,0.09041620790958405,0.0636182271890224,4.178466890706463e-05,0.08083608746528625,0.06016494410615119,3.049073999418182e-05,0.0755734071135521,0.05750270075504742,2.4209359013952344e-05,0.07179786264896393,0.05537702941468784,2.0756623329867905e-05,0.06880074739456177,0.05365201008934823,1.8710637589752054e-05,0.06592200696468353,0.052216249207655586,1.726728497412128e-05,0.06287750601768494,0.051000092769899065,1.628224553435414e-05,0.06018586829304695,0.049920901301361266,1.5830337362780628e-05,0.05819295346736908,0.048903175053142366,1.557163508884024e-05,0.056604038923978806,0.047964177434406584,1.515782394970374e-05,0.055175766348838806,0.04712948764836977,1.4783777238947445e-05,0.054829683154821396,0.046347865509608434,1.4409587686437772e-05,0.05480288341641426,0.04556593724659511,1.3891214053514712e-05,0.05352310091257095,0.04483323496958566,1.32564279430598e-05,0.05248337239027023,0.044212050617687286,1.2716831665921218e-05,0.05134247988462448
899,18,cross_attn,Vertical,1,0.5028273853517714,0.28429612959155004,3.5465078353881836,0.19532659342364658,0.0015903522619911104,0.3446930944919586,0.15884506217544042,0.0005836673827040093,0.24702125787734985,0.13998959059753116,0.0003101904626740408,0.1860637664794922,0.12714343860981955,0.00014655418713475427,0.15489622950553894,0.11885038585889907,7.115668984116243e-05,0.143387109041214,0.11377965528813619,4.4527302879276966e-05,0.1366504728794098,0.11011439490885962,3.353772719871228e-05,0.1301029920578003,0.10713982664876515,2.5504241447237002e-05,0.12225040793418884,0.10475982926667683,1.9760039056516824e-05,0.1173115149140358,0.10290454741981295,1.593229408541417e-05,0.11431572586297989,0.10142113883343953,1.3267227148981579e-05,0.11157640814781189,0.1002099531747046,1.129829930236543e-05,0.10935550928115845,0.09921696450975206,9.744362355067316e-06,0.10757465660572052,0.0984137054710161,8.505900410566893e-06,0.10609471797943115,0.0977605510325659,7.570691569357163e-06,0.10492518544197083,0.09720770648074528,6.9527557879479785e-06,0.10410048812627792,0.09670326397532508,6.613091494661038e-06,0.10354369133710861,0.09621298738888331,6.425967936312987e-06,0.10302010178565979,0.09573655847519164,6.241413732428343e-06,0.1023177057504654
899,18,cross_attn,Horizontal,1,0.49533822375630576,0.23017268371740224,3.2892532348632812,0.19173621847516015,0.0013189743785282956,0.35055333375930786,0.15290869926176373,0.0002826688633240826,0.21406729519367218,0.13340565668685095,0.00010984563553212839,0.16249753534793854,0.12318929734211119,6.469001706883713e-05,0.1452624499797821,0.11688551354029822,4.5217039996405836e-05,0.137295663356781,0.11236137944081473,3.311291074842888e-05,0.1312876045703888,0.10890256850019334,2.451850675160933e-05,0.1256851851940155,0.10621718151701821,1.8106115004013368e-05,0.12056388705968857,0.10421263462021238,1.400434100246027e-05,0.11647047847509384,0.10267589501445255,1.1369684700535575e-05,0.11316138505935669,0.10136752291804269,9.604064020310891e-06,0.1104067713022232,0.10015163310463467,8.23872777426081e-06,0.10802201926708221,0.0990707478116429,7.110759798512806e-06,0.1065315455198288,0.09818148080791746,6.2183380167023175e-06,0.10540056228637695,0.09746101545909094,5.472714223915429e-06,0.10423018783330917,0.09684552701692732,4.806989915191391e-06,0.10294393450021744,0.09627569502308256,4.2155117161813e-06,0.10201038420200348,0.09573401971941903,3.6945951757686258e-06,0.10122281312942505,0.09523671333278928,3.2488107026325517e-06,0.10059762001037598
899,18,cross_attn,Gaussian,1,0.3903779966963662,0.09288972526883123,2.1676368713378906,0.1615846994377318,0.001581923636855295,0.3177213966846466,0.12016732375773173,0.0004723295633045465,0.1987382471561432,0.10201283154033479,0.0001916431339483184,0.15198788046836853,0.09156092019781234,8.673039994926876e-05,0.12580299377441406,0.08511353023941555,4.967952009001807e-05,0.11001229286193848,0.08091634180810717,3.4017051045039014e-05,0.10306201875209808,0.07795676825538514,2.4309345957166618e-05,0.09765681624412537,0.075921906601815,1.8078071741864262e-05,0.09326015412807465,0.07446703054602184,1.3925637489537795e-05,0.0895073264837265,0.07332547895965122,1.0949744877360554e-05,0.08612583577632904,0.07242040608137373,9.083844765679136e-06,0.08319598436355591,0.07171682587691716,8.06141012144877e-06,0.08087196946144104,0.07115238443726585,7.432433849789638e-06,0.07900620996952057,0.07067504738058362,6.933058542904057e-06,0.07745440304279327,0.07027349514620644,6.528776152073931e-06,0.0761566087603569,0.0699566240821566,6.29162912179451e-06,0.0762350857257843,0.0697123103198551,6.196777948331992e-06,0.07629323750734329,0.06949937816650148,6.101849808530935e-06,0.07600855827331543,0.06926959859473365,5.879833588707148e-06,0.07528834789991379
899,18,mix_ffn_after_gate,Vertical,1,0.7872243253957658,0.7450215159243722,6.003262519836426,0.2669288341015104,0.001536651048054617,0.35034531354904175,0.20346381030385458,0.0006595987481310411,0.26554006338119507,0.16864845263106482,0.0004068604584951728,0.22105368971824646,0.14502132754950298,0.00028016564091276126,0.18931761384010315,0.12753116493187253,0.0002066748420455422,0.16577580571174622,0.11401937357963078,0.00016066024304470228,0.1479235589504242,0.10339767249330642,0.0001294107349572306,0.13477861881256104,0.09485348420483726,0.0001072829289567089,0.12414762377738953,0.08784100507932996,9.112558577648781e-05,0.11533558368682861,0.08201443498569821,7.914000886238658e-05,0.10797115415334702,0.07711303429234595,6.993809162515494e-05,0.1015966534614563,0.07292022449629647,6.245150447136209e-05,0.09588678181171417,0.0692564630437465,5.6020308323737326e-05,0.09072668850421906,0.06599780325851744,5.066238973477365e-05,0.08620370924472809,0.0630981975959407,4.651974405957416e-05,0.08229143917560577,0.06053398608688324,4.324173020159137e-05,0.07881828397512436,0.05826107714147795,4.053403300954821e-05,0.07566004991531372,0.05623074283912068,3.828117069692409e-05,0.07273803651332855,0.05440380560263755,3.6351060428903355e-05,0.07002612948417664
899,18,mix_ffn_after_gate,Horizontal,1,0.5620914243516468,0.1575737984340677,2.8958117961883545,0.23693859340652587,0.0011511757516139173,0.3269473910331726,0.17793382396773685,0.00037659034610402955,0.23067550361156464,0.1472808498711813,0.00021456106081642432,0.18603204190731049,0.1266148564597917,0.00014475218764695686,0.15844570100307465,0.11145642435266859,0.00010564818029080736,0.13904505968093872,0.10002586765894814,8.151633402750976e-05,0.12457102537155151,0.09106907603286561,6.459339738673429e-05,0.11253434419631958,0.08387748613244012,5.2708514904791606e-05,0.10279645025730133,0.0780402444421299,4.443079708293524e-05,0.09511639177799225,0.07323500697338392,3.854718696775636e-05,0.08887765556573868,0.06921608988491315,3.426660548089493e-05,0.083673857152462,0.06581929941025991,3.106768869597524e-05,0.07926709949970245,0.06292164532674684,2.8693401987786264e-05,0.07561618089675903,0.06039119310795315,2.675502931202539e-05,0.07257513701915741,0.05813678147064315,2.4975581318262218e-05,0.06975176185369492,0.056155997609335276,2.339569733543623e-05,0.06732675433158875,0.054434623805776475,2.1985229984398696e-05,0.06562511622905731,0.052906215486545415,2.0533171115382848e-05,0.06405497342348099,0.05150096993597727,1.9004166573662493e-05,0.06226082146167755
899,18,mix_ffn_after_gate,Gaussian,1,0.45889108521597727,0.09419580011713022,2.219320774078369,0.18585290369533358,0.0006238556653467848,0.239387646317482,0.14139428521905625,0.00027176194516586346,0.18032124638557434,0.11650037458018651,0.00016891445142340039,0.14938980340957642,0.09979160271939777,0.00011769286131837166,0.12715041637420654,0.08788672976550602,8.609072048219556e-05,0.11063608527183533,0.07901433459113515,6.578097023117208e-05,0.09886312484741211,0.07214587731730371,5.2511155575126145e-05,0.09054535627365112,0.06667246356133431,4.332605205839654e-05,0.08385252207517624,0.062225133949328985,3.6608709170658035e-05,0.07833485305309296,0.05859253650146817,3.168746254324514e-05,0.07378348708152771,0.055562208924028605,2.765552338855686e-05,0.06996516138315201,0.052969700878574735,2.4255489624560772e-05,0.06678734719753265,0.050707363360931006,2.1500413971634513e-05,0.0639720931649208,0.04874843347167212,1.9265428009690955e-05,0.06139439344406128,0.047028221071712555,1.7386041996342645e-05,0.05914270877838135,0.04548521966688217,1.5843880699780614e-05,0.05729116126894951,0.04410864738008333,1.4700295430223918e-05,0.05567510053515434,0.04290207162026375,1.3843267053797752e-05,0.054208025336265564,0.04185025612749751,1.3131859720449874e-05,0.05295354127883911
899,19,self_attn_after_gate,Vertical,1,0.29902254707283443,0.24951615200148483,3.5212700366973877,0.09155616589954921,1.2549748310522537e-05,0.09876324236392975,0.08944706216691033,1.1559651748856125e-05,0.09864480793476105,0.08819948065848578,1.130943691475863e-05,0.09675293415784836,0.08695936072913427,1.0992927875819248e-05,0.0953969806432724,0.08606789663197502,1.1586933087083418e-05,0.09544916450977325,0.0853245598929269,1.220594203509287e-05,0.09520292282104492,0.08461989663423054,1.2369159739156738e-05,0.09372691065073013,0.08405594492242449,1.2621941001398508e-05,0.09216973185539246,0.08348483899756083,1.2860418620195966e-05,0.09092698246240616,0.08280697275721838,1.2890573382479856e-05,0.09068833291530609,0.08214681122511153,1.2826591464987926e-05,0.09042529761791229,0.08158526510473281,1.2923141280803948e-05,0.09022323787212372,0.08107544872022811,1.3203846682725875e-05,0.09009632468223572,0.08059182502920666,1.3640528310503157e-05,0.08981435000896454,0.08015397037305529,1.4121254055927465e-05,0.08939613401889801,0.0797805002047902,1.4639878721115614e-05,0.08914737403392792,0.0794665723566025,1.5245506703689575e-05,0.08927059173583984,0.07917657139755431,1.6051139692854207e-05,0.08990125358104706,0.07888198844970219,1.7263105572183798e-05,0.09075967222452164
899,19,self_attn_after_gate,Horizontal,1,0.22545095391216732,0.07169942979773133,1.8679437637329102,0.09513086861088163,6.645653866417684e-06,0.10461251437664032,0.09347691517027598,4.456477511475882e-06,0.09961004555225372,0.09234631830264652,3.2238569305425127e-06,0.09700465202331543,0.09153631956331314,2.8394608568694158e-06,0.09502822905778885,0.0908855502567594,2.482773377779883e-06,0.09479613602161407,0.09024841243785525,1.917363337707659e-06,0.093730129301548,0.08959621403898511,1.6086430594419341e-06,0.09238118678331375,0.08915038513285774,1.576279789251967e-06,0.09177074581384659,0.088715675094771,1.449642952027805e-06,0.09147188067436218,0.08829551852411693,1.3598296635617527e-06,0.09098950773477554,0.08797858300663176,1.3417769938811822e-06,0.09064435958862305,0.08770797673671965,1.3317519436422817e-06,0.09045499563217163,0.08745356341676107,1.3456418797295392e-06,0.09039843082427979,0.08723200715723492,1.3847626341489192e-06,0.09031279385089874,0.08703893789696315,1.4201917933937665e-06,0.09012451767921448,0.08686604551852696,1.438892135187948e-06,0.08988217264413834,0.08671813742035911,1.4529937599874244e-06,0.08966869860887527,0.08659053097168605,1.4645027520388165e-06,0.08942149579524994,0.08646721593917363,1.4919829836038984e-06,0.08925536274909973
899,19,self_attn_after_gate,Gaussian,1,0.10865660567605306,0.01022441471353536,0.7681257724761963,0.06472417487511559,7.429652182297977e-06,0.07130567729473114,0.061698552280191395,7.743972989337114e-06,0.06853874027729034,0.06038665126950022,8.132002875284959e-06,0.06599661707878113,0.05918169039345923,8.312342951777133e-06,0.06402610242366791,0.05824235093498987,8.908345097551204e-06,0.06328321248292923,0.05744322472148471,9.59159113915649e-06,0.06460987031459808,0.056673769144311784,9.424027920177077e-06,0.06450328230857849,0.05608196314128618,9.28505632508529e-06,0.06430995464324951,0.05551080458930561,8.843483029073028e-06,0.06292077898979187,0.05499439586013082,8.50208267400636e-06,0.06130794435739517,0.05454838512435792,8.197850631330406e-06,0.06051122397184372,0.05407923808883107,7.758900660548857e-06,0.06006275862455368,0.05367238600812261,7.569856713038572e-06,0.059127867221832275,0.0533159084263302,7.530114091070162e-06,0.05846394598484039,0.052929559929503336,7.458056150155725e-06,0.05762233957648277,0.05257527293666961,7.362133342167421e-06,0.05724773555994034,0.052297854589091405,7.315899988180686e-06,0.05692502111196518,0.052052518559826746,7.255218849783098e-06,0.056770771741867065,0.05183194749175556,7.19763540288875e-06,0.05640125647187233
899,19,cross_attn,Vertical,1,0.10947377388439482,0.0020610401058299465,0.3071633577346802,0.08891742369012227,4.585546919185923e-08,0.08983957767486572,0.08884881732482759,2.6225176130429433e-08,0.08952641487121582,0.08884416662511371,2.03313334683929e-08,0.08942477405071259,0.0888049512628525,1.7425095396856975e-08,0.08935876935720444,0.08879209416253227,1.5453589055428515e-08,0.08935528248548508,0.08879770208445806,1.4470489814406401e-08,0.08926886320114136,0.08879989835004957,1.3606286192162225e-08,0.0892285630106926,0.08880353316901222,1.2273693100354742e-08,0.08920168876647949,0.08880899811074847,1.4504538578019009e-08,0.08918164670467377,0.08882196980809408,1.7429590716904976e-08,0.08929623663425446,0.08880161801500926,1.4299723854119167e-08,0.08925354480743408,0.08882140652054832,1.6827869479582496e-08,0.08932875096797943,0.0888198602294165,1.25734139259046e-08,0.0891411080956459,0.08881758555533394,1.5543807612864986e-08,0.08918352425098419,0.08887831594735857,3.163620544774606e-08,0.08935211598873138,0.08887401412403773,1.781591103210686e-08,0.08919065445661545,0.08906555187607569,1.2275079687009423e-07,0.0900186151266098,0.08920073887658497,2.2312340449652768e-07,0.09045600891113281,0.08910501227965431,1.595381098245907e-07,0.09027157723903656
899,19,cross_attn,Horizontal,1,0.12067099743419224,0.005460870732154842,0.5210592150688171,0.08895537753899892,6.301893000559304e-08,0.09008386731147766,0.08886237241446025,2.6749667929040362e-08,0.08955594897270203,0.08881730704553543,1.78310016473512e-08,0.08946214616298676,0.08879039980589397,1.511707708255448e-08,0.08940881490707397,0.08877685086594687,1.4226973843182266e-08,0.0893622487783432,0.08877662604763395,1.3771028833012107e-08,0.08933486044406891,0.08875772818213418,1.1782162757653903e-08,0.08930906653404236,0.0887546143124974,1.2089402300802677e-08,0.08936028182506561,0.08876102713365404,1.1594838354946765e-08,0.08930270373821259,0.08877405571559119,1.1834030767443106e-08,0.08923829346895218,0.08877621531959563,1.1574706410796059e-08,0.0892193391919136,0.08876274750819282,9.188647958271915e-09,0.08919818699359894,0.08875031946670442,9.234783917662267e-09,0.08917129039764404,0.08874639797778357,9.302895670231881e-09,0.08915282785892487,0.08875260159136757,8.838589775109069e-09,0.08912983536720276,0.08874694092406167,8.053429354512093e-09,0.08910402655601501,0.08876017859530827,9.091123640264593e-09,0.08909900486469269,0.08879165138517107,1.219982169154672e-08,0.08905486762523651,0.08879001273049249,1.0662124591411951e-08,0.0890658050775528
899,19,cross_attn,Gaussian,1,0.15968964095153507,0.05545040856245247,1.6865577697753906,0.0673183843729988,7.351272438144536e-08,0.06813488155603409,0.06718324373165767,2.5275909407812815e-08,0.06790530681610107,0.06715417854369633,1.9114305341702242e-08,0.06772711127996445,0.06713383337334981,1.482224043614956e-08,0.06768545508384705,0.06711863442545846,1.2620748240894637e-08,0.06767544895410538,0.06711200470962221,1.1718856393499799e-08,0.0676950216293335,0.06710875164421778,1.0146449381815273e-08,0.06766542792320251,0.06710240339475965,8.920405106808446e-09,0.0676058679819107,0.06710149004818901,8.648832573975179e-09,0.06756548583507538,0.06709705565183882,8.422606269048338e-09,0.0675424188375473,0.06709926161501142,8.463147402948363e-09,0.06752859801054001,0.06709631556083286,8.556932929366432e-09,0.06751576066017151,0.0670879924344638,8.397541710154335e-09,0.06751930713653564,0.06708877214363643,8.601722390300254e-09,0.0675305426120758,0.06709244918255579,8.682633553431276e-09,0.06750061362981796,0.06709860974834078,9.22831187379897e-09,0.06746231764554977,0.06709172127265779,8.518507029464274e-09,0.06744697690010071,0.06707967155509525,8.072453739166426e-09,0.06744594871997833,0.06707922558462809,8.560957371521623e-09,0.06746160984039307
899,19,mix_ffn_after_gate,Vertical,1,0.11355042493059522,0.003763565341193552,0.5030996799468994,0.07480955525996193,1.5115147055827813e-05,0.08425435423851013,0.0695507764106705,1.4232786633650647e-05,0.07961461693048477,0.06730079041823508,1.536522171049268e-05,0.07960699498653412,0.0658851708211596,1.5591944970657924e-05,0.07768295705318451,0.06442289823104465,1.4513620475622274e-05,0.07423451542854309,0.06346679768628544,1.436187607985061e-05,0.07284979522228241,0.06270902657083102,1.4407174591311153e-05,0.07227961719036102,0.06209270354537737,1.4422914685656788e-05,0.07219761610031128,0.061602501937794304,1.4903380309899788e-05,0.0722869262099266,0.06117102917697695,1.5781690506903894e-05,0.07222837209701538,0.06080596030704559,1.675033736516979e-05,0.07197605818510056,0.060534393917473533,1.77699493064752e-05,0.07166443020105362,0.06031020689341757,1.874045470234495e-05,0.071258045732975,0.060077902757459216,1.9390704461698247e-05,0.07086648046970367,0.05981632186070321,1.9670377681941707e-05,0.07083068042993546,0.05954021635273146,1.9757424014807485e-05,0.0705166608095169,0.05927110770865092,1.980418572029413e-05,0.07035329937934875,0.05902093305947289,1.986796573191402e-05,0.07027865946292877,0.05879232175056896,1.995612190615651e-05,0.07021359354257584
899,19,mix_ffn_after_gate,Horizontal,1,0.6491551534050987,1.443854503842269,7.200031280517578,0.12512383633662785,0.00014633852142774731,0.16211798787117004,0.10146355877319972,3.323647967559905e-05,0.12010292708873749,0.09033233092890845,1.0765575985316545e-05,0.10009629279375076,0.0841817491584354,4.91278807793445e-06,0.08992375433444977,0.08037570544651576,2.9274023997083e-06,0.0841994434595108,0.07789876359322714,2.072864117632833e-06,0.08094067126512527,0.07624012586616334,1.6379498493793334e-06,0.0790114551782608,0.07509571668647584,1.3956591910244203e-06,0.07774794101715088,0.07427344400258291,1.2569763165894247e-06,0.07686398923397064,0.07365319664989199,1.173568916327318e-06,0.07618829607963562,0.0731620905654771,1.122753029631759e-06,0.07562847435474396,0.07275641106423877,1.0940875177348555e-06,0.07513527572154999,0.07240905612707138,1.0804821262461978e-06,0.07468561828136444,0.07210326655989602,1.0776126344651993e-06,0.0745246410369873,0.07182953719581876,1.0841305121084514e-06,0.0743606835603714,0.07158197722737751,1.0996014608276272e-06,0.07419191300868988,0.07135559973262605,1.1229877956323012e-06,0.07402100414037704,0.07114572988616095,1.1522839499752827e-06,0.07385298609733582,0.07094766365157233,1.1838123392731908e-06,0.07369346171617508
899,19,mix_ffn_after_gate,Gaussian,1,0.25819256535125157,0.1823888495778532,2.8840904235839844,0.0655081288090774,3.6621563282502876e-05,0.08184221386909485,0.05563749503048639,7.496878563364239e-06,0.06166435033082962,0.052833566353434606,5.694678472803098e-06,0.05842076241970062,0.051465982009494114,5.61997958180587e-06,0.057625576853752136,0.05053477273100898,5.845691898552349e-06,0.05718278884887695,0.049771654404818066,6.0442502310484125e-06,0.05655943229794502,0.04911039627733685,6.122094515921233e-06,0.055724166333675385,0.04857972287942493,6.11620255090546e-06,0.05501924455165863,0.04812538304499218,6.080953382950582e-06,0.054210301488637924,0.04766097913185755,5.98787959576578e-06,0.05389817804098129,0.04714255194578852,5.815978402442114e-06,0.05350412428379059,0.04663093535909577,5.696886490005019e-06,0.05309727042913437,0.04619479315384986,5.682404726541014e-06,0.05279569327831268,0.045826696155090184,5.702456641706788e-06,0.052586451172828674,0.045504208535902084,5.740962505099968e-06,0.05246976390480995,0.04521549575858646,5.790242071639171e-06,0.05240469425916672,0.04495802669534608,5.8216286311511095e-06,0.052293431013822556,0.04473249862591425,5.834764948708848e-06,0.0520939826965332,0.04453422206025275,5.851490209078265e-06,0.05181454122066498
874,18,self_attn_after_gate,Vertical,1,0.16601212724806771,0.007633026064055374,0.660290002822876,0.11330701765559968,0.0002435675864508639,0.19358010590076447,0.10285727407724138,0.00020880618221662646,0.17956839501857758,0.09379776673657554,0.00013242731180413802,0.1502465307712555,0.0879783605535825,0.00010618309531001696,0.12896212935447693,0.08433963417533845,9.390500516779877e-05,0.11823313683271408,0.08168732031943306,8.573631319160842e-05,0.10896138846874237,0.07906876125979045,7.872981788798334e-05,0.10211876034736633,0.07641155118980104,7.433101649909228e-05,0.09536771476268768,0.0742654630116054,7.323235315947753e-05,0.091310515999794,0.07259262654752958,7.126489850550702e-05,0.09029877930879593,0.07111732549374065,6.814911007663208e-05,0.08849970251321793,0.0697990298744232,6.666261741800938e-05,0.08738528937101364,0.06869682847034364,6.654129715033227e-05,0.08681726455688477,0.06776770878405798,6.699821943613564e-05,0.08638288825750351,0.06696346053291881,6.757801649273461e-05,0.0858679860830307,0.0662633723446301,6.808529628554792e-05,0.08535425364971161,0.06564303972418346,6.854468565758718e-05,0.08484797924757004,0.06506900140453899,6.881276317717275e-05,0.08418060839176178,0.06452120994291609,6.874229677565807e-05,0.0833793431520462
874,18,self_attn_after_gate,Horizontal,1,0.15408112025923199,0.0019114780077391367,0.32347455620765686,0.11844575748084084,8.173207724420736e-05,0.14261099696159363,0.1114314826471465,6.269039064112405e-05,0.13683132827281952,0.10539537266133324,4.502485447010656e-05,0.13070598244667053,0.10156779629843575,2.4632581122800163e-05,0.11955679208040237,0.09942199029619732,1.837269067368714e-05,0.11125838756561279,0.09793627463162892,1.755606928020862e-05,0.11042796820402145,0.09667394168320156,1.742215336382906e-05,0.11028815805912018,0.0953448408889392,1.5504317931146185e-05,0.10777489840984344,0.0941320357341615,1.3199425288103515e-05,0.10860276967287064,0.09321541693948564,1.1545860742179152e-05,0.1072949692606926,0.09248391597990006,1.0176197286701806e-05,0.10489939153194427,0.09179116939268415,8.62063471601963e-06,0.10312953591346741,0.09111402124639541,7.148008287203938e-06,0.10107287764549255,0.09051374440628385,6.1131666380224215e-06,0.09915206581354141,0.09001226167357157,5.478527474965445e-06,0.09743871539831161,0.0895827863188017,5.116752399533098e-06,0.09587527811527252,0.08919347787187212,4.907837209318702e-06,0.09463199973106384,0.08884002812325008,4.766809749220384e-06,0.09441176056861877,0.08852858900550813,4.676797414051302e-06,0.09426459670066833
874,18,self_attn_after_gate,Gaussian,1,0.25004084100798957,0.060939263833068975,1.9644967317581177,0.11624861674176322,0.0003371057023134654,0.16516563296318054,0.09331640471068639,0.00015225165686522812,0.12730005383491516,0.08138675999546809,9.845622039926747e-05,0.10897116363048553,0.0726580045644253,6.259978147892996e-05,0.09365019202232361,0.06711578422359057,4.381122421597407e-05,0.08659981191158295,0.06306979225741492,3.571233869771519e-05,0.08282023668289185,0.06006597325442329,3.027530319460075e-05,0.08087648451328278,0.057937982773023936,2.5026680908912252e-05,0.07568036764860153,0.05612588756614261,2.13177074444709e-05,0.06870652735233307,0.05461758316036255,1.97833253512732e-05,0.06363322585821152,0.05360946892982438,1.96382493011056e-05,0.0625232607126236,0.052806278365472005,2.0165504219668616e-05,0.06439858675003052,0.051908046894130255,2.002429566505348e-05,0.0646461471915245,0.05080883908602926,1.8741285829429206e-05,0.06432409584522247,0.049606581469849934,1.6960778615718283e-05,0.06273457407951355,0.04845470426574586,1.52735067773913e-05,0.060789745301008224,0.04744789294070668,1.3889345195888557e-05,0.059210896492004395,0.04658852180554753,1.2824313621534607e-05,0.05807698890566826,0.04583041411307123,1.2014440078857667e-05,0.056889858096838
874,18,cross_attn,Vertical,1,0.5814335887867307,0.2870431657112838,3.9642882347106934,0.21642907626099056,0.0037561361332155278,0.5536881685256958,0.16296310841091097,0.0007544447934231632,0.29810193181037903,0.1386364201704661,0.0002527648329589308,0.19723093509674072,0.12629054605014742,0.00011983814866180456,0.16548484563827515,0.11850330647495058,7.147401855546802e-05,0.14330750703811646,0.11331318413454389,5.0886794660912445e-05,0.13059282302856445,0.10968673181912256,3.8208934072150875e-05,0.12355497479438782,0.10681657031888053,2.8208654968571784e-05,0.12023356556892395,0.10433177886501191,2.0437221375145555e-05,0.11558979749679565,0.10228080775529619,1.5214110354587278e-05,0.11151791363954544,0.10067105860937209,1.193239295207623e-05,0.10862049460411072,0.09940504365497166,9.831597019029475e-06,0.10680259764194489,0.09838989045884874,8.386954070684056e-06,0.10522109270095825,0.09755231321804107,7.300051609862458e-06,0.10405932366847992,0.09683430786170656,6.447112171362679e-06,0.10317963361740112,0.09619838022996509,5.78658976444062e-06,0.10241469740867615,0.09563527350860929,5.270763866414453e-06,0.10182289779186249,0.09515181266599232,4.840615883688824e-06,0.1014152392745018,0.09475258820586735,4.471767675775597e-06,0.1011776551604271
874,18,cross_attn,Horizontal,1,0.2672433682850429,0.013420216762020647,0.7783229351043701,0.14856166250648953,0.0002818280151079074,0.18642351031303406,0.1254423993920523,9.284296873681816e-05,0.16005073487758636,0.11597558737747253,5.263568557215778e-05,0.14471271634101868,0.10983681122935007,3.037107188588249e-05,0.1319674253463745,0.10567217000893184,1.9120976099990792e-05,0.12300624698400497,0.10288288207754256,1.2463794026851494e-05,0.11574511229991913,0.10090171155475434,8.578341897736329e-06,0.1099308431148529,0.09940146406491597,6.554191982801675e-06,0.10614980757236481,0.09819589046731828,5.550201643866749e-06,0.10533438622951508,0.09720361291889161,4.889963308105758e-06,0.10446380078792572,0.09638484543751157,4.413435162174605e-06,0.10359642654657364,0.09571423700877599,3.9848292500614975e-06,0.10295601189136505,0.09516967206247269,3.5377889058665877e-06,0.10218920558691025,0.09472949329822783,3.1632508384881095e-06,0.10124377906322479,0.09434948305762003,2.851603623266317e-06,0.10013537108898163,0.09399657400827559,2.5729880785313894e-06,0.09877727925777435,0.09366480970666521,2.33887186328282e-06,0.09727203845977783,0.0933675698581196,2.1754911345648155e-06,0.09682509303092957,0.09312298740186388,2.095544227943432e-06,0.09644198417663574
874,18,cross_attn,Gaussian,1,0.24235729376475015,0.008256249787368759,0.5960318446159363,0.12458395402109812,0.0005694466062460705,0.26149463653564453,0.10447633467496388,0.00019502297790911357,0.17311285436153412,0.09518070306096758,0.00012651214463521124,0.1385827213525772,0.08884566300918185,8.24389994490362e-05,0.1163245439529419,0.08431835791894368,4.743413433472413e-05,0.10570739954710007,0.08108167811518624,2.910628066916247e-05,0.09688118100166321,0.07855316452563756,2.0091409025411646e-05,0.09137126803398132,0.07667811309534406,1.5165969668915219e-05,0.08950606733560562,0.07532507618741384,1.2081305254862835e-05,0.08717180043458939,0.07427383202408987,1.0010479581605782e-05,0.08465185016393661,0.07342199685554655,8.667723954796656e-06,0.08229686319828033,0.07273474134623058,7.865106734626991e-06,0.08025594055652618,0.0721873031958701,7.441403279309935e-06,0.078537717461586,0.07174246202385615,7.243614196417465e-06,0.07808468490839005,0.07135836661808075,7.136653866183082e-06,0.07813938707113266,0.07100712898231688,7.025390929857907e-06,0.07787036895751953,0.07067901712088358,6.87163762619385e-06,0.07736723124980927,0.0703728703988923,6.680110896810685e-06,0.07673729956150055,0.07009004671422261,6.471875597438497e-06,0.07623928785324097
874,18,mix_ffn_after_gate,Vertical,1,0.4639070750701995,0.04801970730744916,1.1289503574371338,0.20319371895184593,0.0010074888981803898,0.30668967962265015,0.14892473698608458,0.0003274152000961351,0.20835836231708527,0.12014812018190112,0.0001790223840116218,0.16041803359985352,0.10180890134402684,0.0001129879425379088,0.132455974817276,0.08943618751234478,8.395289603785436e-05,0.11574852466583252,0.08052996936298552,6.546800241775156e-05,0.10364766418933868,0.073845669863716,5.303390942488714e-05,0.09459894895553589,0.06852052425817838,4.5341094874008686e-05,0.08805020153522491,0.06407726739370634,4.0251940456886424e-05,0.08300472795963287,0.060494928014656855,3.634100156153086e-05,0.07843942940235138,0.057522524916936484,3.337897135986973e-05,0.0741087794303894,0.05489023609293832,3.112049352299618e-05,0.06997150182723999,0.05260416894914612,2.9522193217935253e-05,0.06660234928131104,0.05069949542955747,2.8522588350023224e-05,0.06388123333454132,0.04906867858436373,2.7715965607814236e-05,0.06141364574432373,0.047589536519750716,2.6632866876955505e-05,0.05951279029250145,0.046234979338589166,2.533389138388233e-05,0.05785277485847473,0.04503211248961706,2.415020387464663e-05,0.05612267926335335,0.04395964824491077,2.3079426875744307e-05,0.05467541515827179
874,18,mix_ffn_after_gate,Horizontal,1,0.5119302703274621,0.06495700492847906,1.4075478315353394,0.23085058397716945,0.0009399037319284776,0.3016358017921448,0.16932453640869685,0.0003705962413526737,0.21353264153003693,0.1359148764657596,0.0001793018592763405,0.16614264249801636,0.11468268670733013,0.00010723303311442439,0.13899323344230652,0.10052738930024797,7.194049554247819e-05,0.1195831298828125,0.09062624415234914,5.4304734281140266e-05,0.10762939602136612,0.08340413963037824,4.45650850496956e-05,0.09992998838424683,0.0778847492876507,3.867660681774044e-05,0.0947529673576355,0.07340882221857707,3.431446320197503e-05,0.09080981463193893,0.06952718190020984,3.045085911323995e-05,0.08612808585166931,0.06623673900252297,2.6942957675930752e-05,0.08073510974645615,0.06358747048273919,2.425996299800557e-05,0.07617700099945068,0.06137980455680499,2.2110883524264804e-05,0.07247374951839447,0.05937162077143079,1.99595562614329e-05,0.06977356970310211,0.057507621508742134,1.8209094352035314e-05,0.06745991110801697,0.055866209346623646,1.714556708362468e-05,0.06546029448509216,0.054444368692144515,1.640916524360828e-05,0.06370534002780914,0.05319039973001632,1.5854407758693175e-05,0.06215368211269379,0.05207347520996654,1.544221117851509e-05,0.06080964207649231
874,18,mix_ffn_after_gate,Gaussian,1,0.8266484884042589,0.9131695942758642,6.958663463592529,0.2792507767204254,0.0016479157336005568,0.38793474435806274,0.2112441798524251,0.0007033994591931655,0.2792304456233978,0.17134850909785618,0.0003941882205418751,0.2180246263742447,0.14492641483980512,0.00024718734654137725,0.18397831916809082,0.12622774108534768,0.00017069284326119225,0.15939393639564514,0.11215900381406148,0.0001255331983475214,0.14095966517925262,0.10121419469988535,9.601212011715582e-05,0.12664227187633514,0.0924408771688976,7.535591751526025e-05,0.11515597999095917,0.08523208730750614,6.066626340251275e-05,0.10610489547252655,0.07920381497769129,5.004252303824507e-05,0.09874936938285828,0.07410836332137623,4.2068528776745376e-05,0.09262740612030029,0.06977284214799366,3.588618850555004e-05,0.08732427656650543,0.06603854675851172,3.096276348016727e-05,0.08253403007984161,0.06276628008437535,2.6954683586077402e-05,0.07807452976703644,0.05986295664121234,2.3702107906032164e-05,0.07407143712043762,0.057299310193648416,2.112241471744105e-05,0.07069185376167297,0.05505953256099943,1.9105863065752852e-05,0.06783361732959747,0.05309787351224157,1.7495957412587616e-05,0.06534834206104279,0.05136333199010955,1.6178174251168805e-05,0.0631539523601532
874,19,self_attn_after_gate,Vertical,1,0.112088262680031,0.00215372884394108,0.3920257091522217,0.08839000229324613,1.2457133976646339e-05,0.0971374362707138,0.08609503436656225,1.0295998550597639e-05,0.0937342718243599,0.08459951113613826,9.56234776661275e-06,0.09200648963451385,0.08364148165971513,1.0495888302918661e-05,0.09010440856218338,0.08278886276105094,1.0380060096616484e-05,0.08996675908565521,0.08175296549286161,1.0403331586416145e-05,0.08894016593694687,0.08089982954755662,1.081791638436033e-05,0.08796879649162292,0.07993562436766094,1.0941238644468338e-05,0.08667078614234924,0.07920238257400573,1.146983966181603e-05,0.08594970405101776,0.07864814866629857,1.2254791903079239e-05,0.08555532991886139,0.07818378342522515,1.3373664714760157e-05,0.08542737364768982,0.07771069036116676,1.3997829110112534e-05,0.08515117317438126,0.07727305756674872,1.4072157413613687e-05,0.08424495160579681,0.0769209431277381,1.4484586900551662e-05,0.08441708981990814,0.07661213654847372,1.4991957061911055e-05,0.08455551415681839,0.07629252343423783,1.5504315742431203e-05,0.08438850939273834,0.07594826285328184,1.606197254973482e-05,0.08388422429561615,0.07560295647098905,1.6681165573557257e-05,0.08327926695346832,0.07528064187083926,1.7320507980696742e-05,0.08275508880615234
874,19,self_attn_after_gate,Horizontal,1,0.2616397052530258,0.15684087611498107,2.8901422023773193,0.09697753155515307,6.972278520030697e-06,0.10638809949159622,0.09513059920734829,3.279370782925494e-06,0.09948554635047913,0.09399611148096267,2.7755851104288262e-06,0.09853774309158325,0.09312015227855198,2.6156755481763087e-06,0.09790818393230438,0.0923118522715947,2.251937776695306e-06,0.09621535986661911,0.0915971491781492,1.8976107705022829e-06,0.09498252719640732,0.09106113466005476,1.7445583005550593e-06,0.09415535628795624,0.09052557616479813,1.425362796670719e-06,0.09299959987401962,0.09002610579842613,1.1831708550141527e-06,0.0923907458782196,0.0896306053277046,1.085645876250786e-06,0.09194217622280121,0.08929766324304399,1.0682831051528378e-06,0.0916861966252327,0.08900574689346646,1.101701006360354e-06,0.0914180651307106,0.08876867154760966,1.179964259124467e-06,0.0913550853729248,0.08857591201861699,1.2668805904090009e-06,0.09128022938966751,0.08839412672179085,1.2991800545596544e-06,0.09101512283086777,0.0882053469854688,1.246702024369056e-06,0.09072714298963547,0.08805347742542388,1.2033674998722628e-06,0.09067879617214203,0.08796934286753337,1.2370744978378453e-06,0.09079770743846893,0.08790714045365651,1.315946393578994e-06,0.09077466279268265
874,19,self_attn_after_gate,Gaussian,1,0.16461138533694403,0.0451501748569823,1.5070533752441406,0.06946347665692133,1.0905585388525327e-05,0.07887411117553711,0.06463205542356248,6.907076966965961e-06,0.07172618806362152,0.0615987703204155,6.284954819659544e-06,0.06743443012237549,0.05971010123926496,6.697934409180042e-06,0.06577395647764206,0.05853649146027035,7.3869129431567735e-06,0.0648636743426323,0.057757915662867684,7.839703597061223e-06,0.06420443207025528,0.0571202143198914,7.837795792549733e-06,0.0637197196483612,0.056510850136715265,7.6031863495385374e-06,0.06350413709878922,0.05601563754062804,7.4338966779583955e-06,0.06318721920251846,0.0556179288597334,7.222574257138039e-06,0.06257082521915436,0.05528776595989863,6.903326138692675e-06,0.061914458870887756,0.05504249083617377,6.738323365769963e-06,0.06135714799165726,0.0547811666887904,7.115485178939935e-06,0.061016522347927094,0.05443308277735635,7.851341475792843e-06,0.06081707030534744,0.05409658067519703,8.336647989517146e-06,0.06047826260328293,0.05385127947444007,8.508339583771573e-06,0.06018546223640442,0.053658684804326014,8.624824051352509e-06,0.06086740642786026,0.05343614962129366,8.667401252465614e-06,0.060861244797706604,0.053158722285713465,8.504211941714565e-06,0.06006356328725815
874,19,cross_attn,Vertical,1,0.4816889689555244,1.0821964843118335,7.386530876159668,0.0893980378196353,8.182570128502171e-07,0.09321257472038269,0.0888644950020881,3.280615299598183e-08,0.08949063718318939,0.08882524865487265,2.1415899124400128e-08,0.08937474340200424,0.08879944398289635,1.6681399967578455e-08,0.08936533331871033,0.08878467787825872,1.4797819771952087e-08,0.08935725688934326,0.08877695671149663,1.4158159580727888e-08,0.08936142921447754,0.08877380618027278,1.3795404576562217e-08,0.08936376869678497,0.08877208769794494,1.314875883711574e-08,0.08935427665710449,0.08877174035897331,1.2829346693702623e-08,0.08935672044754028,0.08877317855755489,1.3089524242282382e-08,0.08937441557645798,0.08877358017932802,1.3136754637739938e-08,0.08937482535839081,0.08877068959058278,1.2224284329419365e-08,0.08933844417333603,0.08876693154138232,1.144299996643953e-08,0.0893038958311081,0.0887652441622719,1.1061833587640193e-08,0.08928336948156357,0.08876494803125896,1.0824451786685295e-08,0.08926744014024734,0.08876553733670522,1.0747519486312984e-08,0.08925698697566986,0.08876752699651415,1.0725203135060115e-08,0.08924676477909088,0.08877029187149471,1.0419565441691508e-08,0.08922538161277771,0.08877100901944297,9.554470870309287e-09,0.08919623494148254
874,19,cross_attn,Horizontal,1,0.17719517565435833,0.05027406663600352,1.6281192302703857,0.08891060416187559,8.56970233954225e-08,0.09014606475830078,0.08881882045950208,6.194936243251033e-08,0.09027951210737228,0.08881522916139119,5.448918893905257e-08,0.09017714112997055,0.08881207732927232,4.5360966641979936e-08,0.09008065611124039,0.08880620189602413,4.193156607853224e-08,0.09005202353000641,0.08880045466006749,3.941325466207384e-08,0.08996947109699249,0.08880282607343462,3.7790058010154127e-08,0.08994904160499573,0.08880478427523658,3.748805918676406e-08,0.08996638655662537,0.08880817570856639,3.4412908881793494e-08,0.08991625905036926,0.08879145483175914,3.085318325867983e-08,0.08984062075614929,0.08878624592981642,3.157398309676568e-08,0.08985761553049088,0.08879062202241686,3.264826408653816e-08,0.08989264070987701,0.08880138953053762,3.289294690232902e-08,0.08989943563938141,0.08880823330273704,3.017468365761724e-08,0.08981705456972122,0.08880641784459825,2.7367286113316972e-08,0.08977705240249634,0.08880961851941215,2.6903322253292378e-08,0.08975648880004883,0.08879388797850836,2.483442088784539e-08,0.0896189957857132,0.08878534783919652,2.3197271096953902e-08,0.08956937491893768,0.08878098972260005,2.190795448264612e-08,0.08952763676643372
874,19,cross_attn,Gaussian,1,0.08849951530259753,0.0022889584203868263,0.37361985445022583,0.06734832766510192,2.4407824526560824e-07,0.06937374174594879,0.06715824253975398,4.973588579290309e-08,0.06788306683301926,0.06710485167919643,2.7642775455246165e-08,0.06768491864204407,0.06709090442884535,2.5841217967413577e-08,0.06768102198839188,0.06709357800464781,2.8670060291514205e-08,0.06767062842845917,0.06710508761424867,3.1390606920759754e-08,0.06765586882829666,0.06712867047578569,3.6076966162806405e-08,0.06768397986888885,0.06713885813951492,3.89432320007064e-08,0.06799104809761047,0.06714348696053975,3.393886340254198e-08,0.06767017394304276,0.06716878925051008,3.95099091704958e-08,0.06764848530292511,0.06723913030018883,5.00551001769798e-08,0.06790880858898163,0.06720815740880512,4.166233945288015e-08,0.06778156757354736,0.06718569863883275,4.005281348831348e-08,0.06770472228527069,0.06722475280837407,7.437120934198177e-08,0.06823237240314484,0.06719168157331527,4.4771338932874336e-08,0.06797821074724197,0.06717431687173389,5.021937160804479e-08,0.06777434796094894,0.06734647720106064,1.4374024719377995e-07,0.06894418597221375,0.06759431355056308,3.347693068256455e-07,0.06967790424823761,0.0678131463272231,5.304567220568452e-07,0.06973683834075928
874,19,mix_ffn_after_gate,Vertical,1,0.13921786726467192,0.005585413665748815,0.5052713751792908,0.07830864084618432,2.9770947984940247e-05,0.09707136452198029,0.07064432284188649,1.4160384280338641e-05,0.08267000317573547,0.06823311255328239,1.4507232801516546e-05,0.07876135408878326,0.06700667041161704,1.484768400398896e-05,0.07879232615232468,0.06584199541617954,1.436805413982269e-05,0.07676321268081665,0.06473102408742147,1.3995771470505965e-05,0.07473452389240265,0.06391425744172126,1.4132366392342513e-05,0.07379379868507385,0.0632432581531623,1.4344145075803662e-05,0.07323812693357468,0.06268795159837556,1.4613172298426807e-05,0.07294052839279175,0.06222246238400066,1.5099763655178178e-05,0.07275976985692978,0.06179702281951904,1.587908740655769e-05,0.07252445071935654,0.06141164053290609,1.6766983532577855e-05,0.07212135195732117,0.06110584351515013,1.762425202203818e-05,0.07167966663837433,0.06087248736903781,1.846128695085497e-05,0.07189194858074188,0.06066672675429829,1.9155547216720693e-05,0.07237428426742554,0.060451661606156636,1.960962732899726e-05,0.07252378761768341,0.06021876012285551,1.9872890998848922e-05,0.07236871123313904,0.05997871873634202,2.004269666057563e-05,0.07204194366931915,0.05974317034558645,2.017785835867447e-05,0.071649469435215
874,19,mix_ffn_after_gate,Horizontal,1,0.10460832478508117,0.000698881752653718,0.23265255987644196,0.07861281340084379,5.875430932022251e-06,0.08510950952768326,0.07446067981303685,2.2958761115844804e-06,0.07717955112457275,0.07296381737031633,1.8157983429258063e-06,0.07546896487474442,0.07213660483322447,1.6767034092489554e-06,0.07474030554294586,0.071604109709225,1.6614548142998726e-06,0.0743059515953064,0.07114729947514004,1.6319949468809855e-06,0.07367852330207825,0.07069963524265895,1.5473851329261207e-06,0.07323569804430008,0.0703498622964299,1.5634165566916704e-06,0.07294462621212006,0.07005801442123595,1.5997079641617462e-06,0.07270604372024536,0.06980243029575499,1.6515697004158807e-06,0.07252202183008194,0.06957705673717317,1.7297622824359125e-06,0.07245712727308273,0.06937274135767467,1.8236132621702496e-06,0.07238506525754929,0.06920581843171801,1.9038561331234526e-06,0.07243247330188751,0.0690599579423193,1.964824862287022e-06,0.07253499329090118,0.06890657260304406,2.0281520224223414e-06,0.07246808707714081,0.06872949642794472,2.0851192075774144e-06,0.07223809510469437,0.06853864377453214,2.1263056655315623e-06,0.07193531095981598,0.06834884922182749,2.15103121764091e-06,0.07165341079235077,0.06817718003950422,2.1605394418175026e-06,0.07144123315811157
874,19,mix_ffn_after_gate,Gaussian,1,0.23426129799040538,0.1554249388528221,2.7362608909606934,0.06082453720626377,2.223819842016127e-05,0.07256516069173813,0.05412869179059589,5.895323620803409e-06,0.05998397618532181,0.052125785854600724,5.098828745527662e-06,0.057845644652843475,0.05103625694201106,5.302364200920417e-06,0.057328805327415466,0.05031658064514872,5.603495500803587e-06,0.05686654895544052,0.049741045231856997,5.747413347798271e-06,0.0565236397087574,0.04924056815013053,5.71888995989715e-06,0.0559084489941597,0.04883543691701359,5.656831700788069e-06,0.05534961074590683,0.04847757624728339,5.59063713036429e-06,0.054659273475408554,0.048091427260448065,5.482923445346933e-06,0.05402802675962448,0.047641606498805306,5.3236140516224925e-06,0.05370417609810829,0.04718573580658625,5.226785867887174e-06,0.05343347415328026,0.04679032338280526,5.236187374087828e-06,0.05324707180261612,0.04645432117912504,5.284994519288861e-06,0.05310096591711044,0.04616067126866371,5.334712096350367e-06,0.052948229014873505,0.04589913282839079,5.374276750535927e-06,0.052748341113328934,0.04566463301815684,5.413610890521396e-06,0.05250579118728638,0.04545486907637308,5.46378512204765e-06,0.05223752558231354,0.04526448001464208,5.529367661057392e-06,0.05193440243601799
847,18,self_attn_after_gate,Vertical,1,0.47894269606423756,0.7250883135331924,5.910797119140625,0.13622451408041847,0.000476005717776895,0.19909577071666718,0.11862686039909484,0.0002601746889675248,0.17033249139785767,0.1074152851388568,0.00017185121582903668,0.15333884954452515,0.09964938982138558,0.00013916584530367844,0.1425413340330124,0.09414742910672748,0.00012369990750730738,0.13440489768981934,0.08996477723121643,0.0001110849993553624,0.12770602107048035,0.08656544522160575,0.00010150784670975137,0.12218563258647919,0.08377666251053886,9.499445463563618e-05,0.11760196089744568,0.08144719248253202,8.941769895255092e-05,0.11366847902536392,0.07944624179175921,8.459707080510881e-05,0.11010448634624481,0.07772338532266163,8.129386673880824e-05,0.10692553222179413,0.07623507046983355,7.897803027594327e-05,0.10418616980314255,0.0749107219633602,7.731325648755415e-05,0.10182097554206848,0.07370595882336299,7.639354240262588e-05,0.09973137080669403,0.07262314637265509,7.621798379130674e-05,0.09785308688879013,0.07165804688656141,7.617415942871604e-05,0.0961393266916275,0.07078454265045742,7.571459619288154e-05,0.0945504903793335,0.06998429063057142,7.458565337632572e-05,0.09300529956817627,0.06926159117193449,7.313673712309408e-05,0.09146416187286377
847,18,self_attn_after_gate,Horizontal,1,0.16339258222825945,0.001970614283378016,0.35821235179901123,0.1178582294119729,9.54050269520295e-05,0.14849737286567688,0.10903696881400214,7.263775491026531e-05,0.13964977860450745,0.10346332689126332,4.0131165189950476e-05,0.12727338075637817,0.09944579963173185,2.07765804013619e-05,0.1129138171672821,0.09697138541747653,1.2729328016365902e-05,0.10670987516641617,0.09534922041117198,9.31736026639455e-06,0.1038186103105545,0.09417147236684012,7.0436965992333254e-06,0.10136479884386063,0.09317297121835133,5.6816907993071896e-06,0.09966862201690674,0.09226225292871869,4.3999714607492595e-06,0.09795914590358734,0.09152927048622615,3.6749190382852396e-06,0.09730597585439682,0.09084589247192655,3.367661841917276e-06,0.09727474302053452,0.09015434732039769,3.178580400611677e-06,0.0965418815612793,0.08956796936099491,2.7747082287650754e-06,0.09501799941062927,0.08913073535003359,2.498840932641951e-06,0.09390835464000702,0.08876021371947394,2.334336737033001e-06,0.09294335544109344,0.08842346438812831,2.215896847627981e-06,0.09211933612823486,0.08813433420090448,2.199162923090647e-06,0.09171997010707855,0.08789598468750243,2.284093366136887e-06,0.0917106568813324,0.08770417753193113,2.4432730097133307e-06,0.09161167591810226
847,18,self_attn_after_gate,Gaussian,1,0.17519012684859928,0.008609501518872596,0.5397918820381165,0.09414985397505382,0.00032412243113408214,0.16198454797267914,0.07626104526340015,8.827992891249155e-05,0.11162056028842926,0.06775347918035492,4.640804547559916e-05,0.08545050024986267,0.06282060563800827,3.382462374772488e-05,0.07863155007362366,0.05905112801563172,3.0060178582211305e-05,0.07751545310020447,0.05651994640865023,2.8939152585897773e-05,0.07611255347728729,0.05496226901572848,2.878016966933399e-05,0.0744013637304306,0.05389912840392855,2.8893646950341964e-05,0.07216788828372955,0.05294990935732448,2.8718582981031446e-05,0.07160332053899765,0.05194666532296983,2.7941770939386934e-05,0.07028383761644363,0.05094854025140641,2.6822636882012404e-05,0.0686609297990799,0.04999054264691141,2.5512597955168255e-05,0.06686525046825409,0.049060130876208106,2.402497541813354e-05,0.06490107625722885,0.048137780692842275,2.2358091607430783e-05,0.0627991333603859,0.0472231110528348,2.0565581758400944e-05,0.060693494975566864,0.046346946309010185,1.8762584492443185e-05,0.05879199504852295,0.04555734034095492,1.7067538729544337e-05,0.05723058432340622,0.044885331321330296,1.550547812622562e-05,0.05596444010734558,0.04432805213663313,1.4038759474772529e-05,0.054813262075185776
847,18,cross_attn,Vertical,1,0.44155703248485684,0.07092238898984052,1.4839446544647217,0.19260123821478042,0.0016046016459986083,0.3170620799064636,0.15111827743904932,0.00040016718263747247,0.2126709222793579,0.13138066350467623,0.0001453256647172027,0.16931822896003723,0.12125772888225222,8.349529653256703e-05,0.14960727095603943,0.11483041871161688,5.073491843391067e-05,0.13642644882202148,0.11017443322473103,3.208694586387062e-05,0.12927190959453583,0.10698224497692925,2.2052882557523202e-05,0.12410801649093628,0.10460935946967867,1.5410731158138588e-05,0.1179996058344841,0.10263701173521224,1.0710906262085601e-05,0.11243098229169846,0.10103156713266222,7.886152405480878e-06,0.108685202896595,0.09974539185327197,6.123003226638372e-06,0.10617730021476746,0.09867212117191344,4.9735618242189e-06,0.1042311042547226,0.09776056191277882,4.276599770916716e-06,0.10266606509685516,0.09699996123238215,3.851640440462847e-06,0.10145339369773865,0.09636610072283518,3.549797553016469e-06,0.10048257559537888,0.09583057474995417,3.287187922123141e-06,0.09961611777544022,0.09537498960419306,3.0377032619809006e-06,0.09879286587238312,0.09498802726230925,2.824667631815227e-06,0.09805095195770264,0.09465451751436506,2.6676303797899767e-06,0.09742803871631622
847,18,cross_attn,Horizontal,1,0.28056507072751485,0.017731355122696205,0.8090081214904785,0.14912608289529408,0.00048778475947752043,0.20916584134101868,0.12469937131991463,0.0001205211666939838,0.15636032819747925,0.11496327368039934,6.511186652051632e-05,0.13740502297878265,0.10908024379658321,3.693508709143951e-05,0.12742392718791962,0.10539004514141688,2.4857656945190544e-05,0.12008876353502274,0.10283866832180628,1.750767467576561e-05,0.11445242166519165,0.10117136225813911,1.3672746671339999e-05,0.1125497967004776,0.10008088416523403,1.1412371675920283e-05,0.11057059466838837,0.09932276937696669,9.923542388507478e-06,0.11006352305412292,0.09871871733949297,8.883973336226402e-06,0.10882210731506348,0.09815241561995612,8.05187008658744e-06,0.10707047581672668,0.0976026424812892,7.335397819786312e-06,0.10521627962589264,0.09707284139262305,6.699151996514706e-06,0.10427093505859375,0.09656073708855917,6.1187257676772235e-06,0.1039019525051117,0.09606173942013392,5.579066440364736e-06,0.10338462889194489,0.09557360493474537,5.074660819554451e-06,0.10272379219532013,0.09509979886195016,4.609053894397755e-06,0.10193313658237457,0.09464857088668006,4.184106791538874e-06,0.10102991759777069,0.09422705003193446,3.78206180230683e-06,0.10001380741596222
847,18,cross_attn,Gaussian,1,0.3985058949107215,0.11167071749973112,2.0302653312683105,0.14826847742947322,0.0007301908716922655,0.2374400794506073,0.11522511747621354,0.00023959146607831347,0.1575256884098053,0.10016149542634449,0.00010773279198998594,0.12292429804801941,0.09164123036085613,6.434372664911977e-05,0.10901609808206558,0.0862413454386923,4.173655024606382e-05,0.10109549760818481,0.08247057336663442,2.9857374088784603e-05,0.09705686569213867,0.0798617053836111,2.3378971557432496e-05,0.09264272451400757,0.07794171311552563,1.8940049648863703e-05,0.08958045393228531,0.0762540071256577,1.597901905743066e-05,0.08702252805233002,0.07478723899712639,1.387357082860002e-05,0.0850549265742302,0.07362429572949333,1.2037944973460405e-05,0.08410800248384476,0.07271135905905375,1.0458111910550517e-05,0.08279881626367569,0.07197750785521098,9.17949132275824e-06,0.08138363063335419,0.07136370028768267,8.192253103063414e-06,0.0802190899848938,0.07083929968731743,7.459694631588114e-06,0.07935907691717148,0.07038484572891206,6.916818527137803e-06,0.0787113830447197,0.06998399988053337,6.499973482395996e-06,0.07820576429367065,0.06962640512557257,6.140474302464683e-06,0.07776688039302826,0.06930678609817748,5.783952925101738e-06,0.077334925532341
847,18,mix_ffn_after_gate,Vertical,1,0.6017621656258901,0.11980591818809029,2.386415481567383,0.24845075441731346,0.0013872062362617864,0.3661421537399292,0.17952215151181297,0.0004556310307727466,0.25414159893989563,0.1437848401921136,0.00024868136081206333,0.196451336145401,0.12127578057466991,0.00016590018017128316,0.16390089690685272,0.10539119749788255,0.00011306161008031821,0.1407318115234375,0.09363628687366607,8.405023691484236e-05,0.12225359678268433,0.084665459358976,6.733522425457157e-05,0.10796163976192474,0.07781450834775729,5.54334552904308e-05,0.09739063680171967,0.07233561191057401,4.561635697790763e-05,0.08869814872741699,0.06785684486939794,3.916187372689457e-05,0.08179810643196106,0.06426590775686597,3.5027605369875995e-05,0.0765552744269371,0.061360676492017416,3.1920373551469196e-05,0.07244255393743515,0.058876752853393555,2.9634494887316915e-05,0.06951189041137695,0.056588488261378,2.795238317328149e-05,0.06750716269016266,0.05442037782262242,2.664537491399196e-05,0.06561914086341858,0.05243375430267955,2.5485698998292354e-05,0.06403417885303497,0.0507032357984119,2.438725721205349e-05,0.062313538044691086,0.04923279205011943,2.3420217958521124e-05,0.06056695431470871,0.04797086492180824,2.264448217306538e-05,0.058813244104385376
847,18,mix_ffn_after_gate,Horizontal,1,0.7312610896806868,0.33466102216415955,4.200870513916016,0.291705380356501,0.0014364321631266785,0.38810354471206665,0.215365132169118,0.0005348372529044893,0.28251123428344727,0.17399034353475723,0.0002810092282719292,0.23032665252685547,0.14769838998715082,0.0001746111385193327,0.19349482655525208,0.1294766003413806,0.00011867567234330116,0.1668941080570221,0.11620461384928416,8.626038318557427e-05,0.1476721614599228,0.10611795610378659,6.614051807217442e-05,0.13312605023384094,0.09820487846930821,5.296171716474686e-05,0.12187553197145462,0.09182291477918625,4.388400980184297e-05,0.11294877529144287,0.08653998020149413,3.740294533790855e-05,0.10567297786474228,0.08207025816516271,3.259768395277047e-05,0.09948403388261795,0.07824437745979854,2.8902655839584916e-05,0.09403453767299652,0.07494974993760624,2.5977349299305147e-05,0.08934609591960907,0.07208634321651762,2.358713661984222e-05,0.08535511791706085,0.06957209423657447,2.1620446265903927e-05,0.08192519098520279,0.06733920336479232,2.0040287388599397e-05,0.07895303517580032,0.0653418389459451,1.8798310823248296e-05,0.07633130997419357,0.06355586186760948,1.7862252809864507e-05,0.07400505244731903,0.06194407782620854,1.723080462999281e-05,0.07200811803340912
847,18,mix_ffn_after_gate,Gaussian,1,0.468438027633561,0.06930099894822218,1.2024383544921875,0.17966950365475245,0.0008538061916988514,0.25618675351142883,0.12224121557341681,0.00022296456355147705,0.16483503580093384,0.0952759205348908,9.263936110172302e-05,0.12138992547988892,0.08006029729805296,5.48848117438807e-05,0.10045632719993591,0.07054956221864336,4.072321399125935e-05,0.08685760945081711,0.06379474776368292,3.32968186438892e-05,0.07953809201717377,0.058886419213007364,2.7770271126138965e-05,0.07343331724405289,0.05529428060565676,2.448434858076608e-05,0.0686853677034378,0.052415868533509116,2.1672123302157518e-05,0.06436678022146225,0.04999365231820515,1.8795504354612275e-05,0.06048419699072838,0.047970339005428644,1.6349930849512063e-05,0.058031052350997925,0.04633415969354766,1.4789189217602594e-05,0.05606895685195923,0.04502293018121568,1.4055379202601957e-05,0.054730311036109924,0.04392985278178775,1.3841950025684052e-05,0.053975895047187805,0.042965532354419196,1.378531234973067e-05,0.053486742079257965,0.04208916697710279,1.364986687648168e-05,0.052987851202487946,0.041293806204247094,1.3398952834066782e-05,0.052398279309272766,0.040581906421316996,1.3097079174503991e-05,0.051761820912361145,0.0399540847847386,1.2820892773472226e-05,0.05116228386759758
847,19,self_attn_after_gate,Vertical,1,0.12152847635840612,0.003612046202081143,0.49476394057273865,0.09191092186503941,5.670948632997695e-06,0.09736718982458115,0.08919537930734574,6.902984775911962e-06,0.094782754778862,0.08731314729130457,8.20820716491024e-06,0.09322978556156158,0.08592399907490564,8.822467432659415e-06,0.09154756367206573,0.08471138787174982,9.265501420126667e-06,0.09052500873804092,0.08359689442884355,9.51329525535561e-06,0.0896044373512268,0.08269933670286149,1.0424370510754063e-05,0.08980215340852737,0.08172533554690224,1.0836055962846937e-05,0.08921123296022415,0.08091342189009228,1.1224327533548338e-05,0.08829835057258606,0.08029121787302078,1.1767137159067806e-05,0.08755537122488022,0.07976818474985305,1.230277871077129e-05,0.08649791777133942,0.0793383711623767,1.265132320431238e-05,0.0856361836194992,0.07891132351424959,1.2982900164480489e-05,0.08513565361499786,0.07846420577594213,1.3464523629929986e-05,0.08462390303611755,0.07808907897699446,1.3997872740057128e-05,0.08432864397764206,0.07778755019581507,1.4548123815576373e-05,0.08439923077821732,0.07751622370311193,1.5133995278029311e-05,0.08468231558799744,0.07724802680904903,1.5723650333433883e-05,0.08496379852294922,0.07697870168421003,1.6289454342968517e-05,0.08513446152210236
847,19,self_attn_after_gate,Horizontal,1,0.3154077445940366,0.15293178759329615,2.7493200302124023,0.09949944653208294,2.127146172422787e-05,0.11575676500797272,0.09498088712257052,3.741723468971452e-06,0.09962202608585358,0.09343782398435804,2.393481262025435e-06,0.09709705412387848,0.09238491242840177,1.7929392053875185e-06,0.09596801549196243,0.09161790590437632,1.468650360173253e-06,0.09511503577232361,0.09101947739956871,1.293482289407492e-06,0.09451277554035187,0.09052497964529764,1.2277676743614353e-06,0.09410347044467926,0.0900880837487796,1.200461086627226e-06,0.09396989643573761,0.08970000228238484,1.17276270963058e-06,0.09399507194757462,0.0893801651776783,1.1551334275942055e-06,0.09366056323051453,0.08910965978626222,1.1240061766122773e-06,0.09306810796260834,0.08885883102341303,1.0715972535332186e-06,0.09230288863182068,0.08862329641031841,1.0387414493152437e-06,0.09162459522485733,0.0884226816041129,1.045112212967033e-06,0.0911756083369255,0.0882509443021956,1.0726593594462781e-06,0.0908060371875763,0.08809167785303933,1.097081039075719e-06,0.09049217402935028,0.08794725201432667,1.1148589981299927e-06,0.09029127657413483,0.08782904370436592,1.1515761957605952e-06,0.09019751101732254,0.08773375834737505,1.2089673580131292e-06,0.09023212641477585
847,19,self_attn_after_gate,Gaussian,1,0.1540537697691766,0.044433478452538616,1.542957067489624,0.06618587306094548,7.788679709687097e-06,0.07377349585294724,0.06275007235152381,6.611141819678167e-06,0.07076379656791687,0.060933316451689555,7.021517824079662e-06,0.06849868595600128,0.05967764928936958,7.655694540088731e-06,0.06722782552242279,0.05871587832059179,8.774304173171726e-06,0.06694139540195465,0.05779820970363087,7.871569257744438e-06,0.06579706072807312,0.0571425145580655,7.683563951617468e-06,0.06447958946228027,0.056546132361132,7.661926009162521e-06,0.06355563551187515,0.05607073316498408,7.622475026340709e-06,0.06287670135498047,0.055706142610500727,7.511428960306227e-06,0.0622996911406517,0.05541517467252792,7.4222432569007535e-06,0.06170672923326492,0.055166362237835685,7.470363882157609e-06,0.06114199385046959,0.054963569201174234,7.603022067259035e-06,0.060982801020145416,0.05475396290421486,7.87358947438416e-06,0.061568982899188995,0.054491552450354135,8.233463697852602e-06,0.061322905123233795,0.05424220416517485,8.386194868249338e-06,0.0614846795797348,0.05406397244050389,8.64903978862103e-06,0.061683978885412216,0.05389895834146984,9.075721357567e-06,0.06173267960548401,0.05368303194169014,9.224176601931499e-06,0.06208665296435356
847,19,cross_attn,Vertical,1,0.46960291881409905,1.0107743364461421,7.153170585632324,0.08979738811178813,1.1841868704326992e-06,0.09464364498853683,0.08917123363131568,1.7002341683840225e-07,0.0905333161354065,0.08905523435937034,1.0490556892563396e-07,0.09011217951774597,0.08896572947029084,6.911809205279e-08,0.08997461944818497,0.08890190803342396,5.0551102836517364e-08,0.0898684710264206,0.08885949850082397,4.015641364932133e-08,0.08977603167295456,0.08883245123757257,3.338090909939087e-08,0.08968675881624222,0.08881321052710216,2.8821161113774745e-08,0.08961372077465057,0.08880045063911922,2.6064040360211624e-08,0.08956339210271835,0.08879395869989244,2.4320579179377694e-08,0.08952552080154419,0.08878936204645368,2.328296608029927e-08,0.08949776738882065,0.0887851221930413,2.2425769601863484e-08,0.08947725594043732,0.08878293668939954,2.1388752544099966e-08,0.0894613042473793,0.08878285201295974,2.0369379544326805e-08,0.08944673836231232,0.08878204936072939,1.915810392061446e-08,0.08943644165992737,0.08877911501460606,1.822937446868653e-08,0.08943544328212738,0.08877696853781504,1.7809078512589862e-08,0.08944253623485565,0.08877682295583543,1.7339830372007547e-08,0.0894419327378273,0.08877552596349565,1.6844654287889606e-08,0.08942686021327972
847,19,cross_attn,Horizontal,1,0.967704426201563,5.445038161849749,15.634852409362793,0.0910577941981573,6.561290137479407e-06,0.10043402016162872,0.0895863916902315,4.830093081396469e-07,0.09319953620433807,0.0893843262678101,2.468161557036572e-07,0.09195005893707275,0.08921131858276943,1.1516509301558024e-07,0.09088266640901566,0.08907312178422534,5.3987313601929316e-08,0.09005635976791382,0.0889691264619903,2.987237931178801e-08,0.08946570008993149,0.08889470249414444,2.160075687630494e-08,0.08929158002138138,0.0888434997390187,1.866190966807972e-08,0.0892057716846466,0.08880934746019424,1.7052340143469328e-08,0.08913759887218475,0.08878708890979252,1.5702907970679804e-08,0.08908550441265106,0.08877286007480016,1.4483963269730034e-08,0.08904628455638885,0.08876391748587291,1.343886906871788e-08,0.08902961015701294,0.08875832209984462,1.2587727045894798e-08,0.08902464061975479,0.08875472973736506,1.1907744489811986e-08,0.08902041614055634,0.08875231078219792,1.1375341818186195e-08,0.08901684731245041,0.0887506850182064,1.0973438444750927e-08,0.08901539444923401,0.0887496325941313,1.0669241750098209e-08,0.08901546150445938,0.08874894714071638,1.0424673266467452e-08,0.08901587128639221,0.08874851961930592,1.0218011408772626e-08,0.08901643753051758
847,19,cross_attn,Gaussian,1,0.10839707238806619,0.010014027866083125,0.6778714656829834,0.06723019137742027,9.745234346621701e-08,0.06857366859912872,0.06715542692986745,4.934684414626856e-08,0.06793618947267532,0.06713005013409115,3.891537099242139e-08,0.06782835721969604,0.0671160759197341,3.2688846681435915e-08,0.06769511848688126,0.0671102147963312,2.762719140192399e-08,0.06760784983634949,0.06710294882456462,2.5722132566764955e-08,0.06757114082574844,0.06710373432863326,2.5545929124653213e-08,0.06754518300294876,0.06709835631033731,2.4904661754158747e-08,0.06753003597259521,0.06709116827400904,2.3953979696684606e-08,0.06750652194023132,0.06708977477891105,2.3794913462633207e-08,0.06751792132854462,0.06709345276393587,2.3122016881676117e-08,0.0675324946641922,0.06710557036456608,2.2695052216462713e-08,0.067506343126297,0.0671114492274466,2.01642733369803e-08,0.06756933033466339,0.06710347675141834,2.0905909336758336e-08,0.06751500070095062,0.06710312598281437,2.2304565536882398e-08,0.06760099530220032,0.06712394420589719,2.29018113405198e-08,0.06753353029489517,0.06715237408403367,3.129322060968425e-08,0.06783884763717651,0.06714315889846711,3.413125838874198e-08,0.06774075329303741,0.0671089438218919,2.5897923176291177e-08,0.06749984622001648
847,19,mix_ffn_after_gate,Vertical,1,0.14348607510328293,0.013583894736081946,0.883540689945221,0.07672560522480616,1.5016581180587993e-05,0.08515980839729309,0.07015696037856359,8.882245541601409e-06,0.07824888080358505,0.06767206597659323,9.054470361905963e-06,0.07543149590492249,0.0665986297859086,9.916475194217674e-06,0.07458203285932541,0.0659380630841331,1.162971460701794e-05,0.07496026903390884,0.0654516935585037,1.3036612120702741e-05,0.07571420073509216,0.06497734193764036,1.4139530063023169e-05,0.07637380063533783,0.06428039121249365,1.4975891923339161e-05,0.07537538558244705,0.06351266180475552,1.5118910165209545e-05,0.07377290725708008,0.06289028187119772,1.5178813349747016e-05,0.07270781695842743,0.06240512826849544,1.5351714723957517e-05,0.07204079627990723,0.06198614883044409,1.549957354785091e-05,0.07164692878723145,0.061615134278933205,1.545477388185659e-05,0.07138451933860779,0.06130833314761283,1.526211451566297e-05,0.07116115838289261,0.061065702152157585,1.5053587582531248e-05,0.07101958245038986,0.06085529142902011,1.4966031841178013e-05,0.07101539522409439,0.06063845611753918,1.5194271174853162e-05,0.07111573219299316,0.06040232859197117,1.573825089586923e-05,0.07116389274597168,0.060168296276103886,1.6401338602604364e-05,0.07104726135730743
847,19,mix_ffn_after_gate,Horizontal,1,0.31798117525047725,0.2847480517670375,3.4917943477630615,0.09045289243970599,2.2253664036765775e-05,0.10209685564041138,0.08167907146234361,3.9547014195609685e-06,0.0864313393831253,0.07794969114992353,1.9562794424824776e-06,0.0810980424284935,0.07590823301247188,1.4794389110621915e-06,0.07845408469438553,0.07469955240450209,1.365297856971375e-06,0.07709041237831116,0.07393684663942882,1.3537818284553217e-06,0.07632996886968613,0.07341550456153022,1.3637127068918987e-06,0.07579994201660156,0.07302567398264295,1.3689578821612988e-06,0.07534033060073853,0.07270962839561795,1.3682568420166044e-06,0.07491177320480347,0.0724387513030143,1.3648562797226575e-06,0.07451175898313522,0.07219805911419884,1.3593554839609024e-06,0.0742180123925209,0.07197834586813337,1.354241019360576e-06,0.07403747737407684,0.07177378130810601,1.3527840684997884e-06,0.07389326393604279,0.07158174141058846,1.3548464237383632e-06,0.07375860959291458,0.07140200384079463,1.3582912059378388e-06,0.07362498342990875,0.07123340536204595,1.3633170889674034e-06,0.07348902523517609,0.07107296940826234,1.3700414817988817e-06,0.07335589081048965,0.07091683078379858,1.3770486330071075e-06,0.07324330508708954,0.07076242270450743,1.383666675847176e-06,0.07315947860479355
847,19,mix_ffn_after_gate,Gaussian,1,0.2309959584048816,0.14239468852141093,2.598862409591675,0.059554138886077065,2.616561550471404e-05,0.07212045788764954,0.05272732213849113,6.889781566162415e-06,0.05874614417552948,0.051023005670498285,6.407748324895227e-06,0.057643648236989975,0.05004454191241946,6.394692473944857e-06,0.05692975968122482,0.049348801197040645,6.33584113715015e-06,0.05622754991054535,0.04881101716605444,6.224524010991636e-06,0.055594589561223984,0.048384702986194975,6.072826806249327e-06,0.05522490665316582,0.04804378274887327,5.908195339711223e-06,0.0548420250415802,0.04773270326947409,5.744972259555247e-06,0.05426427349448204,0.047385793770589525,5.581020197317988e-06,0.05360040068626404,0.04699391812559158,5.4663633866328715e-06,0.05331665650010109,0.04662715909736497,5.45711835651365e-06,0.05326046049594879,0.04632418448962863,5.492247727004331e-06,0.05322440341114998,0.04606818904479345,5.518816604448735e-06,0.053129516541957855,0.0458405658247925,5.52811574643113e-06,0.052932292222976685,0.045631511521244804,5.540618757858765e-06,0.052686985582113266,0.04544209925428269,5.5666592974721875e-06,0.0524628683924675,0.045273297895041725,5.599677972896082e-06,0.05224508047103882,0.04511953689276226,5.633879241430065e-06,0.05201287940144539
817,18,self_attn_after_gate,Vertical,1,0.29330532489314914,0.13029097830476766,2.748563766479492,0.1258513978312886,0.00020134886225147425,0.15837736427783966,0.10859544930003938,0.00011864164583463113,0.13403019309043884,0.09843406743473476,8.54786973347505e-05,0.12122973799705505,0.0918627218121574,7.443350436766804e-05,0.11279658228158951,0.08706239599084097,6.877461296025645e-05,0.10685458779335022,0.08333070091311894,6.6152719253027e-05,0.10165250301361084,0.08044149170792292,6.429616959659405e-05,0.09775865077972412,0.0781354107080944,6.232860731581025e-05,0.09444253146648407,0.07626526116851777,6.045276748503558e-05,0.0916043072938919,0.07470942164460818,5.908610048352942e-05,0.08913950622081757,0.07339105914746012,5.843765680393984e-05,0.08697246015071869,0.07222483466778483,5.7834561365917024e-05,0.08607328683137894,0.07119137326639796,5.6922711130477483e-05,0.08529124408960342,0.0702653659123277,5.5969716367804566e-05,0.08439752459526062,0.06942606238382203,5.516829127963735e-05,0.08366414904594421,0.06868261157993287,5.451093272214048e-05,0.08323371410369873,0.06802735329856949,5.386267238470655e-05,0.083086758852005,0.06741453364254936,5.300643610991998e-05,0.08316966891288757,0.06682496795815135,5.2112488141580595e-05,0.0832589790225029
817,18,self_attn_after_gate,Horizontal,1,0.2527438681277018,0.0350666024250305,1.3522000312805176,0.1402559568957677,0.0002545614455399309,0.1804300844669342,0.12413594091222399,0.00011805979300465142,0.15891678631305695,0.11543430376147466,6.350261591406589e-05,0.1401069462299347,0.10970798903514468,3.839707032376746e-05,0.12915894389152527,0.1055720675559271,2.6636688060118088e-05,0.12038348615169525,0.1024106362509349,1.885120193296345e-05,0.11429096758365631,0.10010121183262931,1.379636351204907e-05,0.11002542823553085,0.09842886527379353,1.055651410756271e-05,0.10847382247447968,0.09713167283270094,8.3468726176897e-06,0.10731528699398041,0.09586725833397063,6.563098033362798e-06,0.1049078106880188,0.09463645718873494,5.3668301083893924e-06,0.10186357796192169,0.0937534249018109,5.103343260413742e-06,0.09959468245506287,0.09313210726730407,5.086846131536278e-06,0.09808841347694397,0.09258731951316197,4.899518633854565e-06,0.09851713478565216,0.09200120776418656,4.481668464004e-06,0.09794434905052185,0.0914214195476638,3.9599453386992265e-06,0.09691141545772552,0.09091846100867741,3.6322435659687894e-06,0.09663846343755722,0.09047506962503706,3.4515860992422004e-06,0.09624499827623367,0.09005123566067408,3.1589346536018323e-06,0.09611035138368607
817,18,self_attn_after_gate,Gaussian,1,0.15196864354232,0.003741382689856745,0.4514283835887909,0.0886789049421038,0.0001217218314849535,0.120458222925663,0.07718699171193062,9.289753699823424e-05,0.10126584768295288,0.0686810499737187,5.62934296824682e-05,0.09441843628883362,0.06283563062075585,3.086175427593168e-05,0.08380819112062454,0.05924166295500029,2.4102264321628726e-05,0.07580184936523438,0.05666417421566115,2.053739768323626e-05,0.06898164749145508,0.054575125080725505,1.650076525092285e-05,0.06768064945936203,0.053070306304901366,1.4033390644990715e-05,0.06602860987186432,0.05201168600765486,1.2843981261698987e-05,0.06475493311882019,0.05122523394132417,1.2643067954652043e-05,0.06369189918041229,0.050615844331563464,1.3291079795247485e-05,0.063046395778656,0.0500879061837045,1.4153618361550613e-05,0.06238679587841034,0.04959335769452746,1.4852872519958181e-05,0.0616074874997139,0.049132888752316674,1.5401215427066177e-05,0.06084812059998512,0.048716391540235944,1.591305724384622e-05,0.060215987265110016,0.04834879284340238,1.646997067787888e-05,0.05974291265010834,0.04803106975224283,1.7118590541530015e-05,0.059424400329589844,0.047762581457694374,1.788575496729338e-05,0.05940813571214676,0.04754183536011075,1.8781072557727352e-05,0.05950547009706497
817,18,cross_attn,Vertical,1,0.38680260876814526,0.06575698277358553,1.5661753416061401,0.1820822815809931,0.0011813015810651084,0.30744463205337524,0.1451185964166172,0.00033512958117095217,0.20577281713485718,0.12670778163841792,0.0001682006616547016,0.1736425757408142,0.11630400341181528,8.297040192403115e-05,0.14744776487350464,0.1102356483775472,5.0498204101839206e-05,0.13547596335411072,0.10661140687408902,3.738960935892605e-05,0.12753765285015106,0.10397297475073072,2.832877561050475e-05,0.11994677782058716,0.10182493239168137,2.0713926451723e-05,0.11543244123458862,0.10016753489062899,1.5380764099807574e-05,0.11293714493513107,0.09894474004469221,1.2158602492610084e-05,0.11054925620555878,0.098044178079045,1.0299186963252921e-05,0.10845144093036652,0.09736968245771196,9.18810278768574e-06,0.10679857432842255,0.09683767481455727,8.334836947849501e-06,0.10567739605903625,0.09635637156547062,7.454967242967073e-06,0.10505655407905579,0.09585672285821703,6.587210948484617e-06,0.10468749701976776,0.09532520730817129,5.823718477336692e-06,0.10425607860088348,0.09479046411930568,5.127091131808644e-06,0.10360445082187653,0.09429443178195802,4.469035665537503e-06,0.10275690257549286,0.09385935914894891,3.876911674168574e-06,0.10179275274276733
817,18,cross_attn,Horizontal,1,0.5435616646021132,0.2803077940456193,3.796609878540039,0.20619868569903904,0.002137368731943787,0.39920392632484436,0.15709596612150706,0.0004816089599607604,0.2507967948913574,0.13369812780902499,0.0001513817122119311,0.16643553972244263,0.12182638593136318,6.661802048108435e-05,0.14046931266784668,0.114930626773645,3.8288488190118996e-05,0.12673093378543854,0.11056673432153369,2.677963414178639e-05,0.12255241721868515,0.10763240818466459,2.2170050508495335e-05,0.12062084674835205,0.10547092663390296,1.9824799099408824e-05,0.11827372014522552,0.10361936913123207,1.6960101164845425e-05,0.11548307538032532,0.10198800088394255,1.3570994637242224e-05,0.11404992640018463,0.1007189911509317,1.1415580456628963e-05,0.11240237951278687,0.09969911606065811,1.0299834942308986e-05,0.11074496805667877,0.09878000498764099,9.294374799778074e-06,0.10840356349945068,0.09792877378917876,7.65383788437615e-06,0.10544968396425247,0.09719967191654538,5.940208403651159e-06,0.10317493230104446,0.0966230361234574,4.771677552732023e-06,0.10195573419332504,0.09615373020134275,4.112771135777767e-06,0.10160431265830994,0.09571397777587648,3.6920314385546976e-06,0.10084857046604156,0.0952545940166428,3.280093838644401e-06,0.09975826740264893
817,18,cross_attn,Gaussian,1,0.6350570675872621,0.9134904940749647,6.601932525634766,0.17098938129724017,0.0015073188628849277,0.29070162773132324,0.13467779519065978,0.0006219340330298444,0.2147742211818695,0.11511384837684177,0.0003073798695838491,0.17194624245166779,0.1033802160194942,0.00017817565604266538,0.14596784114837646,0.09525023459915131,0.0001078325653653344,0.12864920496940613,0.08958639405549519,7.203239734900117e-05,0.11973254382610321,0.08555782964778325,5.1955914836949725e-05,0.11220021545886993,0.08253599431306596,3.7995259243213517e-05,0.10480113327503204,0.08020128061374028,2.8613779436014932e-05,0.09846840798854828,0.0783735875572477,2.2566701217613584e-05,0.09359928965568542,0.07690250459644529,1.8433274131279255e-05,0.08974643051624298,0.07568700883596663,1.5475251099425097e-05,0.0882788896560669,0.07467676403503569,1.3277035635427909e-05,0.0871686190366745,0.07383940475327629,1.1575375009267656e-05,0.08613628149032593,0.07313309810937398,1.0218257182661002e-05,0.08514842391014099,0.07251393570313378,9.149423980487822e-06,0.08419042080640793,0.07195009137429888,8.359696330850513e-06,0.08326782286167145,0.07143590705735343,7.803648541937945e-06,0.08237805962562561,0.07097770675780281,7.406618496173648e-06,0.081517793238163
817,18,mix_ffn_after_gate,Vertical,1,0.5247662762800852,0.05250912218732303,1.1646935939788818,0.21769397173609054,0.0011545695987605386,0.2981562614440918,0.14795853505058895,0.0002570928515185131,0.18616527318954468,0.11540176518379695,0.00010730950263189754,0.13914497196674347,0.09635889672097706,6.535608383963394e-05,0.11356401443481445,0.08404337756690525,4.999434000709659e-05,0.09939368814229965,0.07535432225891522,4.165539321554318e-05,0.08968448638916016,0.06893184544548156,3.6149802926044875e-05,0.08147095143795013,0.06416637539154008,3.252327117708498e-05,0.07535392045974731,0.06038736717568503,2.9902145616412648e-05,0.07034751027822495,0.05722114278210534,2.796190526028469e-05,0.06650824099779129,0.054637039937670266,2.6651391022028446e-05,0.06367653608322144,0.052553105626314406,2.588605252043585e-05,0.061574675142765045,0.05081467413240009,2.5450094245919512e-05,0.06013322249054909,0.04929015466145107,2.4978964511322617e-05,0.0591217577457428,0.04790391471414339,2.41843759403972e-05,0.05807773396372795,0.04664936247799131,2.31477618622081e-05,0.05681009590625763,0.04554843246227219,2.2177701051417613e-05,0.05566375330090523,0.04460424770201955,2.1450698986529928e-05,0.054747797548770905,0.04379510164024338,2.096372890713138e-05,0.05397750809788704
817,18,mix_ffn_after_gate,Horizontal,1,0.6371741564500899,0.10117358534451378,1.8426623344421387,0.2582624467119338,0.0014716902371091245,0.3466525673866272,0.1773438056310018,0.0003066369421607061,0.21358586847782135,0.13911726053745027,0.00013015082317552473,0.16260811686515808,0.11652977646343292,7.46633198291128e-05,0.13460448384284973,0.10201084471884228,4.9757344989626925e-05,0.11744341254234314,0.09170203218384394,3.591083634320183e-05,0.10590831190347672,0.0839843527665214,2.8148601519067675e-05,0.09678016602993011,0.07813615907752325,2.336489456043023e-05,0.08932416141033173,0.07348922131553529,2.022630505155223e-05,0.08331764489412308,0.0697227670323281,1.8154461791220165e-05,0.07864489406347275,0.06662880942698508,1.6625895698405576e-05,0.07500290870666504,0.06402742703046117,1.5324829298942425e-05,0.0719505250453949,0.06182571967679357,1.42545416594445e-05,0.06920173764228821,0.05998937312572721,1.3556797730622938e-05,0.06677737832069397,0.05842510729082047,1.3200777285458832e-05,0.06475239992141724,0.057013326694094944,1.285747890016226e-05,0.06304863840341568,0.055693227088167555,1.22817621541323e-05,0.0616036057472229,0.05449637096552622,1.1657991085694065e-05,0.06036572530865669,0.053457861559258565,1.1173239729141328e-05,0.05923571437597275
817,18,mix_ffn_after_gate,Gaussian,1,0.43801363711319274,0.03350801169962481,0.9699889421463013,0.1897983281385331,0.0008606032288846717,0.2553994059562683,0.12843874144175696,0.00018439447238196264,0.16227146983146667,0.10005093082076028,8.788988038008764e-05,0.12383546680212021,0.08395398833921977,5.373247363365065e-05,0.10376670956611633,0.07364599028277019,3.6472774070860896e-05,0.08923990279436111,0.06628343729036194,2.8051660615043733e-05,0.07881003618240356,0.06078290034617696,2.219656925870741e-05,0.07213090360164642,0.05671673794350927,1.853759473779822e-05,0.06738534569740295,0.05361628857633424,1.6260464095930638e-05,0.06350123882293701,0.051150584563849466,1.4686286838408436e-05,0.06021546572446823,0.04919426864574826,1.3580910209240628e-05,0.05757701396942139,0.04763101585327633,1.2813814685311165e-05,0.05554153025150299,0.046302399701542325,1.2121916918467134e-05,0.054088179022073746,0.04511969323669161,1.1370159284746608e-05,0.053009070456027985,0.0440700738912537,1.0629870642304566e-05,0.05200130119919777,0.04317125749020349,1.0052295402169846e-05,0.05112631991505623,0.04243282140010879,9.725884140919632e-06,0.050336048007011414,0.04183669287770513,9.635286781246887e-06,0.04968877136707306,0.04134554132109597,9.700285849627846e-06,0.04918525367975235
817,19,self_attn_after_gate,Vertical,1,0.5730267505324076,1.3039378114856954,7.297907829284668,0.09939557242961157,3.2476664922968016e-05,0.1114143431186676,0.09328592982557085,1.3815829651198234e-05,0.10536535829305649,0.0909282426748957,1.2350382933823323e-05,0.10065056383609772,0.08931351133755275,1.2082550882014663e-05,0.09810223430395126,0.08816660976126081,1.2100586327616742e-05,0.09659581631422043,0.08727623877071199,1.2064530960983383e-05,0.09531620144844055,0.08648900214641814,1.1957612025259759e-05,0.0945514664053917,0.08578748326926004,1.1871792719299029e-05,0.09390868246555328,0.08518300359211271,1.1844498678036365e-05,0.09335674345493317,0.08463272665228162,1.1733251452406053e-05,0.09279315173625946,0.0841068144118975,1.1487832455305057e-05,0.09222970902919769,0.08360342598623699,1.1260974725032517e-05,0.09174850583076477,0.08313585805987554,1.1202434887632345e-05,0.0913349911570549,0.08270737386885144,1.1274384726469396e-05,0.09093461185693741,0.08231120142671797,1.1424063399443772e-05,0.09053847938776016,0.08193606043618823,1.1625264631120468e-05,0.09014441072940826,0.08157504740215483,1.181031297796791e-05,0.08974233269691467,0.08123094316512819,1.1917052705690167e-05,0.08935660868883133,0.08091120954070773,1.1988362395425525e-05,0.08902052044868469
817,19,self_attn_after_gate,Horizontal,1,1.0574240491740288,5.578676730860263,14.109313011169434,0.11202450001996661,0.00011524856996337972,0.15371853113174438,0.0994009966888125,1.571298046464417e-05,0.11314459145069122,0.09667621588423139,1.0024192905089493e-05,0.1056264117360115,0.0950237111676307,6.893298982676113e-06,0.10276667773723602,0.09379709417384768,4.81989729877301e-06,0.10057255625724792,0.09289496060874727,3.523953418522737e-06,0.09872977435588837,0.09222775461181762,2.735981926238166e-06,0.09711703658103943,0.09172321205574369,2.2691401761317806e-06,0.0957532525062561,0.09132661303830525,1.985966239327065e-06,0.09460771083831787,0.09099814520468788,1.796097179457076e-06,0.09362808614969254,0.09071278974177345,1.6460248706869806e-06,0.09337687492370605,0.09046325962694865,1.5281446590010966e-06,0.09328748285770416,0.09025293943427858,1.4543623745784444e-06,0.09311225265264511,0.09007899498655683,1.418520743965403e-06,0.09293161332607269,0.0899303855877074,1.40581548338024e-06,0.09272761642932892,0.08979297039054689,1.3948038452178914e-06,0.09241984039545059,0.08964968661940287,1.3534705301934694e-06,0.09230073541402817,0.08948824128934316,1.2695940145693431e-06,0.09223432838916779,0.0893141000516831,1.1782733586519171e-06,0.09201110899448395
817,19,self_attn_after_gate,Gaussian,1,0.448679177179223,0.9880813110727917,6.672910690307617,0.07360997630490197,9.842222752305686e-06,0.08193895220756531,0.06867938216716524,8.493614766836802e-06,0.07620612531900406,0.06530610945016618,8.809445713573117e-06,0.07267621159553528,0.0630767788915407,9.35906176295993e-06,0.07011031359434128,0.06172952552636465,9.877764327467127e-06,0.06923460960388184,0.06079333512082932,9.79936172642489e-06,0.06856934726238251,0.06003363708418513,9.32133471488495e-06,0.06807097047567368,0.059435615227335974,9.078080069972301e-06,0.06760851293802261,0.058936560556056006,8.947697385999752e-06,0.06712908297777176,0.058483696527897366,8.840405606979026e-06,0.06667483597993851,0.058060229652457766,8.736332028196952e-06,0.0662527084350586,0.05766930188688021,8.623908726510266e-06,0.06582242250442505,0.05730965680309704,8.529536555567615e-06,0.06539326906204224,0.056975074467204866,8.455904625511305e-06,0.06496471166610718,0.05666234391549277,8.381158614500925e-06,0.06452734768390656,0.056372267918454275,8.280603969962408e-06,0.06409445405006409,0.05610567715669435,8.162563495672336e-06,0.0636773556470871,0.05585807940316579,8.057035810183545e-06,0.0632430836558342,0.055616890922898336,7.986660739012773e-06,0.06275242567062378
817,19,cross_attn,Vertical,1,0.1086880015948462,0.0019626787936761676,0.33434534072875977,0.0888120403128957,4.429057664046413e-08,0.08998973667621613,0.08877719241002249,3.846192871225285e-08,0.08997195959091187,0.08878403890227514,3.61755931656506e-08,0.0898652970790863,0.08878273552372343,3.256508903353932e-08,0.08983103930950165,0.08877300955946484,3.20042253882948e-08,0.08981925249099731,0.08878548561580597,3.2088630083252286e-08,0.08986116945743561,0.08879128039356261,3.468528524767738e-08,0.08992139995098114,0.08884268360478538,4.875184066824194e-08,0.09000152349472046,0.08884631724111618,4.178364311902056e-08,0.0896596685051918,0.08883199698868252,3.8726161938353145e-08,0.08966341614723206,0.08891134153282831,4.793310238139394e-08,0.0895225927233696,0.08890798936287563,3.7564943473305286e-08,0.08957965672016144,0.08891501845348448,6.476963640680762e-08,0.08969942480325699,0.08889378217004594,3.9940781658851866e-08,0.08947508037090302,0.08887334262567853,4.9733189849409454e-08,0.08952337503433228,0.08884560316801071,3.442563144956478e-08,0.08964027464389801,0.08888645789452962,5.034315656362355e-08,0.08982762694358826,0.08890330708689159,4.505396376805798e-08,0.08956881612539291,0.0889597659309705,1.1563659603056628e-07,0.09024859964847565
817,19,cross_attn,Horizontal,1,1.383202336846836,11.775062853203607,22.14825439453125,0.09038901317214208,7.073697291781918e-06,0.10310773551464081,0.0889012042492155,2.5427559365234694e-08,0.08953861147165298,0.08886142299761848,2.1637249312599806e-08,0.08947714418172836,0.08882920384880096,1.8249108873608866e-08,0.08941870182752609,0.08880403093875401,1.576794468046749e-08,0.0893697738647461,0.08878591041716319,1.3740555332941513e-08,0.08932437747716904,0.08877324088225289,1.1986507457908872e-08,0.08928467333316803,0.08876455941843608,1.0563871729531208e-08,0.08925442397594452,0.08875880295795108,9.501068426704392e-09,0.08923280239105225,0.08875520610147053,8.681433780164342e-09,0.08921554684638977,0.08875303396156856,8.006941303484074e-09,0.08919976651668549,0.08875160143961983,7.4379718480198176e-09,0.08918321877717972,0.08875044044994172,6.969485277886436e-09,0.089166060090065,0.08874946667088403,6.600544940324154e-09,0.08915059268474579,0.08874880025784175,6.298108900365616e-09,0.08913729339838028,0.08874837214511538,6.033001726924356e-09,0.08912535011768341,0.08874800127177011,5.796451098143182e-09,0.08911480009555817,0.08874750030892235,5.59203825019474e-09,0.08910610526800156,0.08874679333160794,5.431827904518944e-09,0.08909936249256134
817,19,cross_attn,Gaussian,1,0.2130682019014207,0.14034194566512742,2.712197780609131,0.06780820635576097,6.273637263030726e-07,0.07213404029607773,0.06736881262253201,1.511174779191337e-07,0.06898917257785797,0.06721461930918315,9.276379511955762e-08,0.0685180276632309,0.06714279464786015,6.948658501883758e-08,0.06825810670852661,0.06711525694718437,5.7587349500358886e-08,0.06806981563568115,0.06710429312217803,5.194815637745302e-08,0.06798182427883148,0.06710288614507705,4.9343869368458084e-08,0.06800475716590881,0.06709648278497514,4.5046601760662806e-08,0.06791410595178604,0.06708985732661353,4.1293285787980926e-08,0.06782709062099457,0.0670851215956703,3.773134941443009e-08,0.06775695830583572,0.06707785858048333,3.66025275052997e-08,0.0677272379398346,0.06707515484756893,3.558264274958e-08,0.06769958138465881,0.06707533366150326,3.4248373985322133e-08,0.0676746666431427,0.06708130051219274,3.263656699913098e-08,0.06765095889568329,0.06708861627275982,3.0400687230658233e-08,0.0676080584526062,0.06708198454644945,2.9309975201355194e-08,0.06758217513561249,0.06706348416351136,2.900680596750977e-08,0.06757554411888123,0.06705584081392439,2.861508968143975e-08,0.06759753823280334,0.06705163241851897,2.7790383163503384e-08,0.06760105490684509
817,19,mix_ffn_after_gate,Vertical,1,0.08673558691664347,0.0003155324830325517,0.15958887338638306,0.06928306291737253,1.1734961786373062e-05,0.0760984793305397,0.06702707305787102,1.3360271977014416e-05,0.07590275257825851,0.06567558882728455,1.5062298449494074e-05,0.07597246021032333,0.06473133092125256,1.6118556963083828e-05,0.0757795050740242,0.06399019210348053,1.6716567458408937e-05,0.07531218975782394,0.06338937627890753,1.7146896293814587e-05,0.0747138261795044,0.06287172223840441,1.7495463952900754e-05,0.07402868568897247,0.06240939195193942,1.7815081028256646e-05,0.07336027175188065,0.06199579348876363,1.8121212107203496e-05,0.07278701663017273,0.061628416417137025,1.840896094081514e-05,0.07231809198856354,0.061301632828655694,1.8673923973787918e-05,0.07193003594875336,0.061008605692121715,1.8915924573575897e-05,0.0715995654463768,0.060743402571432174,1.9136781801699487e-05,0.07131095230579376,0.06050137406776822,1.9338652832838573e-05,0.07105422765016556,0.060278938876258,1.9523661240042907e-05,0.07082273066043854,0.06007325868048365,1.9693573357310407e-05,0.0706118792295456,0.05988207329360266,1.9849939488918304e-05,0.07048612833023071,0.05970352805323071,1.9994200259576563e-05,0.07038579881191254,0.059536083113579524,2.0127468590438098e-05,0.07028745114803314
817,19,mix_ffn_after_gate,Horizontal,1,0.09770570198694865,0.0004059431558556259,0.17991378903388977,0.07605818860114567,2.918545592416309e-06,0.0793902724981308,0.07368465465685678,1.3405209853388883e-06,0.07683132588863373,0.07273524597523705,1.25972175025486e-06,0.07566550374031067,0.07212377410559427,1.2166271598928308e-06,0.0748349279165268,0.07160744827891154,1.2402003076842412e-06,0.07440889626741409,0.0712190791964531,1.2539064219322223e-06,0.07376700639724731,0.07083306851841155,1.249804545462091e-06,0.07333023846149445,0.07051435101126867,1.270391909326271e-06,0.07299219071865082,0.07021607588680964,1.3224739397695837e-06,0.07284963130950928,0.06997806910011503,1.3901031459522894e-06,0.07280538976192474,0.06979390647676256,1.4875693062536152e-06,0.07273504137992859,0.06964508999907781,1.5733415497732802e-06,0.07263761758804321,0.06948470856462206,1.6381494066452332e-06,0.07243657112121582,0.0693165406821266,1.686379045834334e-06,0.07230421900749207,0.06915280282024354,1.7260092769641628e-06,0.07215628027915955,0.06899721683963897,1.7610455279184645e-06,0.07200822234153748,0.06885109037633926,1.7928055085700088e-06,0.07187223434448242,0.06871580982965136,1.821754085647261e-06,0.07175640016794205,0.06859232698168073,1.8478104504219619e-06,0.07165919244289398
817,19,mix_ffn_after_gate,Gaussian,1,0.5011834560169114,0.8286818041304945,5.540189266204834,0.0760581364470815,7.131231960342583e-05,0.09594343602657318,0.061052628452815706,1.0116285822367235e-05,0.06824420392513275,0.056117487095651175,6.087983663933549e-06,0.06309622526168823,0.053629362985255224,5.196253820388453e-06,0.06013161689043045,0.052129696167650674,4.929430293635331e-06,0.05835641548037529,0.05109632511933645,4.919091950716496e-06,0.05731668323278427,0.05029806228620665,5.017530669012027e-06,0.05674376338720322,0.0496596223896458,5.133983571704188e-06,0.05633998662233353,0.049154101560513176,5.255278415179224e-06,0.05601201206445694,0.04874410716787217,5.365888787269344e-06,0.055759236216545105,0.04839655508597692,5.425348032170804e-06,0.05551937222480774,0.048088152198091386,5.408116242717734e-06,0.05521983653306961,0.04780742626578089,5.342579650429931e-06,0.05486978217959404,0.04755555879738596,5.277020029063295e-06,0.05455135554075241,0.04733545699762919,5.2248867622091746e-06,0.054299451410770416,0.04714325164991712,5.173560658557778e-06,0.05407680571079254,0.046969091785805564,5.1086394144675975e-06,0.05382122844457626,0.04679807411536338,5.024824283279629e-06,0.05348511040210724,0.04661552489749969,4.93643224562009e-06,0.05309063941240311
785,18,self_attn_after_gate,Vertical,1,0.28951561356347705,0.015112650296295193,0.7297979593276978,0.13196190269220442,0.0005574430519966258,0.18806618452072144,0.10896256341347618,0.00023303103907512071,0.15519067645072937,0.09744982409571844,0.00011025697580208632,0.12367122620344162,0.089570694736072,8.365837758623771e-05,0.10931731760501862,0.08461032843305952,7.073648587720766e-05,0.10330164432525635,0.08108506564583097,6.470821135603722e-05,0.09799177944660187,0.07876002019833005,6.580732832483702e-05,0.09628847241401672,0.07682684075737757,6.223225000809516e-05,0.09505268931388855,0.07496876979158038,5.471413216045862e-05,0.09161044657230377,0.073373001719278,4.9521272163628185e-05,0.08773905038833618,0.07208771506945293,4.6978551352235904e-05,0.08461608737707138,0.07103141929422106,4.683431635816662e-05,0.08344707638025284,0.07011381743682756,4.8266900637842505e-05,0.08283989131450653,0.0692850390360469,4.990672540651494e-05,0.08349205553531647,0.06853641865272371,5.119189144173028e-05,0.08377501368522644,0.06785792526271608,5.218512149541388e-05,0.08371224999427795,0.06723387710868366,5.299355605981128e-05,0.08337134122848511,0.06665103764288009,5.367666678149136e-05,0.08282006531953812,0.06610017932123607,5.4259988802930896e-05,0.0821186974644661
785,18,self_attn_after_gate,Horizontal,1,0.21485291894466158,0.008030991620481544,0.6287789344787598,0.13768294489099867,0.0002816941674622996,0.20500123500823975,0.11956777057004353,9.970032668392019e-05,0.14852558076381683,0.11152183288146579,5.86169319663302e-05,0.13727769255638123,0.10727559432150825,4.400502766907083e-05,0.1253834068775177,0.10320966868173509,2.6752995513243906e-05,0.1173364594578743,0.10022563948517754,1.8331704179668773e-05,0.11446421593427658,0.09843537873691982,1.597059964890135e-05,0.11219465732574463,0.09697768009371227,1.3796681163798184e-05,0.1087169498205185,0.09565491252948367,1.0718060458751213e-05,0.10536319017410278,0.09465740656568891,8.38524672760171e-06,0.10327500849962234,0.09380614225353513,6.573749366988986e-06,0.10202260315418243,0.09297785919810099,5.181907546535749e-06,0.10104303061962128,0.09226696394265645,4.361968108519103e-06,0.10022248327732086,0.09171717637588107,3.956465877272175e-06,0.09950022399425507,0.09128330647945404,3.7431598964924864e-06,0.0987616777420044,0.09094641144786562,3.6512118305966066e-06,0.09804578870534897,0.09068892801564837,3.6882962043096707e-06,0.09739983081817627,0.09046193436970787,3.7433854702314243e-06,0.09679464995861053,0.09021580834237355,3.6987640352081377e-06,0.0962536409497261
785,18,self_attn_after_gate,Gaussian,1,0.39762196063049254,0.10076611230894472,2.0239832401275635,0.13564879210695388,0.0006333719730417808,0.2031390368938446,0.10201606781236709,0.00021251784802313732,0.14901670813560486,0.08530599659397489,0.00010317671186339111,0.11692346632480621,0.07550082639569328,5.7917869675051356e-05,0.09428614377975464,0.06896334035055977,3.8937283904411106e-05,0.08334894478321075,0.06459504673405299,3.148132186198118e-05,0.07695718854665756,0.06138272512526739,2.8021148373956565e-05,0.07444366067647934,0.05885078308601228,2.354018001908659e-05,0.07109160721302032,0.05696324548787541,2.0573463802126897e-05,0.06917912513017654,0.05536623429211359,1.7768691126433068e-05,0.06695102155208588,0.05393419864158782,1.5263145006739854e-05,0.06400443613529205,0.05278161156272131,1.4149861912695419e-05,0.06234477087855339,0.051813088061790614,1.3575389789920291e-05,0.06176257133483887,0.05092766455241612,1.2595827469611454e-05,0.060800570994615555,0.05012215106260209,1.141807250613929e-05,0.05864647775888443,0.04943788299957911,1.0577046352467428e-05,0.055998146533966064,0.04887407503667332,1.0223281688093355e-05,0.05509224161505699,0.04839539793985231,1.0181144363228992e-05,0.055089280009269714,0.0479671469046956,1.0136189889035115e-05,0.054940253496170044
785,18,cross_attn,Vertical,1,0.2985388889672264,0.01949873708473252,0.6631186008453369,0.15358936762998973,0.0005672450716925108,0.23905326426029205,0.13272801337261048,0.0001774236470716434,0.17942191660404205,0.12100683921386325,8.369120514577635e-05,0.15045322477817535,0.11497211397167235,5.572268560060911e-05,0.1333918571472168,0.1103343011604415,3.823707037735293e-05,0.12555855512619019,0.10669044511658805,2.680139372672868e-05,0.11986210197210312,0.10409376604689492,2.0201592390771374e-05,0.11662258207798004,0.10210171058064416,1.5612873290847743e-05,0.11315606534481049,0.10031706414052419,1.153402591556812e-05,0.10849149525165558,0.09875149031480153,8.547229822536506e-06,0.10542874038219452,0.09749812561841238,6.443181706699164e-06,0.10296007245779037,0.09649311396337691,4.959539975691039e-06,0.10156746208667755,0.09564032819535997,3.906762691006689e-06,0.1004672646522522,0.09493033126706169,3.2167653953112675e-06,0.09933397173881531,0.09436397514646015,2.7838146668660226e-06,0.09858294576406479,0.09391828307083674,2.5307778249236018e-06,0.09809254109859467,0.09356127312732121,2.3596414209781144e-06,0.09758152067661285,0.09325747286516523,2.1990519106476313e-06,0.09702365100383759,0.09297379815862292,2.001582206848896e-06,0.09640537202358246
785,18,cross_attn,Horizontal,1,0.46200803726438494,0.293376811872716,4.070531845092773,0.18918183067488292,0.0015947909528539717,0.3918341398239136,0.15181946600713428,0.0004731622881998668,0.24941395223140717,0.13272332683915183,0.0001804212046425253,0.18475908041000366,0.1220552193976584,9.132558987119209e-05,0.15416407585144043,0.1149541824346497,5.22479927737016e-05,0.13565830886363983,0.11021978100613943,3.3339623907568655e-05,0.12357858568429947,0.10683145740675548,2.2320802733922157e-05,0.11714288592338562,0.1043498425020112,1.5854551343289597e-05,0.11358527839183807,0.10251461608069283,1.252976767708753e-05,0.11128062009811401,0.1009416916067638,1.0463916838327495e-05,0.10923108458518982,0.09945607954074466,8.344041144905403e-06,0.10781309753656387,0.09820374550800474,6.724570387592887e-06,0.10661371052265167,0.09722991252229327,5.64609058710143e-06,0.10555602610111237,0.09646227423633848,4.872697601241759e-06,0.10462334752082825,0.09584252690038984,4.2963993397482514e-06,0.10385598987340927,0.09532960421509212,3.835604095664874e-06,0.10322578251361847,0.09489907773714217,3.4467656466074538e-06,0.10271336138248444,0.0945201473576682,3.111867063208292e-06,0.10224997997283936,0.09416468500617951,2.786476231092783e-06,0.10158824920654297
785,18,cross_attn,Gaussian,1,0.3758338169446067,0.1156607499369534,2.0776286125183105,0.15302896878075978,0.0010682115706758762,0.28056585788726807,0.11760313536912675,0.0002096085837514071,0.15574121475219727,0.10071867988223121,7.976967674258099e-05,0.12463505566120148,0.09217633933775009,5.2990777234031136e-05,0.11418239027261734,0.08697381154412315,3.822745084397316e-05,0.10272829234600067,0.08276459763920496,2.6095939126031962e-05,0.09421379119157791,0.0791418222444398,1.8137476099769417e-05,0.09040452539920807,0.07653872302127263,1.4022769016429455e-05,0.08717656135559082,0.07466728429472635,1.1586874213798232e-05,0.08443951606750488,0.07331592069258766,9.715723855555185e-06,0.08203297853469849,0.07231005825220592,8.526328695305789e-06,0.0802871510386467,0.07147272380571516,7.773466443626457e-06,0.07865823060274124,0.07072495196073775,7.057311769819395e-06,0.0772913247346878,0.07008387656911971,6.315367805183834e-06,0.07631541788578033,0.06955143643750085,5.648190482080701e-06,0.07556279003620148,0.06910727279526847,5.083219216492234e-06,0.07494620978832245,0.06873628213292077,4.637714089169961e-06,0.07442062348127365,0.0684235194136226,4.32021048780094e-06,0.07395434379577637,0.06816467051468199,4.17132278797995e-06,0.07357661426067352
785,18,mix_ffn_after_gate,Vertical,1,0.5571552273773012,0.07467964370321166,1.306688904762268,0.2047946254412333,0.0011862552312259151,0.27302002906799316,0.13204503378697804,0.0002034409325970045,0.16698677837848663,0.10071846511628893,8.375139455855613e-05,0.12450889497995377,0.08381743610851349,5.038100640303777e-05,0.10380897670984268,0.07338487605253856,3.767206089945484e-05,0.09125208109617233,0.0664682478185684,3.118561323448567e-05,0.08204441517591476,0.06149951693794084,2.7490526726029796e-05,0.07494242489337921,0.0576055697978489,2.4686090308303794e-05,0.06937967240810394,0.054527145647813406,2.2584798183649854e-05,0.06528496742248535,0.05210374821982686,2.112493373631541e-05,0.06220012530684471,0.0501587637478397,2.0115676824501395e-05,0.05980806052684784,0.04857782948584784,1.9449521077949113e-05,0.05822627618908882,0.0472644025252925,1.8978623132210372e-05,0.056891027837991714,0.0461550470855501,1.8617286875263763e-05,0.05575064569711685,0.04520664446883731,1.8310895563744825e-05,0.054741740226745605,0.044388758816889355,1.8055344840027158e-05,0.05377504974603653,0.04367974353215051,1.7861473251396368e-05,0.052856460213661194,0.04306313448718616,1.7726853378534534e-05,0.05234350636601448,0.04252630892017531,1.764471713750929e-05,0.051962755620479584
785,18,mix_ffn_after_gate,Horizontal,1,0.7799942394097646,0.19476616467244529,3.327289342880249,0.3489475070484101,0.0022504168906463517,0.4496845602989197,0.24074971581262256,0.0006356190791989278,0.29987722635269165,0.1841933611366484,0.00026116434138088415,0.22613418102264404,0.15017127186533005,0.00013572633409236192,0.18126803636550903,0.1280814785332907,8.121418857893857e-05,0.1525333821773529,0.11264450907234162,5.399892292989572e-05,0.1320793628692627,0.10129016117444115,3.939271193764276e-05,0.11716843396425247,0.09269047835989604,3.097946997428083e-05,0.10605325549840927,0.08595430626282616,2.5659990550237062e-05,0.09800753742456436,0.08055687092599415,2.1917774357170773e-05,0.091867595911026,0.07617837746465017,1.921558633797382e-05,0.0868227630853653,0.07258621910734782,1.7276248479400364e-05,0.08279698342084885,0.06958004572088757,1.5744332509849377e-05,0.07959325611591339,0.06700352981450065,1.44927970190937e-05,0.07693018019199371,0.0647741990193488,1.3572823439610274e-05,0.07447032630443573,0.06285732085742647,1.2941661743468064e-05,0.07216688990592957,0.06120419484518823,1.2502443039792207e-05,0.07009361684322357,0.05975867807865143,1.2183513948930858e-05,0.06830897927284241,0.058480075131806114,1.1919021883164293e-05,0.06681209802627563
785,18,mix_ffn_after_gate,Gaussian,1,0.6245642460527874,0.11584857285612303,1.7265442609786987,0.22986117809537857,0.0014758405436149234,0.3211773931980133,0.14787950496824961,0.00030164376020659926,0.18768280744552612,0.11114903716813951,0.00011095200415747031,0.13585111498832703,0.09068237446130269,5.470918376590873e-05,0.10918785631656647,0.07787128549719614,3.354344472817058e-05,0.09291538596153259,0.06913307161321716,2.390333572355738e-05,0.0819454938173294,0.06279888642685753,1.884875754306979e-05,0.07436579465866089,0.058112380937451406,1.576219680031966e-05,0.06908482313156128,0.05456985030618925,1.3659832550703572e-05,0.06494955718517303,0.051783354450312874,1.2340533110453637e-05,0.061399661004543304,0.04953146932853593,1.1564579918373425e-05,0.05842417851090431,0.04775381466699025,1.1084941341250587e-05,0.05604422837495804,0.046349036492525586,1.0693948596042862e-05,0.05410971865057945,0.04519201294770316,1.0247509590444863e-05,0.052571557462215424,0.0441904031331577,9.698580291118947e-06,0.05140365660190582,0.04330714354439387,9.111106535434957e-06,0.050509750843048096,0.04254035072194205,8.600091505223636e-06,0.0497746504843235,0.04189367852513752,8.249342515632393e-06,0.04913490265607834,0.04136053165273061,8.073247974158176e-06,0.04858608916401863
785,19,self_attn_after_gate,Vertical,1,0.12027014709181255,0.0033755829055768694,0.444023072719574,0.09126256619180952,1.7634732536444133e-05,0.09969010949134827,0.08790164393565011,1.6559787161018447e-05,0.09833776950836182,0.08623567329985755,1.6417683158941474e-05,0.0964190810918808,0.08475034790379661,1.5413469638196963e-05,0.09447754919528961,0.08361492424257218,1.4584171250550287e-05,0.09193901717662811,0.08255944058062538,1.4865395613360697e-05,0.09102972596883774,0.08180145221570181,1.5939609740711048e-05,0.09007276594638824,0.08119162101121176,1.6709967771540642e-05,0.0896550863981247,0.08052113652229309,1.652683006384565e-05,0.089168481528759,0.08000407746386906,1.6972775510725535e-05,0.08861315250396729,0.07948073378157994,1.7240232001568907e-05,0.08914594352245331,0.0789083597205934,1.6987359221560333e-05,0.08887897431850433,0.07843122938795695,1.7014464008433706e-05,0.08798036724328995,0.07806323031111369,1.7447230715679845e-05,0.08725303411483765,0.07776029514414924,1.7867397630871873e-05,0.08679036051034927,0.07750185992982653,1.8215803523196884e-05,0.08663310110569,0.0772724278152935,1.852333817845859e-05,0.08641400933265686,0.07704983486069573,1.8716096618954992e-05,0.0859171599149704,0.07681708948479758,1.881639663331778e-05,0.0856502577662468
785,19,self_attn_after_gate,Horizontal,1,0.1681690411198707,0.036349495986303056,1.4363248348236084,0.0941966481152035,2.7619993752286078e-06,0.0997488796710968,0.09245349951679745,1.1689477283178655e-06,0.09652470052242279,0.09152898015010924,9.464443275089317e-07,0.09466306865215302,0.0908414146729878,9.255968296534187e-07,0.09351758658885956,0.09037522995282733,9.485907188280283e-07,0.09302400797605515,0.09002516430521769,9.076001633640452e-07,0.09305941313505173,0.08971273567941454,7.52686685119998e-07,0.09289546310901642,0.08938008546829224,6.022621209117364e-07,0.0920313149690628,0.0891173906506054,5.703312316609457e-07,0.09139075875282288,0.08891560421103523,5.500010763253661e-07,0.09092669934034348,0.08875008140291486,5.550304975434849e-07,0.09060574322938919,0.08862147255549355,6.151122266242814e-07,0.09031586349010468,0.08848290925934202,7.181537436888109e-07,0.0907202959060669,0.08830106199260741,7.23849466264709e-07,0.09061964601278305,0.08813284834225972,6.484429449460724e-07,0.09019891917705536,0.08799571224621364,5.693053223441516e-07,0.08968501538038254,0.08785743550175712,5.639659083850574e-07,0.08968190848827362,0.08772958070039749,6.003526219700546e-07,0.08979453146457672,0.0876264479898271,6.001559948880911e-07,0.08976802229881287
785,19,self_attn_after_gate,Gaussian,1,0.11152767307228512,0.007965067258891569,0.6319840550422668,0.06725491949963192,9.538322243059907e-06,0.07537250965833664,0.06428973962153707,9.246250405206816e-06,0.07115480303764343,0.0620803903374407,9.118251981041218e-06,0.06779087334871292,0.06049994840508416,8.457850914896694e-06,0.06635875999927521,0.05941395029898674,8.384710832287915e-06,0.06510362774133682,0.05851578747942334,8.142186819119357e-06,0.06562034785747528,0.05766031246573206,7.587643046065598e-06,0.0649089366197586,0.05701273259898973,7.707723605086216e-06,0.06381295621395111,0.05648165846627856,7.839508668473954e-06,0.06221693381667137,0.05607801947801832,7.668296376049372e-06,0.06173364445567131,0.05576762078063829,7.721680826874557e-06,0.0621165931224823,0.05541406897088838,7.909442497547586e-06,0.06289277970790863,0.055014017259790784,7.703115413527435e-06,0.06261968612670898,0.05471107280916638,7.384365479979421e-06,0.061628520488739014,0.05447303657493894,7.062629345034839e-06,0.06043211743235588,0.054207602249724526,6.724664386239741e-06,0.05950247496366501,0.05394373579867302,6.552557920283585e-06,0.05908838286995888,0.0537474069093901,6.567470550112117e-06,0.05885237455368042,0.05358923599123955,6.647244495608781e-06,0.058561671525239944
785,19,cross_attn,Vertical,1,0.2480541260706054,0.16979004652956342,3.0031895637512207,0.08913004067209032,2.0956869225132056e-07,0.09102463722229004,0.08889810800079316,3.4189390670071566e-08,0.08946629613637924,0.08885468672665339,2.552111763462207e-08,0.0893738716840744,0.08883122851451238,2.0883492809821808e-08,0.08932651579380035,0.0888199754177578,1.755511474395561e-08,0.08927327394485474,0.08881141588328377,1.604811085048248e-08,0.0892469584941864,0.08880582794783608,1.5321993541345375e-08,0.08923951536417007,0.0888022208024585,1.4778079253838e-08,0.08923181891441345,0.08879635613116008,1.4569435623624344e-08,0.08923354744911194,0.08879323906841732,1.4503496366602315e-08,0.0892360657453537,0.08879176385345913,1.4567142326357023e-08,0.08924710005521774,0.088791476592185,1.4302568573875809e-08,0.08925560861825943,0.08879186331279694,1.3594074006167263e-08,0.08924421668052673,0.0887919275297059,1.3078547173723922e-08,0.08924169838428497,0.08879270061614021,1.3314562794141515e-08,0.08927500993013382,0.08879530950198097,1.3496895702718173e-08,0.08929521590471268,0.08879507948008794,1.3374356011633935e-08,0.08926711976528168,0.08879684101021479,1.3561307269333558e-08,0.08923903107643127,0.08880096200912718,1.334943208938143e-08,0.08918662369251251
785,19,cross_attn,Horizontal,1,0.5226552366973862,1.3147167368707293,8.092068672180176,0.09014848584220522,2.1256959321601865e-06,0.0964394062757492,0.0893572172711766,4.4346955149690674e-07,0.0931396335363388,0.08919221694980349,2.8271504309299003e-07,0.09216426312923431,0.08906749671413786,1.831739160799848e-07,0.09138412773609161,0.08898190941129412,1.2439847234575786e-07,0.09080582857131958,0.08892736986042961,9.010847996300886e-08,0.09040015935897827,0.08889655816176581,7.022036023176424e-08,0.09012831747531891,0.08887842829738345,5.658618008102208e-08,0.08995261788368225,0.08886293641158513,4.6494997488280404e-08,0.08982519805431366,0.0888503332223211,4.101017900201721e-08,0.08973804861307144,0.08884287459982766,3.7809713956630696e-08,0.08973222970962524,0.08883750261295409,3.5245790959032795e-08,0.0897168517112732,0.08883272915605515,3.302377834736001e-08,0.08969549834728241,0.08882861998346117,3.128948125601837e-08,0.08968161791563034,0.08882536431626668,2.9799381848586667e-08,0.0896700993180275,0.0888226448543488,2.8376044502894326e-08,0.08965598046779633,0.08882038366226923,2.7041678206564745e-08,0.08964234590530396,0.0888192265752762,2.5799953560080576e-08,0.0896291583776474,0.08881906301729263,2.4265932919491344e-08,0.08960650116205215
785,19,cross_attn,Gaussian,1,0.38933895492837545,0.719810376089679,6.054952621459961,0.06781332703336837,9.811387403597084e-07,0.07279638946056366,0.06731019819539691,7.779669666762087e-08,0.06868945062160492,0.06725278520394885,6.965836679425479e-08,0.06860241293907166,0.06721055105565087,6.31013139356508e-08,0.06851840764284134,0.06718217368636813,5.809028057596916e-08,0.06845146417617798,0.06716614370308226,5.426732170362649e-08,0.06839217245578766,0.06715418587601374,4.933093968585425e-08,0.06830459833145142,0.0671435719917691,4.6791296981353957e-08,0.06823799014091492,0.06713899154038656,4.53354332676233e-08,0.06820006668567657,0.06713792847262488,4.3577661890722135e-08,0.06817113608121872,0.06713908059256417,4.223907635978947e-08,0.06816120445728302,0.06714352823439099,4.0612602196324655e-08,0.06816262006759644,0.0671452223545029,3.75659735238777e-08,0.0681345984339714,0.0671359615193473,3.4391949786188335e-08,0.06805451959371567,0.06712272124631065,3.285612350418683e-08,0.06798790395259857,0.06711456427971522,3.2300675517010135e-08,0.06795208156108856,0.0671090144250128,3.173307061879113e-08,0.0679236426949501,0.06710409609571336,3.0906294408770404e-08,0.06790073215961456,0.06710040746700197,3.0010155092382186e-08,0.06788042932748795
785,19,mix_ffn_after_gate,Vertical,1,0.5339884851423521,0.9143813142500811,5.725425720214844,0.10256329580904945,7.74325742097983e-05,0.12546604871749878,0.08618275005192984,2.005693406061957e-05,0.09545519202947617,0.07832892877714974,1.1248339151659625e-05,0.0855582058429718,0.07386855911167842,8.999476952719728e-06,0.0810207650065422,0.07123717843067079,8.579932163635639e-06,0.07847832143306732,0.069589254401979,8.761397135835542e-06,0.07701955735683441,0.06844767301328598,9.134139974743504e-06,0.07609674334526062,0.06757140620833352,9.550231793904195e-06,0.07542122900485992,0.06684888952544757,9.964128869536546e-06,0.0748753696680069,0.06622896130595889,1.0362061222741568e-05,0.07440628111362457,0.06568582326410309,1.0743880934404044e-05,0.07398685812950134,0.06520344583051545,1.1115107631843475e-05,0.07360630482435226,0.06477180584555581,1.1472161979147808e-05,0.07325815409421921,0.06438742365155901,1.1800480624511048e-05,0.07293501496315002,0.06404901745300444,1.2085109946747407e-05,0.07263168692588806,0.0637521172563235,1.2318686422893531e-05,0.07234890013933182,0.06348971283388516,1.2518762639389853e-05,0.07210198044776917,0.06325272358362637,1.2749502171215553e-05,0.07192939519882202,0.06303103285885993,1.310465622076718e-05,0.07187691330909729
785,19,mix_ffn_after_gate,Horizontal,1,0.21714838889856186,0.0775121744377455,1.9983580112457275,0.09118735636510546,2.186026818907053e-05,0.10164780169725418,0.08161826987588217,4.1634152058138265e-06,0.08616875112056732,0.07768095994279497,1.8982553726648647e-06,0.08062925934791565,0.07583777464571453,1.5997573128808605e-06,0.07863681018352509,0.07482524594617268,1.5626138159360528e-06,0.07796537131071091,0.07415705327949827,1.5468477632245161e-06,0.07746335864067078,0.07365396536058849,1.5326417000379558e-06,0.07706785947084427,0.07324172189784428,1.5170075638631542e-06,0.0767367035150528,0.07288649311614415,1.5033797454091978e-06,0.07642948627471924,0.07257545987764995,1.4954512255564247e-06,0.07614614814519882,0.07229806175307622,1.4901142178064615e-06,0.07588846236467361,0.07204449602535792,1.4895292813898377e-06,0.07566390931606293,0.07180797592515037,1.4960392606169787e-06,0.07546791434288025,0.07158699016722422,1.506004822099023e-06,0.07527780532836914,0.0713823205894894,1.5165637041614947e-06,0.07509306073188782,0.0711926023165385,1.5275466989060074e-06,0.0749155730009079,0.07101582830387448,1.5388561460581371e-06,0.07474629580974579,0.07085025014858397,1.549815631218879e-06,0.07459008693695068,0.07069492257303661,1.5609063728941392e-06,0.07445099949836731
785,19,mix_ffn_after_gate,Gaussian,1,0.12437653210428026,0.014152519921010985,0.8852313756942749,0.05835539806220266,9.264465516863653e-06,0.0654342770576477,0.05415327090119559,4.892071521351165e-06,0.059374965727329254,0.052112162527110845,4.178940790014026e-06,0.05713414028286934,0.05080167145010025,4.005293028998029e-06,0.05595885217189789,0.04978342454821345,4.322711060219339e-06,0.056332264095544815,0.04905025885691718,4.7251102451311195e-06,0.056703582406044006,0.048494410301957815,4.92993419694865e-06,0.05652082711458206,0.04802327626754367,5.0290814892935206e-06,0.05589717626571655,0.04764556595020824,5.168020526955393e-06,0.05536378547549248,0.04732421915682535,5.3437416234270055e-06,0.054776519536972046,0.04702572879337129,5.517350756784774e-06,0.05432513356208801,0.04675822285196138,5.589996730986612e-06,0.054149143397808075,0.046533091732906914,5.63065232222459e-06,0.054116807878017426,0.04634142767578837,5.675849300733407e-06,0.05412983149290085,0.04617465293360135,5.723959269406877e-06,0.05412055924534798,0.04603227517671055,5.773309884086763e-06,0.05405375361442566,0.045914477713051294,5.8052961663799154e-06,0.05391432344913483,0.0458120410995824,5.789848357703561e-06,0.053639136254787445,0.04570787340875656,5.7359860482710014e-06,0.05323411151766777
749,18,self_attn_after_gate,Vertical,1,0.28246961699591744,0.018985933005669323,0.8760383129119873,0.14027556031942368,0.00038921423302689073,0.19283336400985718,0.11037142953229329,0.00014734236460937957,0.1478961855173111,0.09789698381745626,0.00011806243485450235,0.12496378272771835,0.09103377423589191,0.00011638764081623807,0.11777149885892868,0.08633161288878274,0.00010552501647739203,0.11233625560998917,0.08303856743233544,9.413931717844388e-05,0.10728536546230316,0.08046717575145146,8.428189730386413e-05,0.10323501378297806,0.078329660707996,7.643215024049165e-05,0.09942196309566498,0.0765198991293945,7.039503784828205e-05,0.09586219489574432,0.07496506194510157,6.574112584342293e-05,0.09266115725040436,0.07361011579632759,6.2154130809743e-05,0.0908217579126358,0.07241739705204964,5.9435825193863954e-05,0.08952696621417999,0.07136197808006453,5.744706710559527e-05,0.08830977976322174,0.07042611449483842,5.60625976749903e-05,0.0871688649058342,0.06959459670479336,5.515063181888438e-05,0.08610164374113083,0.06885179102657334,5.4569787587042356e-05,0.0852251797914505,0.068180898470538,5.417866802146162e-05,0.08517850935459137,0.06756492367102987,5.385114504437347e-05,0.08513455092906952,0.06698814442469961,5.348904758351463e-05,0.08505665510892868
749,18,self_attn_after_gate,Horizontal,1,0.644115023433216,0.6507001392894619,5.858606815338135,0.2063485752968561,0.0014460561817243528,0.34855708479881287,0.15945606619592698,0.000484838401519238,0.25748690962791443,0.13939156560670762,0.0002252289121887215,0.1974499523639679,0.12733016600684513,0.00012796912830189607,0.1625719964504242,0.1199487079940145,9.207137756545444e-05,0.149763286113739,0.1144860949781206,6.891588388489616e-05,0.13999927043914795,0.10964041475265746,4.7384080941046684e-05,0.12811537086963654,0.1058253404640016,3.398010029644572e-05,0.12061284482479095,0.10304339336497444,2.6268069327297104e-05,0.11721502244472504,0.10090070466200511,2.1049091716733476e-05,0.11388536542654037,0.09917890481532567,1.7255053216204267e-05,0.11105059087276459,0.09777906253224328,1.4406948613071885e-05,0.10875251889228821,0.09662571005404942,1.2149426751448575e-05,0.10657864809036255,0.09564412101393654,1.0246740157372126e-05,0.10461923480033875,0.0947803014091083,8.650194984445387e-06,0.10297319293022156,0.09401815053489473,7.3824638698321465e-06,0.10201245546340942,0.09335205916847501,6.385852357531277e-06,0.10124269872903824,0.09276510857873493,5.605125211895959e-06,0.10049048811197281,0.09224118517031746,5.018129223027951e-06,0.09963394701480865
749,18,self_attn_after_gate,Gaussian,1,0.43478829756615656,0.1928579998678106,3.041537284851074,0.14344183485659343,0.0009632409499959101,0.2496025711297989,0.10651438872492502,0.0002374812561733044,0.1586606502532959,0.08888533545864953,0.00011585682917106212,0.12204699218273163,0.0795693848104704,7.631710644844992e-05,0.10498980432748795,0.07378117746067425,5.069911786514351e-05,0.0921412855386734,0.06960925678648645,3.867483843480952e-05,0.08303145319223404,0.06625052145312703,3.2329499393844374e-05,0.07695988565683365,0.06341913401607484,2.6950752004294482e-05,0.07314544916152954,0.06110860998668368,2.2864872294218045e-05,0.0710848718881607,0.059095836880188136,2.000089823724239e-05,0.06903307139873505,0.057237416919734746,1.7579479828825685e-05,0.06590598076581955,0.055618798685452296,1.5318368734536182e-05,0.06310250610113144,0.05426440512140592,1.351216714452036e-05,0.06124722585082054,0.05311270885997348,1.2107943946617455e-05,0.05981655418872833,0.052111259883358366,1.095831322133159e-05,0.05854727327823639,0.05123244137281463,1.0032058014198464e-05,0.05728646367788315,0.050463797849795176,9.351085888008217e-06,0.056099601089954376,0.04979172218886633,8.917432536624135e-06,0.05515504628419876,0.0492063607015307,8.665924607542274e-06,0.05454712733626366
749,18,cross_attn,Vertical,1,0.3823859097938689,0.13553576172412093,2.7307472229003906,0.162319349509383,0.0009819622464359357,0.2662734091281891,0.13854948253858657,0.00043424200840324234,0.1987733542919159,0.12625513982678216,0.00021468036698891603,0.16646556556224823,0.11834853627378979,0.00012664776450756952,0.15359662473201752,0.11284414264890882,8.147796873962516e-05,0.14339709281921387,0.10878108808445552,5.5377299046935335e-05,0.13539159297943115,0.10571042046187416,3.903584412491196e-05,0.1286841183900833,0.10328769411832567,2.7617227475519615e-05,0.12278114259243011,0.10144229789101888,2.0240666797838525e-05,0.1183381900191307,0.10006653978711083,1.5137483673638219e-05,0.11471724510192871,0.09894488444403997,1.1566460179334802e-05,0.1116924062371254,0.09796583782585841,9.367182296127983e-06,0.10935193300247192,0.09715834295465833,7.911975225341931e-06,0.10737908631563187,0.09642270976115787,6.670085956302492e-06,0.10562899708747864,0.0956784122520023,5.564954917873595e-06,0.104306161403656,0.09500579855271749,4.84724217836158e-06,0.10350055247545242,0.09447255032876181,4.44043046185791e-06,0.10303965210914612,0.09404978759232022,4.172720837766468e-06,0.10268373787403107,0.093698175180526,3.956848592505381e-06,0.10222656279802322
749,18,cross_attn,Horizontal,1,0.32356869654049947,0.043919849395021256,1.1482534408569336,0.16658386931059851,0.0010290043374159249,0.3011968731880188,0.13663749822548457,0.0002619304294280051,0.19875851273536682,0.12459193063633782,0.00013183190013194075,0.16503694653511047,0.11824894353510841,8.50731717895795e-05,0.15170812606811523,0.11387114770828731,6.910697810666437e-05,0.1459607034921646,0.10996930419452607,5.242973896060845e-05,0.1412084847688675,0.10649228308882032,3.511457218133581e-05,0.13379037380218506,0.10368863930777898,2.3068605558371747e-05,0.1258617341518402,0.10151527396270207,1.6131457660886993e-05,0.11905597150325775,0.09968586833704085,1.1462542500405646e-05,0.11289799958467484,0.09809487644169065,7.785516357633516e-06,0.10680966079235077,0.09685902947944308,5.602273448676e-06,0.10450398921966553,0.09593944464411054,4.495468235069062e-06,0.10288894176483154,0.0952290671448859,3.872241208796269e-06,0.10163998603820801,0.09466508846907389,3.4651619477145494e-06,0.1007251888513565,0.09420285846978899,3.105678739692567e-06,0.1000477597117424,0.09379601194745019,2.7157632331755237e-06,0.09945342689752579,0.09342054254005826,2.4391579532470106e-06,0.0989174023270607,0.0930885270474449,2.309245954401699e-06,0.09848098456859589
749,18,cross_attn,Gaussian,1,0.8534826456554352,2.364373141411306,10.713540077209473,0.16847764168466842,0.0019321903870178775,0.3102104663848877,0.13601619667477077,0.0007933386515604008,0.22195468842983246,0.11920382484557136,0.0004237345558878515,0.17656724154949188,0.10774815472818557,0.00024374833183276516,0.14880989491939545,0.09950223943543812,0.00014625419848230968,0.12969058752059937,0.09341931354904932,8.892043674301328e-05,0.11533956229686737,0.08884710877660722,5.4761480842978125e-05,0.10752511024475098,0.08531815487714041,3.4505438092630826e-05,0.10116232931613922,0.08251049180352499,2.263185254044077e-05,0.09645342826843262,0.08027291250607324,1.6065540587923258e-05,0.09286929666996002,0.07854837616757741,1.2464270882635295e-05,0.08984827250242233,0.0772084468413913,1.0433217265381913e-05,0.08723210543394089,0.07612456889852645,9.234327545835764e-06,0.08497390896081924,0.0751917836448503,8.272782325644479e-06,0.08300520479679108,0.07434140524220845,7.260519115749396e-06,0.08154073357582092,0.07357688886778695,6.426488504563121e-06,0.08066923171281815,0.07291153037831896,5.940956486671619e-06,0.0800437405705452,0.07231437805153075,5.710599368061143e-06,0.07951215654611588,0.07174596722636904,5.527471465919852e-06,0.07881809771060944
749,18,mix_ffn_after_gate,Vertical,1,0.49081570761544363,0.060415389291192924,1.2036187648773193,0.18257812233198256,0.000945274842151205,0.24544671177864075,0.11842206688154311,0.00016827871422345556,0.1499364972114563,0.09126961822547609,6.358569153066638e-05,0.11192046850919724,0.07679962999527416,3.580398629399961e-05,0.09296880662441254,0.06800980676734258,2.6210547290195966e-05,0.08174058794975281,0.061993823105853704,2.2389757524636815e-05,0.07360351830720901,0.05757840799670371,2.0110179897412724e-05,0.06782015413045883,0.0543336087157802,1.874749620442339e-05,0.063788503408432,0.05186629041083275,1.7992791403094845e-05,0.060622915625572205,0.049937122457084204,1.744912141714965e-05,0.05885469913482666,0.04839873538603858,1.6988518069087396e-05,0.057185620069503784,0.047156877165275904,1.668694497833028e-05,0.05569388344883919,0.04613241364085485,1.6484256882505542e-05,0.054396238178014755,0.045258923714596125,1.633274574064129e-05,0.05333415046334267,0.044506474028504085,1.6240863581774762e-05,0.05250798538327217,0.04386495597778805,1.6201750495292898e-05,0.05184594541788101,0.0433191643466079,1.6185594305344617e-05,0.05128185823559761,0.04285145545053103,1.6173258529408252e-05,0.05078091472387314,0.04244670532052479,1.6162396582540796e-05,0.050330765545368195
749,18,mix_ffn_after_gate,Horizontal,1,0.5279356193920922,0.0643673304419643,1.2210018634796143,0.20188153026595948,0.0011434413460449182,0.26899880170822144,0.13212713776599794,0.00020156587608729273,0.1606711745262146,0.10181946271941775,6.61346257978771e-05,0.11742617934942245,0.08569642522978405,3.1066803968710836e-05,0.09676164388656616,0.07606676481072865,1.9460834163307737e-05,0.08470963686704636,0.06981681890430905,1.4986554406396102e-05,0.07718111574649811,0.06556063210443845,1.2275531939594327e-05,0.07258877158164978,0.06249342326607023,1.0640241597256655e-05,0.0691075250506401,0.06014504922287805,9.861595686924476e-06,0.06662436574697495,0.05839151031677685,9.25759959770879e-06,0.0647951290011406,0.056999009812162035,8.781171521907315e-06,0.06338122487068176,0.055806226850975124,8.46919497944144e-06,0.06237015873193741,0.054750805572857934,8.302778047789856e-06,0.061529986560344696,0.053822953963563555,8.240976500636647e-06,0.06075335294008255,0.05304050924522536,8.22959781104273e-06,0.0599907711148262,0.05240726583297291,8.217233690215563e-06,0.059234619140625,0.05188516267235317,8.193904795722126e-06,0.05845120549201965,0.05142764664358563,8.178604181220462e-06,0.05766059085726738,0.05100832181790518,8.183840711072632e-06,0.05694473162293434
749,18,mix_ffn_after_gate,Gaussian,1,0.7216021882163154,0.13172170022740104,1.789994478225708,0.2468420889169451,0.002014450314560857,0.35333478450775146,0.15290266488279616,0.000303591602334043,0.1963464915752411,0.11290896364620753,0.00010043097385469799,0.14002490043640137,0.09088585750451164,4.8821611332215724e-05,0.10946755111217499,0.07718700194169605,2.9454326044401485e-05,0.09162194281816483,0.06804834791119137,2.0670553365347184e-05,0.0805753841996193,0.06167884005440606,1.6169853508367685e-05,0.07316029071807861,0.05709179124188802,1.3611013788235115e-05,0.0678025633096695,0.05368361876360954,1.21134932784362e-05,0.06381450593471527,0.05109710719377276,1.1292572303111127e-05,0.06066177040338516,0.049058609716002906,1.0904350126426913e-05,0.05800807476043701,0.04737156919307179,1.0591842679411728e-05,0.05579538270831108,0.04595999520212885,1.012614061891615e-05,0.054002657532691956,0.044815589688600055,9.663337849054858e-06,0.05253405496478081,0.04390348239787041,9.305646023778944e-06,0.05131711810827255,0.04315936210609618,9.01338840057728e-06,0.05032825469970703,0.04251977712625549,8.726866653728283e-06,0.04955650866031647,0.041944960693991375,8.402077017983278e-06,0.04895178973674774,0.04142688794268502,8.055655106782853e-06,0.04842967167496681
749,19,self_attn_after_gate,Vertical,1,0.33347824759899625,0.35803240428101035,4.22446346282959,0.10215684676927234,2.8614625621210017e-05,0.11920658499002457,0.09748276051074739,2.3556506363657425e-05,0.11545459926128387,0.09395918403826063,2.1894742051373264e-05,0.11270641535520554,0.09126531131683834,2.012089977713942e-05,0.10974837839603424,0.08920392737029091,1.8092146055331958e-05,0.10664629936218262,0.08762586412448732,1.6625890967740843e-05,0.10380702465772629,0.08635969696536897,1.556179108274301e-05,0.10120443254709244,0.08530262562017592,1.4751659593430005e-05,0.09901154786348343,0.0844237550146996,1.4130306304371199e-05,0.09709274023771286,0.08367820923763608,1.3729807488471378e-05,0.09532681107521057,0.08301108898151488,1.3443497164685568e-05,0.09375092387199402,0.08240140276768851,1.327752362295895e-05,0.0924449935555458,0.08188707062176295,1.3395553173920446e-05,0.0915149450302124,0.08147445250125158,1.374107227203803e-05,0.09096070379018784,0.08111904608824896,1.408859463915984e-05,0.09058195352554321,0.08075823918694541,1.4190404901987818e-05,0.090018630027771,0.08035280661923545,1.4201027077556275e-05,0.089130699634552,0.079943666737231,1.4437752131092848e-05,0.08835071325302124,0.07958625883810104,1.4776293491224046e-05,0.08831484615802765
749,19,self_attn_after_gate,Horizontal,1,0.14095919330914816,0.005504791068418796,0.48392605781555176,0.09824230829401621,7.844963708345523e-06,0.10529109835624695,0.0952748048400122,4.1655552494151285e-06,0.10172660648822784,0.09372872267923658,3.30826446061587e-06,0.10013135522603989,0.09243445204836982,2.49571239277862e-06,0.09748516976833344,0.09161762857720965,1.7051981550063807e-06,0.09540010988712311,0.09102979858243276,1.5333979709618958e-06,0.09452375769615173,0.09065007796836277,1.6023982500887861e-06,0.09520916640758514,0.09044465919335683,1.6434679786946228e-06,0.09526509046554565,0.09030337454307646,1.618731964053647e-06,0.09423109889030457,0.08995255981645887,1.4199655385170023e-06,0.09337551146745682,0.08940161256090043,1.0382241947215056e-06,0.09204762428998947,0.08888279421935005,7.376599935391079e-07,0.09106936305761337,0.08853092281118272,6.227900163231623e-07,0.09061164408922195,0.08827008153237993,5.542564779767555e-07,0.09034675359725952,0.08805834679376512,5.11841263002536e-07,0.09011195600032806,0.08788902383475077,4.902388843794027e-07,0.08989982306957245,0.08773969634184761,4.800425571575639e-07,0.0897212028503418,0.08760197626219855,4.836620788219799e-07,0.08954667299985886,0.08748239113224877,4.973937218650742e-07,0.08937917649745941
749,19,self_attn_after_gate,Gaussian,1,0.14066283333869206,0.02162967709969792,1.0908229351043701,0.0702389067127591,1.9255200504774118e-05,0.08525943756103516,0.06517820208082123,1.3659719699916827e-05,0.07742279767990112,0.06316787122734009,1.2608044023489734e-05,0.07391411066055298,0.061747415434746517,1.2296613782741138e-05,0.07237443327903748,0.06050953931278653,1.0948532298854702e-05,0.06971115618944168,0.05958341304508467,1.0126734859227842e-05,0.06749370694160461,0.05880585389714393,9.592129376415362e-06,0.0659538060426712,0.058198245153540655,9.377733779061706e-06,0.06486644595861435,0.057704053227863615,9.26769082289256e-06,0.06421074271202087,0.057294437750464396,9.19385600816017e-06,0.06363896280527115,0.056989966640396725,9.201372708769104e-06,0.06277619302272797,0.056724919331452205,9.026233864043653e-06,0.06280986964702606,0.056441059838684776,8.885303955013332e-06,0.062034543603658676,0.056213032749910206,9.043224157630444e-06,0.06131696701049805,0.056025178955187875,9.126894347278212e-06,0.06207101047039032,0.05580361666423934,8.71897912357753e-06,0.06249450147151947,0.055530858654824516,8.066608022261556e-06,0.06218961998820305,0.05524633611951556,7.622754017187965e-06,0.06185559928417206,0.054999492530311854,7.44151613892079e-06,0.061250314116477966
749,19,cross_attn,Vertical,1,0.21344900332272998,0.10149927031582294,2.320207118988037,0.08949680791960822,3.001815854166145e-07,0.09143998473882675,0.08911728929905664,1.2719396801013984e-07,0.0905475914478302,0.0890303383034373,9.186332348109244e-08,0.09021268784999847,0.08899421185728103,7.565519353196914e-08,0.09013751894235611,0.08897631071389668,6.604293715117721e-08,0.09006573259830475,0.08896392501062816,5.853645280332118e-08,0.08999361097812653,0.08895141111006813,5.23193853666608e-08,0.08992716670036316,0.08893819318877326,4.71010547715285e-08,0.08987249433994293,0.08892685683473708,4.17398127063862e-08,0.08980534225702286,0.08891558375150438,3.641993039301417e-08,0.08972347527742386,0.08890474930642144,3.138858297059129e-08,0.0896407812833786,0.08889155799434298,2.7270884482594748e-08,0.08956950902938843,0.08887963363575557,2.4104271980299962e-08,0.08951316773891449,0.08886878405298505,2.0753189023416432e-08,0.08944790065288544,0.08885749595032798,1.769483532792862e-08,0.08938147872686386,0.08884796488379675,1.539802960356554e-08,0.08933225274085999,0.08884142540276997,1.3611220382197024e-08,0.08930449932813644,0.08883543501770685,1.162545356976961e-08,0.08926267176866531,0.08883136924770144,9.601000792941332e-09,0.08919210731983185
749,19,cross_attn,Horizontal,1,0.22175958847242688,0.11646727891130512,2.4889049530029297,0.08944716765767052,3.9746217129436e-07,0.09143844246864319,0.08901050178304551,9.411931828937449e-08,0.09005461633205414,0.0889004377855195,4.244945287773694e-08,0.08955658227205276,0.08886259451271995,2.9357465565813812e-08,0.08945029973983765,0.08885526574320263,2.540229934532538e-08,0.08941804617643356,0.08885389069716136,2.3393077991461916e-08,0.08940371870994568,0.08885231188365392,2.1397885006585877e-08,0.0893823653459549,0.08884459189952366,2.0530167111680572e-08,0.08939462155103683,0.08884082923805903,2.0493518027140762e-08,0.08941721171140671,0.08883688480608047,2.0196692371795093e-08,0.08941365033388138,0.08883515769054019,2.0167980354484492e-08,0.08943220973014832,0.08883677375695062,2.0702668142189174e-08,0.08946697413921356,0.08884070695392669,2.119276206236854e-08,0.08946792781352997,0.08884657292612015,2.088103748147614e-08,0.0894431471824646,0.08885065951044598,1.715308519942191e-08,0.08936050534248352,0.08884918086585544,1.4630155247516637e-08,0.08929945528507233,0.08885128051042557,1.433232974629426e-08,0.08927077800035477,0.08884187291065852,1.387943813848023e-08,0.089255690574646,0.08883097980703626,1.3253977378450455e-08,0.08925403654575348
749,19,cross_attn,Gaussian,1,0.1391828383008639,0.032599412910451264,1.2745532989501953,0.06721032221638967,8.564096074097368e-08,0.06817621737718582,0.0671006180937328,4.294244005514664e-08,0.06803285330533981,0.06709058145208964,4.145856342821527e-08,0.06802994757890701,0.06708768755197525,4.102596489866855e-08,0.06802339106798172,0.06708707140078621,4.0056712006673885e-08,0.06796012818813324,0.06708536438998722,3.8166367316761e-08,0.06795401871204376,0.06708670845107427,3.664750807516898e-08,0.06790991127490997,0.06708005803918081,3.3177364667724453e-08,0.0678541511297226,0.06706978830080183,3.2151351345886226e-08,0.06784798204898834,0.06706682509846157,3.175364313485102e-08,0.06785182654857635,0.06706671168406804,3.151148305959403e-08,0.06784522533416748,0.06706540085493572,3.0781361294442075e-08,0.0678594708442688,0.06706414785650042,3.0030871450576325e-08,0.06787556409835815,0.0670642727424228,2.953345300560244e-08,0.06786991655826569,0.06706571129579393,3.177196058193144e-08,0.06793031096458435,0.06706672469301829,3.0542873085417125e-08,0.067909836769104,0.06706036213371488,2.8935872086026232e-08,0.06790101528167725,0.06705886835143679,3.0398715453894925e-08,0.06790896505117416,0.06705520633194181,2.9246327689050514e-08,0.06785720586776733
749,19,mix_ffn_after_gate,Vertical,1,0.12108851247836673,0.0032158095891542783,0.4654187858104706,0.07608578046635976,1.2806603342184338e-05,0.08500542491674423,0.07125259628371587,1.077165263937865e-05,0.07888322323560715,0.06891427715382879,1.2073921788878322e-05,0.07815152406692505,0.06698759988186852,1.2634570600539518e-05,0.07500062882900238,0.06563597012843404,1.3100010748200722e-05,0.07403358817100525,0.06474890553998569,1.3665376494547842e-05,0.07375495880842209,0.06409219871201212,1.3811955024399607e-05,0.07332001626491547,0.06357155178510954,1.3904935723031839e-05,0.07278536260128021,0.06309055773511765,1.4556769227493345e-05,0.07259608805179596,0.06267017859315115,1.5531801012825565e-05,0.07290548086166382,0.06234323629547679,1.645210011019182e-05,0.07345826923847198,0.06206702257669161,1.722913988947737e-05,0.07394048571586609,0.06179739321981158,1.778486591358715e-05,0.07411808520555496,0.06152330581394453,1.8153624734186445e-05,0.07399362325668335,0.06125293116247843,1.8413004086988375e-05,0.07369212061166763,0.06099483684178383,1.8611560848698208e-05,0.07331614196300507,0.060753051191568375,1.877090406327262e-05,0.07292073965072632,0.060528659572203956,1.8901558963796063e-05,0.07253183424472809,0.060321216072355,1.901016056136669e-05,0.0721605122089386
749,19,mix_ffn_after_gate,Horizontal,1,0.3454539790039971,0.22371718577034297,2.9847359657287598,0.09922460454796987,4.5712241935604036e-05,0.11546836793422699,0.0863975960583914,8.114838129547104e-06,0.09274476766586304,0.08122216342460542,3.8311481797069735e-06,0.08536016941070557,0.07861068478179356,2.805751866195966e-06,0.08239185810089111,0.07709398913005042,2.4220875191505934e-06,0.08061309903860092,0.07609021509923632,2.2083342552225617e-06,0.07941505312919617,0.07535245541542296,2.0675938094666328e-06,0.078509621322155,0.07477294074164496,1.9721197892939025e-06,0.07779809832572937,0.07430343590085468,1.9043808551313249e-06,0.07724063843488693,0.07391456443639029,1.8572342292503005e-06,0.07678940147161484,0.07358239165374211,1.8262704417533306e-06,0.07641527056694031,0.0732891597445049,1.8054551805017581e-06,0.07609587907791138,0.07302355801775343,1.788526993010754e-06,0.07580220699310303,0.07278088208228822,1.7736001803586527e-06,0.07552056014537811,0.07255855675727602,1.7613958664905081e-06,0.07525813579559326,0.07235287236315864,1.7514989236724187e-06,0.07505117356777191,0.0721606080021177,1.7432704634435348e-06,0.07487864047288895,0.07197959295340947,1.7363035042943624e-06,0.07471952587366104,0.07180871270478718,1.7309066184416712e-06,0.07457461953163147
749,19,mix_ffn_after_gate,Gaussian,1,0.18975428089736,0.07361783896867558,1.9252805709838867,0.06256421673155967,1.4424845479267126e-05,0.07452432066202164,0.05727198034051865,6.625598306413284e-06,0.06424882262945175,0.05465870427470359,5.59669749786566e-06,0.05969928205013275,0.05290368619182753,5.350606354360322e-06,0.058388061821460724,0.051582393073846426,5.222413503430032e-06,0.0573764406144619,0.05059007868643791,5.152068119068568e-06,0.05673542618751526,0.04985250189663872,5.08552729870915e-06,0.05627906322479248,0.04924857066500755,5.026541067142652e-06,0.05600474774837494,0.04870774709279575,5.05965481979869e-06,0.05593033507466316,0.04825491422698611,5.216367776745127e-06,0.056025438010692596,0.047901723060816054,5.410782200036225e-06,0.056157760322093964,0.047608379865922625,5.5814020860414536e-06,0.056151337921619415,0.047341897965423645,5.706063336688557e-06,0.05589112639427185,0.0470975667593025,5.809011109538629e-06,0.05555043742060661,0.04688748853310706,5.902977153361755e-06,0.05526019260287285,0.04670799582723587,5.9905954888389154e-06,0.054968953132629395,0.046546827824342815,6.073356149276224e-06,0.05465683713555336,0.04639530110926855,6.140122222303361e-06,0.05438769981265068,0.046253534950434216,6.168640429561179e-06,0.05423688888549805
710,18,self_attn_after_gate,Vertical,1,0.250773567055899,0.012930881679197466,0.7816319465637207,0.14418460866288532,0.0003318653059082169,0.1987261027097702,0.11734194627829961,0.00014107057332660676,0.14895284175872803,0.10303769615434465,8.972848498775485e-05,0.12610216438770294,0.09395005814139805,6.832919705376259e-05,0.11305305361747742,0.08790336052576701,6.0663185981674104e-05,0.10457608103752136,0.08349969379958652,5.7733027498628196e-05,0.09972319006919861,0.07989405663240523,5.529128691828105e-05,0.09564799070358276,0.0772806044135775,5.291597818208e-05,0.09190640598535538,0.07544702173225463,5.31356791438425e-05,0.08927427232265472,0.07391485217071715,5.490747167508056e-05,0.08864374458789825,0.07245338814599174,5.602405270854779e-05,0.08806902170181274,0.07110144150635553,5.607533893188035e-05,0.08721734583377838,0.0699085027334236,5.558154788854651e-05,0.08616870641708374,0.06886022804038865,5.4799842583945054e-05,0.08503051847219467,0.06793228424494228,5.3943345169664594e-05,0.08390429615974426,0.06712178921415693,5.3373371743855885e-05,0.08313428610563278,0.06642652734641045,5.3301629752482485e-05,0.08286938816308975,0.06582475412223074,5.364569756588725e-05,0.08268099278211594,0.06528483674166695,5.417884828503006e-05,0.08245529234409332
710,18,self_attn_after_gate,Horizontal,1,0.274693810277515,0.014557083282927923,0.7992674112319946,0.1479135855795845,0.0002128272115137247,0.18057242035865784,0.12514979392290115,8.746070683100507e-05,0.145673930644989,0.11496164862598691,6.00756429233157e-05,0.13366812467575073,0.10886279564528238,3.81894171905935e-05,0.12422551959753036,0.10498404289994921,2.756876401903032e-05,0.11883705109357834,0.10196593297379357,1.942577534071614e-05,0.11211074143648148,0.09976390051463294,1.4735950863621592e-05,0.1078452616930008,0.09805501335197025,1.1464689982076791e-05,0.10536181926727295,0.0965778228072893,9.22353440703085e-06,0.10383830964565277,0.09530343848561483,7.715669666669395e-06,0.10182853043079376,0.0942963015228983,6.70242185767558e-06,0.10056157410144806,0.09351176508362331,6.053965953647729e-06,0.10012621432542801,0.09283735745009922,5.4972498250341145e-06,0.09956128895282745,0.09221949416493612,4.904192569157714e-06,0.09867753088474274,0.09168430630649839,4.458028696691234e-06,0.09785354137420654,0.09122281001200752,4.164970058215274e-06,0.0973023995757103,0.09080575394725042,3.881762075687486e-06,0.09673159569501877,0.09042299302324416,3.5309678507783168e-06,0.09589415043592453,0.09008327351203041,3.172806138873845e-06,0.09489627927541733
710,18,self_attn_after_gate,Gaussian,1,0.3363888379600313,0.06659210125277518,1.8751825094223022,0.13338371520004574,0.0005700029561638185,0.19608831405639648,0.10061040094920568,0.00021469978391996006,0.1480400264263153,0.08534967792885644,0.00012459597500571684,0.11125367134809494,0.07498723753387966,7.524043945069327e-05,0.09530207514762878,0.06897768650263075,5.3594993683608435e-05,0.08704738318920135,0.06512893003130717,4.3224230799514386e-05,0.08438558131456375,0.062375506947910976,3.535108715859527e-05,0.07973767817020416,0.06044094571991572,3.231256210531925e-05,0.07922784984111786,0.058983733788842245,3.252835405847287e-05,0.0792880728840828,0.05766040896849027,3.1783857074465826e-05,0.07815884053707123,0.05638014501522458,2.884843365806638e-05,0.07565026730298996,0.055219090174114895,2.5339693459156454e-05,0.07271261513233185,0.05421138046279786,2.2121750639369748e-05,0.06979978084564209,0.05334450771647786,1.9342523383021004e-05,0.06705005466938019,0.05258451301663641,1.6933618949170947e-05,0.06454097479581833,0.05189885559772688,1.4858581861108973e-05,0.06235755980014801,0.05127481276553775,1.3144632807970682e-05,0.06053671985864639,0.05071454997810106,1.1802463076702626e-05,0.05903252214193344,0.05022015718240586,1.0798432257317009e-05,0.057754650712013245
710,18,cross_attn,Vertical,1,0.2136610130232478,0.010903514281273669,0.6603665351867676,0.1308313880174879,0.0005809293587807126,0.2525619864463806,0.11583666042202995,0.00020964429988947029,0.16978326439857483,0.10840384744935566,8.348312282040982e-05,0.1402239203453064,0.10374020347519526,4.149632075884014e-05,0.12752115726470947,0.10084030032157898,2.4053621558536633e-05,0.11867134273052216,0.09886383005077877,1.4568241935596694e-05,0.11173540353775024,0.09744543073669312,9.577326629246741e-06,0.10661230981349945,0.09614633827928513,6.717816304541249e-06,0.1025509163737297,0.0951944464255893,5.117927678369249e-06,0.10123854130506516,0.09453105678160985,4.033474215729583e-06,0.09992630779743195,0.09409166210227543,3.500194880009348e-06,0.09860524535179138,0.09377932560349268,3.356391412074028e-06,0.09867551922798157,0.0934180346509767,3.144973414918765e-06,0.09885019809007645,0.09296649008516282,2.685678827326959e-06,0.09791772812604904,0.09256745709313287,2.2304302277015825e-06,0.09672624617815018,0.09228609041089103,1.8326763441275153e-06,0.09585864096879959,0.0921161278845772,1.4972699108267789e-06,0.09540558606386185,0.09199832285207415,1.3699384240471923e-06,0.09573356807231903,0.09187445505743935,1.421605662659797e-06,0.09619642049074173
710,18,cross_attn,Horizontal,1,0.22198980916587133,0.008257847172938986,0.4832894206047058,0.1350385117388907,0.00038010218067434034,0.19878464937210083,0.11799429487141352,0.00011555117879475189,0.15042848885059357,0.10958858047212873,6.254875349148162e-05,0.13739633560180664,0.10518041300395178,3.947872582621392e-05,0.12765368819236755,0.10270835057137505,2.802663116197357e-05,0.12331682443618774,0.10057109665303003,2.099413634126398e-05,0.11980001628398895,0.09858410178668915,1.49680961191788e-05,0.11467048525810242,0.09722381061504758,1.0954017039799375e-05,0.11083948612213135,0.09624883934618934,8.458306302214754e-06,0.10802782326936722,0.09555175912285609,6.931690146028639e-06,0.10551033914089203,0.09494625635090329,5.7143275429445915e-06,0.1033720001578331,0.09435988371334379,4.5902137236132455e-06,0.10205100476741791,0.09387721866369247,3.7908275900837526e-06,0.10121580958366394,0.09354132035421947,3.4040450963184925e-06,0.10062871873378754,0.09326317728984923,3.178719616748908e-06,0.10030069947242737,0.09295727040559526,2.8381686637163986e-06,0.09990556538105011,0.09263074587261866,2.3616327146109143e-06,0.09901994466781616,0.09232491846122438,1.8794664256982133e-06,0.09775284677743912,0.09204159700681293,1.5094373383709962e-06,0.09656339883804321
710,18,cross_attn,Gaussian,1,0.21549565049390945,0.007182163122650959,0.4538586735725403,0.11830274961770527,0.00044953435721964327,0.17467756569385529,0.09809429399550908,0.00020543240626979607,0.14560836553573608,0.09003719521893395,0.00011299200101445609,0.11674432456493378,0.0845458869423185,7.064426429324817e-05,0.10455667972564697,0.08036886143778997,4.4228612076903034e-05,0.09592989087104797,0.07792562175364721,3.442931831500508e-05,0.09308144450187683,0.07575248844093746,2.5438504333782364e-05,0.09104523062705994,0.07385505168210893,1.6561646078847356e-05,0.0872567668557167,0.07260324900585508,1.2028620971688425e-05,0.08262954652309418,0.071654288541703,9.408562341709092e-06,0.07939700782299042,0.07092528281703828,8.117016162273758e-06,0.07844691723585129,0.07044477536091728,7.761518967158153e-06,0.07788945734500885,0.07010101124880806,7.645259946869404e-06,0.07755010575056076,0.06982243309418361,7.391264155184831e-06,0.07768777012825012,0.06959465276154261,6.908696383473358e-06,0.07777367532253265,0.06931380537294206,6.14387099659901e-06,0.07707993686199188,0.06893654143999493,5.336225346412075e-06,0.0768580287694931,0.0684922125840944,4.707291277379742e-06,0.0762210413813591,0.06804619906913667,4.280619914074841e-06,0.0753101110458374
710,18,mix_ffn_after_gate,Vertical,1,0.7746867196900504,0.14787359977361453,2.2053885459899902,0.2870626977038762,0.0022562447366704847,0.3809465169906616,0.1815171859094075,0.0003884737987009971,0.21927008032798767,0.13443452959495877,0.0001259003096534834,0.15878815948963165,0.10870518854686193,6.423624105472565e-05,0.1271553635597229,0.09260012445941804,4.227079096918789e-05,0.10801973193883896,0.08166195274818511,3.162530873905219e-05,0.09524108469486237,0.07389656927377458,2.5910622906678506e-05,0.08623921871185303,0.06819139373680902,2.2806595373894576e-05,0.07960274070501328,0.06387418727316553,2.1135894112452513e-05,0.07449007779359818,0.06054658797525224,2.011384179212491e-05,0.07046040892601013,0.057925608482152696,1.9359942375830683e-05,0.06715186685323715,0.05578810910856913,1.8808661373094915e-05,0.06438152492046356,0.05398889388593416,1.8612321686897952e-05,0.06214148551225662,0.05245765848528771,1.85014119863111e-05,0.06065686047077179,0.0511617266706058,1.8087823948271883e-05,0.05939679220318794,0.05007050340137784,1.7372011077516673e-05,0.05852092057466507,0.04914390065130733,1.6517183280303665e-05,0.05748073384165764,0.04833757150031272,1.567975858061422e-05,0.056249942630529404,0.04761225682875467,1.4988408884919254e-05,0.054812781512737274
710,18,mix_ffn_after_gate,Horizontal,1,0.5165024465984769,0.06721500354358308,1.2402849197387695,0.19267649641112675,0.0009735969597357893,0.25282958149909973,0.12795856323034044,0.000158902667790057,0.15425878763198853,0.0996444599022941,5.310157512784729e-05,0.11341463029384613,0.08441972590628125,2.6414213092432512e-05,0.09432494640350342,0.07527706133467811,1.7471197240808036e-05,0.08489734679460526,0.06933100610261872,1.3650990076660273e-05,0.0786295086145401,0.06521318829248822,1.1755872434046445e-05,0.0744592547416687,0.06222398851125959,1.0725320714035456e-05,0.07131436467170715,0.05999293148754135,1.000296464741645e-05,0.06897079944610596,0.058267915591834085,9.592330460416536e-06,0.0672101229429245,0.056879324927216486,9.33634798659759e-06,0.06561946868896484,0.05577607393737823,9.139021244642098e-06,0.06422710418701172,0.0548972984746335,8.948192639858526e-06,0.06301752477884293,0.05417123425101477,8.76370945428172e-06,0.06185592710971832,0.05355256778143701,8.629821016777536e-06,0.0608418807387352,0.053021433452765145,8.53384822895373e-06,0.06008462607860565,0.05257395075427161,8.454399236897743e-06,0.05952843278646469,0.05219917898140256,8.39366120347172e-06,0.05910579860210419,0.051879175125606476,8.344874210761604e-06,0.05876978486776352
710,18,mix_ffn_after_gate,Gaussian,1,0.7703436456975483,0.15914486759367832,2.4138174057006836,0.28464690110986196,0.0023568032111490737,0.3843644857406616,0.18039942449993557,0.0003987953594394162,0.22342108190059662,0.1330982708032169,0.0001359582274539007,0.16380588710308075,0.10664629971697218,6.671184544005793e-05,0.1309542953968048,0.09019612958506933,4.0330970759885646e-05,0.11011894792318344,0.07905069998805485,2.75987111297382e-05,0.09601054340600967,0.07111070648072258,2.0483606805009526e-05,0.08585640788078308,0.06525399056928498,1.634484321467699e-05,0.07826066017150879,0.06075685672343723,1.3690233132660874e-05,0.07245083153247833,0.057195043457405906,1.1863257516182379e-05,0.06785579025745392,0.05434784032995739,1.0610309600127082e-05,0.0641610324382782,0.05205409246541205,9.726293692917643e-06,0.06116418167948723,0.050180834791963065,9.059146741372645e-06,0.05868668854236603,0.04863413854960411,8.532073717451792e-06,0.056593578308820724,0.04734573637445768,8.10642094224161e-06,0.054811932146549225,0.04626120804321198,7.749214632413647e-06,0.05329924821853638,0.04533786728741631,7.442998293104763e-06,0.052012015134096146,0.04454302243770115,7.202070661263164e-06,0.05092073231935501,0.043855890513412536,7.050790483363566e-06,0.05002095550298691
710,19,self_attn_after_gate,Vertical,1,0.12235410357751543,0.0017033664673422387,0.3356902003288269,0.09493491467502382,1.289195359534944e-05,0.10288909077644348,0.09036181595117326,9.829203900952209e-06,0.09702382981777191,0.08865146256155437,1.3223888335236736e-05,0.10123446583747864,0.0864915761446196,1.3457458618644096e-05,0.0990479439496994,0.08521107797111784,1.4793414905910808e-05,0.09680625796318054,0.08430067816423992,1.4910802205503115e-05,0.09373325109481812,0.08330689240542669,1.3554789045331185e-05,0.09158001840114594,0.082374987621156,1.3049292715579406e-05,0.0899333730340004,0.08166862563008354,1.3367061427243698e-05,0.08964471518993378,0.08109580429773482,1.379347094302014e-05,0.08925684541463852,0.08056523532621444,1.4109369863251745e-05,0.08841806650161743,0.08012063505630644,1.4521054383942887e-05,0.08784335851669312,0.07977061328433808,1.4982308507331669e-05,0.08758071810007095,0.07948777670898134,1.5469089198329658e-05,0.08750738203525543,0.07925697841814586,1.5936955943986954e-05,0.08749821782112122,0.07906465575335518,1.6305196958155356e-05,0.08745113015174866,0.07888607396965935,1.6522459484082342e-05,0.08728249371051788,0.07870071062019893,1.6623815705895184e-05,0.08698557317256927,0.07850341605288642,1.6691294594790002e-05,0.08662210404872894
710,19,self_attn_after_gate,Horizontal,1,0.17019745920385634,0.012179201979359575,0.7528547048568726,0.09853363640251614,5.863406776667785e-06,0.10450951755046844,0.09458562104947983,2.1864940325517044e-06,0.09792919456958771,0.0927310177967662,1.286998978959962e-06,0.09500356018543243,0.09165176997582118,1.0726469379578996e-06,0.09401498734951019,0.0909285501591743,9.127132618926466e-07,0.09332555532455444,0.09042583784413716,8.719969066321486e-07,0.09292957186698914,0.09003866842341801,9.847923001989396e-07,0.09265948832035065,0.08962667248551807,1.0288898593839096e-06,0.09280498325824738,0.08929253405048734,9.594116379966027e-07,0.09233749657869339,0.0890587932533688,9.46356823556694e-07,0.09218834340572357,0.08889489869276683,9.66658851620479e-07,0.09228314459323883,0.08876759369694998,9.760858569255446e-07,0.09236861765384674,0.08860721285381014,9.172215503081115e-07,0.09203019738197327,0.08839022226276852,8.38668330819366e-07,0.09131669998168945,0.08821315519393437,8.38511041876207e-07,0.09100040793418884,0.08809111326459855,8.698056746169623e-07,0.09103818237781525,0.08800494339731005,9.021290275097809e-07,0.09113511443138123,0.08794742692557592,9.41341128088263e-07,0.09101410955190659,0.08791124915319776,1.0170452730057708e-06,0.09063327312469482
710,19,self_attn_after_gate,Gaussian,1,0.08707621575347961,0.0004628051354379866,0.16698075830936432,0.0644604888345514,1.6306548864704198e-05,0.07447940111160278,0.06091161338346345,1.3465878272759362e-05,0.0708015114068985,0.058991560387232946,1.0271778666954797e-05,0.06544645130634308,0.05851835834365043,9.78250296530094e-06,0.06518792361021042,0.058077617711018,9.48818005246745e-06,0.06391609460115433,0.0575118422035187,9.0758555816159e-06,0.06312497705221176,0.05686614733366739,8.620642095057144e-06,0.06259678304195404,0.0561781796434569,8.229371795195503e-06,0.06234661489725113,0.05555387905665806,7.892741559663786e-06,0.06260330229997635,0.05513509617201866,7.674731646382573e-06,0.06232622265815735,0.05489834474902305,7.565243747686952e-06,0.062002770602703094,0.05476830462141642,7.5805860968656984e-06,0.06186322122812271,0.05469950105226229,7.661572393788473e-06,0.06182456761598587,0.054635227672637454,7.711053902532528e-06,0.061677027493715286,0.054546976255045995,7.704119896671328e-06,0.06142507866024971,0.054436953235713265,7.654835965306608e-06,0.061145130544900894,0.054316439621505286,7.58771647906536e-06,0.0609377846121788,0.05419373595052295,7.51694411273061e-06,0.06070806458592415,0.05407293010798712,7.447654954651363e-06,0.06047455221414566
710,19,cross_attn,Vertical,1,0.13855094320717312,0.012875553264413727,0.7944543957710266,0.09010413726643911,1.4679941880338695e-06,0.09685064107179642,0.08928016171095864,3.5719219189105403e-07,0.09220629930496216,0.08908649735034459,1.708349432537427e-07,0.09063675999641418,0.08904485380838788,1.2512450499517248e-07,0.09014371782541275,0.08902438659043539,1.0774895493423545e-07,0.09018094837665558,0.08900411166842022,1.0112825705795795e-07,0.09031499922275543,0.08898496036491697,9.121499006936021e-08,0.09026555716991425,0.08897490562900665,8.330594642654366e-08,0.09027791023254395,0.08898224516047372,7.984663318084346e-08,0.09035550802946091,0.08899172951304724,7.825250498195175e-08,0.09041987359523773,0.08896811282823956,6.028401077089295e-08,0.09008865803480148,0.08894856924575473,5.0600869060077386e-08,0.08996722102165222,0.08892012884219487,4.764973212473708e-08,0.08995619416236877,0.08891052717254275,4.5007547569690676e-08,0.08993346989154816,0.0888796304426496,3.6673999064884945e-08,0.08990271389484406,0.0888676970960602,3.585994572633142e-08,0.08994641900062561,0.08886347379949358,3.547981570757833e-08,0.0899507999420166,0.0888879465914908,4.0195507965666876e-08,0.08999115973711014,0.08894136488910705,5.404674514862093e-08,0.08988478779792786
710,19,cross_attn,Horizontal,1,0.15690792281003224,0.028513957588469446,1.213148832321167,0.0891413933464459,1.4803834517927794e-07,0.09041690826416016,0.08888323758802717,4.264712339387285e-08,0.08968350291252136,0.08886277427275975,3.8037474193325275e-08,0.08967490494251251,0.08886313651289258,3.416906279334748e-08,0.08960112929344177,0.08886201691532893,3.057943732886166e-08,0.08958751708269119,0.08886360861952343,2.8759685524003823e-08,0.08955825865268707,0.08886987869701689,2.778381704979147e-08,0.08960617333650589,0.08886105224253639,3.019232253244093e-08,0.08975720405578613,0.08885900865471552,2.545536724611719e-08,0.08963973820209503,0.08885596160377775,2.119654999745269e-08,0.08951310813426971,0.08885681215259764,2.140690237732221e-08,0.08947090804576874,0.08883914765384462,1.9280372388185853e-08,0.08945424854755402,0.08883347385932529,1.9558630933474997e-08,0.08949662744998932,0.08883005073146215,1.8009280142366438e-08,0.0894402265548706,0.08882934635593778,1.6668602324562588e-08,0.0893867090344429,0.08882359273376919,1.5591654055778027e-08,0.08936218917369843,0.08881323595368673,1.4190968835606887e-08,0.08934567868709564,0.08881125540014297,1.3464436141518186e-08,0.08932451903820038,0.08880711559738431,1.2849241926947696e-08,0.08930500596761703
710,19,cross_attn,Gaussian,1,0.14796324878457992,0.04128070330304701,1.4464073181152344,0.06754019300615977,2.405859374983171e-07,0.06908043473958969,0.06709982301034624,4.095690006925526e-08,0.06781525909900665,0.06703464485823162,2.3364329543759003e-08,0.06755795329809189,0.06702636643534615,1.8959562419914167e-08,0.0674753338098526,0.06702448061061284,1.7125416208362885e-08,0.06744398176670074,0.06702247782359047,1.685083849640568e-08,0.06743443757295609,0.06702712355625062,1.678394333693986e-08,0.06742819398641586,0.06703109093128688,1.6559071955269285e-08,0.06743623316287994,0.06702140754177457,1.6485304023862595e-08,0.06744390726089478,0.06701351039939457,1.6067366925674902e-08,0.06741795688867569,0.06701144942688564,1.5825860577707182e-08,0.06740915030241013,0.06701112420312942,1.6048474186617827e-08,0.0674072876572609,0.06701002695730754,1.588919677262248e-08,0.06741154193878174,0.06701162540250355,1.5414369687382503e-08,0.06739974766969681,0.06701379801545825,1.5045556288368355e-08,0.0673891007900238,0.06701182680470603,1.520194362077961e-08,0.06738720834255219,0.06701577029057912,1.5637213967630274e-08,0.06738471984863281,0.06702138317955865,1.5772513220437266e-08,0.06738240271806717,0.06702716293789092,1.7343307091801444e-08,0.06738950312137604
710,19,mix_ffn_after_gate,Vertical,1,0.20353486187874326,0.06507067340143963,1.8156697750091553,0.08355590618318981,2.643912392387468e-05,0.09277522563934326,0.07452684203310618,9.757253332609983e-06,0.08122538775205612,0.07079406744903988,8.230246975437372e-06,0.07657988369464874,0.06875386958320935,8.698712467505291e-06,0.07464168965816498,0.06741998167265029,9.493327007475013e-06,0.07363240420818329,0.06646615526978931,1.0215287002982432e-05,0.07293917238712311,0.06575458780640647,1.0808714378706134e-05,0.07261662185192108,0.06517799163148516,1.156096399043097e-05,0.07256347686052322,0.06465956190275768,1.2530084519156016e-05,0.07271380722522736,0.06421149119971291,1.3407363915902506e-05,0.07284662127494812,0.06385958679611721,1.4168722163562944e-05,0.07349344342947006,0.06354348816805416,1.477677469791081e-05,0.07374744117259979,0.06318950138631321,1.513357177483717e-05,0.0732288658618927,0.06277508034356057,1.525369480317382e-05,0.07234777510166168,0.06235244036430404,1.5269312238034103e-05,0.07165437191724777,0.06198107161455684,1.5309128318045925e-05,0.07113094627857208,0.061670694086286754,1.538791137080325e-05,0.07075434923171997,0.06140539529068129,1.548913911160859e-05,0.07046817988157272,0.061172612839274935,1.5623105813844092e-05,0.0702587366104126
710,19,mix_ffn_after_gate,Horizontal,1,0.21291352891259724,0.0878640501769857,2.0601158142089844,0.08562618127417942,8.254512455376278e-06,0.09188909828662872,0.08071774599098024,3.3509811079933854e-06,0.08440276980400085,0.07832337714849956,2.5121569360319225e-06,0.08122656494379044,0.07675569327104659,2.0740270042625773e-06,0.0794953852891922,0.07563687837313092,1.801134184929994e-06,0.07845300436019897,0.07479962801176404,1.6304069662581174e-06,0.07765927910804749,0.07414858232414911,1.5293324192835151e-06,0.07705812901258469,0.07362471615511273,1.4699811971006017e-06,0.07657770812511444,0.07318851978532852,1.4350868103126365e-06,0.07615646719932556,0.07281573790879477,1.4196460565057072e-06,0.07578860968351364,0.07249293701043205,1.4195245182640152e-06,0.07548484206199646,0.07221053895496186,1.4299243206822338e-06,0.07523032277822495,0.07195973325343359,1.4466529495997139e-06,0.07500576972961426,0.07173417331207366,1.4654932192174861e-06,0.07479412853717804,0.07152995183354333,1.484972565643864e-06,0.07459351420402527,0.07134420661226151,1.5058742605097684e-06,0.07440520077943802,0.0711742965948014,1.528482998586526e-06,0.07422330975532532,0.07101697604807597,1.5540189959034166e-06,0.07404953241348267,0.07086858862922304,1.5818606778507908e-06,0.07389112561941147
710,19,mix_ffn_after_gate,Gaussian,1,0.13366500418337565,0.013810367359779639,0.8964262008666992,0.05998468268958349,1.412088822203938e-05,0.06875360012054443,0.05456460208173782,5.5191977935934495e-06,0.05984128266572952,0.0527298849016901,4.892421470303992e-06,0.0572330579161644,0.051533205345982595,4.735235183454197e-06,0.05664431303739548,0.05061861511970323,4.901210409800955e-06,0.05698196589946747,0.049901845081458014,4.9307503682608275e-06,0.056329146027565,0.049249747975005045,4.973746945832517e-06,0.05538394674658775,0.04874924487537808,5.088800631234e-06,0.054736606776714325,0.048340884761677846,5.290348615305342e-06,0.054179586470127106,0.04798198556379667,5.414234116536243e-06,0.05403326824307442,0.0476823736514364,5.426474545968142e-06,0.05377370864152908,0.047434219173968784,5.429562118157919e-06,0.05377141386270523,0.04721799894930825,5.430981528379261e-06,0.053820088505744934,0.047027566544120276,5.4526001166193345e-06,0.05381374806165695,0.04686445033266431,5.484507705781656e-06,0.05374295264482498,0.04671752511981934,5.470887714124005e-06,0.05356282368302345,0.04657220633493529,5.4128987574233775e-06,0.053273774683475494,0.0464232319758998,5.368641826515862e-06,0.05301372706890106,0.04628093440144781,5.338091431215217e-06,0.05285084992647171
666,18,self_attn_after_gate,Vertical,1,0.33131591810120475,0.023067806616512775,0.7647384405136108,0.15133619734219142,0.0007516623044975136,0.2572326064109802,0.11472543837532165,0.00013780485913999932,0.14893560111522675,0.10160860797715565,8.014697868198407e-05,0.1219085156917572,0.09391335208737661,7.111607280822482e-05,0.11510998010635376,0.0880124568939209,6.163526310265158e-05,0.10623902082443237,0.08386820318206908,5.8191133479380874e-05,0.10071228444576263,0.08080249315216428,5.9753608086111455e-05,0.09797734022140503,0.0782554762230979,5.9784995964644106e-05,0.09548446536064148,0.07616600098591002,5.821732132783099e-05,0.09312218427658081,0.07447425843704314,5.7157175647831676e-05,0.09098877012729645,0.07303797506860324,5.6610598605871314e-05,0.08894864469766617,0.07173515631565971,5.591578018676582e-05,0.08694872260093689,0.07051472218027191,5.477171567645857e-05,0.08509595692157745,0.06938111362239671,5.335092150192312e-05,0.08404407650232315,0.06834914612155112,5.193096443626578e-05,0.08338794112205505,0.06742259073588583,5.0684622403657454e-05,0.08257128298282623,0.0665942146664574,4.966950248991713e-05,0.08162985742092133,0.06585187872960455,4.886422488638836e-05,0.0805792361497879,0.06518513579217214,4.821055331562578e-05,0.07946030050516129
666,18,self_attn_after_gate,Horizontal,1,0.2577616976840155,0.00882553336335857,0.5330576300621033,0.1481627325216929,0.00031263621333831547,0.20416571199893951,0.12237788606730718,8.324219989489447e-05,0.15272223949432373,0.1127570363737288,4.334776708731691e-05,0.13883419334888458,0.10709236810604732,2.767226044960519e-05,0.12534449994564056,0.10266738479572629,1.879110649201573e-05,0.11272433400154114,0.0995878301679142,1.3423288378901303e-05,0.10853543132543564,0.09743820473788277,1.0473612636551674e-05,0.105618417263031,0.09584710356735048,8.356520761568023e-06,0.1029636412858963,0.09461018573197108,6.8535851837514e-06,0.10069135576486588,0.09355283150124172,5.753963253284548e-06,0.09857504069805145,0.09267212001104204,4.966356489719195e-06,0.09741221368312836,0.09197224865830134,4.452234691323226e-06,0.09671904146671295,0.09141692873977479,4.095153147775771e-06,0.09601224958896637,0.09097455607520209,3.877893367631551e-06,0.09523524343967438,0.09061480301713186,3.7938473974676086e-06,0.09469063580036163,0.09029766373218052,3.7839712585516105e-06,0.09477049857378006,0.08998543437984255,3.736066381936808e-06,0.09463876485824585,0.08967695787312492,3.62665496341032e-06,0.09433722496032715,0.08938407696901805,3.490924224457644e-06,0.09400133788585663
666,18,self_attn_after_gate,Gaussian,1,0.29183763289262377,0.022190505286461017,0.7652144432067871,0.1245474097511125,0.0005332763893408929,0.19257409870624542,0.09310292854668602,0.0001526713870736578,0.12676890194416046,0.08008011182149251,8.455113552050108e-05,0.10240460932254791,0.07269399293831416,5.735500000704645e-05,0.08975541591644287,0.06779510705243974,4.7053617528728875e-05,0.0842636376619339,0.06394039295495503,3.828976068308124e-05,0.08331681787967682,0.06088067756758796,3.087230557081604e-05,0.08097220212221146,0.05848126610120138,2.5548696657318266e-05,0.0783676952123642,0.0565878999611688,2.1759833385008745e-05,0.07600907981395721,0.05505474012285944,1.8804402870741845e-05,0.0736713632941246,0.05378483294967621,1.6337313380589954e-05,0.07109181582927704,0.05272448429512599,1.4287583692044599e-05,0.06835998594760895,0.051828237693934215,1.2594237999622213e-05,0.06559030711650848,0.051049505611733784,1.1238441831536284e-05,0.06284770369529724,0.05035010453254458,1.0264470380932396e-05,0.06027024984359741,0.04971061386759319,9.67161945792605e-06,0.05804585665464401,0.04912722914937943,9.371131928111467e-06,0.05627203360199928,0.04859974323993638,9.257012960655521e-06,0.055726081132888794,0.04812633819759838,9.257748661667143e-06,0.05584397166967392
666,18,cross_attn,Vertical,1,0.3232197179680779,0.09410710238143917,1.9850575923919678,0.14638300476566193,0.0011710064371669294,0.3092264235019684,0.12709473227224652,0.0005292883187387903,0.2518247067928314,0.11708645025889079,0.00022557657582437303,0.1946256309747696,0.11151683105835838,0.00010382660484905291,0.15115568041801453,0.10751014817801732,7.224067351560257e-05,0.13675817847251892,0.10360874081887896,4.453228270429423e-05,0.1297716200351715,0.10099971649192628,2.7318797606830577e-05,0.12202078104019165,0.09930000454187393,1.8731989800583872e-05,0.1151808649301529,0.09792597047866337,1.3430424770235563e-05,0.10944679379463196,0.09678415492886588,1.0245360897159912e-05,0.10647250711917877,0.0958652247985204,8.220907525320906e-06,0.10485875606536865,0.09510696892227445,6.550769430770524e-06,0.10343324393033981,0.09448963545617603,5.171622482785105e-06,0.10216709971427917,0.09396481312929637,4.1469577673810455e-06,0.1010565385222435,0.09350651218777611,3.4430886137826515e-06,0.10006071627140045,0.09312419072976189,2.930291017321344e-06,0.09916479140520096,0.09279936209084495,2.546707784137965e-06,0.0983399823307991,0.09250349870749883,2.2490719422391634e-06,0.09758127480745316,0.09224046305531547,1.9744350857528393e-06,0.09689167886972427
666,18,cross_attn,Horizontal,1,0.6366987100669316,0.8775136389814069,6.34353494644165,0.16291389768085782,0.001089940674893517,0.2345375120639801,0.13591474874152076,0.0003675026502430983,0.18725743889808655,0.1238050466728589,0.00020170818887156323,0.16778209805488586,0.11697402040636729,0.00013245581433004737,0.15432490408420563,0.11239789355368841,9.02631712141548e-05,0.14568686485290527,0.10863375427230956,6.872221653314463e-05,0.13926899433135986,0.1056517180469301,5.553876299958246e-05,0.13336069881916046,0.10351636083353133,4.432730775133372e-05,0.128566712141037,0.10182113484257743,3.481768406682867e-05,0.12413831800222397,0.10030944468010039,2.6620545864638825e-05,0.11958236992359161,0.09902521483008823,2.0992736626793452e-05,0.11556114256381989,0.09799638733504311,1.7186838023553842e-05,0.11215505748987198,0.09713504877355364,1.4174646974734373e-05,0.10920775681734085,0.09638502425144589,1.1734619643411939e-05,0.10718534886837006,0.09575862307397146,9.89679245705373e-06,0.10548431426286697,0.09525401405398808,8.473431887299593e-06,0.10389001667499542,0.09481945432840831,7.2972625723800135e-06,0.10228469967842102,0.09438776071109468,6.24197167619864e-06,0.10157966613769531,0.09392417376003569,5.194651543350668e-06,0.10098487883806229
666,18,cross_attn,Gaussian,1,0.23986718129544032,0.038927638744193395,1.1454246044158936,0.10877235210131085,0.0005245649448401532,0.19814245402812958,0.09438298346977385,0.00022073434910248527,0.14011633396148682,0.08768841151207213,0.00011951888906875312,0.1161913350224495,0.08385506970068765,8.14936335805841e-05,0.10930410772562027,0.08046603936051565,5.122105698367162e-05,0.1023990660905838,0.07732170832062525,3.162446424806672e-05,0.09664830565452576,0.07529482836761171,2.0704461221562245e-05,0.08904401957988739,0.07385344010969949,1.4602442625003688e-05,0.08411339670419693,0.07282425888947078,1.120246039743512e-05,0.08276312053203583,0.07203782302519632,8.857927075266102e-06,0.0809868574142456,0.07144023525336432,7.310979454378279e-06,0.0795612558722496,0.07100197590059704,6.417508045118702e-06,0.07791413366794586,0.07054921109524984,5.905296621824227e-06,0.07828175276517868,0.07007405634910341,5.667713275104619e-06,0.07767154276371002,0.0697285213640758,5.98217727931858e-06,0.0766838937997818,0.06949989107393083,6.658621998157969e-06,0.07713146507740021,0.0692658887969123,7.082329680400572e-06,0.07734888792037964,0.06893284027538603,6.7693637473137984e-06,0.0767868161201477,0.0684874275374034,5.727206573514019e-06,0.07540547847747803
666,18,mix_ffn_after_gate,Vertical,1,0.7327439671471006,0.12674328476591515,1.90964937210083,0.2530630538387904,0.002094893741871217,0.3434028625488281,0.15597594919658841,0.0003033179122034197,0.19879935681819916,0.11501272732303255,9.604607427294875e-05,0.14595109224319458,0.09307986249526341,4.761230608985035e-05,0.11845362931489944,0.079892103397657,3.139705507925695e-05,0.10139461606740952,0.07135047160443805,2.5277978024226522e-05,0.08997448533773422,0.06540942002856542,2.2510297548027446e-05,0.08158846199512482,0.06108222405115763,2.0854137210360838e-05,0.07538935542106628,0.05788403187715818,1.9727214761929333e-05,0.07077711075544357,0.05545531922862643,1.8819998003182337e-05,0.06709368526935577,0.05354402870649383,1.8119753605418985e-05,0.06407243013381958,0.051998189576561486,1.7634475383128954e-05,0.06188522279262543,0.050730594862548134,1.709942311768181e-05,0.060481034219264984,0.04968621108740095,1.640008544278804e-05,0.059042174369096756,0.048821488010977944,1.5633683750953267e-05,0.05770161375403404,0.048095988967115914,1.4907046759354045e-05,0.05652986094355583,0.047473854193138695,1.4295241993370215e-05,0.05555184185504913,0.0469265090567725,1.3844295837908409e-05,0.05476860702037811,0.04643334525208625,1.3570876817483117e-05,0.0541638508439064
666,18,mix_ffn_after_gate,Horizontal,1,0.7160940520347111,0.1256543587824678,1.762551188468933,0.24683193980701387,0.0021705389599432213,0.3500254154205322,0.15061349906618632,0.0002707507322258891,0.18542081117630005,0.11301776577555944,7.423746266314577e-05,0.13192664086818695,0.09395589088163679,3.345585135512129e-05,0.10583826899528503,0.0827355684032516,2.059407838027392e-05,0.09342091530561447,0.0755039867427614,1.5146848426215405e-05,0.08533497154712677,0.07057018093173466,1.2428724569970395e-05,0.08007880300283432,0.06701163444963712,1.0937387466764755e-05,0.0763891264796257,0.06432895060806047,1.0022570805285435e-05,0.07336334884166718,0.06226878069222919,9.393991160822607e-06,0.07084627449512482,0.060656199083914834,8.987542260205338e-06,0.06873935461044312,0.059366538292831846,8.781552390533454e-06,0.06700366735458374,0.05831611954740116,8.662997390096928e-06,0.0656123235821724,0.057442447495838954,8.56339072585606e-06,0.06447358429431915,0.0566890797917805,8.470419096192991e-06,0.0635528489947319,0.05601264725601862,8.366761891114908e-06,0.06281960755586624,0.055398186166135094,8.27334507103449e-06,0.06222066283226013,0.054853226812112896,8.2273461992066e-06,0.06170011684298515,0.05438170670753434,8.237133521070622e-06,0.06128320097923279
666,18,mix_ffn_after_gate,Gaussian,1,0.6832290679689438,0.1270738155201106,1.8998668193817139,0.21646574186900305,0.0017146852602822784,0.29822927713394165,0.12807515582868031,0.00021024042211053649,0.15806140005588531,0.09454723518519174,6.208540558886279e-05,0.11212588846683502,0.07756317584287553,2.7790967783613082e-05,0.09056349843740463,0.06764203002528539,1.5937526989037125e-05,0.07794342935085297,0.06131866597940051,1.143648642747896e-05,0.06995007395744324,0.056875886543402594,9.250413367736238e-06,0.06447052955627441,0.053655570993820824,8.16741918899817e-06,0.06055430322885513,0.05127104247609774,7.629784064758182e-06,0.05764646828174591,0.049424875350225536,7.302422746082194e-06,0.055700093507766724,0.04794156628232154,7.00270122820454e-06,0.054206378757953644,0.04673285344763407,6.7175773980039855e-06,0.053024470806121826,0.04574587142893246,6.478254798353227e-06,0.05204417556524277,0.044928603406463354,6.268838778773637e-06,0.05118390917778015,0.0442417272854419,6.090471002475033e-06,0.05040201544761658,0.04366457834839821,5.958213883829871e-06,0.04971316456794739,0.04318678905330007,5.861086366078893e-06,0.04913560673594475,0.04279480484269914,5.784035525934535e-06,0.048654910176992416,0.042471418896364785,5.728975687160352e-06,0.0482524037361145
666,19,self_attn_after_gate,Vertical,1,0.20299185611425885,0.08427980963095066,2.1715075969696045,0.09161223896912166,1.927739513023763e-05,0.10218460857868195,0.08823220893031075,1.2914104311789795e-05,0.0950903370976448,0.08632024081926497,1.1577517835086876e-05,0.09266874939203262,0.08495882662042739,1.0974583911639647e-05,0.09161905944347382,0.08398081586947517,1.0812245339331354e-05,0.09098948538303375,0.08322914606995052,1.0842182335721998e-05,0.08986834436655045,0.0825983313104463,1.0961512491863221e-05,0.0888805091381073,0.08198251433315731,1.112535198314151e-05,0.08816543221473694,0.08141711638087318,1.129036469080102e-05,0.08782319724559784,0.08095254477054353,1.1492933533759717e-05,0.08758504688739777,0.08056598523306469,1.1726853980859614e-05,0.08743986487388611,0.08023540557376922,1.1985112220308436e-05,0.08745789527893066,0.07994695043280012,1.2256008732328402e-05,0.08762417733669281,0.07969291082450322,1.2642021621946333e-05,0.08799734711647034,0.07945507374547776,1.3313918226020346e-05,0.08857759833335876,0.07922065553684084,1.4159185643716002e-05,0.08900392055511475,0.07900729929170912,1.4866478521008435e-05,0.0891178697347641,0.07883642791282564,1.5411685552280673e-05,0.08926480263471603,0.07867863159331065,1.5810903945220034e-05,0.08944834023714066
666,19,self_attn_after_gate,Horizontal,1,0.35751646508773166,0.4111479014528226,4.384540557861328,0.10265098157383147,1.7996713397587503e-05,0.11976846307516098,0.0993923203103126,8.976782032184442e-06,0.1112632006406784,0.0970841594158657,4.451119069302829e-06,0.10442578792572021,0.09556135346019079,2.8227262691851555e-06,0.10076531767845154,0.09442515694905841,1.9718323677391346e-06,0.09817235171794891,0.09342477092194179,1.3258042086650387e-06,0.09644269198179245,0.09266657346770876,1.0468028246083915e-06,0.09542007744312286,0.09208931123453473,9.068258914634825e-07,0.09463338553905487,0.09162217378616333,8.368174028989852e-07,0.09398192167282104,0.09123479208302876,7.995910536715714e-07,0.09342081844806671,0.0909107079108556,7.639493967620096e-07,0.09292067587375641,0.09062874198906005,7.214711106903288e-07,0.09250184893608093,0.09036449804192498,6.739231663505336e-07,0.09218619763851166,0.09010190954284063,6.34561059230416e-07,0.09189744293689728,0.08985015797236609,6.071547211588528e-07,0.09149990975856781,0.08962363335821363,5.935736139674521e-07,0.09103736281394958,0.08941957496461414,5.990445947664973e-07,0.0909636989235878,0.08922625853428764,6.157870828357592e-07,0.0909167006611824,0.08903547979536511,6.180175863605361e-07,0.09078390151262283
666,19,self_attn_after_gate,Gaussian,1,0.08284484122007613,0.0004959576006505114,0.20522740483283997,0.06561959866020414,1.0818470435465067e-05,0.0726952850818634,0.062260075694038755,8.80465497636479e-06,0.06880385428667068,0.06051320328362404,1.040425595475424e-05,0.06727583706378937,0.05953212212475519,1.0347374894560848e-05,0.0657634437084198,0.058605034022577225,9.984572810082781e-06,0.06638083606958389,0.05769562691686645,8.983024573496695e-06,0.06603006273508072,0.0569103460108477,7.757474100468894e-06,0.0642855316400528,0.05635918889726911,7.061008552620571e-06,0.061828240752220154,0.05600035498066554,7.0169812344263034e-06,0.06131511926651001,0.05574251669976446,7.236682319487526e-06,0.06164802238345146,0.05554744477073351,7.4533960395621125e-06,0.06167841702699661,0.05539115867207921,7.64532727076127e-06,0.061390697956085205,0.055253411628424176,7.841580773276073e-06,0.06108741834759712,0.055118855621133535,8.011007200001564e-06,0.06083672493696213,0.054982311136665796,8.131905648415328e-06,0.060608621686697006,0.05484561214134807,8.208532782565143e-06,0.060388315469026566,0.054711985623552686,8.253709193417287e-06,0.0601755753159523,0.05458373422660525,8.278733645269609e-06,0.05997363477945328,0.05446202727773833,8.291477653420334e-06,0.05979493260383606
666,19,cross_attn,Vertical,1,0.16460870028961272,0.03296607398224916,1.3065516948699951,0.09020957126030846,9.292210064308085e-07,0.09506603330373764,0.08921926007384345,1.3423072559542836e-07,0.09059713780879974,0.08903890540675512,7.237870482610468e-08,0.0899648666381836,0.0890006363864929,5.756032361181911e-08,0.0898294448852539,0.08897647462666981,4.677550347619236e-08,0.08971443772315979,0.08895392089136063,3.784566014579863e-08,0.08960278332233429,0.08892991311020321,2.9041321702143443e-08,0.08948273956775665,0.08891430934743276,2.3971047116640313e-08,0.08941379189491272,0.08889671923622253,1.8573958878571287e-08,0.08931972086429596,0.08887625355569143,1.3984486770600738e-08,0.0892067477107048,0.08884801715612411,1.1381880300687626e-08,0.08914224803447723,0.08883013410700692,9.343784288525845e-09,0.08907422423362732,0.08881428069065488,7.636881848189734e-09,0.08901549875736237,0.08880220483692866,6.360267953472571e-09,0.08896973729133606,0.08879277086447156,5.4480512129298975e-09,0.0889502465724945,0.08878523856401443,4.7697580206494825e-09,0.08894060552120209,0.0887797943183354,4.266623605440464e-09,0.08893702924251556,0.08877780454026328,3.901273798623164e-09,0.0889463722705841,0.0887802244415359,3.777126559481043e-09,0.08896468579769135
666,19,cross_attn,Horizontal,1,0.26869771712356144,0.21876101409973578,3.4081106185913086,0.08949373922650776,4.090027364622872e-07,0.09150319546461105,0.08912771715531273,1.496750055265728e-07,0.09050481021404266,0.08908027682512526,1.2484927725392815e-07,0.09030596911907196,0.0890515920898271,1.0725093213237902e-07,0.09018313884735107,0.08902269211553392,9.18500896889893e-08,0.09006333351135254,0.0889960564081631,7.756862025339504e-08,0.08995024859905243,0.08896983592283159,6.488858353232543e-08,0.08984169363975525,0.08894491881605178,5.41463059191835e-08,0.08973081409931183,0.0889216914536461,4.49032922424114e-08,0.08962159603834152,0.08890046131989313,3.711390805066687e-08,0.0895170271396637,0.08888202550865355,3.068678438314975e-08,0.08942992240190506,0.08886688722977562,2.524991078063739e-08,0.08936397731304169,0.08885544928766433,2.02346656993653e-08,0.08929531276226044,0.08884639919750274,1.56558003989521e-08,0.08923639357089996,0.08883259338991982,1.3239657341986197e-08,0.08920823037624359,0.08881567856149068,1.1836624931765444e-08,0.08918187022209167,0.08880394283268186,1.0469867225006305e-08,0.08915995061397552,0.08879594895101729,9.574134913190067e-09,0.08914454281330109,0.08879037284188801,8.83407826804293e-09,0.08912861347198486
666,19,cross_attn,Gaussian,1,0.15109397399993169,0.04480204318913574,1.511102557182312,0.06732241454578582,1.1914697500018431e-07,0.06863649934530258,0.0671316541376568,5.184459845155003e-08,0.06827817112207413,0.06710709856143074,5.4785630183494176e-08,0.06825083494186401,0.06710166720643876,5.451232946843775e-08,0.0682467371225357,0.06709560704609704,5.3955484723604025e-08,0.06821128726005554,0.0670899236722598,5.156064097457851e-08,0.06817027181386948,0.0670886788339842,4.610198542572912e-08,0.06814685463905334,0.06709199871808763,4.378502632121157e-08,0.06813790649175644,0.06708153585592906,4.217751732527559e-08,0.06807943433523178,0.06705988742529399,4.145145184805704e-08,0.06805776059627533,0.06705965219982087,4.230076969514902e-08,0.06805697083473206,0.06706021513257708,4.1245427322966546e-08,0.0680278018116951,0.06706020602631191,3.9087600094681466e-08,0.06802406907081604,0.06703375930350924,3.36267813373882e-08,0.06793379783630371,0.0670162487834219,3.174366994863696e-08,0.06788553297519684,0.06700786747156627,3.113256902929416e-08,0.06786558777093887,0.06700220834168177,2.9676426978147686e-08,0.06782585382461548,0.06699712633613557,2.8246036020372752e-08,0.067790687084198,0.06699307156460625,2.8091594672753017e-08,0.06778475642204285
666,19,mix_ffn_after_gate,Vertical,1,0.112603707209466,0.001560521015340101,0.26940807700157166,0.07328327236667512,1.1737887469943104e-05,0.08240300416946411,0.06894037848900235,9.328410389970433e-06,0.07712065428495407,0.06702485290311631,1.0219298201280902e-05,0.07612019777297974,0.06590031773324996,1.1200317622765054e-05,0.07531441003084183,0.06519028012241636,1.2831136215694868e-05,0.0745699405670166,0.0645822174847126,1.3990603638826194e-05,0.07464023679494858,0.06398724114137982,1.4654079042746512e-05,0.07436347007751465,0.06344540973031332,1.514058648117873e-05,0.07385268807411194,0.06296812713382736,1.5545438828434448e-05,0.07332034409046173,0.06254626970205988,1.5890054674803685e-05,0.07280947268009186,0.0621702116988008,1.618597040226286e-05,0.07247970253229141,0.06183237582445145,1.6442042787604256e-05,0.07224312424659729,0.06152696073764846,1.666560334819219e-05,0.07202474027872086,0.06124937120411131,1.6862590462382502e-05,0.07182329893112183,0.060995856447825354,1.70378597330353e-05,0.0716376006603241,0.06076325748174909,1.7195340613829836e-05,0.071466363966465,0.060548849226463405,1.733815156710949e-05,0.07130830734968185,0.06035028942047604,1.746877897274622e-05,0.07116208970546722,0.060165557064234265,1.7589146822737328e-05,0.07102633267641068
666,19,mix_ffn_after_gate,Horizontal,1,0.3247982352262452,0.16115045317314228,2.5020594596862793,0.09916358760425023,3.953646485138842e-05,0.1136157289147377,0.08682171562834391,6.461797709108817e-06,0.09378457069396973,0.08177039571224697,3.1196588987386836e-06,0.08662708848714828,0.07917769903701449,2.4103250131683487e-06,0.08299381285905838,0.07759267150882691,2.1466750350434336e-06,0.08091744780540466,0.0764709102019431,1.972153526233239e-06,0.07943432033061981,0.07560528412697808,1.8360061793259122e-06,0.07826479524374008,0.0749095297522015,1.7351334094627488e-06,0.07750321179628372,0.07433672734196224,1.6585445041180607e-06,0.07693599164485931,0.07385261274046367,1.597529725392942e-06,0.07644248008728027,0.0734324266040136,1.554435475342158e-06,0.07602390646934509,0.07306489963380117,1.531956188655603e-06,0.07568040490150452,0.07274498471191951,1.5228670055583867e-06,0.07538966089487076,0.07246323130906575,1.5171703884535315e-06,0.07513821125030518,0.07221019681957033,1.5101638995399138e-06,0.07492393255233765,0.07197891849847067,1.506704031246702e-06,0.07474706321954727,0.07176674098249465,1.5140738009681522e-06,0.07458758354187012,0.0715741440653801,1.5319581582096825e-06,0.0744260847568512,0.07139861347183349,1.5602945800409265e-06,0.07426046580076218
666,19,mix_ffn_after_gate,Gaussian,1,0.2739618702067269,0.1870052574582228,2.8233718872070312,0.06905351803889351,2.212688609450198e-05,0.07879742980003357,0.061686470808963924,7.805708914763944e-06,0.06753387302160263,0.05826753194606493,6.026759172981282e-06,0.06355229765176773,0.05593140340513653,5.367588405183628e-06,0.06066860258579254,0.05425415619734734,5.252372925754423e-06,0.05974908918142319,0.0530348787350314,5.306282528238291e-06,0.05909980833530426,0.052082767976181846,5.252186760517542e-06,0.058216217905282974,0.051310928331481084,5.184326156503611e-06,0.057158246636390686,0.05070884159160039,5.174778061328751e-06,0.056326285004615784,0.050231167780501504,5.190339698622435e-06,0.05581965297460556,0.049824257691701256,5.220369212566828e-06,0.05560167133808136,0.049451410119968744,5.262653506520446e-06,0.055521849542856216,0.04910899018720975,5.324354328513972e-06,0.0555979460477829,0.04881427868727654,5.411342717690436e-06,0.05576544255018234,0.04856774009882458,5.500950168664566e-06,0.055937595665454865,0.04835089503063096,5.559706661245073e-06,0.05599633604288101,0.04814114131861263,5.5721597815845284e-06,0.05581304430961609,0.04792602407553839,5.570481420947572e-06,0.05541859567165375,0.04771710530159965,5.593124855695524e-06,0.05499778687953949
617,18,self_attn_after_gate,Vertical,1,0.6864678649202226,0.3579601709560086,4.490680694580078,0.24067240551350608,0.0018677006134411088,0.3711910843849182,0.16687427638542085,0.0005439012416741362,0.2377806007862091,0.13476712788854325,0.00026141023551617157,0.17304891347885132,0.11786546439878524,0.00017142580221071545,0.14708858728408813,0.10688879920376672,0.00012383316973799604,0.13432732224464417,0.09929641560902672,9.81940381809193e-05,0.12696492671966553,0.09361805033589167,8.246944707441575e-05,0.11940484493970871,0.08904394188097545,7.283163768761542e-05,0.11195343732833862,0.08538115142829834,6.783530370750328e-05,0.10606800019741058,0.08249339272105505,6.507892167181966e-05,0.10148723423480988,0.08016543622527804,6.321559448968668e-05,0.0976693257689476,0.07824065039555232,6.165684201537705e-05,0.0957217738032341,0.07662038410466815,6.018701729457043e-05,0.09393157809972763,0.07523703297215795,5.8815989711690876e-05,0.09220393002033234,0.07403511412086941,5.753339714944034e-05,0.09048694372177124,0.07296453706092304,5.6316959867865544e-05,0.08866070210933685,0.07197835101258188,5.521001039953917e-05,0.08780679106712341,0.07104411685750597,5.427030970382417e-05,0.08696092665195465,0.07015534768265391,5.3502714326526285e-05,0.08596944063901901
617,18,self_attn_after_gate,Horizontal,1,0.5896365796289746,0.3140373187638845,3.8289742469787598,0.22767024499083321,0.001458960666730596,0.3627977967262268,0.17317423106185972,0.0004792598471429037,0.24101898074150085,0.14704391478546083,0.00023621618980812972,0.1963110864162445,0.13242906852374,0.00014024236721402517,0.17471551895141602,0.12266938814095088,7.954637668426442e-05,0.15407757461071014,0.11611166489975792,5.180470517517383e-05,0.13827747106552124,0.11131755499139664,3.78643997248379e-05,0.12835106253623962,0.1075188923213217,2.773644932100636e-05,0.12201136350631714,0.10452590019456924,1.965088973046319e-05,0.1167990192770958,0.1022397649903146,1.4488339064936016e-05,0.11279772222042084,0.10044792601986537,1.1220387958718795e-05,0.10951630771160126,0.09897115767475158,9.020183845796056e-06,0.10667388141155243,0.09770220778291187,7.448776319489418e-06,0.10501435399055481,0.09660696131842476,6.296527309288567e-06,0.1036197692155838,0.09566699193110542,5.4449193344614815e-06,0.10227789729833603,0.09485456619470839,4.799814725501658e-06,0.10102197527885437,0.09414463655816184,4.296777865275374e-06,0.09987320750951767,0.09351774588936851,3.894709948663983e-06,0.09884187579154968,0.09295988153843653,3.5701847004470323e-06,0.0979187935590744
617,18,self_attn_after_gate,Gaussian,1,0.614245260755221,0.15402706453283654,1.811075210571289,0.20835934957814595,0.0016605030729437526,0.30228671431541443,0.1461838772372594,0.000532303324769454,0.2122328132390976,0.11551370720068614,0.00029132036589517806,0.16475552320480347,0.09769523262031495,0.0001502342158398688,0.1319132149219513,0.08645002886889473,8.832643844867048e-05,0.11226703226566315,0.07870245642132229,5.887161540014905e-05,0.1019025668501854,0.07311103865504265,4.3125768647692795e-05,0.09278881549835205,0.068874161335684,3.338782414642582e-05,0.0857342928647995,0.06552658141368911,2.6803202992022826e-05,0.08056928217411041,0.06281821642603193,2.20207919409175e-05,0.07688668370246887,0.06060449524767815,1.859550663371242e-05,0.07403219491243362,0.058772762261685874,1.6230641496808163e-05,0.07164854556322098,0.05723117623064253,1.4643776156238788e-05,0.06958815455436707,0.055918468369377985,1.3584280964069278e-05,0.0678107887506485,0.05479855090379715,1.2838487544988534e-05,0.0662984549999237,0.05384043947098747,1.2286245496234826e-05,0.06495091319084167,0.05300795221849093,1.1889553055941163e-05,0.06360702961683273,0.05226359540034854,1.1629586132265014e-05,0.062137290835380554,0.051577166491557684,1.1482042534235072e-05,0.06061181426048279
617,18,cross_attn,Vertical,1,0.4404060599349794,0.45881108411151683,4.895985126495361,0.13329432301578067,0.0005619015325938545,0.21710671484470367,0.12222651888926823,0.00025560141767318824,0.1763754040002823,0.11599368436468972,0.0001423115064586076,0.15188144147396088,0.11146028505431281,8.947475141433396e-05,0.1428980827331543,0.10724454065636983,5.6158781648549624e-05,0.1337399184703827,0.10439289775159624,4.362467954966355e-05,0.12876324355602264,0.10239890903707534,3.5292743116038194e-05,0.12499143183231354,0.1007134649488661,2.9071358768514954e-05,0.12154441326856613,0.09933229997044518,2.4664937097180676e-05,0.11858192086219788,0.09820207007347591,2.068230892939592e-05,0.11589674651622772,0.09715370869352705,1.6884903979171012e-05,0.11372849345207214,0.09624375698585359,1.3803955021532007e-05,0.1120280995965004,0.09554317865579848,1.1575010391840478e-05,0.11040845513343811,0.09497278337440794,9.857505986473698e-06,0.10881626605987549,0.09447655164533192,8.443318061571938e-06,0.1073034480214119,0.09404881948989535,7.242066921512306e-06,0.10592420399188995,0.0936808952736476,6.2432761330624066e-06,0.10467856377363205,0.09334442066767859,5.422930811790814e-06,0.10359063744544983,0.09302736428521928,4.777014737389969e-06,0.10261020064353943
617,18,cross_attn,Horizontal,1,0.28032010190543677,0.06202857460476047,1.690514326095581,0.13462342818578085,0.0007220702735326636,0.2194027453660965,0.11734951334813284,0.0002372810435879418,0.1708809733390808,0.10911527855528726,0.00010922132117742556,0.14077073335647583,0.10442557623462072,5.571748149161411e-05,0.12722942233085632,0.10129874956513209,3.1005221476495156e-05,0.11727658659219742,0.09932307343161295,2.0686510415031094e-05,0.11198979616165161,0.0979145746382456,1.4804849671465941e-05,0.10837989300489426,0.09678625753001562,1.0674622713122684e-05,0.1056097149848938,0.09587028102269249,7.76026566096388e-06,0.10352549701929092,0.09510940289686597,5.687180828830062e-06,0.10146863758563995,0.09451507303922896,4.243563597353516e-06,0.10004487633705139,0.09401249116848386,3.1869581932899085e-06,0.09896504133939743,0.09358536002654878,2.585838179024768e-06,0.09825077652931213,0.09323490186343117,2.280582288387946e-06,0.09759882092475891,0.09288172364707976,2.1046008096134776e-06,0.09678172320127487,0.09256453965864485,1.9071256102212036e-06,0.09607972204685211,0.09233483683968348,1.7180990032585992e-06,0.09548759460449219,0.09216595523887211,1.562890991908241e-06,0.09497417509555817,0.0920431764116363,1.5022618624248145e-06,0.09455962479114532
617,18,cross_attn,Gaussian,1,0.3277892094282877,0.11256220488637034,2.383777141571045,0.12151543736930877,0.0015020192755455482,0.28441375494003296,0.09955486040266734,0.0003766760380268022,0.18641962110996246,0.08944761622992772,0.00015216471682919178,0.1372717320919037,0.08407108166388103,8.138672286928762e-05,0.11311053484678268,0.08052487683201594,5.167251025832939e-05,0.10044881701469421,0.07796710587683178,3.5058197668060314e-05,0.09468090534210205,0.07603820011256233,2.403215598100569e-05,0.09091651439666748,0.07460991624328825,1.7546110000930048e-05,0.08762995153665543,0.07351025915335095,1.3777443828024192e-05,0.08494718372821808,0.07260659869228091,1.098640926073042e-05,0.08197666704654694,0.07176116451857582,8.632346270893083e-06,0.07941865921020508,0.07099204061050264,6.79743295514025e-06,0.07756051421165466,0.07033754116485989,5.511451074198591e-06,0.07608798146247864,0.06975573005657347,4.507200677714529e-06,0.07552268356084824,0.06925704046374276,3.6944661577307505e-06,0.07488281279802322,0.06885760987088793,3.0946586565557605e-06,0.07377250492572784,0.0685310402796382,2.676331586609286e-06,0.07271101325750351,0.06826431588048026,2.3988519417899324e-06,0.07201874256134033,0.06805797536221761,2.276684565738731e-06,0.0716286450624466
617,18,mix_ffn_after_gate,Vertical,1,0.8496256920080336,0.19564860402598377,2.6304757595062256,0.2787733771025188,0.0032847469233331502,0.3987596035003662,0.1599495992774055,0.00036424295235990635,0.20132844150066376,0.11492838426714852,8.3432854361789e-05,0.13586784899234772,0.09272292055307872,3.6568896823072564e-05,0.10620635747909546,0.07974315399215334,2.4264883927795505e-05,0.09146267175674438,0.07127695802658324,1.9750665613533992e-05,0.081935353577137,0.06534939838780297,1.7652636192637992e-05,0.07523234188556671,0.061004966674816044,1.640490676066747e-05,0.07012796401977539,0.05773863036717687,1.5611922122017097e-05,0.06616723537445068,0.05524962070205855,1.51192734378911e-05,0.06314965337514877,0.05331900857743763,1.4837915118033477e-05,0.06081182137131691,0.05178207525658229,1.475074774461324e-05,0.05919191986322403,0.05052750338874166,1.4819055151486524e-05,0.05796456336975098,0.04949480129612817,1.4914009302429452e-05,0.05689632147550583,0.04865165255845539,1.4943711439514872e-05,0.055997736752033234,0.04796725688945679,1.4890045054606135e-05,0.05530090257525444,0.04740784074815493,1.4750224881766603e-05,0.0549323596060276,0.04694140826662382,1.455406910575194e-05,0.05475205183029175,0.04654157078928418,1.434827426561571e-05,0.05466363579034805
617,18,mix_ffn_after_gate,Horizontal,1,0.6604252873905121,0.12017012198423946,1.772361159324646,0.22215584251615736,0.0016268120630159074,0.3105601668357849,0.13837190871200863,0.00020997726738578718,0.16879741847515106,0.10519259505801731,5.756595089364372e-05,0.12170171737670898,0.08846192121032685,2.5560879821251088e-05,0.09994961321353912,0.07871862240726986,1.601672971069832e-05,0.08839833736419678,0.07247577430236907,1.2350487072882e-05,0.08171314001083374,0.06820484280349716,1.0689384992986713e-05,0.07718650251626968,0.0651369339062108,9.808106542087701e-06,0.07390707731246948,0.06285106999770043,9.264920044586515e-06,0.0713295191526413,0.06109930444804449,8.896509300272961e-06,0.06924153119325638,0.059721098710147164,8.65327081493719e-06,0.06749998033046722,0.05861069238375104,8.502201041903264e-06,0.06607424467802048,0.05770049977397162,8.363860916955646e-06,0.06493289768695831,0.0569377231101195,8.213977057498702e-06,0.0640188530087471,0.056282032103765575,8.081330217238393e-06,0.06328044086694717,0.0557117478123733,8.007106191587936e-06,0.06267263740301132,0.05522014620521712,7.988010244475458e-06,0.06217902898788452,0.05480108002112025,7.986738888206175e-06,0.06178718060255051,0.05444197693750972,7.978864586795966e-06,0.06147513538599014
617,18,mix_ffn_after_gate,Gaussian,1,0.7428085496501317,0.1500951195969142,2.08451509475708,0.23642407878050728,0.002195919421285812,0.3412497043609619,0.14124717303211726,0.0002759484791668179,0.17237329483032227,0.10305886230771504,7.050996083650137e-05,0.11999928206205368,0.08302992854326491,2.7858023362003877e-05,0.0945536196231842,0.0712054975567356,1.5041896302071463e-05,0.08008258044719696,0.06353955165970893,1.0218121410710014e-05,0.07113692164421082,0.0582828169895543,8.052656251930582e-06,0.06512514501810074,0.054555495284379474,6.916144985090607e-06,0.06086847186088562,0.051824707064836745,6.232065066531499e-06,0.057736240327358246,0.049759783323795076,5.81459945654143e-06,0.055408820509910583,0.04816143528100044,5.589733689389604e-06,0.05366126447916031,0.046909145774349334,5.458593592590002e-06,0.05229995399713516,0.045915876648255756,5.364944673253597e-06,0.051191411912441254,0.04511881359512844,5.293126672807134e-06,0.05039462447166443,0.04447560118777411,5.240433684988293e-06,0.04982496798038483,0.04395503621725809,5.207993266364614e-06,0.049379557371139526,0.04352981910582573,5.195459028000612e-06,0.04903149604797363,0.04317784149731908,5.200001711447614e-06,0.04875827580690384,0.04288322590882816,5.2202597802965446e-06,0.04854263365268707
617,19,self_attn_after_gate,Vertical,1,0.13152410775896103,0.0025178751378226805,0.41223907470703125,0.094745934009552,1.72768171154264e-05,0.10780632495880127,0.08992854316556265,1.2523236248308954e-05,0.09919780492782593,0.08782840094396047,1.4526762458659792e-05,0.10059059411287308,0.08585425785609654,1.2078735491841554e-05,0.09728652238845825,0.08407397532746905,1.0793969554750418e-05,0.0916096419095993,0.08288475965696668,1.186316796747938e-05,0.09046667069196701,0.08180137132368391,1.2699134161845548e-05,0.0896175280213356,0.08104391549787825,1.328649176730653e-05,0.08902755379676819,0.0804455176232353,1.3766666734183517e-05,0.08858784288167953,0.07997344800877193,1.4390727943015095e-05,0.08797185122966766,0.07960239573130531,1.5114792819474703e-05,0.08731047809123993,0.07924470471011268,1.5389564948023582e-05,0.08689853549003601,0.07890963306029637,1.5542366557820035e-05,0.08671894669532776,0.07865081621067864,1.588736550313118e-05,0.08678588271141052,0.07844671145791099,1.6417089174953502e-05,0.08717890828847885,0.07827805644936031,1.707510043843157e-05,0.08770322799682617,0.07814563787172711,1.7724486077735586e-05,0.0881357416510582,0.07802703846541661,1.8260565853137883e-05,0.08837659657001495,0.07789814188366845,1.8621129554997972e-05,0.0883980318903923
617,19,self_attn_after_gate,Horizontal,1,0.14660540353211146,0.011571605290837962,0.881254255771637,0.09956577952419009,5.821605970349819e-06,0.10565440356731415,0.09596306534986647,2.8804028328893288e-06,0.10244317352771759,0.0941258231325755,2.331780030047631e-06,0.09924212843179703,0.09286603189650036,1.972490036230034e-06,0.09924141317605972,0.09199148889571901,1.6008747245827305e-06,0.09745289385318756,0.0913932713724318,1.5659771224279894e-06,0.09686604142189026,0.09099085392459991,1.7267971184114878e-06,0.09726044535636902,0.09061343281988114,1.7915752548827254e-06,0.09628260135650635,0.09020738965935177,1.3919560922078629e-06,0.09417799115180969,0.08991741247120358,1.189444364969818e-06,0.09298140555620193,0.08967146029074986,1.0738117338049764e-06,0.09235463291406631,0.08932478654952276,8.607577426901942e-07,0.09194071590900421,0.08893458557034296,6.511900652929571e-07,0.09099865704774857,0.08863129277550985,5.626122351719223e-07,0.09039168059825897,0.08841319003748516,5.54520722191826e-07,0.0904005840420723,0.08822357276129345,5.454939337957004e-07,0.0903463065624237,0.08805057855825575,5.268347640443658e-07,0.09006431698799133,0.0879125985361281,5.206861183163056e-07,0.08987559378147125,0.08780770003795624,5.205209289502144e-07,0.0898033082485199
617,19,self_attn_after_gate,Gaussian,1,0.08398715637269474,0.0006068309448511314,0.22755973041057587,0.06521054369116587,1.3196480694358354e-05,0.0745420977473259,0.0631673103641896,9.57374752731719e-06,0.06991444528102875,0.060858478089646686,9.081343284757533e-06,0.06577113270759583,0.0595631781551573,8.495144870051086e-06,0.06454364210367203,0.058789441628115516,8.041444276550685e-06,0.06462448835372925,0.05819816183712748,7.796020592933e-06,0.06446696817874908,0.057628090478598126,7.783203857066319e-06,0.06413496285676956,0.0571079726611811,7.877715725789895e-06,0.06424640119075775,0.056703459648858937,8.040589000661208e-06,0.06378138810396194,0.05639961557019325,8.219843940240605e-06,0.06431469321250916,0.05614773597982195,8.344715595654288e-06,0.06470325589179993,0.05591844181929316,8.380451542732603e-06,0.06483863294124603,0.055702924137077635,8.338458826934798e-06,0.06480343639850616,0.0555000871656433,8.24229392775964e-06,0.06466434895992279,0.05531009215684164,8.110996497220539e-06,0.06446269899606705,0.05513281227340774,7.958613566261677e-06,0.06422287225723267,0.054967837319487615,7.796240620566567e-06,0.06396043300628662,0.05481467496544596,7.633261935130918e-06,0.06368641555309296,0.05467294328032978,7.478083432289135e-06,0.06341024488210678
617,19,cross_attn,Vertical,1,0.699676888211379,2.6335046409840626,11.201251983642578,0.08965644831695253,1.5688914796411205e-06,0.09413813054561615,0.08886824323544426,3.466057510604319e-08,0.0895300954580307,0.08881943507326974,3.269099841877801e-08,0.08953328430652618,0.08880555937214503,3.2776151925934444e-08,0.0895528793334961,0.08880254366095104,3.3066961564251506e-08,0.08957313001155853,0.08880220282645453,3.3116525205900146e-08,0.08958565443754196,0.08880232582016596,3.290463168891823e-08,0.08958880603313446,0.08880265672055501,3.261935005093129e-08,0.08958563953638077,0.08880346209283858,3.2250219736894604e-08,0.0895792618393898,0.0888041855087356,3.162315420545542e-08,0.0895635336637497,0.08880408049102813,3.078468253031259e-08,0.08954405784606934,0.08880352560016844,3.0280229131464543e-08,0.08953636884689331,0.08880362659692764,3.0223749755125124e-08,0.08953797817230225,0.0888044291308948,2.9853653685688036e-08,0.08953289687633514,0.08880430365365649,2.8586265086087866e-08,0.08951207250356674,0.0888015983833207,2.7012569807857746e-08,0.0894867330789566,0.08879792855845557,2.607088512524522e-08,0.08947192132472992,0.08879568333190585,2.559932431376604e-08,0.08946343511343002,0.08879460347077203,2.5287940549104178e-08,0.08945517241954803
617,19,cross_attn,Horizontal,1,0.11571813611284135,0.0035355618056004457,0.4276503324508667,0.0889590277321755,4.04482021926221e-08,0.08988596498966217,0.08881473020901756,6.534681918392704e-09,0.08906232565641403,0.08881913693178267,6.49205946446552e-09,0.0891425609588623,0.0888220201882105,7.112889073093847e-09,0.08911514282226562,0.08880487888578385,4.980708375367443e-09,0.0890442505478859,0.08879886035408292,4.958605077563369e-09,0.08904197812080383,0.08880108027231126,5.101451634519829e-09,0.08902470767498016,0.08880728636942213,4.984916442872377e-09,0.08902225643396378,0.08880458381913957,4.4860074312350855e-09,0.08902789652347565,0.08879647723266057,3.4627726888965475e-09,0.088995561003685,0.08879651744214315,4.2403765023800115e-09,0.08901862800121307,0.08879782247637945,5.564561944369685e-09,0.08909016847610474,0.08879591962174764,4.458946669804088e-09,0.08908702433109283,0.0888022022351386,4.639994868996435e-09,0.08905193209648132,0.08880299459847193,4.9366862018737815e-09,0.08900148421525955,0.08880351341906048,5.0959549699199066e-09,0.08902517706155777,0.08886115820634932,2.1175793433940128e-08,0.08935900032520294,0.08890363680464881,5.1652514283125074e-08,0.08964268863201141,0.0890478730674774,1.224315291637595e-07,0.09005729854106903
617,19,cross_attn,Gaussian,1,0.43064123309320873,0.9165188794935807,6.8065080642700195,0.06845198630813569,8.755084140228824e-07,0.07177095115184784,0.06742716308624025,5.485657604584781e-08,0.06840036809444427,0.06716765049431059,3.47307318385704e-08,0.06785695999860764,0.06708329998784596,3.653390305467443e-08,0.06770062446594238,0.06706032476254872,3.8824665207134947e-08,0.06773146241903305,0.06705248959007717,3.897372927359186e-08,0.06773526221513748,0.06704742165784987,3.7537277255733864e-08,0.06771896034479141,0.06704146485953104,3.576844953682577e-08,0.06769611686468124,0.06703543875898633,3.422606087508692e-08,0.06767180562019348,0.0670303035350073,3.267684444093662e-08,0.0676485151052475,0.06702523028093671,3.126751692040227e-08,0.06762687116861343,0.06702025518530891,3.004038470786724e-08,0.06760398298501968,0.06701597997120448,2.8935959851687825e-08,0.06758135557174683,0.0670123194891309,2.7955359667728457e-08,0.06756241619586945,0.0670092889950389,2.710520928139751e-08,0.06756322085857391,0.0670068972404041,2.6347468307402343e-08,0.06756263226270676,0.06700511513248322,2.564667147581831e-08,0.06755532324314117,0.06700324349933201,2.501438249677035e-08,0.06754100322723389,0.06699996914655443,2.442464402388284e-08,0.06753061711788177
617,19,mix_ffn_after_gate,Vertical,1,0.294472573177209,0.10364124905709386,2.0364279747009277,0.09541864764122736,3.812535317517464e-05,0.10879933834075928,0.08185718054809267,9.008399283487449e-06,0.08904390037059784,0.07651549199270824,9.130936162989108e-06,0.08411596715450287,0.07355841154616977,1.0135210706082379e-05,0.08145549893379211,0.0716032340886101,1.0892052080567882e-05,0.07962894439697266,0.07014745296466918,1.1228694984241422e-05,0.07820938527584076,0.06900476699783689,1.1365128310302686e-05,0.07714185118675232,0.06803262493913136,1.1772991405422164e-05,0.07650186121463776,0.06715755424802265,1.2410803296549663e-05,0.07607733458280563,0.06641066027066064,1.2958548373254736e-05,0.075657919049263,0.06579642855222263,1.3387079495556428e-05,0.07538707554340363,0.06524629784481865,1.370613121892834e-05,0.07513698935508728,0.06470112993367134,1.3980146215358822e-05,0.07461297512054443,0.06415689056591382,1.4238692924856813e-05,0.07385535538196564,0.06365946916833756,1.4480278467012504e-05,0.0731818675994873,0.06323355767461988,1.4731132722324552e-05,0.07267812639474869,0.06286561571889454,1.499186466236739e-05,0.07230046391487122,0.06253851861471221,1.5256935003936672e-05,0.07203032076358795,0.06224650629456081,1.5498941413825075e-05,0.07183495908975601
617,19,mix_ffn_after_gate,Horizontal,1,0.2022229671951324,0.047497318759452255,1.6323163509368896,0.09003147542003602,1.92833991594014e-05,0.09932681173086166,0.08189842305959218,3.8180191392392874e-06,0.0857928991317749,0.07903879727163012,2.7478645699172957e-06,0.08345184475183487,0.07740286536633022,2.334765777897146e-06,0.08175960183143616,0.07625065992275874,2.0705956424458203e-06,0.08046390116214752,0.07536659862787004,1.8954503691124593e-06,0.07946117222309113,0.07464437860818136,1.7701692894634813e-06,0.07864021509885788,0.07404423008362453,1.6873907957024515e-06,0.07790002226829529,0.07354678580212215,1.6221881290377626e-06,0.07726842164993286,0.07312149448054177,1.571520966482259e-06,0.07676378637552261,0.07274747415194435,1.5570270382901892e-06,0.07635009288787842,0.07241771429304093,1.5639081874180575e-06,0.07598133385181427,0.0721293052747136,1.5747782224339919e-06,0.07566069811582565,0.07187515851997194,1.5884917076737827e-06,0.07538418471813202,0.07164918536704684,1.6025586616169722e-06,0.07514435797929764,0.07144647186237668,1.617451367591931e-06,0.07494150102138519,0.07126381200930429,1.6378974365680568e-06,0.07477898895740509,0.07109806662987149,1.6664481958928564e-06,0.07464848458766937,0.07094358924835448,1.6989298316431433e-06,0.07451212406158447
617,19,mix_ffn_after_gate,Gaussian,1,0.09101338720037824,0.0018379664910309977,0.2737264633178711,0.05694306582685501,9.669568716703962e-06,0.06302155554294586,0.05340230553632691,5.975879743877042e-06,0.05903377756476402,0.05165283092194133,5.877871899350786e-06,0.05731403827667236,0.050531717756437874,5.788651191865217e-06,0.05669490247964859,0.0497596049237819,5.617394195737742e-06,0.0558403804898262,0.049159827627359876,5.628436436081731e-06,0.05529003590345383,0.048667085667451225,5.6901033236344745e-06,0.05495364964008331,0.04827894187635846,5.680383519628479e-06,0.05467601865530014,0.04796866138303091,5.65664649283831e-06,0.05446336045861244,0.04771134754021963,5.67264526188867e-06,0.054288335144519806,0.047491110624775054,5.6941753925629425e-06,0.05412806570529938,0.047300299540871664,5.699343240954217e-06,0.05398467183113098,0.047132641254436405,5.698001259476146e-06,0.05385724827647209,0.04698259667271659,5.69632423208674e-06,0.0537421889603138,0.04684610144486503,5.6957349798779085e-06,0.05363577604293823,0.04672052433329915,5.695731275298243e-06,0.05353522673249245,0.04660418688777893,5.695467160147964e-06,0.05343889445066452,0.04649594644941981,5.694358858136259e-06,0.05334603786468506,0.04639494377705786,5.692212541307615e-06,0.05325641855597496
562,18,self_attn_after_gate,Vertical,1,0.45784826836888753,0.0825801799677813,2.0432474613189697,0.1890814552704493,0.0015031569172964299,0.29037296772003174,0.13613189118249075,0.00036306691039736757,0.17275305092334747,0.11372228309748665,0.00018243083549769517,0.1428263634443283,0.10159124102857378,0.00012300746964585745,0.1293042004108429,0.09388730509413613,9.579432253891967e-05,0.11972159892320633,0.08843871643618932,8.010703681034986e-05,0.11165447533130646,0.0842983080517678,7.011229268339463e-05,0.10437320172786713,0.08113456742158012,6.366604297801307e-05,0.0982312560081482,0.07868112310294122,5.940108486294077e-05,0.09343012422323227,0.07668614411164844,5.651271005253849e-05,0.09132413566112518,0.07497198341621293,5.4426925938744736e-05,0.09212316572666168,0.07344825619033404,5.287109496267719e-05,0.09268414229154587,0.07209398000249786,5.178278046647012e-05,0.09291090071201324,0.07090140500712017,5.1097650611371814e-05,0.09292981028556824,0.06985109541860837,5.0697538999614756e-05,0.09280861169099808,0.06891633286362603,5.039827619150824e-05,0.09247428178787231,0.06807004210967867,4.99807172526724e-05,0.09178471565246582,0.0672919943573929,4.931758422390926e-05,0.09068714082241058,0.06657240959623503,4.846338070253841e-05,0.08929777145385742
562,18,self_attn_after_gate,Horizontal,1,0.47990172297235517,0.0916769096931318,1.864743947982788,0.19312004200995914,0.0010896011179796997,0.27494069933891296,0.1513283129722353,0.0003407104191520527,0.19839835166931152,0.132916002519547,0.00016763907585892125,0.16596552729606628,0.12242409362206383,0.00010010665285004778,0.14880597591400146,0.11546308440821511,6.682002832850866e-05,0.13876356184482574,0.11047318364892687,4.84988766556289e-05,0.13205993175506592,0.10684290362728967,3.819269683880387e-05,0.1264742761850357,0.10413940783057894,3.135300446051147e-05,0.12196360528469086,0.1020332918990226,2.608320990199287e-05,0.11869756132364273,0.10031407290980929,2.1886308621163835e-05,0.11642764508724213,0.09885977007566936,1.870516265417866e-05,0.1145593523979187,0.09762710392002076,1.639207156229982e-05,0.11266997456550598,0.09659065613670954,1.4680730436563045e-05,0.110735222697258,0.09570384522279103,1.3290624615613217e-05,0.10880182683467865,0.09491320616669124,1.1979686020527762e-05,0.10685575008392334,0.09417543501134902,1.059328372948895e-05,0.10487417131662369,0.09346924083573478,9.120566527524844e-06,0.10288745164871216,0.09279685668529027,7.676080004712767e-06,0.10097882151603699,0.09217321222263669,6.401394968056278e-06,0.09923137724399567
562,18,self_attn_after_gate,Gaussian,1,0.3382726830859033,0.03194648715329545,1.2055875062942505,0.14072251083358886,0.0006839726332327172,0.2227153182029724,0.09989132531105525,0.00020449565479592805,0.14655297994613647,0.08344800474624785,9.739075820968083e-05,0.12418705224990845,0.07443668847046202,6.009342594534678e-05,0.10668979585170746,0.06878960848091141,4.205878233786087e-05,0.09324879944324493,0.06486828938599616,3.2763747553624944e-05,0.08324030041694641,0.06178419759112691,2.66684680105117e-05,0.07585430145263672,0.05922810727405169,2.1953218673762337e-05,0.07033969461917877,0.05713807679121456,1.8573652994867136e-05,0.06627003848552704,0.05543411209706276,1.6187509781089086e-05,0.06398323178291321,0.05402146847475143,1.4417671012033607e-05,0.062035445123910904,0.052819635009481794,1.3050610785141877e-05,0.06032554432749748,0.05177663674666768,1.2001130522576768e-05,0.05875770002603531,0.050869511233435735,1.1231122095669009e-05,0.057318150997161865,0.05008921299188856,1.0710505881424337e-05,0.05609125643968582,0.0494257090465417,1.0415761444836131e-05,0.055595360696315765,0.04886299200237743,1.0318370059779822e-05,0.055801961570978165,0.04838108614323631,1.036888384194599e-05,0.05599198490381241,0.047961117847571295,1.049851235691287e-05,0.055956095457077026
562,18,cross_attn,Vertical,1,0.46534489804790136,0.4515709697469885,4.859338760375977,0.13332732021808624,0.0004965125028255599,0.19428858160972595,0.1190003835492664,0.0001822670736496294,0.15488825738430023,0.1116430616331479,0.0001208817839793691,0.15225815773010254,0.10763957694409386,8.974241229341273e-05,0.14762529730796814,0.10482180804487258,6.807036582424829e-05,0.142057865858078,0.1027310196132887,5.290970861823585e-05,0.13520929217338562,0.10113245698194655,4.2157167293304836e-05,0.12901192903518677,0.09984977011169706,3.4085835907870425e-05,0.12374959141016006,0.0987887792880573,2.8069906495864973e-05,0.11926446855068207,0.09781405057698961,2.3458635491469507e-05,0.11553449183702469,0.09691946184824383,1.8888697256898523e-05,0.11219950765371323,0.09617102560069826,1.4998426323207135e-05,0.10945329070091248,0.09556934403048621,1.2129867297611113e-05,0.107308529317379,0.09497858110874419,9.736614379648265e-06,0.10512346029281616,0.09435047020041754,7.679731464827221e-06,0.10263907164335251,0.09378223807092696,6.200758342472539e-06,0.10162821412086487,0.0933216055707326,5.156381797224323e-06,0.10085691511631012,0.09293996069639449,4.364749700206414e-06,0.10007375478744507,0.09261888383872925,3.7550356159500544e-06,0.09936702996492386
562,18,cross_attn,Horizontal,1,0.5456174114157283,0.7585626165575174,6.190587997436523,0.14475745080955446,0.0009208861190510534,0.25751402974128723,0.12553861914646058,0.0003589582253932609,0.19687841832637787,0.1168417941246714,0.00020346000222682176,0.16491901874542236,0.1113297739435756,0.000132898620755544,0.15715065598487854,0.10746660497453478,8.998320266379789e-05,0.14908085763454437,0.10455220606591967,6.444942539301928e-05,0.14161130785942078,0.10237805462545818,4.8963120861668925e-05,0.13593789935112,0.10070226235049111,3.7927284803959047e-05,0.1309603899717331,0.09936341276717564,2.9550518927249153e-05,0.12635143101215363,0.0982872765688669,2.3148168098721055e-05,0.12217234075069427,0.09742426860427099,1.8360451546797627e-05,0.11870130896568298,0.09670743949356533,1.4485942260826138e-05,0.1154586598277092,0.09606765186975873,1.117065042551448e-05,0.11196884512901306,0.09552762811146086,8.661293604971938e-06,0.1087186336517334,0.09509810308615367,6.899701195352469e-06,0.10582946240901947,0.09468443348767265,5.4988336780069975e-06,0.10274223983287811,0.09419109755092198,4.2632740796030654e-06,0.10200099647045135,0.09364546267759233,3.2498058005683253e-06,0.10113758593797684,0.09317055983202797,2.5502552327462553e-06,0.09966138005256653
562,18,cross_attn,Gaussian,1,0.1974199599926434,0.020490987022982122,0.7295168042182922,0.10327709028645167,0.0006583234150818645,0.20032551884651184,0.09046182095531434,0.00022376456889594605,0.1395622193813324,0.08445426041171664,0.0001030564211193729,0.12247568368911743,0.08112014723675591,6.406781864895976e-05,0.10897213965654373,0.07799508576355284,4.049434428765801e-05,0.0995347797870636,0.07584508295570101,2.4342769579899632e-05,0.09022791683673859,0.07388070899815787,1.7499273692657282e-05,0.08700720965862274,0.07253672773875887,1.3834498812979782e-05,0.08560322225093842,0.07159869159970965,1.1333283765342282e-05,0.08402055501937866,0.07085187165510087,8.850236969329298e-06,0.08092623949050903,0.07011707978589195,6.392163104761934e-06,0.07696603238582611,0.06950232079104772,5.069045041791925e-06,0.07467059046030045,0.06907463629567434,4.175293187218275e-06,0.07410582900047302,0.06861772246304013,3.361978375247195e-06,0.07330986857414246,0.0681809000079594,2.9366505674023145e-06,0.07245505601167679,0.06786311039375881,2.6065250612079276e-06,0.07178407907485962,0.06758959579562383,2.3273495561128167e-06,0.07126535475254059,0.06733342260122299,2.1058691658777594e-06,0.07079151272773743,0.06714692901051234,1.993998538024654e-06,0.07040233165025711
562,18,mix_ffn_after_gate,Vertical,1,0.8018124647556789,0.21271766318829408,2.120359182357788,0.2250026980089763,0.002000550718797398,0.3274729251861572,0.13108894571898475,0.00020987605558378368,0.16280312836170197,0.0958450800842709,5.137314175903333e-05,0.10857546329498291,0.07877373234147117,2.4402133361084926e-05,0.08904864639043808,0.0691956700313659,1.7408341652163287e-05,0.07920612394809723,0.06326348192635037,1.5324868034433304e-05,0.07292493432760239,0.05931695769467051,1.4744967694136697e-05,0.06868217140436172,0.05650605184454766,1.4710033823636432e-05,0.0655340701341629,0.05440001615456173,1.4825062489241732e-05,0.06305444240570068,0.05278360069034591,1.4894143357770096e-05,0.061113983392715454,0.05152752132169784,1.4901837307602949e-05,0.05960240587592125,0.050533231288667706,1.4865833517233996e-05,0.05839771777391434,0.04972746110861263,1.4811774045326285e-05,0.05772886797785759,0.0490583200894651,1.4761091813577662e-05,0.057502325624227524,0.04849090876560363,1.4710205861122977e-05,0.05733382701873779,0.048002604868203874,1.4640592812512326e-05,0.057151179760694504,0.04757843692860906,1.453891199781794e-05,0.056925512850284576,0.04720773802153648,1.4402932157199457e-05,0.05665531009435654,0.046882309374355134,1.4237958767119642e-05,0.05635049194097519
562,18,mix_ffn_after_gate,Horizontal,1,0.7702305085129209,0.16073778415595366,2.025826930999756,0.24267086268417418,0.002279229091864516,0.3382264971733093,0.14709206493127913,0.00026159542061201017,0.177150160074234,0.11083520866102642,6.606688351419983e-05,0.12577474117279053,0.09262310122213667,2.686949446279542e-05,0.10219874978065491,0.08200755171359532,1.542088273322606e-05,0.08979348093271255,0.07515839274440493,1.112758548814075e-05,0.0819801539182663,0.0704359489064368,9.19060687099715e-06,0.07666581869125366,0.06706144802627109,8.296868500759821e-06,0.07284358143806458,0.06457277742170152,7.904698799439515e-06,0.07029713690280914,0.06268772074864024,7.740814035977296e-06,0.06849195063114166,0.06122699705144716,7.66169315353751e-06,0.06710704416036606,0.06007604253670526,7.605023564394956e-06,0.06604079902172089,0.059155140604291646,7.568294372198197e-06,0.06528962403535843,0.058399404857366805,7.581205745597914e-06,0.06472250819206238,0.05775966424317587,7.622178623091903e-06,0.06423267722129822,0.057209676338566676,7.645327394434343e-06,0.06379681825637817,0.056735706530393115,7.644780881808268e-06,0.06342072039842606,0.05632596072696504,7.635850406161128e-06,0.06310383975505829,0.05597067577025247,7.636141427404414e-06,0.06283903867006302
562,18,mix_ffn_after_gate,Gaussian,1,0.7440483494410439,0.19202307664156212,1.9183865785598755,0.20435247913239493,0.0021442182432029203,0.30423247814178467,0.1152894486274038,0.00020080834666540192,0.14466437697410583,0.08396616566275793,4.3159471274485756e-05,0.09995388239622116,0.06936323104633225,1.738723889548761e-05,0.08020924031734467,0.061310809046503094,1.0436031863543679e-05,0.0691668838262558,0.05636722842852274,7.677802794504179e-06,0.06332500278949738,0.05305003670472947,6.360311604201294e-06,0.059345316141843796,0.05068966379714391,5.718676905210467e-06,0.05659442022442818,0.04895973926971829,5.3802381635908015e-06,0.05456818640232086,0.04766352403731573,5.189244018457293e-06,0.05299405753612518,0.04667268622489203,5.081995229542708e-06,0.0517696887254715,0.04590097229395594,5.024569746071041e-06,0.05084047466516495,0.045285910781886846,5.00875191856e-06,0.050136636942625046,0.044785891910867084,5.029549255445152e-06,0.049630455672740936,0.04437400471596491,5.078829186183128e-06,0.049366410821676254,0.044030551281240254,5.148894269133012e-06,0.049170803278684616,0.04374014302378609,5.231956338793026e-06,0.049024809151887894,0.043491267259158785,5.320246511032153e-06,0.04891112446784973,0.0432761377167134,5.407152097945265e-06,0.04881610348820686
562,19,self_attn_after_gate,Vertical,1,0.1875479043949218,0.040698671608454244,1.4794148206710815,0.10014681979304269,2.045925808550435e-05,0.11258170753717422,0.09400558329763867,1.2505047537543712e-05,0.10175898671150208,0.09067527689631023,1.0403203297827803e-05,0.09688609838485718,0.08841912921458955,9.539720965662689e-06,0.093978151679039,0.08668545893733463,9.00837837052473e-06,0.0916827842593193,0.08538924748935396,9.036641363844334e-06,0.0903133675456047,0.08431686259924419,9.195082934290074e-06,0.0896676778793335,0.08341760495825419,9.431906361207444e-06,0.08902569115161896,0.08267938688633934,9.668634680030158e-06,0.0884002074599266,0.0820656024983951,9.900814292567188e-06,0.08802971243858337,0.08154115258228212,1.021966721336256e-05,0.08790382742881775,0.08108896986832695,1.0528680858662405e-05,0.08765920996665955,0.08066927322319575,1.089324503761527e-05,0.08723828196525574,0.08024078524774975,1.1463342705120126e-05,0.08682133257389069,0.07983201221814232,1.2078726512463327e-05,0.08659549057483673,0.07948853808736044,1.2595114556068928e-05,0.08646565675735474,0.07919623525369734,1.3012716770065271e-05,0.08658149838447571,0.07891713106443012,1.3360166186820159e-05,0.08696776628494263,0.07863342478161767,1.3734420069941486e-05,0.08703990280628204
562,19,self_attn_after_gate,Horizontal,1,0.24246913159177416,0.0877270190153933,2.122462034225464,0.10839235226786326,1.4491564916009051e-05,0.11821137368679047,0.10176936063974623,5.992464490500023e-06,0.10809212923049927,0.09768653199786231,2.717477840462362e-06,0.10367824882268906,0.09508150082732005,1.5883161146709199e-06,0.10082585364580154,0.09337681732953541,1.1362392343869797e-06,0.09805972874164581,0.09217970711844307,7.931300177976778e-07,0.09579181671142578,0.09135657288725414,6.50744154558988e-07,0.09457023441791534,0.0907716125486389,5.835228884312447e-07,0.09361948072910309,0.09032261596312599,5.327538918338557e-07,0.09277784824371338,0.08996558757055373,4.964385332072217e-07,0.09212391078472137,0.08967273067387324,4.743061793772031e-07,0.09155227243900299,0.08941814137829675,4.6523118393056537e-07,0.09131446480751038,0.08918710868983042,4.6787331024242804e-07,0.09133725613355637,0.08897845139579168,4.7404819637732904e-07,0.09124675393104553,0.08879215081059744,4.80599071590572e-07,0.09105187654495239,0.08862321575482686,4.893005973498233e-07,0.09083636105060577,0.08846675888413474,5.019142359462751e-07,0.09064602851867676,0.08832263911054247,5.203285954861183e-07,0.09053729474544525,0.08819400187995699,5.440125599165891e-07,0.09051310271024704
562,19,self_attn_after_gate,Gaussian,1,0.10770873961940644,0.0022591518671642714,0.3607774078845978,0.07127281751424547,1.2534096287716982e-05,0.07936554402112961,0.06579257683858039,1.1253255519214254e-05,0.07658374309539795,0.06207343995098084,9.018041212773109e-06,0.07286252826452255,0.060273862724739405,8.452987278895181e-06,0.07204391062259674,0.0591622826953729,8.383608583036954e-06,0.07095223665237427,0.05833353255949323,8.73702086856714e-06,0.06982702016830444,0.05780211386699525,9.272792699605963e-06,0.0697944164276123,0.05727424188738778,8.855248672578288e-06,0.06829869747161865,0.056711184777437695,7.903844597787218e-06,0.06620189547538757,0.05625251994010002,7.318885658288408e-06,0.06507235765457153,0.055920776984994376,7.0692320130193166e-06,0.06442071497440338,0.0556601116818095,6.943301354710946e-06,0.06365057080984116,0.05543909606242937,6.8871026163954795e-06,0.06298398226499557,0.05526918356144239,6.918116503370766e-06,0.06262579560279846,0.05514459110914715,6.978220963438024e-06,0.06236424297094345,0.055045984803684174,7.011960899481551e-06,0.0620800256729126,0.054959629499723044,7.016019196293556e-06,0.061798419803380966,0.054881086779965296,7.03214070470249e-06,0.0615638867020607,0.05480642220567143,7.073310427372761e-06,0.06136249378323555
562,19,cross_attn,Vertical,1,0.14234178974514916,0.015138063930327291,0.8700377941131592,0.08913215545434801,1.11209637880487e-07,0.09013298153877258,0.0889499643965373,3.6238222931221816e-08,0.08944058418273926,0.08893099202523155,3.0738163909493596e-08,0.08935754001140594,0.08890237706521201,2.7645835830244852e-08,0.08930736780166626,0.08888258844140977,2.5192458500784393e-08,0.08927594125270844,0.08886687859656318,2.2973616116748475e-08,0.08926528692245483,0.08885594244514193,2.0858707123846515e-08,0.0892510712146759,0.08885448284092404,1.822978842811065e-08,0.08922260999679565,0.08885591370718819,1.6087843716565727e-08,0.08919444680213928,0.08883253177480092,1.4652781567695262e-08,0.08919400721788406,0.0888185350904389,1.4240448197173948e-08,0.08922098577022552,0.08881158086042555,1.3793311493933302e-08,0.08922338485717773,0.08881598864755934,1.4884295634032491e-08,0.08924826234579086,0.08881938883236476,1.5348858458847404e-08,0.08921902626752853,0.08882759558776068,1.832437432633529e-08,0.089210644364357,0.08881399839643449,1.4422056489616314e-08,0.08911746740341187,0.08881489968016035,1.4610934431345918e-08,0.08912447094917297,0.0888127154774136,1.3174342363259027e-08,0.0892210528254509,0.08883796052800284,1.492963670405925e-08,0.08930900692939758
562,19,cross_attn,Horizontal,1,0.1190716354619889,0.005081506707243278,0.5689749717712402,0.08886102090279262,2.0924235377871276e-08,0.08937090635299683,0.0888100274735027,7.833528975594863e-09,0.08902953565120697,0.08880880522349524,7.702215399641797e-09,0.08905664086341858,0.0888151153922081,7.981534609602557e-09,0.08909498155117035,0.08881659782122052,7.077995893037751e-09,0.08905470371246338,0.08882272255326075,6.905445746950657e-09,0.0890432745218277,0.08884313962762318,9.632138695393479e-09,0.08912801742553711,0.08882693402350895,7.506362903751032e-09,0.0890275090932846,0.08881681317847873,6.405067089570674e-09,0.089124895632267,0.08881555556777924,6.834022745063137e-09,0.0891679972410202,0.0888058886168495,5.888916716771346e-09,0.08906546235084534,0.08881057515030816,5.613734009266624e-09,0.08902900665998459,0.08881984875788765,5.509151936469982e-09,0.08904486894607544,0.08882842780578704,5.672044942571989e-09,0.08902929723262787,0.08883156792985068,9.002978071063653e-09,0.08915429562330246,0.08882019042022644,8.285003308108663e-09,0.08912256360054016,0.08882235404517916,8.676479411091794e-09,0.08912044763565063,0.08885756548908022,1.789812611483719e-08,0.08939025551080704,0.08889521540157379,3.295114667755407e-08,0.08960756659507751
562,19,cross_attn,Gaussian,1,0.09620670477549235,0.00437373318369107,0.510549783706665,0.0671314476501374,1.8143129264818625e-07,0.06954589486122131,0.06704239890215889,1.3958766773292184e-07,0.06940975785255432,0.06703182002381673,1.3013858190663136e-07,0.06933319568634033,0.06703853950140969,1.3046690994192072e-07,0.06934678554534912,0.06707418319724855,1.2330719960414843e-07,0.06933297216892242,0.06704517595824741,1.0324270447000096e-07,0.06903141736984253,0.06699342765505352,1.0488900168901134e-07,0.06909090280532837,0.06698183348727604,1.0317511797983261e-07,0.06901735067367554,0.06697997166996911,9.673934343965428e-08,0.06895819306373596,0.06700399092265538,1.0779768465290838e-07,0.06901387870311737,0.06705368937007965,1.027301826872255e-07,0.06870986521244049,0.0670348418846963,7.34114333459215e-08,0.06854945421218872,0.06703338121610974,6.217231163669419e-08,0.0684879794716835,0.06704806276257076,8.357262329466851e-08,0.06859724223613739,0.06702192778152133,9.314189192495491e-08,0.0684371143579483,0.06700486926332352,8.327291804404557e-08,0.06821653991937637,0.06703696258011319,9.639090566266063e-08,0.06823302805423737,0.06707797199487686,9.37235035400991e-08,0.06827396154403687,0.06703402362172566,7.255946272245185e-08,0.06793272495269775
562,19,mix_ffn_after_gate,Vertical,1,0.36426729436904665,0.17735081907503594,2.530703544616699,0.09855092305039602,8.459035201520083e-05,0.1196933388710022,0.08240411607992082,2.2922263882405898e-05,0.09416791051626205,0.07725565360179024,1.8682265798550984e-05,0.08792855590581894,0.07452328432173956,1.7110969322711616e-05,0.0845249593257904,0.07267263011326866,1.6258890786920693e-05,0.08214499056339264,0.07119896109142,1.564729354090133e-05,0.08009140193462372,0.06992924716027957,1.4890978041153194e-05,0.07810626178979874,0.0689011560309501,1.4298172991887773e-05,0.07682546973228455,0.06805736181281861,1.3866509556550086e-05,0.07605889439582825,0.0673188626293152,1.3701909378687268e-05,0.0755046084523201,0.06663933041549865,1.3861071357083945e-05,0.07518108189105988,0.06601314039693938,1.4105320364020632e-05,0.07490270584821701,0.0654653799794023,1.4301043165203185e-05,0.07459712028503418,0.06499661304174907,1.4476826626131704e-05,0.07434874027967453,0.0645734200638438,1.4627026855196422e-05,0.07413259148597717,0.06415653542157203,1.4738738564368516e-05,0.07383106648921967,0.06372502990185268,1.4828443267246262e-05,0.07338856160640717,0.06329625064418429,1.4923177476843081e-05,0.07292352616786957,0.06290286123043015,1.5038791913312863e-05,0.07255245000123978
562,19,mix_ffn_after_gate,Horizontal,1,0.22249036897269506,0.06563528091745503,1.776708960533142,0.09338645223114225,1.93788601916435e-05,0.10356447845697403,0.08511956319922492,4.7627133462226605e-06,0.09014986455440521,0.08180943060488928,3.2771710302749184e-06,0.08585457503795624,0.07972978977929979,2.6542614490026783e-06,0.08371246606111526,0.07820250046631647,2.2733867692395933e-06,0.0820935070514679,0.07701460508600114,2.0301245807795546e-06,0.08082608878612518,0.07606604044872617,1.8772229154147251e-06,0.07981531322002411,0.07529461194598486,1.7846060682945257e-06,0.0790003091096878,0.07465784523695235,1.7323913320073343e-06,0.07833430171012878,0.07412479711430413,1.7089177955039833e-06,0.0777842104434967,0.0736717941269042,1.704651540968593e-06,0.07732927054166794,0.07328084548787465,1.7121396627915442e-06,0.07695280015468597,0.0729384312317485,1.7292979483656007e-06,0.07663878798484802,0.07263531240205916,1.7568260758779898e-06,0.07636445760726929,0.07236450993352467,1.793802118487721e-06,0.0761067122220993,0.0721185292516436,1.841968344440317e-06,0.07585413753986359,0.07189037544386727,1.8967917223923288e-06,0.07561855018138885,0.07167627615114999,1.945357229866826e-06,0.07540539652109146,0.07147549494864448,1.9848325625554747e-06,0.07519964873790741
562,19,mix_ffn_after_gate,Gaussian,1,0.38830953978356864,0.4453113724774252,4.1485090255737305,0.07363032608751267,4.209368917285302e-05,0.09084053337574005,0.06380211343131369,8.813787641304243e-06,0.07066196948289871,0.06003865741548084,6.748159606475474e-06,0.06661546975374222,0.057585065208730246,5.826619925205622e-06,0.06336639821529388,0.05577217184361957,5.36901939419389e-06,0.06097014248371124,0.05436341996703829,5.216040526639805e-06,0.06009485200047493,0.053279674242413234,5.2111737839979594e-06,0.05940217897295952,0.052449121479950254,5.3394758287906285e-06,0.05897726118564606,0.05179712058059753,5.5178123768353345e-06,0.05874199420213699,0.05126731594403585,5.6184506061617344e-06,0.05846069008111954,0.050831627987679984,5.629755670014471e-06,0.05802762508392334,0.05048680400091504,5.646033387338539e-06,0.05759214609861374,0.05022214642829365,5.706160779038369e-06,0.05720747262239456,0.05001144176201215,5.798852379223418e-06,0.05674421787261963,0.049816898646808806,5.886090323187436e-06,0.056056439876556396,0.04959845466036645,5.90627187591908e-06,0.05590933561325073,0.04934094195801114,5.822165548546322e-06,0.0558365061879158,0.04906877798456994,5.683457698991366e-06,0.05583152174949646,0.04881952898133369,5.58447902023683e-06,0.0559152290225029
499,18,self_attn_after_gate,Vertical,1,0.6626066418867262,0.28960058891857016,3.6154966354370117,0.2152983723651795,0.0018906536145698919,0.33204784989356995,0.1511427555528898,0.0005285050344373103,0.21662691235542297,0.12436391495996052,0.000293113063537233,0.1741911768913269,0.10962031367752287,0.00019765541375168981,0.14686942100524902,0.10019386382330031,0.0001466810781219285,0.129391610622406,0.09362133072009163,0.0001155666277898106,0.1195012629032135,0.08877198043323699,9.495454200244337e-05,0.1133078932762146,0.08502243695751069,8.109284295070936e-05,0.10791424661874771,0.08203078569873931,7.178916320478824e-05,0.10345202684402466,0.07957959234241456,6.547096786825303e-05,0.09981998801231384,0.07750992583377021,6.108708849697692e-05,0.09686283767223358,0.07570990399708824,5.7977853679457234e-05,0.09442715346813202,0.0741128149250197,5.575453147051497e-05,0.0923667848110199,0.07268920120975328,5.415863500300446e-05,0.09055803716182709,0.07142482313608366,5.2992208764020106e-05,0.08892505615949631,0.07030396825737423,5.211105132983362e-05,0.08743356168270111,0.0693080879393078,5.141606157664441e-05,0.08606883883476257,0.06841891755660374,5.083947491888733e-05,0.08482107520103455,0.06762037775109685,5.0336237067828314e-05,0.08367910981178284
499,18,self_attn_after_gate,Horizontal,1,0.37474197504066287,0.04467832128551115,1.2361204624176025,0.16454845690538014,0.0005519285804434265,0.22425158321857452,0.13305679460366568,0.0001383330590757841,0.16134503483772278,0.11953807634020609,6.966225752187715e-05,0.13680066168308258,0.11157564913469648,4.039548127246626e-05,0.12612435221672058,0.10630157495301867,2.4586002386608697e-05,0.11840818077325821,0.1025720261155613,1.5911708766860104e-05,0.11324282735586166,0.09989639750075718,1.1730582139216597e-05,0.10923516750335693,0.0978811104146261,9.125442516509752e-06,0.10659000277519226,0.09630087455586782,7.171154255457672e-06,0.10357773303985596,0.0950407146934479,5.731581753779468e-06,0.10118263959884644,0.09401640757208779,4.7485835492975695e-06,0.09936428815126419,0.09315531901896947,4.085090421617879e-06,0.09786005318164825,0.09240989446166963,3.6236047577199595e-06,0.09657949209213257,0.09174894080275581,3.2954846478509864e-06,0.09545502066612244,0.09115112312729397,3.0510388678254105e-06,0.09494192898273468,0.09060545265674591,2.851052205356803e-06,0.09455010294914246,0.0901090247290475,2.675115582271247e-06,0.09397488832473755,0.08966054932938682,2.520776792821891e-06,0.0932932049036026,0.08925677717678131,2.391684039031426e-06,0.09257917106151581
499,18,self_attn_after_gate,Gaussian,1,0.6225371464850411,0.274179573757667,2.9614415168762207,0.17776846696460058,0.0014448962209319726,0.272896945476532,0.11883865911809224,0.0003094833939112758,0.15495723485946655,0.09387340574037462,0.00012471084204584312,0.12217708677053452,0.08092895800632144,7.02687235110688e-05,0.10258594155311584,0.07304669000090115,4.7451625929288866e-05,0.09026770293712616,0.06763219969376685,3.547778862490211e-05,0.08390125632286072,0.06370613014414198,2.8198324604633175e-05,0.07871872931718826,0.06078416126824561,2.3636606297582156e-05,0.07467196136713028,0.05852169265586232,2.0480913313889636e-05,0.07126343995332718,0.056695380735965,1.802187259622332e-05,0.06819310039281845,0.05516761074227,1.599843947729789e-05,0.0665988177061081,0.05387005416883363,1.435953968400192e-05,0.06501565128564835,0.05276645028165409,1.3059605195564684e-05,0.06347154080867767,0.05182549605766932,1.2029054588764549e-05,0.06201312690973282,0.0510176992014287,1.120281795138422e-05,0.060664109885692596,0.050315541643945,1.0528327954367447e-05,0.059435345232486725,0.049694454740910304,9.966982138379773e-06,0.05832776054739952,0.04913547398552062,9.495274868743434e-06,0.0573289655148983,0.048626597615934554,9.100742952070971e-06,0.05641569197177887
499,18,cross_attn,Vertical,1,0.19768992988836198,0.011121649703853846,0.6891037225723267,0.11982185204350759,0.00035532334625472677,0.20305180549621582,0.10985710601958018,0.00012240669301532151,0.1445838212966919,0.10415574044935287,7.152986022783428e-05,0.12905991077423096,0.10098681634380705,4.394650177585372e-05,0.12191732972860336,0.09881255669253212,2.570585853088038e-05,0.11676886677742004,0.09691141037240861,1.6068580986052202e-05,0.11189798265695572,0.09551612524286149,1.048459363181996e-05,0.10865729302167892,0.0945992526553926,7.017359004515902e-06,0.10549864917993546,0.0939324480437097,5.009676527325983e-06,0.10141894221305847,0.09325697485889707,3.6872757889206885e-06,0.09903191030025482,0.09278723148126451,2.9631204759912538e-06,0.09736170619726181,0.0924247254927953,2.4046339872435986e-06,0.09645891189575195,0.09217813658335852,1.9701939691669517e-06,0.09590549767017365,0.09192029469543034,1.699984155680054e-06,0.09528623521327972,0.09163060346766123,1.6733861725722076e-06,0.09544019401073456,0.09147315933590844,1.6839361397803255e-06,0.09569308161735535,0.09130739917357762,1.4353438504192854e-06,0.09532485157251358,0.09115361327689792,1.298290030997987e-06,0.0952199250459671,0.09101459998933095,1.1769721505422346e-06,0.0948239415884018
499,18,cross_attn,Horizontal,1,0.21872419331754958,0.02759891999741804,1.059678316116333,0.12256713164231134,0.0002474041424616345,0.17010514438152313,0.10859927925325576,6.938393143837815e-05,0.13879355788230896,0.10301700258065784,3.37403348381738e-05,0.11809279024600983,0.09972373171458168,1.730382378821627e-05,0.11375001817941666,0.0977389778173159,1.0157896875678414e-05,0.10658947378396988,0.09628824132775503,6.944786921215036e-06,0.10211595892906189,0.09510978748874059,5.321919987533412e-06,0.10276336967945099,0.0942079211984362,3.773504981073145e-06,0.1010437086224556,0.09362049211585333,3.06572128061329e-06,0.10034138709306717,0.09319732243579532,2.7428402256774022e-06,0.09987436234951019,0.09280128233016484,2.444096976603514e-06,0.09939070045948029,0.09245610994005961,2.1470045718067266e-06,0.09857484698295593,0.09226729212299226,2.0208135710138854e-06,0.09851255267858505,0.09215487539768219,2.0847958485784775e-06,0.09840492904186249,0.09210954854885738,1.9493483856186214e-06,0.09699517488479614,0.09209948683541919,1.9063614034057963e-06,0.09735703468322754,0.09206953952236781,2.083355753820105e-06,0.0982464849948883,0.0919918277197414,2.283964301437587e-06,0.09851948171854019,0.09185964141100172,2.2715886774625853e-06,0.09812840819358826
499,18,cross_attn,Gaussian,1,0.25356418840468875,0.07515545167069651,1.8821170330047607,0.10230907147365903,0.0003056277260091766,0.16021832823753357,0.08988267396177564,0.0001317086849217129,0.12383174151182175,0.08307349492633154,5.97522796052897e-05,0.11131472885608673,0.07941669734224441,3.791774307151249e-05,0.10274496674537659,0.07681607762499461,2.6241678758643927e-05,0.0957380086183548,0.07475275948407158,1.4997051770957422e-05,0.09027543663978577,0.07343280303572851,1.1857515201382905e-05,0.08631528913974762,0.07205560283055382,8.58148068078775e-06,0.08211573958396912,0.07101442097198396,6.132671371068428e-06,0.0785919651389122,0.07024559875329335,4.622344437577206e-06,0.07612773030996323,0.06960889306806382,3.61838922623453e-06,0.07431749254465103,0.06915280329329627,3.0091845861195313e-06,0.07294680178165436,0.06880329868623189,2.469706868148701e-06,0.07243175804615021,0.06849787963761224,2.0650704190513928e-06,0.07216537743806839,0.06824616768530437,1.8306178483379685e-06,0.07183916866779327,0.06802806411943739,1.6602873087946488e-06,0.07146251946687698,0.06784886807676345,1.570512317241311e-06,0.07115486264228821,0.06772084853478841,1.5873167499198648e-06,0.07120063900947571,0.06755184488637107,1.6106288246281328e-06,0.07115796208381653
499,18,mix_ffn_after_gate,Vertical,1,0.7738063926734622,0.18066273614084732,2.0507116317749023,0.23553186205644455,0.0022021059159431197,0.3480622172355652,0.13906869268606578,0.00024492137226608677,0.17477098107337952,0.1018847892918284,6.119251089909181e-05,0.11814737319946289,0.08333445411352884,2.7278251243637452e-05,0.09606946259737015,0.07265392501675894,1.823287729994766e-05,0.08354948461055756,0.06591381499218563,1.5496925247871245e-05,0.07610884308815002,0.06135958586893384,1.4458891298939955e-05,0.07131331413984299,0.05812152274071224,1.4005039570472838e-05,0.06786572933197021,0.05573753847016229,1.3871027973308274e-05,0.06539470702409744,0.05394446246680759,1.3858168065897997e-05,0.06359358131885529,0.052566920717557274,1.3888640345803537e-05,0.062245868146419525,0.051481593222845165,1.3960510268191018e-05,0.061192866414785385,0.05060471487896783,1.408212995518032e-05,0.06029772758483887,0.04988433639445002,1.4217462045010347e-05,0.05948423594236374,0.04929072202907668,1.4314366157076622e-05,0.05874139070510864,0.04880348179075453,1.4358827798816347e-05,0.058068469166755676,0.048403919866633796,1.436222522970082e-05,0.05745715647935867,0.04807379563886022,1.4341747758402529e-05,0.05690251663327217,0.0477959577526365,1.4313546886158606e-05,0.05640704929828644
499,18,mix_ffn_after_gate,Horizontal,1,0.6272671080770946,0.1182631704083963,1.6582221984863281,0.19739959873850382,0.0013665360143335782,0.2754555344581604,0.1219627634873466,0.00014743984745744073,0.14443862438201904,0.09423806861279503,3.5728541999571323e-05,0.10556291788816452,0.08098318285885311,1.627515170762274e-05,0.08956534415483475,0.07351504313567328,1.1272329415147937e-05,0.08064451813697815,0.06889298605540442,9.430905592695714e-06,0.07527408748865128,0.06582728448131728,8.617236568208367e-06,0.0718519538640976,0.06365644961359009,8.358754278226187e-06,0.06960612535476685,0.062034583931404444,8.258364508264602e-06,0.06809291243553162,0.06078733036678935,8.12280707025823e-06,0.0669061541557312,0.05980856562890704,7.976304153983071e-06,0.06600814312696457,0.05902277548161764,7.851310229997924e-06,0.06529567390680313,0.058381623100666774,7.76449403612354e-06,0.06469935178756714,0.05785422683471725,7.715622795656041e-06,0.06420086324214935,0.05741609260439873,7.68838088164541e-06,0.0637911781668663,0.05704715404482115,7.673278849801139e-06,0.0634528398513794,0.05673303212674837,7.666592081372185e-06,0.0632227212190628,0.05646348035051709,7.66328504365821e-06,0.0630490779876709,0.05623092632445078,7.660036783967639e-06,0.06290073692798615
499,18,mix_ffn_after_gate,Gaussian,1,0.7679449121157328,0.18497625062533618,2.072195529937744,0.22547681061994462,0.0023164251760775995,0.3299759328365326,0.12931834315023724,0.00025158191276502856,0.1634208858013153,0.0934967172760812,6.036917802240291e-05,0.11198728531599045,0.0759992493050439,2.4551057167844554e-05,0.08822654187679291,0.06603839887040001,1.4339241786151592e-05,0.07532120496034622,0.0598376031432833,1.0189242240415261e-05,0.06735245883464813,0.0557472063080659,8.175404351521864e-06,0.06247474625706673,0.052922187520871085,7.079015801522935e-06,0.059258922934532166,0.05088811769844994,6.399957967545335e-06,0.05732592195272446,0.04937391887818064,5.9271755891933396e-06,0.05583014339208603,0.048232348251437386,5.609336014790639e-06,0.05459702014923096,0.047359555250122434,5.412071917867595e-06,0.053561463952064514,0.046670302926074894,5.296690290980522e-06,0.05268555507063866,0.04609873624784606,5.219843624252966e-06,0.05196278914809227,0.04560240405419516,5.149256540496442e-06,0.05139005184173584,0.045163785417874656,5.083652860312631e-06,0.05094209313392639,0.0447810830932761,5.040664627065635e-06,0.05058322846889496,0.04445467161990348,5.02965359941583e-06,0.05028656870126724,0.04418053341999886,5.045022934776604e-06,0.05003601685166359
499,19,self_attn_after_gate,Vertical,1,0.2066089172684957,0.05338605236788304,1.7307894229888916,0.10368035970226167,2.7191957538133617e-05,0.11839483678340912,0.094586476920143,1.2630540665126616e-05,0.1042785719037056,0.08982545705068679,1.0843032926347452e-05,0.09665076434612274,0.0868090892594958,1.0117543691273106e-05,0.09294861555099487,0.08510846916645293,1.0317950490115262e-05,0.09187725186347961,0.08398240047787862,1.068914063108372e-05,0.09121714532375336,0.08323549502898776,1.1125918349613949e-05,0.09092827141284943,0.08264844261464618,1.1590141246604584e-05,0.09132876247167587,0.0821122233829801,1.2042059496921739e-05,0.09223911166191101,0.0816751081082556,1.2556891663068815e-05,0.09297116100788116,0.08131348459966599,1.3207352794968294e-05,0.093377985060215,0.08094924629207641,1.3727481752706576e-05,0.09285701811313629,0.08054709824777785,1.3813214504221097e-05,0.09166420996189117,0.08016414490957109,1.3698036706698858e-05,0.09049290418624878,0.07983575240960197,1.349308049787426e-05,0.08944506198167801,0.07953814700955436,1.3205106900510625e-05,0.08861789852380753,0.07924180655252366,1.302641264311117e-05,0.08819243311882019,0.07894673730645861,1.3102268237309949e-05,0.08812841773033142,0.07867350488428086,1.3332299586500698e-05,0.08821042627096176
499,19,self_attn_after_gate,Horizontal,1,1.4037123450211115,7.591268641716579,15.193016052246094,0.14896992085471986,0.000884789463279533,0.24152368307113647,0.11639163962432317,2.3490692742320586e-05,0.12681043148040771,0.11014154482455481,1.2379225018570042e-05,0.11715980619192123,0.10568869539669581,7.880315913635808e-06,0.11203989386558533,0.10215058804504455,5.4808442096394555e-06,0.10796977579593658,0.09941932700929187,4.031780100031518e-06,0.10463017225265503,0.09735938741101159,3.102062966579801e-06,0.10196919739246368,0.09578528278876865,2.486105861798946e-06,0.09981657564640045,0.09456262737512589,2.060254282497552e-06,0.09830775856971741,0.09359841935691379,1.7575345353230979e-06,0.09721030294895172,0.09282700078827995,1.5428247046904093e-06,0.09628458321094513,0.09220243552847514,1.3929018444278293e-06,0.09549115598201752,0.09169100579761323,1.286925989442534e-06,0.0948052629828453,0.09126607470569156,1.2078190854134232e-06,0.09420335292816162,0.09090584942272731,1.143087990350579e-06,0.09367743134498596,0.09059163679679234,1.082670613182843e-06,0.09332722425460815,0.09030805776516597,1.019086581212028e-06,0.09293825179338455,0.0900462247313015,9.516197374647643e-07,0.09248562157154083,0.08980607915492285,8.888311289249144e-07,0.09222688525915146
499,19,self_attn_after_gate,Gaussian,1,0.2961494694389994,0.23081665418263844,3.2318873405456543,0.08142524460951488,4.184507220865331e-05,0.10006795823574066,0.07274487685589563,1.4309325971845841e-05,0.0824689269065857,0.06785639475971933,8.030456986661265e-06,0.07379864901304245,0.06483809709075898,6.1606289450599075e-06,0.07097050547599792,0.06283139366479147,5.523199801700918e-06,0.06867071241140366,0.061398578423356255,5.217760774159117e-06,0.0669608786702156,0.060360653473744315,4.998334738253678e-06,0.06581000983715057,0.059574831454526814,4.802491716397024e-06,0.06478366255760193,0.05892248806499299,4.65998649905316e-06,0.0637408196926117,0.058368499671655985,4.6142260094739476e-06,0.06309759616851807,0.057923769371377096,4.666179634697843e-06,0.06279946118593216,0.057554889233812453,4.822017914833146e-06,0.06248611956834793,0.05722106543798295,5.020851085683682e-06,0.06197992339730263,0.056896329162612794,5.136834449846848e-06,0.061377763748168945,0.05658761417818448,5.155373350629363e-06,0.06142711639404297,0.056315839290618896,5.1582532822261374e-06,0.06153552979230881,0.056084455360495854,5.181568509889633e-06,0.06165760010480881,0.05588768091466692,5.229583961679218e-06,0.06179526448249817,0.05572116641061647,5.302447678511533e-06,0.06196151673793793
499,19,cross_attn,Vertical,1,0.20188109801402168,0.07678744759537906,2.009267807006836,0.08930899214649958,5.492550140341671e-07,0.09259526431560516,0.08881576004482451,1.4185878450507367e-08,0.08928249776363373,0.08881245494361907,1.4299595790186984e-08,0.08932414650917053,0.08881057727904547,1.4126681492514268e-08,0.08930075168609619,0.08881031296082906,1.3909434737537256e-08,0.08929898589849472,0.0888107219149196,1.3348964307525512e-08,0.08928361535072327,0.08880757670553904,1.304496994999804e-08,0.08927058428525925,0.08880636675490274,1.2778474693632514e-08,0.0892648696899414,0.08880366006540874,1.2411310656237628e-08,0.08926095068454742,0.0888019653539809,1.2219729593222525e-08,0.08925687521696091,0.08880144487770777,1.2151905135658032e-08,0.08925384283065796,0.08880061597105056,1.191326862080925e-08,0.08924856781959534,0.08880052112397693,1.1647973046157122e-08,0.08924223482608795,0.08880054844277245,1.1438241709802637e-08,0.08923722803592682,0.08880044969301375,1.1485589991504616e-08,0.08924944698810577,0.08879954947365655,1.242417543350831e-08,0.08929548412561417,0.08879985210914461,1.2786875228036832e-08,0.0893174558877945,0.08879906282065407,1.2151576908416726e-08,0.08929414302110672,0.08879434802229443,1.106572661924988e-08,0.08923546969890594
499,19,cross_attn,Horizontal,1,0.13822829853447657,0.014626902373436154,0.8533600568771362,0.08905786961790114,5.584301650074083e-08,0.0898202657699585,0.08898413133999658,4.2605222073213254e-08,0.08978450298309326,0.08895500985875962,3.571878127104883e-08,0.0897110253572464,0.08893271642071861,3.209513255139434e-08,0.08970516175031662,0.08891716753206556,2.920590323933862e-08,0.08970831334590912,0.0889027061916533,2.5328104500354148e-08,0.08962361514568329,0.08889384674174446,2.310762069848597e-08,0.08955249190330505,0.08887974728667547,2.107753118596148e-08,0.0895390510559082,0.08888116230567296,2.1347013391527348e-08,0.0895390436053276,0.08888398536614009,1.998138342741426e-08,0.08956784009933472,0.08888880565525993,1.893850753262166e-08,0.08946924656629562,0.08888421195840078,1.5576491069629024e-08,0.08940277248620987,0.08886948334319252,1.5237828446754523e-08,0.08937523514032364,0.08884911345584053,1.2963407849569057e-08,0.08937006443738937,0.08884977596619772,1.3585869094402553e-08,0.08943892270326614,0.08886444284802392,1.336657110644235e-08,0.08936257660388947,0.08885651436590013,1.160949973343803e-08,0.08927302062511444,0.08885298208111808,1.2285155216625282e-08,0.08925068378448486,0.08884074148677644,1.1559138201914502e-08,0.0892283171415329
499,19,cross_attn,Gaussian,1,0.14850656629081757,0.03989009629144633,1.420064926147461,0.06725451042727819,2.3028001405680567e-07,0.06885837018489838,0.06695956133660816,5.112505657598419e-08,0.0679113119840622,0.0669545265180724,4.79110636150724e-08,0.06786514818668365,0.06695073665607543,4.430084108673756e-08,0.0678100734949112,0.06695064890479284,4.13481596959516e-08,0.0677628144621849,0.0669495276515446,4.0421619620919346e-08,0.06774739176034927,0.06693716039733281,3.831289072000886e-08,0.06771046668291092,0.06693159055615229,3.6601416417089934e-08,0.06767618656158447,0.06693235217105775,3.515536878311313e-08,0.06765001267194748,0.06693291687776172,3.377334485263868e-08,0.06760075688362122,0.06692660848299663,3.325268423578128e-08,0.06757688522338867,0.06692078070981163,3.1782674830321996e-08,0.06756535172462463,0.06691625335859874,3.12859446988958e-08,0.06756101548671722,0.06691264834195848,3.0689305025476785e-08,0.06754446774721146,0.06691058618681771,3.017032040398269e-08,0.06752479076385498,0.06690948882273265,2.990687415478804e-08,0.06751476973295212,0.06691067370157393,2.9772460785156603e-08,0.06750953197479248,0.06691538294156392,2.9729131819450798e-08,0.0675094872713089,0.06691863967312707,2.9400944279598394e-08,0.06748218834400177
499,19,mix_ffn_after_gate,Vertical,1,0.24322133960704956,0.064165698441101,1.6053340435028076,0.09110754030564475,4.103127442506712e-05,0.10375822335481644,0.08088107939277377,1.713266482936863e-05,0.08861678838729858,0.07644081565122755,1.4861600316221899e-05,0.08384866267442703,0.07363503059697529,1.4310469474301105e-05,0.08106275647878647,0.07160408759400957,1.377501649145164e-05,0.07938733696937561,0.07011190056800842,1.3460620246372312e-05,0.07819407433271408,0.06892359877626102,1.3457472043046853e-05,0.0775071382522583,0.06791351179754923,1.3556096234563137e-05,0.07695035636425018,0.0670880221776546,1.3648854882714381e-05,0.07645206153392792,0.06640965048046339,1.3765979503856067e-05,0.0761154517531395,0.0657887588890772,1.3907143881282449e-05,0.07568966597318649,0.06518088683249458,1.410064497024723e-05,0.0750548392534256,0.06461662367459327,1.4312480214419918e-05,0.07445093244314194,0.06413023676427584,1.4510325568504969e-05,0.07399126887321472,0.06370821819892006,1.4693383826943497e-05,0.07363337278366089,0.0633286614976232,1.4893095740619303e-05,0.07335679978132248,0.06298463466385054,1.5096600546315872e-05,0.07311532646417618,0.06268071188103586,1.5203148556760973e-05,0.07283422350883484,0.06241913252170124,1.5159487363421106e-05,0.07250669598579407
499,19,mix_ffn_after_gate,Horizontal,1,0.7487176595226167,1.8795153750330362,7.669989109039307,0.12779556687862154,0.00017281096816119582,0.15982191264629364,0.10358868160891155,2.5520592817194794e-05,0.1164129450917244,0.09379469248510543,1.0645911816859461e-05,0.10389508306980133,0.08833297141014583,6.264798384364369e-06,0.0967390313744545,0.08489539852691075,4.33312240539258e-06,0.0919974148273468,0.08259301656295383,3.3374209216828957e-06,0.08872690796852112,0.08095758585702806,2.7789968082452485e-06,0.08644938468933105,0.07972051037682427,2.454944407696627e-06,0.08484206348657608,0.0787304604337329,2.25770844700473e-06,0.0836419016122818,0.07790568080686387,2.1168498242917924e-06,0.08262306451797485,0.07720143619983916,2.0054260059865593e-06,0.08168535679578781,0.07658958423232275,1.9194281338283373e-06,0.08083027601242065,0.07604947650716418,1.8530398536075745e-06,0.08004903793334961,0.07556549246822085,1.8006126433660207e-06,0.07931371033191681,0.07512570314464115,1.7607351249823611e-06,0.07860656082630157,0.07472214776845205,1.7349811892097732e-06,0.07795843482017517,0.07435153247345061,1.7238743952525608e-06,0.07752233743667603,0.0740128889206856,1.7256844393485503e-06,0.07713731378316879,0.07370383611747197,1.737781170213441e-06,0.07679125666618347
499,19,mix_ffn_after_gate,Gaussian,1,0.11389968461460537,0.0033726729942220694,0.37585338950157166,0.06560501527218592,1.5402883937557904e-05,0.07367667555809021,0.05912989082317504,8.54334438249676e-06,0.0652635470032692,0.05601875903824019,7.219772431177546e-06,0.06205500662326813,0.05416283230223353,6.984279963781277e-06,0.06046540290117264,0.0528846892217795,6.409353961510886e-06,0.060052163898944855,0.05193444524729063,5.995031306910091e-06,0.05930541455745697,0.051180479013257556,5.788583162136897e-06,0.05832235887646675,0.05061338386601872,5.603094144433594e-06,0.057471804320812225,0.05015453548421935,5.436920070478353e-06,0.05677657946944237,0.04974665291725643,5.384082767682214e-06,0.0562954843044281,0.04938678295602874,5.353440394861297e-06,0.0559493750333786,0.049094581119124854,5.31374152938402e-06,0.055678144097328186,0.04886499721379507,5.2758979755319635e-06,0.055452581495046616,0.04867563166079067,5.234658914640318e-06,0.05525267869234085,0.04850745816079397,5.191148816797208e-06,0.05507395416498184,0.048352545215969996,5.154746956979611e-06,0.054922766983509064,0.04821089028366028,5.130965842631122e-06,0.05480232462286949,0.04808365050998945,5.117622996228559e-06,0.05470824986696243,0.047969866011823924,5.109998173977328e-06,0.0546329990029335
428,18,self_attn_after_gate,Vertical,1,1.0630335959177168,1.6900679005359274,7.91507625579834,0.24716093284743174,0.002013627709244627,0.3719941973686218,0.1683130238264326,0.0005028744285057089,0.22463196516036987,0.1375787505318248,0.00025041961318314417,0.18216530978679657,0.12082517466374806,0.0001681406127852832,0.1594012826681137,0.10959882549350224,0.00012600161914609617,0.14438292384147644,0.10137640365532466,0.00010036993808070746,0.13273240625858307,0.09511140982309978,8.491424893325175e-05,0.12270066142082214,0.09020226543384885,7.522753633322695e-05,0.11419510841369629,0.08627518609402672,6.883642613346486e-05,0.10702373087406158,0.08308025106551155,6.438369022346832e-05,0.10100194811820984,0.0804403048186075,6.111042921749477e-05,0.09619085490703583,0.07822635793496692,5.8598980173998875e-05,0.09390462934970856,0.07634417890083223,5.6621365230898895e-05,0.09223493933677673,0.07472452568629431,5.504615596188378e-05,0.09076212346553802,0.07331529685429164,5.3789979077443254e-05,0.08945436775684357,0.07207605757174038,5.2795122170205896e-05,0.08829230815172195,0.07097458230361106,5.201688841492153e-05,0.08726157248020172,0.06998520013358858,5.141453726327896e-05,0.08634684234857559,0.06908834039691895,5.0945523598634333e-05,0.08552736043930054
428,18,self_attn_after_gate,Horizontal,1,0.5815088003873825,0.24400646256509095,2.916317939758301,0.20583733774366833,0.0010661663184074969,0.30923208594322205,0.15659312182475651,0.00029199343061151654,0.21014419198036194,0.13343357897940136,0.00010962338188203418,0.16236962378025055,0.1204258846858191,5.1105060127439865e-05,0.14102932810783386,0.11259475787953725,3.110909090925044e-05,0.12959276139736176,0.10751891561916896,2.230365591670533e-05,0.12174804508686066,0.10394734747353054,1.7337355259782526e-05,0.11616302281618118,0.10130206732049821,1.4232276250770012e-05,0.11196870356798172,0.09925908701760429,1.2151011859066314e-05,0.10875532031059265,0.09761573350618756,1.0621068518582188e-05,0.10623769462108612,0.09625078572167291,9.4036169625387e-06,0.10419687628746033,0.09509156999133882,8.386772269311297e-06,0.10250179469585419,0.09409541518442215,7.518906006065957e-06,0.10107165575027466,0.0932375467012799,6.779402048734353e-06,0.09984704852104187,0.09250047365351328,6.1579954413587905e-06,0.09877975285053253,0.09186797707326828,5.642037823350341e-06,0.09783434122800827,0.09132441594487145,5.217475180231058e-06,0.0969892144203186,0.09085482134232445,4.872944112223063e-06,0.09623042494058609,0.0904446125976623,4.600323466885897e-06,0.09554378688335419
428,18,self_attn_after_gate,Gaussian,1,1.0357666001433419,1.622079101095918,7.467957973480225,0.23205681594591293,0.0028277001352097183,0.3748628497123718,0.15148703458290252,0.0005976944083813327,0.2138141542673111,0.11892556966770262,0.0002740501441500117,0.16024617850780487,0.1002286962336964,0.00015525833513062122,0.1389096975326538,0.08819748212893803,0.00010087607918084019,0.12404899299144745,0.07996571714442874,7.074632722923384e-05,0.11206384003162384,0.07399738846080643,5.1698878020273456e-05,0.10204339772462845,0.06944931038315334,3.894000588447759e-05,0.09370942413806915,0.06584950495097372,3.0191339414102655e-05,0.0868879184126854,0.06292819852630298,2.4075738510010587e-05,0.08134392648935318,0.0605249877368647,1.9709011248559793e-05,0.07677221298217773,0.058530769473503504,1.6534130889410196e-05,0.07290687412023544,0.05686136441571372,1.4198229271902455e-05,0.06958633661270142,0.05545154148860583,1.2474899014366248e-05,0.06671720743179321,0.05425153944700483,1.1212165241995528e-05,0.06423364579677582,0.05322259989759279,1.0297941384146718e-05,0.062082547694444656,0.052333130249901424,9.639489694724729e-06,0.06021716818213463,0.051556565340549226,9.155946611228001e-06,0.05860917270183563,0.05087116059093248,8.780906755913355e-06,0.057668063789606094
428,18,cross_attn,Vertical,1,0.36817096989779247,0.22177182234830453,3.2887628078460693,0.12795313010140072,0.0006085242320586829,0.2527666985988617,0.11348043405820453,0.00020856644398219398,0.1887950897216797,0.10716804034180111,0.00012817183829310591,0.1650080382823944,0.10369657074648236,7.962077517677706e-05,0.14601494371891022,0.10127742493909503,4.73004875983617e-05,0.1315702199935913,0.09955132374214748,3.03970373326979e-05,0.12137046456336975,0.09801763982053786,1.93624498435922e-05,0.11231474578380585,0.09684014616031496,1.267232970683086e-05,0.10619781911373138,0.09592611035184255,8.965996800392133e-06,0.10233629494905472,0.09515740296670369,6.659328652259794e-06,0.10102927684783936,0.09452254005840846,4.901570166094445e-06,0.09979348629713058,0.09398199937173299,3.749644113246344e-06,0.09878280013799667,0.0935327879020146,2.9882370890590825e-06,0.09832367300987244,0.09314900683978247,2.3993022800494623e-06,0.0979931652545929,0.09279371809864802,1.932651341633957e-06,0.09742270410060883,0.09244712820601841,1.5901159766488626e-06,0.09655456244945526,0.09214398678806093,1.3437111529344194e-06,0.09574548155069351,0.0918823934736706,1.1533096869508337e-06,0.09510728716850281,0.09164408712633072,9.950726755829544e-07,0.09489509463310242
428,18,cross_attn,Horizontal,1,0.22610162990906882,0.018333006635349834,0.7932631969451904,0.12691944908528102,0.0005055428334105305,0.19557037949562073,0.11213202597129912,0.0001507129184605839,0.15924246609210968,0.104848712682724,6.69510739477838e-05,0.13656975328922272,0.10127041417927969,3.3548478092441326e-05,0.12214338779449463,0.09894307288858625,1.96268019018471e-05,0.1127210482954979,0.09728804313474232,1.2724837163655285e-05,0.10641364753246307,0.09612871671006792,8.8320906498218e-06,0.10320158302783966,0.09522278831591682,6.106710708727108e-06,0.10163474082946777,0.09449169004247301,4.35248534785461e-06,0.10076119750738144,0.09390113928488322,3.477213421205655e-06,0.09968303889036179,0.09339771301500381,3.003994177061685e-06,0.09865959733724594,0.0928839747867887,2.3910236534451164e-06,0.09759300947189331,0.09250175751863964,1.922200611480934e-06,0.09673302620649338,0.09216901340654918,1.6443368072376204e-06,0.09632621705532074,0.09183417012294133,1.3808315262584628e-06,0.0958307683467865,0.09159573262173032,1.2071766171789637e-06,0.09518148005008698,0.09139826539016906,1.0504771104353581e-06,0.0947289764881134,0.09121459450513597,8.828923658731944e-07,0.094342440366745,0.09103996223873562,7.409278911732199e-07,0.09405693411827087
428,18,cross_attn,Gaussian,1,0.16821692742052533,0.01087948228636257,0.6320217847824097,0.09366110676810854,0.00021769734464269076,0.14529255032539368,0.08500835843502529,0.00010425240499716448,0.12026714533567429,0.081274099766262,7.37158029739534e-05,0.11640925705432892,0.07772253855826362,4.456271607248779e-05,0.10157842934131622,0.07508573882163518,2.4821277588787685e-05,0.08956602215766907,0.07353848751102175,1.84534563178461e-05,0.0830104649066925,0.07214497207176118,1.2887409236075964e-05,0.07998645305633545,0.07111168841993998,9.922822683112007e-06,0.07980015128850937,0.07015758256117503,7.750757123458655e-06,0.07908372581005096,0.06928939395953738,5.263655839029913e-06,0.07580102235078812,0.06871254174482255,3.4860379529212413e-06,0.07326136529445648,0.06827213567873788,2.4676089798062186e-06,0.07167002558708191,0.0679765482034002,1.9932830900343644e-06,0.07133324444293976,0.06774763029719157,1.779715268764651e-06,0.07139819860458374,0.06751975570879286,1.6021015907026394e-06,0.07099536806344986,0.06736726680445293,1.4688717911038698e-06,0.07052751630544662,0.06725894269489106,1.4289736866416114e-06,0.07067500054836273,0.06716171770341813,1.4208605775599668e-06,0.07110393047332764,0.06708598799175686,1.371411984207538e-06,0.0711112841963768
428,18,mix_ffn_after_gate,Vertical,1,0.772842969686266,0.18399714035381223,2.2031471729278564,0.24078002808586,0.0023686009305422745,0.3440279960632324,0.14087745381726158,0.0002678678458396294,0.17435911297798157,0.10309298667642805,5.932322024982682e-05,0.11845186352729797,0.08467544331437066,2.4207000652455117e-05,0.09701370447874069,0.07400123420215789,1.624691031786687e-05,0.08508028835058212,0.06721339256517471,1.4340659990298918e-05,0.07765169441699982,0.06261945202473611,1.3771407804282663e-05,0.07260696589946747,0.05934813482657311,1.3477307640265081e-05,0.06898410618305206,0.056923518519079876,1.3402077342533782e-05,0.06631217151880264,0.05507141469963013,1.353507538425314e-05,0.06433948874473572,0.05363427037521014,1.3708644813509985e-05,0.0628625750541687,0.05250620091008761,1.3850887843180581e-05,0.06173968315124512,0.0516056093786444,1.3969833360850455e-05,0.06086217239499092,0.05087105983069965,1.4090189615075896e-05,0.06012812629342079,0.05025909090089419,1.4224371605964541e-05,0.05945646017789841,0.04974314067808409,1.435577810493974e-05,0.05881698429584503,0.04930885621006527,1.4458349962403074e-05,0.058221254497766495,0.048946600998677904,1.4522472939661127e-05,0.05768432468175888,0.048646452821909436,1.4553495338353696e-05,0.05720740929245949
428,18,mix_ffn_after_gate,Horizontal,1,0.6461851071743738,0.11894213179301492,1.5616846084594727,0.19492982044106438,0.0015490473188289294,0.2783011198043823,0.12022369721579174,0.00014556868989734078,0.145158588886261,0.09408069614853178,3.495168023617943e-05,0.10514266788959503,0.08141515356680704,1.5502811443796103e-05,0.08851313591003418,0.07426283555844473,1.0563199654073944e-05,0.08046776056289673,0.06979250434845213,8.865953730746458e-06,0.07550825923681259,0.06682760303928739,8.09091241763983e-06,0.07235011458396912,0.06477072817229089,7.661327065145073e-06,0.07068949937820435,0.06326302525306506,7.489825502806604e-06,0.06958799064159393,0.06210076371355662,7.479222354187599e-06,0.06875313818454742,0.061194245954827656,7.507637578798835e-06,0.06808246672153473,0.060480582749559766,7.534916820216642e-06,0.0675382912158966,0.05990721888485409,7.5566769619878104e-06,0.06708675622940063,0.059437800317056595,7.577817275372377e-06,0.06670921295881271,0.059049443593100895,7.603056726041542e-06,0.06639021635055542,0.0587254570471862,7.628909749035721e-06,0.06611180305480957,0.05845066715800573,7.654745450614116e-06,0.06585896015167236,0.05821156046456761,7.687427876394173e-06,0.0656251460313797,0.05799723564395829,7.73365774823317e-06,0.06541632115840912
428,18,mix_ffn_after_gate,Gaussian,1,0.6922937399811215,0.1488255844240183,1.9075323343276978,0.20125761415277207,0.001810965709719451,0.28459736704826355,0.11635605281307584,0.00017290648666201918,0.1425798386335373,0.08630939726791685,4.001386249170103e-05,0.10003365576267242,0.07179935335639924,1.674535347509948e-05,0.08070675283670425,0.06352260413150938,1.0257584553895945e-05,0.07010792195796967,0.05830295200622271,7.783441652266472e-06,0.06414968520402908,0.054798986703630474,6.608036395116512e-06,0.06066158786416054,0.05237393152146112,6.015696683245289e-06,0.05824730917811394,0.05063126650121477,5.666675496294602e-06,0.05646926537156105,0.049319355615547726,5.409033478238318e-06,0.054990820586681366,0.04828607840907006,5.198900925835985e-06,0.05365904048085213,0.047451633486955885,5.048844546422872e-06,0.052489981055259705,0.04677679833202135,4.9678759808137395e-06,0.05169793963432312,0.04623356278217028,4.940995451572542e-06,0.05126082897186279,0.045795891907006975,4.946160114959368e-06,0.050931837409734726,0.04544139523354788,4.967857281104102e-06,0.050684645771980286,0.045152319092599175,4.998193771646454e-06,0.05049939826130867,0.044915356451556795,5.034220143895877e-06,0.05036298185586929,0.04472106145251365,5.075342392576637e-06,0.0502685010433197
428,19,self_attn_after_gate,Vertical,1,0.17969345443305515,0.014613524603902563,0.7735719680786133,0.09957683322921632,2.4353338197264304e-05,0.10986160486936569,0.09326484184416514,1.586810397604831e-05,0.10298152267932892,0.08957644256334456,1.3347146279388555e-05,0.09688891470432281,0.08674037373728222,1.1496633653735227e-05,0.09329980611801147,0.08490476189624696,1.0905682133976874e-05,0.09140516817569733,0.08357061351102496,1.0838241012943066e-05,0.09074506163597107,0.08258601869382555,1.1066314620279455e-05,0.09030379354953766,0.08185079303525743,1.1356348007305547e-05,0.09002631157636642,0.08125648943204729,1.1581685553689212e-05,0.08982851356267929,0.08075666959796633,1.1927304561398665e-05,0.08959537744522095,0.08029883993523461,1.247444522927601e-05,0.08932646363973618,0.07985606789588928,1.299556648125938e-05,0.08913492411375046,0.07946627705343186,1.3404081270067687e-05,0.0889793336391449,0.07914930463783325,1.3842503953047449e-05,0.08879449963569641,0.07888531519307031,1.433779870134225e-05,0.08863309025764465,0.07864350742763943,1.4766269463635294e-05,0.08858542144298553,0.07840962435991045,1.5016453454868515e-05,0.08867290616035461,0.07819907213487322,1.5124971356594603e-05,0.08879517018795013,0.07801829787000777,1.5161055959864168e-05,0.08883680403232574
428,19,self_attn_after_gate,Horizontal,1,0.16906360028282044,0.017384337868968813,0.9876471757888794,0.10390159984429677,2.533950912640494e-05,0.12184561043977737,0.09907802277141148,1.5149926048387214e-05,0.113446906208992,0.09552503897557182,5.6988185355466475e-06,0.10468947887420654,0.09373586116329072,2.974234341865214e-06,0.1005118191242218,0.09243652839509267,1.883095158069908e-06,0.09704296290874481,0.09148603441223266,1.2690565545741583e-06,0.09474511444568634,0.09075480084570628,8.979318750019812e-07,0.0934005081653595,0.09020613382260005,6.995129308282717e-07,0.09235338121652603,0.08978220217284702,6.015233605904896e-07,0.09155844151973724,0.0894470742297551,5.656253979975795e-07,0.09094579517841339,0.08916158867733819,5.585102047368227e-07,0.09062556177377701,0.08890516500151346,5.717023093432572e-07,0.09063269942998886,0.08867010828994569,5.669790410568727e-07,0.09062665700912476,0.08847819091308684,5.503948765493405e-07,0.09040388464927673,0.08834197490461289,5.641358978322281e-07,0.09028294682502747,0.08823696441120571,5.876370171736389e-07,0.0904061496257782,0.08811158639571023,5.863502251299289e-07,0.09028974175453186,0.0879502874754724,5.650496846905922e-07,0.08996456116437912,0.08778877627281916,5.560886408612239e-07,0.0896645188331604
428,19,self_attn_after_gate,Gaussian,1,0.2644261125297773,0.17919291193706302,2.844803810119629,0.08551317985568728,4.5112517460069976e-05,0.09958814829587936,0.07755480564775921,3.01170453948813e-05,0.0917385071516037,0.07232878652829973,2.6390676677458004e-05,0.08767259120941162,0.06895611559351285,2.3078411000603486e-05,0.08463704586029053,0.06643352698948649,1.961075077528077e-05,0.08172090351581573,0.06442102435089293,1.5768894950222364e-05,0.07785964012145996,0.06289651398620909,1.3075843483290505e-05,0.07461078464984894,0.0616784579460583,1.1229905312688512e-05,0.07195905596017838,0.06065120654446738,9.879786631250303e-06,0.06982067227363586,0.05979399560462861,8.937994019453857e-06,0.06801987439393997,0.059084050593868134,8.270530289460252e-06,0.06645253300666809,0.058476866947280035,7.763092400997386e-06,0.06514676660299301,0.057929699856137475,7.378904568644777e-06,0.06409776210784912,0.05742373418003794,7.1042333793673495e-06,0.06321370601654053,0.05697238646329395,6.895368389538523e-06,0.06258703768253326,0.05658633823669146,6.736686892338939e-06,0.06221380829811096,0.05625568690990645,6.6147934812485315e-06,0.061887774616479874,0.05596822878671071,6.506210799798066e-06,0.061598990112543106,0.055716376101213785,6.401272448927208e-06,0.06134176626801491
428,19,cross_attn,Vertical,1,0.5169339733464378,1.2627892683199275,7.9389567375183105,0.09021744699705214,2.478862034678347e-06,0.09689587354660034,0.08899835662709342,9.334428588360642e-08,0.0901438295841217,0.08894358859175727,7.860670363377177e-08,0.08993270993232727,0.08893520136674245,7.248197431318467e-08,0.0898742824792862,0.08892748788708732,6.659214142445716e-08,0.08983340859413147,0.08891789496891082,6.106815077820722e-08,0.08978451788425446,0.08890854449026168,5.6026249798596035e-08,0.08973327279090881,0.08889979514337722,5.096345216711704e-08,0.08968924731016159,0.08889064961482608,4.575222822288139e-08,0.08964480459690094,0.08888136169740132,4.1062074639464424e-08,0.08959542214870453,0.08887300072681337,3.699700000981962e-08,0.08956485241651535,0.08886476109425227,3.33299845483167e-08,0.08952946215867996,0.08885588579707676,2.979662571548043e-08,0.08948902040719986,0.088847297524649,2.650271009642388e-08,0.08945640921592712,0.08884016507201725,2.3627251219203982e-08,0.08942712843418121,0.08883424304307454,2.0985558472985218e-08,0.0893937349319458,0.08882946485564822,1.8522054878255157e-08,0.08935879915952682,0.08882611848059155,1.6363315552384136e-08,0.08932742476463318,0.08882409357835376,1.4558190571871394e-08,0.08929728716611862
428,19,cross_attn,Horizontal,1,0.41319110126249375,0.7022086835615543,6.008324146270752,0.09053066455655628,2.5008666819174233e-06,0.09533552825450897,0.08894209409990007,3.847844874324984e-08,0.08960142731666565,0.08885367001805987,2.6060968184932413e-08,0.08961691707372665,0.08884408928099133,2.407924346133208e-08,0.08959589898586273,0.0888363601905959,2.1610736628275584e-08,0.08955533802509308,0.08882968837306612,1.9274059881497057e-08,0.0895107090473175,0.08882178129657867,1.7113194339259487e-08,0.08946947753429413,0.08881360848271658,1.5564653412630108e-08,0.08944796025753021,0.08880739895597337,1.4373670352409705e-08,0.0894288420677185,0.08880292683366746,1.3274954011355587e-08,0.08940384536981583,0.08879980598650282,1.2270518367097738e-08,0.08937268704175949,0.08879790809892472,1.1309564679572222e-08,0.08933956921100616,0.08879579426277251,1.0275406250234639e-08,0.08931075036525726,0.08879213460854121,9.508949808710364e-09,0.08929787576198578,0.08878866701372086,9.258977162057874e-09,0.08930155634880066,0.0887869479400771,9.11400901083193e-09,0.089304119348526,0.08878560707209603,8.68796938593218e-09,0.08929001539945602,0.08878362545418361,8.027209790828874e-09,0.08926016092300415,0.08878285319559158,7.527558314257112e-09,0.0892329216003418
428,19,cross_attn,Gaussian,1,0.13326128891536168,0.022333693417307898,1.0336873531341553,0.06744862749936088,2.412580137269497e-07,0.06910688430070877,0.06718255011808305,7.028329548285112e-08,0.06813717633485794,0.06713299086642643,5.622333123031114e-08,0.0679907351732254,0.06708644697117427,4.697471314200438e-08,0.06789608299732208,0.0670481635228036,4.063876119489428e-08,0.06784089654684067,0.06701697775768856,3.7482923725826514e-08,0.06780131161212921,0.06699497702102812,3.525838977665758e-08,0.0677526518702507,0.06697975075434125,3.375235695691398e-08,0.06772224605083466,0.06696873075432247,3.4321439718679945e-08,0.06771724671125412,0.06696314624850712,3.605740174192436e-08,0.06775417178869247,0.06695621827292064,3.4533369412512686e-08,0.06768062710762024,0.06695153516909433,3.15461402535923e-08,0.06758945435285568,0.06694214838364768,3.0732647713947565e-08,0.06753461062908173,0.06693636212084028,3.06230455839387e-08,0.0675065666437149,0.06693823292614921,3.064402808547322e-08,0.06747278571128845,0.06694669134560086,3.111450417571429e-08,0.06745781004428864,0.06695351501305898,3.091682975063668e-08,0.06749488413333893,0.06697715002866018,3.1994082448113134e-08,0.06744541227817535,0.06696175547346236,2.675103924412839e-08,0.06734680384397507
428,19,mix_ffn_after_gate,Vertical,1,0.1206413625724732,0.002686947218216907,0.32268470525741577,0.07766091291393552,1.8878570747004154e-05,0.08787871897220612,0.07260999651182265,1.5003588288936667e-05,0.08090981841087341,0.06987787020348367,1.4502821920695723e-05,0.07811532914638519,0.06808411111197775,1.5402287767049345e-05,0.07673761993646622,0.06682865599554683,1.5906447403753195e-05,0.07577268034219742,0.06583929038237012,1.609146978823278e-05,0.07543294876813889,0.06504246533390075,1.621688168609779e-05,0.07495276629924774,0.06439088663411519,1.635036728232389e-05,0.07446184754371643,0.06384690117741389,1.6492946667230704e-05,0.0740012377500534,0.06338345223949068,1.6637890615970296e-05,0.07358010113239288,0.06298166064042894,1.6780554760770208e-05,0.07319797575473785,0.0626281417078442,1.691834631517143e-05,0.07285143435001373,0.062313232925676164,1.705010498112193e-05,0.072536401450634,0.062029775764260976,1.717546083663224e-05,0.07224889099597931,0.06177238156161611,1.7294422505477687e-05,0.07198523730039597,0.06153690146784934,1.7407229045283836e-05,0.0717422142624855,0.06132009010466318,1.7514229823185465e-05,0.07151702046394348,0.061119352009088274,1.7615764385481425e-05,0.07130712270736694,0.060932597411530356,1.771221427832818e-05,0.07111040502786636
428,19,mix_ffn_after_gate,Horizontal,1,0.22848230553051782,0.021810142559958667,0.8552336692810059,0.0989020796758788,3.974068437761644e-05,0.11123026907444,0.08648945071867534,6.801525109117784e-06,0.09159164130687714,0.08171085977838152,3.577011711996965e-06,0.08558782935142517,0.07909629363862294,2.787333482197521e-06,0.08302007615566254,0.07742415356730657,2.5588813731754348e-06,0.08136861771345139,0.07621519752438106,2.471832130320318e-06,0.08021994680166245,0.07528445574026259,2.4790772322327004e-06,0.07937727868556976,0.07453871837684087,2.5179578543217506e-06,0.07868259400129318,0.0739275295109976,2.5534390332297746e-06,0.07805141061544418,0.07341366757949193,2.5822391738911017e-06,0.07751350104808807,0.07297707845767339,2.6080506950249613e-06,0.07709817588329315,0.07260127803162923,2.6487421445164298e-06,0.07679586857557297,0.07225766423202697,2.715526448092675e-06,0.07646278291940689,0.07194087063036268,2.775337470702291e-06,0.07611577212810516,0.07165773177430743,2.8056326202046775e-06,0.0758255124092102,0.07139726408890315,2.8328030064265128e-06,0.0755615308880806,0.07115510827492154,2.867126693501185e-06,0.07526910305023193,0.07093345160995211,2.8993779930218884e-06,0.07495474815368652,0.07072860132607203,2.9285419488596822e-06,0.07464143633842468
428,19,mix_ffn_after_gate,Gaussian,1,0.11423513151350476,0.00421624475901848,0.40842336416244507,0.06184370188959061,1.2788737761637769e-05,0.07204508781433105,0.05686744905653454,8.292180310139274e-06,0.06401412189006805,0.05431520235207346,6.542409604309549e-06,0.060101576149463654,0.052755992090891275,6.058447654300968e-06,0.058531612157821655,0.05176224482674447,5.962018679302451e-06,0.057660751044750214,0.051056795354400365,5.827412551176275e-06,0.05730162188410759,0.05056712267890809,5.759714777072121e-06,0.056849658489227295,0.05017628609424546,5.69949974525794e-06,0.056391336023807526,0.049833277979540444,5.6495116582063715e-06,0.05602028965950012,0.04954122095590546,5.619845930329985e-06,0.05574457719922066,0.049299297706475335,5.599952654629139e-06,0.05554552748799324,0.04909599678856986,5.582891231190455e-06,0.055396974086761475,0.048919460189247886,5.567096107529994e-06,0.05528021603822708,0.04876156896352768,5.5525501131000725e-06,0.05518293008208275,0.048617530732400834,5.53920444396324e-06,0.055097587406635284,0.04848467393053903,5.526779477871887e-06,0.05502006411552429,0.048361466458392524,5.51498485093268e-06,0.05494826287031174,0.048246874813995665,5.503637303251885e-06,0.05488114058971405,0.04814008635187906,5.492629487436389e-06,0.05481812357902527
345,18,self_attn_after_gate,Vertical,1,0.3785606490241157,0.04933614388896381,1.219090223312378,0.15225790145378265,0.000905401304947403,0.26205742359161377,0.11592616188147711,0.0002695379318022793,0.1610935628414154,0.09850940143778211,0.0001397184296967572,0.13069765269756317,0.08907447648899895,9.502693046712968e-05,0.11098598688840866,0.08338592674524065,7.494399052946778e-05,0.10224689543247223,0.07954050257565483,6.40332431946805e-05,0.09693339467048645,0.0766971069905493,5.750976002806005e-05,0.09410405904054642,0.07446478277681366,5.3202117812567587e-05,0.0918779969215393,0.07266000232526235,5.005509441516028e-05,0.08980167657136917,0.07117306015321187,4.763562862922534e-05,0.08789820969104767,0.06992930469531862,4.572775511147675e-05,0.08617561310529709,0.06887288338371686,4.420707391923159e-05,0.08462632447481155,0.06796129189786457,4.300218547691805e-05,0.08323546499013901,0.06716423795100242,4.2073578807687985e-05,0.08198565244674683,0.06646103299562893,4.139419934429019e-05,0.08085846900939941,0.06583735122094078,4.0937870007641265e-05,0.07983572781085968,0.0652828197630625,4.0674686919979195e-05,0.07890142500400543,0.06478928271976728,4.057040877269513e-05,0.07848599553108215,0.06434957434733708,4.0588986573180435e-05,0.07815010845661163
345,18,self_attn_after_gate,Horizontal,1,0.6854166963270732,0.26254520966167333,3.052582263946533,0.2133348723725667,0.001442121511861503,0.28854942321777344,0.15492372025573065,0.00034317245585801723,0.1995444893836975,0.13224079010505524,0.00016087366664308794,0.17052489519119263,0.12026308997282906,8.345577911627912e-05,0.14657798409461975,0.1126478093247565,4.694672968491482e-05,0.13002662360668182,0.10747714955655355,2.9387070881052186e-05,0.12092165648937225,0.10383017597690461,1.990659821658518e-05,0.11512874066829681,0.10114755540613145,1.4248969761866353e-05,0.11076924204826355,0.09909239044738194,1.0749088708295709e-05,0.10735625773668289,0.09745852625559247,8.552294709420246e-06,0.1046118289232254,0.09612253769522622,7.132425990361549e-06,0.1023745983839035,0.09501217400270795,6.163928355904428e-06,0.1005336195230484,0.09407838871554723,5.483259957381387e-06,0.09898945689201355,0.09328110385981817,5.014480414879739e-06,0.09766621142625809,0.0925858679508406,4.702852095689071e-06,0.0971083790063858,0.09196493987526212,4.479443784591755e-06,0.09662832319736481,0.09140015109663918,4.265301944239979e-06,0.09611815214157104,0.09088400857789176,4.011266417111637e-06,0.09554191678762436,0.09041584046587112,3.722561194483527e-06,0.09492112696170807
345,18,self_attn_after_gate,Gaussian,1,0.4138786324432918,0.06680573997085619,1.3455538749694824,0.154056510754994,0.0012818823618061192,0.2883150577545166,0.10738693390573774,0.0003021857963954157,0.17586995661258698,0.0878302049305704,0.0001161947749961663,0.13054481148719788,0.0771443173289299,6.346694450440999e-05,0.10534217953681946,0.07015555251448874,4.044589142492433e-05,0.08995034545660019,0.0652424521625988,2.7604228475805826e-05,0.08122760057449341,0.061619626505980414,1.9797850577704722e-05,0.0737185850739479,0.05887737107418832,1.512415485371862e-05,0.0682634562253952,0.05675561844356476,1.2389899598404725e-05,0.06587936729192734,0.05508150562407479,1.0772097034683934e-05,0.0639650896191597,0.05373683548162854,9.787663884732042e-06,0.062371477484703064,0.05263299938468706,9.162577513607369e-06,0.06101727485656738,0.051704682646289704,8.73226125340625e-06,0.05984680354595184,0.050907133058423086,8.398489757646923e-06,0.058816298842430115,0.05021347093676764,8.113547552730284e-06,0.05789308249950409,0.04960872564050886,7.866809401259582e-06,0.05711233615875244,0.04908241313837823,7.663903318904338e-06,0.05645342916250229,0.04862427131997214,7.509887953872048e-06,0.05587093532085419,0.048223482297053415,7.4037987582527674e-06,0.05535811930894852
345,18,cross_attn,Vertical,1,0.2764577449314178,0.04616540588246678,1.308868646621704,0.1280374023176375,0.0005749256482360115,0.20082490146160126,0.11410215343274767,0.0001842304841602364,0.1573774516582489,0.10804883520754557,9.906146389334882e-05,0.14236873388290405,0.10436544579172892,6.677283881112789e-05,0.13875779509544373,0.10138692671344393,4.535600282935471e-05,0.13190102577209473,0.09932580081716416,3.063516091087975e-05,0.12464000284671783,0.0977834269167885,2.0789862523122556e-05,0.11854995787143707,0.09654264282139521,1.4632896589076733e-05,0.11404182016849518,0.09551419270417047,1.0383722829435467e-05,0.1105569526553154,0.09470866253924748,7.166378359135934e-06,0.10700248926877975,0.09401691574898977,5.156065967793013e-06,0.10407904535531998,0.09341951329556722,3.806026338762307e-06,0.10191439092159271,0.09295034905274709,2.874162340952122e-06,0.10003615915775299,0.09251993776313842,2.2396694335918163e-06,0.09844419360160828,0.0921625117697413,1.8494982883221717e-06,0.09717148542404175,0.09189816114921419,1.67062371582368e-06,0.09620178490877151,0.09169398177237738,1.6318578010124316e-06,0.09648032486438751,0.09152940956373064,1.6052550781286442e-06,0.0967521071434021,0.091414042290241,1.5737200632881758e-06,0.09700670838356018
345,18,cross_attn,Horizontal,1,0.3209380074625924,0.12634768669934354,2.464218854904175,0.14002889276496946,0.0009065670136194747,0.24231597781181335,0.11951694720321232,0.000343813612102292,0.17947444319725037,0.11140307653991002,0.00014547063165734668,0.15170980989933014,0.10626348119879526,6.986724789288116e-05,0.13206180930137634,0.10265127782310758,3.795016203499377e-05,0.12054827809333801,0.10034734897670292,2.439696243061527e-05,0.11506503075361252,0.0985625498588123,1.7918816063739652e-05,0.11069852113723755,0.0972083190840388,1.2832396579838656e-05,0.10758636891841888,0.0962579825094768,9.604513924743826e-06,0.10501708090305328,0.09553107891290907,7.3915875516995145e-06,0.10308678448200226,0.09492081841306081,5.683334002723138e-06,0.10118934512138367,0.09435109758660906,4.318742947959269e-06,0.10083037614822388,0.09372716633573411,3.383879493769051e-06,0.10002926737070084,0.09316893619677377,2.640478593505834e-06,0.09813740104436874,0.09275877984270217,2.1308553242719585e-06,0.09670236706733704,0.0924385492763822,1.8018387626452221e-06,0.0961652472615242,0.09218591226944847,1.5961834768790824e-06,0.09567645937204361,0.09200501359171337,1.466110985936037e-06,0.0952472984790802,0.0918477148054138,1.3109935256986878e-06,0.09482207894325256
345,18,cross_attn,Gaussian,1,0.32858858884326997,0.1869475950576146,2.9375417232513428,0.1112729302710957,0.0005349055366697187,0.17519037425518036,0.09392669051885605,0.00019980994228711746,0.1350598931312561,0.08545725437856856,9.859426507550488e-05,0.11139169335365295,0.0802634402163445,5.4467224968190546e-05,0.10034582763910294,0.07697024397433751,3.290781503113291e-05,0.09466728568077087,0.07476301645002668,2.1552668360701798e-05,0.09045448899269104,0.07323051042973049,1.4977919884554928e-05,0.0871235728263855,0.07208089010109978,1.0609948750538735e-05,0.08412528783082962,0.07118751735441269,7.716475968753955e-06,0.08160416036844254,0.07049243069357342,5.728982251291341e-06,0.07940039038658142,0.06992045884567594,4.330735412483462e-06,0.07749345153570175,0.06944964293922697,3.3681486341604742e-06,0.07589459419250488,0.06906337054475906,2.641023334498804e-06,0.07440406084060669,0.06872701597592187,2.098807923702784e-06,0.07348188757896423,0.06843990394993434,1.7806585090356253e-06,0.07346242666244507,0.06821930976141066,1.6415216087470703e-06,0.07365995645523071,0.06804841946041773,1.621737884637085e-06,0.07408086955547333,0.0679001093856872,1.5912443905363463e-06,0.07435981184244156,0.06777687205208673,1.4748504028357807e-06,0.07412026822566986
345,18,mix_ffn_after_gate,Vertical,1,0.656551831771457,0.15913603622134226,1.8033850193023682,0.17734972517641764,0.0013166306707504672,0.2553061246871948,0.10677905404378497,0.00011210382882487383,0.12879329919815063,0.08240917029361876,3.074177386648764e-05,0.09385946393013,0.07074703027804692,1.8187015352563337e-05,0.0813227966427803,0.06417910529980583,1.5565433387880065e-05,0.07436875998973846,0.06009171968178144,1.4983020348401492e-05,0.07007589936256409,0.057347074505828675,1.4925314082840145e-05,0.06704986095428467,0.05540458414526213,1.4957143422035395e-05,0.06475036591291428,0.05398560149802102,1.4957126414941216e-05,0.06298244744539261,0.05292080053024822,1.493442959064716e-05,0.061599597334861755,0.05209886465990354,1.4906814460728238e-05,0.06049784645438194,0.0514471773353834,1.4881397691281626e-05,0.05998603254556656,0.05091850696102021,1.4858382143809102e-05,0.05962721258401871,0.0504816308735855,1.4835946982034548e-05,0.059338975697755814,0.05011518382363849,1.481267315983083e-05,0.059099309146404266,0.049803967395472146,1.4787950224203185e-05,0.05889440327882767,0.04953680908869183,1.4761726088359835e-05,0.0587153322994709,0.049305267513744415,1.4734137298671469e-05,0.05855599045753479,0.049102858773299625,1.4705441442309479e-05,0.05841214954853058
345,18,mix_ffn_after_gate,Horizontal,1,0.7856364519823165,0.18422374955521703,2.110295295715332,0.2400347739458084,0.0023659285942129412,0.3442736864089966,0.14186613107957538,0.0002517457153745507,0.17297835648059845,0.10624562097447258,5.456347569532544e-05,0.11944593489170074,0.0897515733090658,2.150982936465077e-05,0.09809914231300354,0.08073330575984622,1.2988396861549272e-05,0.08765783905982971,0.07516368419405013,9.973477559021942e-06,0.0819796770811081,0.07138955652240724,8.760730666722616e-06,0.07838070392608643,0.06868478667641444,8.233452439055692e-06,0.07591031491756439,0.06670687010600454,7.921995971967711e-06,0.07400757074356079,0.0652137388076101,7.688410072160683e-06,0.07252833247184753,0.0640498489614517,7.499881866532777e-06,0.07137614488601685,0.06312412195025928,7.3553148442272265e-06,0.07046499103307724,0.06238290265439048,7.240385935523597e-06,0.06973069161176682,0.0617872318696408,7.138933514454772e-06,0.06913582980632782,0.06130298487250767,7.064845028829124e-06,0.06866544485092163,0.06089706381871587,7.0533408246825355e-06,0.06830990314483643,0.060541045334604054,7.112074157920189e-06,0.06802938133478165,0.06022101256345946,7.202381363436652e-06,0.06776824593544006,0.0599365159869194,7.2843924761796806e-06,0.06750427931547165
345,18,mix_ffn_after_gate,Gaussian,1,0.6515680963084811,0.15447068261832295,1.7828871011734009,0.1786953444991793,0.0014115949382849926,0.2705826461315155,0.1048038752069549,0.00013493753504972486,0.133083313703537,0.07891894273814701,2.9470924876415638e-05,0.09245683252811432,0.06678032478879369,1.264402854748876e-05,0.0757574588060379,0.06011083231322349,8.342288877868445e-06,0.06665966659784317,0.055992829835131055,6.683529245430758e-06,0.06162742152810097,0.05322623915142483,5.8365646649232844e-06,0.058601588010787964,0.051262929858196346,5.3709582985206636e-06,0.05653845891356468,0.04982724194488828,5.133449244174086e-06,0.05511414632201195,0.048755479296521534,5.035356547943005e-06,0.05410479009151459,0.04794070597678896,5.01310316557662e-06,0.05337751284241676,0.047312076070478985,5.028977759543669e-06,0.05285051465034485,0.04682140070058051,5.062552813796373e-06,0.052467476576566696,0.046434897219850904,5.102314412813396e-06,0.052187543362379074,0.04612792785915117,5.142744675976903e-06,0.05198170244693756,0.045881668963129556,5.180876816484721e-06,0.05182933807373047,0.04568141521442504,5.2141993276225436e-06,0.05171483755111694,0.04551560023710841,5.241072460516041e-06,0.051625192165374756,0.04537525985922132,5.261287190166375e-06,0.05154914781451225
345,19,self_attn_after_gate,Vertical,1,0.23882628031193265,0.07491778151824692,1.9443628787994385,0.10659874467149613,3.349434898145265e-05,0.11963006108999252,0.09614225145843294,1.56867447777741e-05,0.10559476912021637,0.09108106768320477,1.2073002793785e-05,0.09894096106290817,0.08810978749441722,1.1580859377067092e-05,0.09556616097688675,0.08616744525848873,1.1913209223607136e-05,0.09328286349773407,0.08481291610570181,1.2323649045480149e-05,0.09177756309509277,0.083786403612485,1.269141760960541e-05,0.09062068164348602,0.08296842506480595,1.30670054154225e-05,0.0895557850599289,0.08229089693890677,1.3523744727523233e-05,0.08860202133655548,0.08171608287190633,1.408604402696682e-05,0.08887994289398193,0.08120650656166531,1.4665354463451407e-05,0.08920638263225555,0.08074104383824364,1.5121743519998125e-05,0.08929605782032013,0.08033444625990731,1.5483762503483823e-05,0.089254230260849,0.07998876663900557,1.577473566878504e-05,0.08911988139152527,0.07967026992922738,1.590301547094592e-05,0.08872775733470917,0.07933957945732843,1.585492198176766e-05,0.08806262910366058,0.07899901022513707,1.5813783163869177e-05,0.08745470643043518,0.07868728550180557,1.5907634641387825e-05,0.08726251870393753,0.07842062460997748,1.6109887640080746e-05,0.08710198849439621
345,19,self_attn_after_gate,Horizontal,1,0.3421035544976356,0.2120956359274246,3.143970251083374,0.11634250127133869,5.471532420613318e-05,0.13824701309204102,0.10384328663349152,1.3935708658020465e-05,0.11321868747472763,0.09871310717056668,6.497561166449602e-06,0.10621189326047897,0.0960014317007292,3.7604234672672174e-06,0.1022142842411995,0.09439135035352102,2.456496985405335e-06,0.0996837243437767,0.0933013464959841,1.8371071151325283e-06,0.09798310697078705,0.09250696937716196,1.5343373006764361e-06,0.096891850233078,0.09188621361104268,1.3745158872476473e-06,0.09614576399326324,0.09136499949390926,1.2539958362673447e-06,0.09546487778425217,0.0909103982978397,1.1203659819759184e-06,0.09463636577129364,0.09052430956609665,1.020509203082786e-06,0.09379467368125916,0.09019928673903148,9.709527016913955e-07,0.09312203526496887,0.08992088609744632,9.531026172737151e-07,0.09260892868041992,0.08967894859730251,9.637475718075003e-07,0.09223698824644089,0.08946495905282005,9.993817539110075e-07,0.09198932349681854,0.0892718852985473,1.0373864871032468e-06,0.091812863945961,0.08909763005517778,1.0581629001824985e-06,0.09164270758628845,0.08893922054105335,1.053057575383347e-06,0.09146419912576675,0.0887848310290821,1.0144888307541303e-06,0.09129828214645386
345,19,self_attn_after_gate,Gaussian,1,0.2271896411502172,0.04659786133186711,1.3224520683288574,0.08179527923228248,4.823287755174164e-05,0.1034737154841423,0.07102999374980018,1.5245159956443618e-05,0.08572061359882355,0.06677793788294943,8.181435205331237e-06,0.07511281967163086,0.06425007787488755,5.928436082285832e-06,0.07081274688243866,0.06281039284335242,5.5792697032497595e-06,0.06938861310482025,0.06165953755142197,5.445686258370675e-06,0.06837931275367737,0.06069695316846409,5.284486080868537e-06,0.06667973101139069,0.05993585247132513,5.235473676078828e-06,0.06523263454437256,0.059271431394985745,5.1690469949330195e-06,0.06380288302898407,0.05866676362024413,5.01311366504457e-06,0.06282344460487366,0.05814577242921269,4.883292857380325e-06,0.06244736537337303,0.057701664252413645,4.80807131449378e-06,0.062202513217926025,0.057303724248730946,4.724693220417689e-06,0.06193958595395088,0.05693873585689636,4.657167021970769e-06,0.061643198132514954,0.05661843445092913,4.645807111436187e-06,0.06138917803764343,0.056344745118939686,4.6765499124046774e-06,0.0612030103802681,0.056100876440131474,4.7326135778251e-06,0.06108337268233299,0.05587128957822209,4.809289326197154e-06,0.06099434196949005,0.05565750001678391,4.902760576575254e-06,0.060883525758981705
345,19,cross_attn,Vertical,1,0.13303479386700523,0.010802944037570426,0.7642364501953125,0.08898975853882139,4.940964538775802e-08,0.08988615870475769,0.08893262713201462,3.8234138479955934e-08,0.08986842632293701,0.08889721428591107,3.289852000607789e-08,0.08981476724147797,0.08886848602976118,3.04308902370149e-08,0.08979258686304092,0.08885199210000416,2.9441696013910977e-08,0.08979828655719757,0.08884237860403364,2.7790510059253812e-08,0.08976621925830841,0.08884164478097643,2.806677263515558e-08,0.0898013710975647,0.08885070728877234,2.9427621115697563e-08,0.0897969901561737,0.08883985131978989,2.543377246729799e-08,0.08967433869838715,0.0888362354229367,2.513301500220206e-08,0.08965422213077545,0.0888351524869601,2.232256634740515e-08,0.08956438302993774,0.0888249897767627,2.0567618724248457e-08,0.08951057493686676,0.08880531232035349,1.84867559690269e-08,0.08948759734630585,0.08880461645977837,1.8173398567076052e-08,0.08947321772575378,0.08880776438921217,1.784497542908653e-08,0.08944080770015717,0.08880869748573454,1.984706305394034e-08,0.08939579129219055,0.08880931481955544,2.3302588125112978e-08,0.08942993730306625,0.08881924206775332,2.7396269183564956e-08,0.08962632715702057,0.088841151741762,3.011876334724288e-08,0.08961072564125061
345,19,cross_attn,Horizontal,1,0.14777128575813203,0.01990888892934175,1.00164794921875,0.08916389658337548,1.191143982380348e-07,0.09048855304718018,0.08903799809160687,6.239588199180695e-08,0.09007468819618225,0.08901840850474342,5.321703871723694e-08,0.0900566428899765,0.08898263081671699,4.481966581261932e-08,0.08993507921695709,0.08895434557445465,4.1387221990293045e-08,0.0899309441447258,0.08893526404623002,3.856582929250617e-08,0.08995682001113892,0.08891389720023625,3.306160660094912e-08,0.08985508978366852,0.08889953484610906,2.983953793691773e-08,0.08981727063655853,0.08888662535519827,2.858950183244774e-08,0.0898372083902359,0.08888229231039683,2.6808905615742748e-08,0.08979129791259766,0.08886255501281648,2.3480876938964514e-08,0.08975125849246979,0.08885923501044984,2.2927220387296493e-08,0.08975140750408173,0.0888606755742951,2.1962853550804812e-08,0.08968769013881683,0.08885812014341354,1.9239919414273812e-08,0.08961959183216095,0.08883751242879838,1.636216196976572e-08,0.08958224952220917,0.08883654479942625,1.7274758579787683e-08,0.08960786461830139,0.08885138919429174,1.7775965200044385e-08,0.08954520523548126,0.08885384504757231,1.6761327049692024e-08,0.08944816887378693,0.08884030757915407,1.4405750866825535e-08,0.0894106775522232
345,19,cross_attn,Gaussian,1,0.18052382495195146,0.08434880567517443,2.098578691482544,0.06728126747267586,1.8554839911421647e-07,0.0692114382982254,0.06707799907714601,4.418711468734155e-08,0.06765076518058777,0.067062371188686,4.150236010892304e-08,0.06764490902423859,0.06704556551717576,3.793588871759223e-08,0.06758610904216766,0.06702469726876607,3.5101028578679304e-08,0.06756740063428879,0.06700576356952152,3.2078956697618994e-08,0.06754151731729507,0.06698951397150282,3.0041543426267155e-08,0.067525714635849,0.06697551598624578,2.9241364595370473e-08,0.06752941757440567,0.06696328721822255,2.8598094896084158e-08,0.06752252578735352,0.06695384697781669,2.81499029209075e-08,0.06753149628639221,0.06694501106228147,2.7216944637059273e-08,0.06752084195613861,0.06693820064029997,2.6688963295396695e-08,0.06749405711889267,0.0669330945090642,2.6021634315549458e-08,0.06744514405727386,0.06692406866285536,2.5861717264670588e-08,0.06739768385887146,0.06691872730614647,2.608652332035965e-08,0.06737670302391052,0.06691549280806193,2.7112443779720272e-08,0.06734423339366913,0.06691632916529973,2.9138636230517112e-08,0.067322738468647,0.06691940258892756,3.03211342198849e-08,0.06733031570911407,0.0669166347573674,3.036778637342856e-08,0.06731322407722473
345,19,mix_ffn_after_gate,Vertical,1,0.13632554028715407,0.004238213611656776,0.36829710006713867,0.08015052962397771,2.2093000612545195e-05,0.09370706975460052,0.07348377387675029,1.493371485935084e-05,0.08374015241861343,0.0703109810276637,1.2328330720812875e-05,0.07825161516666412,0.06836402865629347,1.1782604543395878e-05,0.07676149904727936,0.06709991507823505,1.2874813652843812e-05,0.07590503990650177,0.06619556945940805,1.4062382138110925e-05,0.07554812729358673,0.06543211970064375,1.4752116190760035e-05,0.0758601650595665,0.06474816456200584,1.5084708089790065e-05,0.07560145109891891,0.06415246521669721,1.532067665308264e-05,0.07509887963533401,0.06363890940944354,1.5535859014800152e-05,0.07453879714012146,0.06319349673059252,1.573984115453547e-05,0.07398951053619385,0.0628034948474831,1.593212201425452e-05,0.07347425073385239,0.06245877191660896,1.611200124065696e-05,0.07299961149692535,0.06215137734063088,1.6279365322579426e-05,0.07256538420915604,0.06187511749920391,1.6434783760959672e-05,0.07216891646385193,0.061625103037508705,1.657909616911979e-05,0.07180669903755188,0.06139740282817492,1.6713200389685013e-05,0.07147510349750519,0.06118888555774613,1.6838073253738027e-05,0.07127472758293152,0.0609969791793634,1.6954589141356882e-05,0.07117754966020584
345,19,mix_ffn_after_gate,Horizontal,1,0.23927939541283108,0.03540700042013944,1.2679917812347412,0.10025501523226027,4.619158540578488e-05,0.11596609652042389,0.08783422315877581,8.259732352332964e-06,0.09539138525724411,0.08294025761267496,4.485584290611541e-06,0.08832033723592758,0.08024600313769446,3.648104629192172e-06,0.08456689864397049,0.0784650734729237,3.3558572270861076e-06,0.0822945237159729,0.07715491134495962,3.2627407374976403e-06,0.08117049932479858,0.07615546160747134,3.237307644118968e-06,0.0802684873342514,0.07535804382392339,3.2245419846507433e-06,0.07946150004863739,0.07469300310763102,3.2175771301037215e-06,0.07873103767633438,0.07413081410858366,3.224884416964401e-06,0.0780959203839302,0.07365398877669894,3.2417561154897754e-06,0.07756418734788895,0.07324263370699352,3.2555397565474817e-06,0.0771138146519661,0.07287896708363578,3.262483218982687e-06,0.07672100514173508,0.0725553927440492,3.2712592072178207e-06,0.07639990001916885,0.07226853675785519,3.2860060036189188e-06,0.07613616436719894,0.07200922852470762,3.299157858167147e-06,0.07589875161647797,0.07176987826824188,3.3033055960655635e-06,0.07565386593341827,0.07154774251911375,3.299375689809376e-06,0.0753885954618454,0.07134179652683319,3.2931974925001224e-06,0.07510960102081299
345,19,mix_ffn_after_gate,Gaussian,1,0.2497470417902583,0.08370871644227755,1.8864495754241943,0.07915654660217346,3.057654495706658e-05,0.0930638462305069,0.07017442394816686,1.4362747820880687e-05,0.07904981076717377,0.06502340680786542,1.0340973982883037e-05,0.07248079031705856,0.06180637495385276,8.321317320115258e-06,0.06811002641916275,0.059544323987904046,7.232055560794689e-06,0.06563865393400192,0.05798613445626365,6.885646707654826e-06,0.06420452147722244,0.056851650691694684,6.786322217030398e-06,0.06323379278182983,0.05589231618103527,6.764424036792573e-06,0.06259335577487946,0.055041367927240945,6.532759740763096e-06,0.062295712530612946,0.05435627012971848,6.324802177685712e-06,0.062253452837467194,0.05381763330291188,6.175689084337393e-06,0.062197715044021606,0.053343608916278866,6.013839257068859e-06,0.061816561967134476,0.05287728180724477,5.894580854069969e-06,0.061057642102241516,0.05242464555397866,5.857724710269206e-06,0.06026838347315788,0.05202872377066385,5.8543847127400195e-06,0.0596495047211647,0.0516981819555873,5.861160650559925e-06,0.05914119631052017,0.05140845542625776,5.891295398749723e-06,0.05869779735803604,0.05113045226723429,5.967674939143047e-06,0.05833861976861954,0.05084920538559792,6.078351522960532e-06,0.058072686195373535
249,18,self_attn_after_gate,Vertical,1,0.4058298690924569,0.06485458597953384,1.3805431127548218,0.14826294779777527,0.0005483936963012598,0.2060767561197281,0.1135957186657285,0.0001489507606980371,0.14722788333892822,0.10024252321038928,9.592965095483742e-05,0.12698876857757568,0.09207677072475827,7.103265969349729e-05,0.11577720940113068,0.0864325390448646,5.657481737733747e-05,0.10698084533214569,0.08235480541747714,4.8465391930415976e-05,0.10007967054843903,0.07929140885197927,4.385453901055937e-05,0.09460362792015076,0.07690147121274282,4.10470003815091e-05,0.09098540991544724,0.07497116710458483,3.914957158530565e-05,0.08901567757129669,0.07336712930174101,3.7746247158191436e-05,0.08726111054420471,0.07200196970786367,3.665248034416808e-05,0.08567368984222412,0.0708174453604789,3.578098330233341e-05,0.08423184603452682,0.06977483659746155,3.508459047432085e-05,0.08292382955551147,0.06884825087728955,3.453274766932064e-05,0.08174079656600952,0.06802006668987728,3.4102657079120714e-05,0.08067399263381958,0.06727786734700203,3.377591619859274e-05,0.07971327006816864,0.06661229480117087,3.353748319292552e-05,0.07884684950113297,0.06601554480573488,3.337467709938827e-05,0.07806167751550674,0.06548047556527077,3.327643094290966e-05,0.07734447717666626
249,18,self_attn_after_gate,Horizontal,1,0.5663511819309659,0.11233979407835375,1.8193249702453613,0.2092135532034768,0.0013772210315094282,0.3554236888885498,0.15353844113766202,0.0003070093957330095,0.21446868777275085,0.13072148663184,0.0001229873021532082,0.17576062679290771,0.11943304550553126,7.348100598276497e-05,0.15884950757026672,0.11268668468036348,5.137172036139891e-05,0.14714494347572327,0.10817367193244752,3.930437516886148e-05,0.13867631554603577,0.10496299985855345,3.2227271070084214e-05,0.13242875039577484,0.10255117335962871,2.7252077283707082e-05,0.12735970318317413,0.10061544948627078,2.2939879822099194e-05,0.12277261912822723,0.09895520373469308,1.8880581495769185e-05,0.11835763603448868,0.09747763356519124,1.5294896816313136e-05,0.11420506238937378,0.09615964477970487,1.24417764582465e-05,0.11054536700248718,0.09499714346159072,1.0335458289113151e-05,0.10749219357967377,0.09398156108837279,8.834856276493235e-06,0.10501787066459656,0.09309834383782886,7.772832196074833e-06,0.10302722454071045,0.09232994582917955,7.004928202662537e-06,0.1014089584350586,0.09165876335094846,6.4162290069661606e-06,0.10005775094032288,0.09106974421985566,5.923631664075296e-06,0.09888747334480286,0.09055217048005453,5.481545378458102e-06,0.09784319996833801
249,18,self_attn_after_gate,Gaussian,1,0.34310758444998,0.03411754029139757,0.9759382009506226,0.14182245778659033,0.000915159503083703,0.2565571665763855,0.10176865661901141,0.00021505598866173816,0.1531706005334854,0.08384995469971308,8.687533036190601e-05,0.11357493698596954,0.07381740484445815,4.691829382857386e-05,0.094663605093956,0.06763299525020615,3.102741770048638e-05,0.08507081866264343,0.06335569959547785,2.2098019380577378e-05,0.0779842659831047,0.06016435249457284,1.6409594297326613e-05,0.0717104822397232,0.0577106974309399,1.3250478532882745e-05,0.06673530489206314,0.055784892645620164,1.159231129079931e-05,0.06309535354375839,0.05423965547529478,1.0656265825510242e-05,0.061124034225940704,0.05297851450149975,1.0074461273859462e-05,0.059565916657447815,0.05193348329455134,9.678176269372384e-06,0.05865262448787689,0.05105746921802324,9.39636294227204e-06,0.05788741260766983,0.05031711448516164,9.200513572754517e-06,0.057244908064603806,0.04968456238035172,9.068344629895343e-06,0.056696817278862,0.049134348060876604,8.973818568516842e-06,0.0562075637280941,0.04864430735035548,8.892693827900338e-06,0.055738866329193115,0.048198318315876856,8.810979635778671e-06,0.05526340752840042,0.04778751039079258,8.726299491325322e-06,0.05477370694279671
249,18,cross_attn,Vertical,1,0.2193934473963011,0.01922251237185992,0.6948949098587036,0.125891746627906,0.0009878105076261581,0.26858991384506226,0.11383439671425592,0.00027129197004224505,0.1835666000843048,0.10625142024623023,8.466692549188717e-05,0.1494806408882141,0.10186762575592313,3.438892021417176e-05,0.12316980957984924,0.09895339927503041,1.8728936962088148e-05,0.11266466975212097,0.0971985123460255,1.2254528470604698e-05,0.10673829913139343,0.09591130226377458,8.878164660026523e-06,0.10475846379995346,0.09487170264834449,6.5301539191940264e-06,0.10319396108388901,0.09410553449203098,4.87876360893181e-06,0.10159352421760559,0.09352716129450571,3.739939109736519e-06,0.10000832378864288,0.09311202345859437,3.122668225181939e-06,0.0986868143081665,0.09268928733136919,2.6858609006225104e-06,0.09791514277458191,0.09234805464271516,2.3586829324539892e-06,0.0972568541765213,0.09210771606082008,2.231435162524741e-06,0.09659859538078308,0.09189883714157437,2.1224174412230135e-06,0.0957673043012619,0.09172687644050234,1.8412645895545061e-06,0.09541472792625427,0.09165361831112513,1.7017959157316036e-06,0.09460951387882233,0.09156525040429736,1.7326600331571842e-06,0.09449966251850128,0.09137233417658579,1.8496147011800812e-06,0.09543496370315552
249,18,cross_attn,Horizontal,1,0.1987065856182386,0.01472245658611103,0.7216702699661255,0.11947779475696503,0.0007665292036102214,0.271728515625,0.10861242042174415,0.000195558342106284,0.18721623718738556,0.1024137595816264,5.576388145883328e-05,0.13958846032619476,0.09921026040637304,2.5020597347682665e-05,0.11412179470062256,0.09730994228332762,1.5289409785015435e-05,0.10873401165008545,0.09595433705382878,1.085309282043522e-05,0.10691849887371063,0.09489898939454366,8.080856693443899e-06,0.10537487268447876,0.09411388718419605,6.758769474792728e-06,0.10392865538597107,0.09353085619116587,6.194453760972275e-06,0.10308458656072617,0.09311675363116795,5.826592258830139e-06,0.10301615297794342,0.09276915412573587,5.536727803791146e-06,0.1030026525259018,0.09249587487133723,5.598455722627209e-06,0.10362713783979416,0.09231024105397481,5.743654488768218e-06,0.10422864556312561,0.09219093798171907,5.9713106010634425e-06,0.10477890074253082,0.09208467969345668,6.062230139173607e-06,0.10464546829462051,0.0919128827868946,5.7362275654768535e-06,0.1036900207400322,0.09174640488529963,5.110879296472889e-06,0.10278328508138657,0.09163586748024774,4.458073819845908e-06,0.1020304262638092,0.0914996290017688,4.016914310421581e-06,0.10175035893917084
249,18,cross_attn,Gaussian,1,0.4840287287083883,0.6383331814147848,5.575689315795898,0.11137553067907455,0.0008021936271937908,0.20506322383880615,0.09500508329698018,0.00027118553852072136,0.14366303384304047,0.08776493252269806,0.00014056382633882673,0.12270309776067734,0.08351204946400627,8.182357141578152e-05,0.11026200652122498,0.08049596514966753,5.2119142049633944e-05,0.10052584111690521,0.07818426901385897,3.697391793488946e-05,0.09839865565299988,0.07647140915431673,2.8114760246492735e-05,0.09734660387039185,0.07513308217601171,2.2476228952432757e-05,0.09590639919042587,0.0740487522312573,1.840007653533833e-05,0.09416414797306061,0.07317852157922018,1.5232815455081208e-05,0.09238219261169434,0.07246400273981549,1.2700586443582567e-05,0.09074684977531433,0.07184496108028623,1.0638990159980273e-05,0.08923180401325226,0.07128747919249157,9.08901458433973e-06,0.08793289959430695,0.07080867969327503,8.05067403647957e-06,0.08694589138031006,0.07040959490197045,7.290148582856709e-06,0.08609579503536224,0.07006902803504278,6.617227545387888e-06,0.08520399779081345,0.06976797136049422,5.9161633882351e-06,0.08417444676160812,0.06949856569842687,5.297040226266345e-06,0.08320608735084534,0.06926400841228546,4.84834874827751e-06,0.08239293098449707
249,18,mix_ffn_after_gate,Vertical,1,0.699878603219986,0.1577436723300628,1.800746202468872,0.20331471519810812,0.0016963345265235358,0.2963017225265503,0.12014310333936934,0.00018524869948630655,0.14908507466316223,0.08962605195859122,4.686016534444468e-05,0.10376216471195221,0.0750931062632137,2.2492533051282385e-05,0.08530035614967346,0.06708803098826181,1.6836815148467412e-05,0.07669872045516968,0.062258209500994,1.5329799224190286e-05,0.0717167779803276,0.05914835336189422,1.4913498026577273e-05,0.06856430321931839,0.057017485537226235,1.482551620478938e-05,0.06638673692941666,0.05547650276668488,1.4828772122307612e-05,0.064702108502388,0.05431996688010201,1.482558603102504e-05,0.06332617998123169,0.0534342656296397,1.4801140249388217e-05,0.06220728158950806,0.052744534635354605,1.4774948152950426e-05,0.061292827129364014,0.05219679946700732,1.4759166241756684e-05,0.06053224578499794,0.05175245884391996,1.4756175621352858e-05,0.05989079922437668,0.05138441009653939,1.476327828900911e-05,0.059546999633312225,0.0510739122354795,1.477579411786457e-05,0.059360891580581665,0.050808022478743206,1.478932153107115e-05,0.059208765625953674,0.05057762746536543,1.480083558965385e-05,0.05907801166176796,0.050376088314113165,1.4808900228587948e-05,0.05896126851439476
249,18,mix_ffn_after_gate,Horizontal,1,0.73782051366473,0.16769002959127838,1.9845585823059082,0.21643733576176657,0.0018227139811983991,0.31217023730278015,0.13165487857565047,0.00019113862965946165,0.16018648445606232,0.10059260151215962,4.588329606771887e-05,0.11366477608680725,0.0859265336914668,1.9464776914944964e-05,0.09352253377437592,0.07794516308913155,1.2752409715550438e-05,0.0843430608510971,0.07314918639640959,1.0501364091017165e-05,0.07985775172710419,0.07001775704205983,9.475098024110769e-06,0.07681360095739365,0.06782743015459605,8.863716575754627e-06,0.07465694844722748,0.06622368659055422,8.437829840988666e-06,0.07310110330581665,0.06502900603744718,8.128139730097575e-06,0.07197745144367218,0.06411911582662946,7.936477019172548e-06,0.07118877023458481,0.06339044502330204,7.86816428268109e-06,0.07061131298542023,0.06278534428704352,7.849858352297714e-06,0.07010224461555481,0.06228735416181504,7.826303317483507e-06,0.06963108479976654,0.061884264979097575,7.79850796554864e-06,0.0692107230424881,0.06155588063928816,7.773576071339431e-06,0.06882713735103607,0.061278748666010206,7.745661490670892e-06,0.06845922768115997,0.06103167848454581,7.702114986557299e-06,0.06810657680034637,0.06080231726879165,7.640107736194735e-06,0.06778952479362488
249,18,mix_ffn_after_gate,Gaussian,1,0.7344536048079294,0.21692288978154114,2.0818800926208496,0.18478267415175362,0.0016900306608846375,0.27677351236343384,0.10590364050770563,0.00014821139837200068,0.13292521238327026,0.07896717909782652,3.432021176163031e-05,0.09103427827358246,0.06656739482330898,1.4755240261150591e-05,0.07326546311378479,0.05985893208592657,9.647911058508462e-06,0.06609970331192017,0.05574191728281596,7.599693172863348e-06,0.06183518469333649,0.05300757170669616,6.534471283624322e-06,0.05884457007050514,0.05111919745566353,5.962375445779104e-06,0.0567452609539032,0.0497818167602259,5.649336680600416e-06,0.0552372932434082,0.04881122282573155,5.457531704233206e-06,0.054113201797008514,0.048089440320692366,5.322727210192352e-06,0.05323720723390579,0.04754028386539883,5.222722269149059e-06,0.05252566188573837,0.04711523935908363,5.153086486762757e-06,0.05193820968270302,0.04678264632821083,5.10852546806206e-06,0.05147479474544525,0.04651967643035783,5.080290547303389e-06,0.051283810287714005,0.046308715724282794,5.061017844274081e-06,0.051128704100847244,0.04613622479022495,5.046245961536949e-06,0.0509956069290638,0.04599205641046403,5.033794667850142e-06,0.05088360235095024,0.045868868392611305,5.022705720919358e-06,0.05077569559216499
249,19,self_attn_after_gate,Vertical,1,0.16287104891879217,0.007142034739784625,0.6193172931671143,0.10085111939244801,3.3618030684394196e-05,0.1177787035703659,0.09122423295463834,1.911308128058713e-05,0.10004931688308716,0.0870178294560266,1.636508458210959e-05,0.09462128579616547,0.08483655597009356,1.584200285549878e-05,0.09281976521015167,0.08337013813711348,1.594249031954468e-05,0.09180308878421783,0.08218277021059914,1.5863002758118926e-05,0.09025879204273224,0.08130091819025222,1.5980379023292315e-05,0.08992426842451096,0.08066980907368282,1.6482112589636886e-05,0.08933320641517639,0.08014503109549719,1.7057317501304103e-05,0.08889485895633698,0.0796442741439456,1.732727862143339e-05,0.08810007572174072,0.07920631470661314,1.7619596410645387e-05,0.08762750029563904,0.07884061620348976,1.8067692296597268e-05,0.0876610055565834,0.07851432654119674,1.85786575350501e-05,0.08732344210147858,0.07820031579051699,1.9050092603332458e-05,0.08675738424062729,0.07788783264538598,1.940075966742849e-05,0.08701487630605698,0.07757995490516935,1.9600903814876994e-05,0.0870678499341011,0.07728614847338389,1.967695596618997e-05,0.0869087278842926,0.07701633468506829,1.968767045654463e-05,0.0865829735994339,0.07677722071844434,1.9692328373254227e-05,0.08615462481975555
249,19,self_attn_after_gate,Horizontal,1,0.12911948218705163,0.0006642837522375419,0.20924320816993713,0.09848379249137545,9.804237787393318e-06,0.1077946275472641,0.09368940643847935,2.259722864863616e-06,0.0986490398645401,0.09174879486598665,1.7321573776890827e-06,0.09525995701551437,0.0904186349066477,1.1780874032233191e-06,0.09364152699708939,0.0895549560350085,8.897073090348473e-07,0.092574842274189,0.0890440461891038,8.007083018347651e-07,0.09193689376115799,0.08868781323470766,7.449663627657149e-07,0.09116227924823761,0.08835379022454458,7.122699606796135e-07,0.09049880504608154,0.08803525342354698,7.092150278704988e-07,0.09007447957992554,0.08779479575062556,7.474003249515415e-07,0.08976754546165466,0.08761570780050187,8.138864580817811e-07,0.08963693678379059,0.08748158008333236,9.10517737362683e-07,0.08956445753574371,0.08738232735130522,1.0344229759108048e-06,0.08962398767471313,0.08729066179385261,1.1434810201161385e-06,0.08971814066171646,0.08718866310895436,1.2046241226153048e-06,0.08971649408340454,0.08708132697003228,1.2262451247990701e-06,0.08961654454469681,0.08698051150829073,1.232896352019636e-06,0.0894835814833641,0.08689364199600523,1.2427053589735135e-06,0.08936790376901627,0.08682163071537775,1.2626704918913817e-06,0.08930384367704391
249,19,self_attn_after_gate,Gaussian,1,0.10972004241886593,0.0018350567594860436,0.2522537112236023,0.07216793949168826,2.0529126427938827e-05,0.08145242929458618,0.06497046233169616,9.681880313577607e-06,0.07095777988433838,0.06156218903405326,7.869846157894236e-06,0.06819039583206177,0.05946818348907289,6.967354112584381e-06,0.06626889109611511,0.05815196468953102,6.587902686450508e-06,0.06470051407814026,0.05728138220452127,6.557470383658648e-06,0.06378836184740067,0.05661530739494732,6.451832425006197e-06,0.0627589076757431,0.056145751109671974,6.322257167416353e-06,0.0623411126434803,0.055837790585226484,6.33693091362821e-06,0.0620463490486145,0.05564812594462955,6.400112081761685e-06,0.06181272491812706,0.0555634286313776,6.497661262277949e-06,0.06168678402900696,0.055525906502254425,6.618193901944433e-06,0.06157270073890686,0.05546649882481212,6.679919159836476e-06,0.06138750910758972,0.0553757669551978,6.665522308608663e-06,0.06115691363811493,0.055269316193603334,6.6102281026772015e-06,0.06092377379536629,0.0551583877513333,6.542379595706297e-06,0.06070989370346069,0.05504895533834185,6.476264860903775e-06,0.06052197515964508,0.05494422920876079,6.4179524755996535e-06,0.06035942584276199,0.05484571201460702,6.369081679892213e-06,0.060218796133995056
249,19,cross_attn,Vertical,1,0.13006213118159582,0.008928250427861972,0.7070797085762024,0.0893602529688487,2.8543084958108736e-07,0.09132501482963562,0.08921444699877784,1.8067663342947256e-07,0.09073387086391449,0.08911468833684921,1.302974447490274e-07,0.09044632315635681,0.08903257276803728,9.837455502637845e-08,0.09037324786186218,0.08897695844135588,7.956847758301927e-08,0.090288445353508,0.0889462557813478,7.112535005634027e-08,0.09025640785694122,0.088904712408308,6.864046878834402e-08,0.09016213566064835,0.08888137683508888,7.042341633271438e-08,0.0901455357670784,0.08885878182592846,6.801864224744017e-08,0.0901143029332161,0.08885726888501455,7.126453934723871e-08,0.09011863172054291,0.08886296467648612,7.25051023866172e-08,0.09009905159473419,0.08887143799709896,7.344620014089058e-08,0.09004786610603333,0.08890837513738209,8.408189968460342e-08,0.09003856778144836,0.08896335770213415,1.0185084529554423e-07,0.09008178859949112,0.08896397515421822,9.588072883519483e-08,0.08993683755397797,0.0889987779988183,1.2448102453309408e-07,0.09010127186775208,0.08906857066211246,1.5236201967782863e-07,0.0900636687874794,0.08910773552599408,1.8428833713353368e-07,0.09028539061546326,0.08902417099665082,1.1502127309328652e-07,0.09042820334434509
249,19,cross_attn,Horizontal,1,0.13943111423462157,0.014643649625839127,0.8498920202255249,0.08931836994394424,1.400301257502363e-07,0.09033308923244476,0.08922238103927128,1.1469865341493865e-07,0.09018605947494507,0.08915457507920643,9.415491981118906e-08,0.09008179605007172,0.08910517702026972,7.79867574392266e-08,0.09001106768846512,0.08905531347744049,6.666715110154721e-08,0.0899570882320404,0.08901962318590709,6.014958755538192e-08,0.08998144418001175,0.08898772488510798,5.585819378110218e-08,0.08994098007678986,0.08896652538151968,5.525339384389124e-08,0.0898253545165062,0.08895293516772133,5.066568929455732e-08,0.08968609571456909,0.08895856981712674,4.679682756205049e-08,0.08958390355110168,0.08895210389580045,3.5768000304841334e-08,0.08952802419662476,0.08894553189239805,3.1975759819768135e-08,0.08949688822031021,0.08893716843828323,3.08750777604565e-08,0.08948910236358643,0.08891586651877752,3.132569582502888e-08,0.08950556069612503,0.08890908483474974,3.189422496002751e-08,0.08951123058795929,0.08889507703364842,2.8647455839987878e-08,0.08935781568288803,0.08889623080927228,2.810812632822424e-08,0.0894954577088356,0.08891697026907451,3.859330553584097e-08,0.0897720456123352,0.08893901547269216,3.842157212074848e-08,0.08970137685537338
249,19,cross_attn,Gaussian,1,0.2963494774368074,0.3553784120078733,4.301177501678467,0.06746160593770799,3.5157706071626536e-07,0.06958498060703278,0.06709312813149558,4.700295943720388e-08,0.06760112941265106,0.06707607316119331,4.32262976045773e-08,0.06754779815673828,0.06705849605893331,3.9469875848271526e-08,0.0674886405467987,0.06704119734820865,3.640781673471119e-08,0.06745538115501404,0.06702337532289444,3.356488585519937e-08,0.06742901355028152,0.06700703974754091,3.1226033563634105e-08,0.06740821152925491,0.06699142616892619,2.9275960727074405e-08,0.06739385426044464,0.06697635210695721,2.7951668057484848e-08,0.06738321483135223,0.06696427223228273,2.7465605916331355e-08,0.06737790256738663,0.06695384685955351,2.7503652646650685e-08,0.06739042699337006,0.06694496068216506,2.775573230309111e-08,0.06741729378700256,0.06693925472005965,2.831104044289444e-08,0.06744726747274399,0.06693276798441297,2.8318743174826758e-08,0.06745201349258423,0.0669238916228688,2.796456039541973e-08,0.06742525845766068,0.06691920071367234,2.846284461614067e-08,0.0674080178141594,0.06691532759439378,2.9642223301527606e-08,0.06737077981233597,0.06690655282092473,2.963376127707561e-08,0.0673309788107872,0.0668989715595094,2.9251531937353495e-08,0.06731588393449783
249,19,mix_ffn_after_gate,Vertical,1,0.23924056121281215,0.0660474528688531,1.8240916728973389,0.09188960043210832,3.46247616546881e-05,0.10213138163089752,0.08206571082747172,1.6557245867518464e-05,0.08959090709686279,0.07724520989826747,1.3684931731668085e-05,0.08470068871974945,0.07402870236408143,1.2601036223596022e-05,0.08175168186426163,0.07175764287748033,1.1955273251564515e-05,0.07978299260139465,0.070131677838545,1.1471312984379837e-05,0.0783223956823349,0.06883468419786483,1.1191536725037419e-05,0.07728920131921768,0.06771853530690783,1.1524496211406022e-05,0.07676581293344498,0.06680235124769665,1.2082231688597189e-05,0.07628949731588364,0.0660797038839923,1.254956426225954e-05,0.07583893835544586,0.06545783969618026,1.2923319668227047e-05,0.07532040774822235,0.06486916139958397,1.3257333307711574e-05,0.07457287609577179,0.0643203045640673,1.354608366167002e-05,0.07379135489463806,0.06384951751383525,1.3776418900746347e-05,0.07318528741598129,0.0634546751186015,1.3971101088351791e-05,0.0727173388004303,0.06311565359670018,1.4176193952937255e-05,0.07234962284564972,0.06281809171750433,1.4430675026723128e-05,0.07207977026700974,0.06255518225213838,1.4694982811709937e-05,0.07188231498003006,0.06232671279992376,1.4911353650002624e-05,0.07172435522079468
249,19,mix_ffn_after_gate,Horizontal,1,0.19410087700401032,0.010448435363172876,0.5892990827560425,0.09591800719499588,2.802537462782554e-05,0.10664908587932587,0.08633075004059171,7.505928995011658e-06,0.0923309177160263,0.08197575606523998,4.7500436638749214e-06,0.0863972157239914,0.07933853152725431,3.763051269370735e-06,0.08315390348434448,0.07754456003506978,3.3649082380442644e-06,0.08115554600954056,0.07622701757484013,3.2135482678855794e-06,0.07972807437181473,0.07523590905798806,3.156613962155899e-06,0.0785926878452301,0.07446677119485916,3.1381265723072044e-06,0.07796227931976318,0.07384309633856728,3.1552729160986002e-06,0.07749874889850616,0.07331017830542155,3.172402405525644e-06,0.07694566994905472,0.07284113031531138,3.1988948763860544e-06,0.07633504271507263,0.07242309526791649,3.242521410214486e-06,0.07574916630983353,0.07206250809960896,3.2967168855926057e-06,0.0753660649061203,0.07175241966569235,3.3545703086004984e-06,0.0751088559627533,0.07147949460953001,3.408708528030587e-06,0.07486654818058014,0.0712365127272076,3.4527696631833788e-06,0.07461518049240112,0.07102108427456447,3.4937335474920016e-06,0.07440236210823059,0.07082827613940315,3.534725275851001e-06,0.0742378830909729,0.07065455911178438,3.579930270277574e-06,0.07407981157302856
249,19,mix_ffn_after_gate,Gaussian,1,0.32626779850513216,0.14849122157060785,2.598186492919922,0.08530252048420528,6.0829887169215644e-05,0.10649817436933517,0.07375729048535937,1.5123943041301493e-05,0.0845184326171875,0.0681421665681733,1.025054151248996e-05,0.07711979746818542,0.06440824459469507,8.156577569374449e-06,0.07216768711805344,0.06186213243811849,6.900313916962781e-06,0.06864021718502045,0.05997441271467814,6.023746650037512e-06,0.06620994210243225,0.05855083365052465,5.597271074318769e-06,0.06434527039527893,0.057453095203354246,5.332108220343424e-06,0.06250452995300293,0.05652096778863952,5.129830820416849e-06,0.06126832589507103,0.05565658448234437,4.975844878477813e-06,0.06070437282323837,0.05486507619184161,4.864725886141672e-06,0.06038907542824745,0.05418872992907252,4.845119994087527e-06,0.06020527705550194,0.053621313105972984,4.900700591747369e-06,0.06006581336259842,0.05313214464556603,4.971974073165097e-06,0.0598612017929554,0.0526938478033694,5.0258411219914375e-06,0.05950154364109039,0.05229171081667855,5.078184666435968e-06,0.05906844884157181,0.05193128442716977,5.143099242861283e-06,0.05870049446821213,0.05162031706126909,5.219458510300215e-06,0.05840341001749039,0.051353873832831305,5.304341234241469e-06,0.05812130868434906
136,18,self_attn_after_gate,Vertical,1,0.34686353282322957,0.043485512592557375,0.9654182195663452,0.13772270461869618,0.0002951025128396835,0.19040349125862122,0.11056821876102024,9.700383890389831e-05,0.14292427897453308,0.09814509347317711,6.691325725490756e-05,0.12656375765800476,0.09023243519994947,5.2848182058389536e-05,0.1140436977148056,0.08471951610039151,4.242646066326161e-05,0.10365484654903412,0.0807858593170605,3.6830710731270825e-05,0.09709582477807999,0.07785008149960684,3.3977363639744046e-05,0.09214890748262405,0.07558546345385295,3.253818221513628e-05,0.08858836442232132,0.07378776767660701,3.180878715615194e-05,0.08587878942489624,0.07232858429825495,3.147849699343545e-05,0.08454611152410507,0.07111994508239958,3.1298199613619915e-05,0.08392958343029022,0.07009652469839368,3.109597026184335e-05,0.08334199339151382,0.06921436058150397,3.0868146382679276e-05,0.0827002078294754,0.06844712965308673,3.069407376651221e-05,0.08202526718378067,0.06777699628756159,3.0613092211177164e-05,0.08136770129203796,0.06718917794170834,3.062499718379498e-05,0.08076032251119614,0.06667115988712462,3.0718272101707756e-05,0.08021650463342667,0.06621245909777898,3.088077561666079e-05,0.07973814010620117,0.06580433970878995,3.1101796592067705e-05,0.07932120561599731
136,18,self_attn_after_gate,Horizontal,1,0.7804669709432692,0.5037275707862824,3.5956921577453613,0.2073198781600074,0.001668644244822113,0.32112234830856323,0.15582208370878584,0.0003748701346463837,0.2171974778175354,0.13435505235952044,0.00016309607320902012,0.18135538697242737,0.12211526303537308,8.64687786590151e-05,0.1571488082408905,0.11426066749152683,5.160986876712597e-05,0.14023947715759277,0.10884994540422682,3.4097844600938344e-05,0.12866392731666565,0.10488554705230016,2.437865585595818e-05,0.12038338929414749,0.10182510138977141,1.8446569208124576e-05,0.11450675874948502,0.09937871259356303,1.4470488468401626e-05,0.11016169935464859,0.09739463102249872,1.1645265263856395e-05,0.10769487917423248,0.09577191195317677,9.568314247351103e-06,0.10554122924804688,0.09443182853006181,7.984240313316293e-06,0.10353953391313553,0.09331678622771823,6.740545555847144e-06,0.10165733098983765,0.09238696098327637,5.763038485629926e-06,0.09989841282367706,0.09161211207272514,5.014331228374062e-06,0.09831172227859497,0.09096412242404998,4.448486459891181e-06,0.09693238139152527,0.0904173104772492,4.008919112545106e-06,0.09573792666196823,0.08995014062476536,3.648741923940765e-06,0.09466975182294846,0.08954274630735791,3.336321714791603e-06,0.09374597668647766
136,18,self_attn_after_gate,Gaussian,1,0.4303297937389404,0.06550591671758556,1.1934796571731567,0.15088401415518352,0.001109974132354858,0.26046594977378845,0.10675020208434453,0.00021496770270355053,0.1502937376499176,0.08859322350176554,9.096768183547526e-05,0.10767805576324463,0.07836468754306672,5.9360552280811965e-05,0.09509680420160294,0.071673707593055,4.254213404024725e-05,0.08868639171123505,0.06705944086351091,3.2423059001764186e-05,0.08283160626888275,0.06365319335507968,2.5739944514623626e-05,0.07732225954532623,0.060964405477520016,2.0599795689141227e-05,0.07358427345752716,0.058783987034407875,1.6516257033759856e-05,0.07052075862884521,0.05703172211845716,1.3517830271418125e-05,0.06805726140737534,0.05563020067555564,1.1355213808206268e-05,0.06616657972335815,0.05450663455421963,9.71235861169035e-06,0.06465288251638412,0.05360042321540061,8.422435532253742e-06,0.06328187137842178,0.05286119020883999,7.484050163645407e-06,0.061920858919620514,0.05224899675637957,6.913252104536999e-06,0.06059977412223816,0.05173444747924805,6.6462571922088105e-06,0.059392958879470825,0.05129712908750489,6.583156985862496e-06,0.05832873657345772,0.050922333898525386,6.639527362497802e-06,0.0573994480073452,0.050597921368621644,6.758231757925342e-06,0.05658460780978203
136,18,cross_attn,Vertical,1,0.18775702882853765,0.016634034651637444,0.7375805974006653,0.11071386590363487,0.00023108219233999614,0.17991089820861816,0.10255699687533909,6.892268424443152e-05,0.13227203488349915,0.0987444104892867,2.6360681129668436e-05,0.11389416456222534,0.09671766713025078,1.6185167723143837e-05,0.10737448185682297,0.09532958044419212,1.080553164242606e-05,0.10451920330524445,0.09435374999330157,8.64901726970837e-06,0.1033177524805069,0.09363213831943179,6.431241040784183e-06,0.10192298889160156,0.09308856737519068,4.803522175896297e-06,0.10061194002628326,0.09272094626748373,4.142897255964985e-06,0.10012523829936981,0.09247085688606141,3.49815073843326e-06,0.09932403266429901,0.0920384872763876,2.8317007091597236e-06,0.09825024008750916,0.09167146422560253,2.258861295707125e-06,0.09701226651668549,0.09144953177088783,1.9893834344915635e-06,0.09661567956209183,0.09131642785810289,1.879843118353586e-06,0.09625712037086487,0.0912007735598655,1.87969271451706e-06,0.0962095558643341,0.09110491959348557,1.7788597001158012e-06,0.09581415355205536,0.0910646967471592,1.741150291734752e-06,0.09565956890583038,0.09110567541349501,1.8335542738498855e-06,0.09508029371500015,0.09119076553791289,2.1590596493651583e-06,0.09529679268598557
136,18,cross_attn,Horizontal,1,0.39948769315840704,0.23314165315516955,3.1932268142700195,0.12835837368454253,0.000965165214121073,0.23825621604919434,0.11522659257290856,0.0003801799395623428,0.18030989170074463,0.10932944407538762,0.00018987227419248217,0.15163923799991608,0.1053541972050591,0.00010188700449866313,0.14188700914382935,0.10252354329540617,6.400266690915692e-05,0.13454201817512512,0.100553007471183,4.361667689196192e-05,0.1292174756526947,0.09919087458697576,3.057189579464881e-05,0.12445105612277985,0.09789606727777965,2.181562037558899e-05,0.11974014341831207,0.09678011659591917,1.6871815564936533e-05,0.11620983481407166,0.09594876567522685,1.3370914888475585e-05,0.11331067979335785,0.0952021601417708,1.0460797062396828e-05,0.11058144271373749,0.09448832533662281,8.056681358288967e-06,0.10825797915458679,0.09388605966454461,6.448842812332312e-06,0.10651373118162155,0.09339090590439146,5.202275414743765e-06,0.10508739948272705,0.09297734085056517,4.196930591853146e-06,0.10383422672748566,0.0926270882288615,3.4363592295063292e-06,0.10265471786260605,0.0923280982034547,2.860712686439815e-06,0.10157808661460876,0.09207319349996627,2.4087458977791317e-06,0.10060293972492218,0.0918596236715241,2.0359588664191104e-06,0.09970621019601822
136,18,cross_attn,Gaussian,1,0.3480519276289713,0.21827542402990807,3.2698822021484375,0.10615857584135872,0.0007028723253481951,0.19845807552337646,0.09024892061475724,0.0002426432962742835,0.15893465280532837,0.08258379510943852,0.00010116022285652589,0.13141044974327087,0.07843610821735292,5.2803967402377134e-05,0.11428910493850708,0.07600813867553832,3.21524270650845e-05,0.1028398871421814,0.07448747020865244,2.1289174511164053e-05,0.09464028477668762,0.07344217669396173,1.4791067174683192e-05,0.08874742686748505,0.07266567470062346,1.0788368702492749e-05,0.08473075926303864,0.07206841676481186,8.12619009353106e-06,0.08205997198820114,0.0715053669280476,6.0826147487933596e-06,0.0801316350698471,0.0709472205194216,4.6108893514382474e-06,0.07850992679595947,0.07050878684672099,3.66946706713968e-06,0.07717315107584,0.07013099853481565,2.9867902859479054e-06,0.0759480744600296,0.06978456297564128,2.447440425085726e-06,0.0747048631310463,0.06950689828585065,2.0772468333083862e-06,0.07365544140338898,0.06929144878236074,1.8371385760273904e-06,0.07283735275268555,0.06909328474411888,1.6301727483293668e-06,0.07250663638114929,0.06891166761754051,1.4600870141361941e-06,0.07209277153015137,0.06876633138883681,1.4490763440477915e-06,0.07205808162689209
136,18,mix_ffn_after_gate,Vertical,1,0.9168414303234645,0.2343334470799476,2.5681190490722656,0.2894560895741932,0.00341931880510522,0.4063260555267334,0.16736384351102132,0.00039068970899860554,0.2063770741224289,0.11974578114256026,8.841958428680832e-05,0.13559667766094208,0.09597702549090462,3.452862586672833e-05,0.10973840951919556,0.08247202800379859,2.1418924915216306e-05,0.09592922031879425,0.07410402962612728,1.7609540713143792e-05,0.08724459260702133,0.06858177654563434,1.638630037048421e-05,0.08135853707790375,0.06476585744392305,1.6005289268013073e-05,0.07721485197544098,0.06203505775285146,1.5886355105130932e-05,0.0741950049996376,0.06001255460201748,1.576136987402457e-05,0.07186560332775116,0.05845803519090017,1.5516604083359867e-05,0.06996096670627594,0.057217165118172056,1.5199200923129174e-05,0.0683722272515297,0.05620084306786931,1.494975803064084e-05,0.06709666550159454,0.05536443574561013,1.482311077536873e-05,0.06611448526382446,0.05468149565988117,1.4765435865502535e-05,0.06536391377449036,0.05412607096017353,1.4728525102656173e-05,0.06479358673095703,0.053671230754208946,1.4702884642339857e-05,0.06437228620052338,0.05329218642815711,1.4693231968522051e-05,0.06407216191291809,0.05296773309745486,1.470316071034429e-05,0.06385226547718048
136,18,mix_ffn_after_gate,Horizontal,1,1.0769860735015264,0.3781191966631396,3.2162861824035645,0.31389890303687445,0.004526152458842861,0.4516527056694031,0.18289679738264236,0.00045017789264176607,0.2255985587835312,0.13501846246303073,0.00010128888368091373,0.1555492877960205,0.11099231385049366,3.748282569377639e-05,0.1232995018362999,0.09688017635591446,1.9808862514710276e-05,0.10527828335762024,0.08782271153870083,1.3536616822016548e-05,0.09534145891666412,0.08167918747852719,1.0917778409121112e-05,0.08879059553146362,0.0773388095318325,9.672319291416548e-06,0.08419951796531677,0.07416633906818572,9.015071861731707e-06,0.08084483444690704,0.07177744226323234,8.642907894320094e-06,0.07828561216592789,0.06993444985340512,8.421901995936517e-06,0.07628685235977173,0.0684889576856106,8.270041610073069e-06,0.07472583651542664,0.06733864593127417,8.137736916054621e-06,0.07356862723827362,0.06640730135970646,8.007249583528993e-06,0.07273741066455841,0.06563988280674768,7.884114671108691e-06,0.07205474376678467,0.06499797330489235,7.779546547511277e-06,0.07149295508861542,0.06445631177888976,7.69571097040483e-06,0.07102931290864944,0.06399852747008913,7.629455198951336e-06,0.07064808905124664,0.0636122679663083,7.582018035316521e-06,0.07034239172935486
136,18,mix_ffn_after_gate,Gaussian,1,0.6854196607120453,0.15919101215595538,1.7505114078521729,0.18733793094990744,0.0015528607848717723,0.26994290947914124,0.10979340166326552,0.00013985519354670038,0.13357245922088623,0.08296652291975325,3.329050869407544e-05,0.09457264840602875,0.07007422244974545,1.4012594071052185e-05,0.07753899693489075,0.06277690892891279,8.626429940920077e-06,0.0682956874370575,0.058262537277880166,6.8274877891042095e-06,0.06379897147417068,0.055238343716140774,5.996641547847867e-06,0.06088605523109436,0.05310071679571318,5.5499606285541875e-06,0.05855932831764221,0.05155930005841785,5.320927781016687e-06,0.05683387443423271,0.05043443392903086,5.202425919715379e-06,0.05559007078409195,0.04959181903137101,5.121900192665368e-06,0.054672446101903915,0.04893511994963601,5.0437394433203704e-06,0.05403251200914383,0.04840274385753132,4.966589590875857e-06,0.05350983142852783,0.04796331653755809,4.905533280210916e-06,0.053058523684740067,0.04760222657332345,4.866725900529273e-06,0.052689194679260254,0.04730829401385216,4.8459439244749095e-06,0.05242014303803444,0.04707003100996926,4.838755669854121e-06,0.052321311086416245,0.04687639237159774,4.8429547601822165e-06,0.052299343049526215,0.04671721793119869,4.85687163606977e-06,0.05232754349708557
136,19,self_attn_after_gate,Vertical,1,0.5319704793038822,0.7955916922473003,4.768589019775391,0.1220908248944888,8.130014765996117e-05,0.14569389820098877,0.10769029198184846,4.383888333020208e-05,0.12927591800689697,0.09945429530408648,2.9190283168306677e-05,0.11666306853294373,0.09434440235296886,2.2442826438410595e-05,0.10791724920272827,0.09102027189163935,1.8847820747003334e-05,0.10159888118505478,0.08870693982120544,1.6820681917940922e-05,0.09861185401678085,0.08698446563785038,1.551079375053636e-05,0.09720508754253387,0.0856415428339489,1.4675931224163423e-05,0.09585237503051758,0.08457173868304207,1.4251497021874549e-05,0.09465188533067703,0.08370470929713476,1.4097386971504993e-05,0.09365241229534149,0.08298484531659929,1.4094328650643576e-05,0.09281814843416214,0.08236906440958144,1.4173562136277298e-05,0.09221626818180084,0.08182250424509957,1.4275063643116325e-05,0.09204430133104324,0.08132233269630916,1.4350358584302659e-05,0.09177444130182266,0.08086153876686854,1.4398031258435983e-05,0.09133081138134003,0.08044252095241396,1.4457011270049685e-05,0.09080138802528381,0.08006549626588821,1.4545392109736062e-05,0.09029782563447952,0.07972495825517745,1.4647793711935087e-05,0.08984160423278809,0.0794125839121758,1.4745502043108695e-05,0.08939589560031891
136,19,self_attn_after_gate,Horizontal,1,0.23425410818012934,0.07604727664174712,2.0385818481445312,0.10992553782841516,4.243478400958578e-05,0.13401281833648682,0.10048561436789376,1.2680057808712951e-05,0.11419407278299332,0.09615940494196755,5.1169972197050445e-06,0.10338354110717773,0.09372616476482815,2.644858719357341e-06,0.09826719760894775,0.09224225817218659,1.7340209506969267e-06,0.09576934576034546,0.09123717201134515,1.3005108446480391e-06,0.09419426321983337,0.09052818978116625,1.0911875712747666e-06,0.09309859573841095,0.0900069908017204,1.0016814199612434e-06,0.09258539974689484,0.08960190202508654,9.695358424678491e-07,0.09225816279649734,0.08926238119602203,9.391538775531813e-07,0.09187033027410507,0.08895857289196953,8.987470493996047e-07,0.09138618409633636,0.08868465998343059,8.787384040309906e-07,0.09097854793071747,0.08844456112100965,8.922846248316466e-07,0.09069961309432983,0.08823384510146247,9.33192747597466e-07,0.09050862491130829,0.08804183855416282,9.835503106541368e-07,0.09037833660840988,0.08785952059995561,1.0134626094963873e-06,0.09027530997991562,0.08768757018778059,1.003976275069515e-06,0.09009701013565063,0.08753529782333071,9.673081117655242e-07,0.0898624062538147,0.08740601724102384,9.220567210873388e-07,0.08960048109292984
136,19,self_attn_after_gate,Gaussian,1,0.6321520625598847,1.3858049150963219,6.186430931091309,0.09584047952814707,7.448577609407529e-05,0.11939868330955505,0.08044906078823029,2.356977520965627e-05,0.08943460136651993,0.07286693605165633,1.255763952699262e-05,0.08132308721542358,0.06851443305375084,9.14343401334329e-06,0.07611174136400223,0.06575119034165428,7.63995401539674e-06,0.07300430536270142,0.06390299316909578,6.819192362132064e-06,0.07092957198619843,0.06258784027563201,6.360041918710256e-06,0.06945937126874924,0.06159456701032699,6.10212470619228e-06,0.06831474602222443,0.06080992975168758,5.961250452839974e-06,0.06736427545547485,0.06016837911946433,5.8910213195256305e-06,0.06653723120689392,0.059630014652770666,5.865634716791228e-06,0.06579776853322983,0.059169390194472815,5.870537128871649e-06,0.06513198465108871,0.05876954254649934,5.897487112627617e-06,0.06471429765224457,0.05841848472990687,5.941351376176719e-06,0.06446412205696106,0.05810679554466217,5.997913641979712e-06,0.0642327070236206,0.0578263011716661,6.062466009621281e-06,0.06401243805885315,0.0575702991632242,6.128923985364222e-06,0.06380309164524078,0.05733488937692037,6.190951202708823e-06,0.06361019611358643,0.05711911790191181,6.246502968095101e-06,0.06343667209148407
136,19,cross_attn,Vertical,1,0.10961565600028114,0.0021454102029075666,0.37189412117004395,0.0887822580952493,2.979489277339632e-08,0.08927012234926224,0.08875821684561079,2.236734826131194e-08,0.0892854556441307,0.08876737443700669,2.0716910060155787e-08,0.08924932032823563,0.08876055975755055,2.1359115684240305e-08,0.08928616344928741,0.0887817634003503,2.3599437468964793e-08,0.08927857130765915,0.08877305852042304,2.0637151145725186e-08,0.08922449499368668,0.0887622017235983,1.950440625134133e-08,0.08920463919639587,0.08876722755413206,2.011882058047533e-08,0.08919592201709747,0.08878565236689552,2.2697122918041616e-08,0.08918851613998413,0.08881747356009861,2.950151415377041e-08,0.08934354782104492,0.08888080586043615,3.809291607816443e-08,0.08965793251991272,0.08879631249204514,2.0239352865308593e-08,0.08925309777259827,0.08878240308591298,1.9943135274973608e-08,0.08917447924613953,0.0887969671970322,2.2992736975140236e-08,0.0891459584236145,0.08881079310935641,2.6142137519085018e-08,0.08924280107021332,0.08889624275385387,5.3766458853397765e-08,0.08962707966566086,0.08895111332337062,7.935740852808913e-08,0.08986479043960571,0.08902574377873587,1.1682073304277272e-07,0.08998321741819382,0.0890812153617541,1.0668578370291087e-07,0.09003283828496933
136,19,cross_attn,Horizontal,1,0.13209209023487,0.009668582480843122,0.7320765852928162,0.08902133398112796,5.710562759499912e-08,0.08982110023498535,0.08893714040990859,2.643533242449299e-08,0.08960456401109695,0.0889133648976447,2.1502428159953543e-08,0.08948619663715363,0.08889051846095494,1.6617699140400476e-08,0.08941679447889328,0.0888734438589641,1.3394055757681572e-08,0.08936125040054321,0.08886376460866323,1.1714266242447233e-08,0.08931487798690796,0.08886287586083488,1.0964254738045762e-08,0.08925742655992508,0.08885742026189017,1.1506265153851037e-08,0.08925651013851166,0.08884383312293462,1.028815528839139e-08,0.08924631029367447,0.08882627813589006,8.348797446524836e-09,0.08918428421020508,0.08881864259167323,6.889063669849897e-09,0.08914981037378311,0.08881478212655537,6.881005455386346e-09,0.08912023901939392,0.08881079748509423,6.56618743473748e-09,0.08911555260419846,0.08880198120124756,5.578588187877237e-09,0.08909125626087189,0.08880750622068133,5.304590242243723e-09,0.08907495439052582,0.08881082042815193,5.78220852120368e-09,0.08907529711723328,0.08880007089603514,5.556150903938033e-09,0.08906269073486328,0.08879465905446855,5.020148701571862e-09,0.08906206488609314,0.08879010450272333,4.667974332847356e-09,0.08902648836374283
136,19,cross_attn,Gaussian,1,0.09442849256216533,0.0037505160112793505,0.4145103096961975,0.06717068004229712,9.950492271925006e-08,0.06848566979169846,0.06709775044804528,6.294522986688259e-08,0.06824971735477448,0.06708111247373005,5.336541337379741e-08,0.06809431314468384,0.06705513383660998,4.796287967218635e-08,0.06807182729244232,0.0670332983136177,4.4442831709323024e-08,0.0680137500166893,0.06701358620609556,3.907973754906786e-08,0.0678967833518982,0.06700309768082603,3.568929804566392e-08,0.06776782125234604,0.06700616980355883,3.503636879825194e-08,0.06766440719366074,0.0670090067008185,3.607695211055498e-08,0.0676790326833725,0.06700712525182301,3.7730503420205553e-08,0.06767398118972778,0.06702503065268199,4.131540160959864e-08,0.06765006482601166,0.06709530405581944,5.3885015208607027e-08,0.06778310239315033,0.06723564118146896,9.0719546414724e-08,0.06790656596422195,0.06711014029052523,4.789606680186929e-08,0.06772571802139282,0.0670217704914865,3.2321561529002865e-08,0.06749223917722702,0.06699377191918236,3.0712835507370534e-08,0.06742946803569794,0.0669958485024316,3.324120567290909e-08,0.06749146431684494,0.0670543418280662,4.4235695788270836e-08,0.06753970682621002,0.06723224513587497,1.0652247637203774e-07,0.06816545873880386
136,19,mix_ffn_after_gate,Vertical,1,0.3446426526421592,0.16086313729218926,2.2364392280578613,0.09575086418125364,4.29133926882182e-05,0.1111527755856514,0.08571633046108579,2.5793322222245053e-05,0.09847617149353027,0.08110348135232925,2.280268232509403e-05,0.09341348707675934,0.07786295208193007,2.0308822225161345e-05,0.08901511132717133,0.07536696134105561,1.8277998191037857e-05,0.08572103083133698,0.07343137820088674,1.6730629227506976e-05,0.0838622897863388,0.0719089037369168,1.5550743255273576e-05,0.08213344216346741,0.07061759299702114,1.4878835652333598e-05,0.08044709265232086,0.06947896783314055,1.478735889774625e-05,0.07905343919992447,0.06850601508030815,1.4871718430543763e-05,0.07797707617282867,0.06771414141569819,1.4943046985513747e-05,0.07708902657032013,0.0670547266564672,1.4995050768534224e-05,0.07638047635555267,0.06647239453972333,1.503149060870703e-05,0.07588303089141846,0.06593573714296024,1.5076515881594609e-05,0.07552267611026764,0.06544946323311518,1.5109132829408712e-05,0.07513855397701263,0.06502823442930267,1.5112381902742214e-05,0.07474048435688019,0.06466426020340314,1.5094535877462018e-05,0.07441338896751404,0.0643364435268773,1.5080865194458955e-05,0.07417671382427216,0.06402616256049701,1.5100498152442327e-05,0.07397176325321198
136,19,mix_ffn_after_gate,Horizontal,1,0.7160142224932474,1.5559633072689725,7.034058570861816,0.1208166755617611,0.00017760227187912334,0.1557265818119049,0.1002152959505717,2.4089038013101106e-05,0.11729278415441513,0.09317667025422292,1.2260573777901108e-05,0.10395041108131409,0.08891965531640583,8.255290516625284e-06,0.0960235446691513,0.08593745411388458,6.2496752467932055e-06,0.09221626818180084,0.08374238570058157,5.171006464744492e-06,0.08989855647087097,0.08206211113267475,4.566296327886085e-06,0.08812631666660309,0.0807286866364025,4.212548302954474e-06,0.0867076963186264,0.07963774187697305,3.998664595510568e-06,0.08552335947751999,0.07872313284684741,3.868690948444252e-06,0.0845097005367279,0.07794119571409529,3.7899936517811385e-06,0.08363091945648193,0.07726222927135135,3.7422555630404335e-06,0.08286212384700775,0.07666561102110242,3.714823125473752e-06,0.08218647539615631,0.07613642005220292,3.7040304898531557e-06,0.08159251511096954,0.07566346582912263,3.7094128314168364e-06,0.08107028156518936,0.07523857246315668,3.728231642536687e-06,0.08060629665851593,0.07485599437403301,3.754726958964135e-06,0.08018474280834198,0.07451106879919295,3.784512698969852e-06,0.0797954574227333,0.07419925100273556,3.816240591563142e-06,0.07943415641784668
136,19,mix_ffn_after_gate,Gaussian,1,0.2503862798450485,0.056879302503590475,1.2924116849899292,0.08143139701514017,3.018043840994763e-05,0.09895746409893036,0.07310606846733698,1.3416991575358879e-05,0.08552616834640503,0.068139279468192,8.441030906380216e-06,0.07679442316293716,0.06445397016784501,6.072228819475313e-06,0.07037718594074249,0.06185273867514399,5.247320854052041e-06,0.06708363443613052,0.059844549745321274,4.8991368928537624e-06,0.06510160863399506,0.0583194951334643,4.830508427284691e-06,0.06374017149209976,0.05720037913748196,4.836667863080159e-06,0.0636942982673645,0.056303208723427756,4.708086127231487e-06,0.06310301274061203,0.05554411465686465,4.61141114705206e-06,0.0621807761490345,0.05492742891822543,4.643979546355661e-06,0.06150219589471817,0.05443436658335111,4.739434481873173e-06,0.06092975661158562,0.05402030630244149,4.854215415258629e-06,0.060297176241874695,0.053648917684479366,4.996551379587912e-06,0.05969833582639694,0.05331861091748116,5.16501226172802e-06,0.05931074917316437,0.053049560104097636,5.3227065111778256e-06,0.05914093554019928,0.05284454188649616,5.478407920334593e-06,0.05908855423331261,0.05268697594366376,5.6281457114542314e-06,0.05905291810631752,0.05255365123351415,5.729955637721686e-06,0.05899412930011749
