timestep,position,component,gradient_type,kernel_size,epoch_0_mean_loss,epoch_0_var_loss,epoch_0_max_loss,epoch_1_mean_loss,epoch_1_var_loss,epoch_1_max_loss,epoch_2_mean_loss,epoch_2_var_loss,epoch_2_max_loss,epoch_3_mean_loss,epoch_3_var_loss,epoch_3_max_loss,epoch_4_mean_loss,epoch_4_var_loss,epoch_4_max_loss,epoch_5_mean_loss,epoch_5_var_loss,epoch_5_max_loss,epoch_6_mean_loss,epoch_6_var_loss,epoch_6_max_loss,epoch_7_mean_loss,epoch_7_var_loss,epoch_7_max_loss,epoch_8_mean_loss,epoch_8_var_loss,epoch_8_max_loss,epoch_9_mean_loss,epoch_9_var_loss,epoch_9_max_loss,epoch_10_mean_loss,epoch_10_var_loss,epoch_10_max_loss,epoch_11_mean_loss,epoch_11_var_loss,epoch_11_max_loss,epoch_12_mean_loss,epoch_12_var_loss,epoch_12_max_loss,epoch_13_mean_loss,epoch_13_var_loss,epoch_13_max_loss,epoch_14_mean_loss,epoch_14_var_loss,epoch_14_max_loss,epoch_15_mean_loss,epoch_15_var_loss,epoch_15_max_loss,epoch_16_mean_loss,epoch_16_var_loss,epoch_16_max_loss,epoch_17_mean_loss,epoch_17_var_loss,epoch_17_max_loss,epoch_18_mean_loss,epoch_18_var_loss,epoch_18_max_loss,epoch_19_mean_loss,epoch_19_var_loss,epoch_19_max_loss
999,5,block_output,Vertical,1,1.589331677153943,5.156706549121187,8.595928192138672,0.07511514389798754,0.0002967309333480635,0.11186890304088593,0.04727637614049609,3.48484107883591e-05,0.06305532157421112,0.038071856405290344,1.6199050222218855e-05,0.0499386191368103,0.03270701162280545,9.734057325813654e-06,0.042957596480846405,0.029045847939356925,6.606389656972245e-06,0.038324251770973206,0.026341592006030538,4.857829717663471e-06,0.034823451191186905,0.024220928017582213,3.763114652330217e-06,0.031958483159542084,0.022479315953595296,3.0189676516401522e-06,0.029510023072361946,0.021001679468012992,2.484279622712002e-06,0.027372857555747032,0.0197214006727177,2.0850844233076586e-06,0.025488220155239105,0.018597522159180944,1.7783169138247581e-06,0.023816516622900963,0.017602616861935646,1.537033247226843e-06,0.022327277809381485,0.016716661611719738,1.3436108539705494e-06,0.020995665341615677,0.01592403267406755,1.1861181248137474e-06,0.019801009446382523,0.015212004368622151,1.0562068467034744e-06,0.018726015463471413,0.014569959071065699,9.478633694797493e-07,0.017756130546331406,0.013988930362439344,8.566299525755127e-07,0.016878999769687653,0.013461287236875959,7.791367955407235e-07,0.016084037721157074,0.0129805203113291,7.127995789401892e-07,0.015362114645540714
999,5,block_output,Horizontal,1,0.25627657777023694,0.14112177128115422,1.7632763385772705,0.040486168855476,4.520218889417993e-05,0.056330323219299316,0.029038820711393205,7.180704092472548e-06,0.035945698618888855,0.02400740599703221,3.433072834122044e-06,0.028479991480708122,0.020839345005769578,2.039065008627008e-06,0.024083096534013748,0.018592025020292828,1.372391078083061e-06,0.02112758159637451,0.016899726087493554,1.0167901969460684e-06,0.018975043669342995,0.015581045329334244,8.094449016415798e-07,0.017507312819361687,0.014525981146901373,6.753580250221564e-07,0.016317222267389297,0.01366273859249694,5.797602187039294e-07,0.015371767804026604,0.012943280313814443,5.067549020694847e-07,0.014567596837878227,0.01233474552513115,4.4893003079238597e-07,0.013877293094992638,0.011813973653174582,4.024893121827288e-07,0.013279841281473637,0.011364075458712049,3.651004591264091e-07,0.012758971191942692,0.0109723476574771,3.350407340208434e-07,0.012302007526159286,0.010628995958656545,3.1091030927328764e-07,0.011898981407284737,0.010326323557704215,2.9154771136739244e-07,0.011541936546564102,0.01005818588393075,2.7599786059612676e-07,0.011224450543522835,0.0098196104878471,2.6348755809476887e-07,0.010941253043711185,0.009606525228018798,2.533991173701343e-07,0.01069922000169754
999,5,block_output,Gaussian,1,0.09879313092974443,0.011496050535754778,0.5990281105041504,0.025177872251896632,1.4492783277329307e-05,0.03536064922809601,0.018307374672047676,4.215560728909619e-06,0.024690531194210052,0.014724896392888494,1.9843280129439015e-06,0.018746523186564445,0.012449289657293803,1.1236959691717768e-06,0.015220897272229195,0.010878806830280356,7.094975635367813e-07,0.012936005368828773,0.009740170106173509,4.889172572754818e-07,0.011346250772476196,0.008884052088158944,3.616122129744336e-07,0.010180510580539703,0.008221673786581035,2.8293543407105285e-07,0.009353820234537125,0.007697225385715091,2.3163115285835316e-07,0.00885814893990755,0.007274059260944052,1.9690266896877664e-07,0.008455445989966393,0.006927209861931347,1.7280871495022146e-07,0.008116464130580425,0.0066391304948381965,1.5579957457364364e-07,0.007828167639672756,0.0063971760461018195,1.43617336092796e-07,0.0075809042900800705,0.006192035330015989,1.3477179387920874e-07,0.007367384620010853,0.006016712192268599,1.2826026655808626e-07,0.007181976921856403,0.005865850648473179,1.2340193885808024e-07,0.007020248100161552,0.005735279615258887,1.1973253916293205e-07,0.006878633052110672,0.0056217025876754805,1.1693389117325585e-07,0.006754215806722641,0.005522482296718019,1.1478485327207908e-07,0.0066445800475776196
999,6,block_output,Vertical,1,0.24473090824626742,0.13124454898584206,1.8289846181869507,0.04029364792245721,4.774300585012692e-05,0.05705709382891655,0.02811156189630902,1.3985260497316874e-05,0.03646473214030266,0.022161293390487866,6.748437059791688e-06,0.02823791466653347,0.01841013077350836,3.733234857253346e-06,0.023566095158457756,0.015780804043133107,2.2340995589344927e-06,0.01991715282201767,0.013819201568525934,1.4244753690779285e-06,0.017085138708353043,0.012300435527567826,9.60057638684837e-07,0.014887514524161816,0.011096197786548781,6.804898928487986e-07,0.013170896098017693,0.010124180938989397,5.0502572933614e-07,0.011815013363957405,0.009327839276502057,3.9065525916417085e-07,0.01073075644671917,0.008666897133465797,3.134755596313477e-07,0.009853985160589218,0.008112012541719846,2.597257718585041e-07,0.009197601117193699,0.007641414476055947,2.2122315840218245e-07,0.008680160157382488,0.0072386797354926195,1.9295267350865332e-07,0.008240805938839912,0.006891231695633559,1.7174551477753836e-07,0.00786392018198967,0.00658931170723268,1.5554124731385443e-07,0.007537588942795992,0.0063252523763193975,1.429580412942225e-07,0.007252662442624569,0.006092962771949787,1.3304730666936883e-07,0.007002024911344051,0.005887547759191384,1.251393938820672e-07,0.006780080497264862
999,6,block_output,Horizontal,1,0.19912805839899986,0.0728186471518979,1.4404678344726562,0.03923372803108087,2.4944825373603438e-05,0.05069410428404808,0.028598830369966372,6.179211880276761e-06,0.03592882305383682,0.02303709497763997,2.708136046174056e-06,0.02808103896677494,0.019375158651244073,1.4254417183273427e-06,0.02283124253153801,0.01677787345316675,8.563660911272308e-07,0.019119979813694954,0.01485614939814522,5.73920907999718e-07,0.016461756080389023,0.0133861375913497,4.2008489739994494e-07,0.014630574733018875,0.01223026037157055,3.295864593061961e-07,0.013315809890627861,0.011300823133852746,2.7288702635878845e-07,0.012270653620362282,0.010539776527337612,2.3535970282042033e-07,0.011427617631852627,0.009907251549145532,2.092292763609585e-07,0.010753209702670574,0.009374973970273185,1.901706818224614e-07,0.010190614499151707,0.008922352662516965,1.7570584669797743e-07,0.00971660390496254,0.008534042497298546,1.643755633254959e-07,0.00930914469063282,0.008198371814889095,1.5528112098483177e-07,0.008955399505794048,0.007906300304014059,1.4784136077079404e-07,0.008645404130220413,0.0076507032582802436,1.4165638081109465e-07,0.008371359668672085,0.007425889010644621,1.3644546557311448e-07,0.00812720786780119,0.007227254107535359,1.3201187376966905e-07,0.007908273488283157
999,6,block_output,Gaussian,1,0.9276865260705115,2.001969661580151,5.699679374694824,0.0712558375228019,0.00021261293383223676,0.11542986333370209,0.046873922208471905,3.905074327048556e-05,0.06382958590984344,0.03680614574206254,1.739423331693493e-05,0.04684264212846756,0.030863938794013054,1.074164715842039e-05,0.03805427998304367,0.02671906700919545,7.528746339676984e-06,0.03310967609286308,0.02357461897745019,5.533305657102374e-06,0.029217122122645378,0.021077148468484953,4.1424720986996415e-06,0.026025114580988884,0.019037002756718605,3.1287018046370573e-06,0.023347865790128708,0.017338796888315487,2.379235746019028e-06,0.02107371762394905,0.015905266465057456,1.8229862013730945e-06,0.019126959145069122,0.014681048173871305,1.409237290578329e-06,0.017506100237369537,0.01362485709112315,1.1005021137898229e-06,0.01615803688764572,0.012705219288667044,8.690310292337314e-07,0.014983054250478745,0.011897809493045012,6.944048513240016e-07,0.013951466418802738,0.011183633513393857,5.61691907995364e-07,0.013039786368608475,0.010547713953114692,4.600135749571917e-07,0.012229328975081444,0.009978130755443421,3.814545696212728e-07,0.011505227535963058,0.00946530257721269,3.202483433785708e-07,0.01085548847913742,0.009001447967002316,2.7217245118780243e-07,0.010270295664668083
999,7,block_output,Vertical,1,0.9685202559071874,2.2330153873465117,6.163074970245361,0.07781980807582538,0.00023548094295386713,0.10912012308835983,0.05299513083365229,5.10743577254663e-05,0.07076019048690796,0.042476512787361,2.6018765597133667e-05,0.05652879923582077,0.036177684212960894,1.6330171583408863e-05,0.046538449823856354,0.03169027987926725,1.1156478600106767e-05,0.039670638740062714,0.028169089336953466,7.942364426763088e-06,0.03486097604036331,0.02527428681533488,5.802502880624415e-06,0.030854888260364532,0.02283940813134587,4.331042108678975e-06,0.027892611920833588,0.020763857526675103,3.299492331235727e-06,0.02537250518798828,0.018977680347032018,2.564641504387489e-06,0.02316601574420929,0.017428557432833173,2.0324328434218296e-06,0.021229539066553116,0.016075916810049898,1.6400293760610798e-06,0.01952533610165119,0.014887668635873567,1.3452584192956148e-06,0.01802094280719757,0.01383808097018609,1.119712922747545e-06,0.01668856292963028,0.012906320851355318,9.441344946352722e-07,0.01550481840968132,0.012075366452336311,8.0530021916043e-07,0.014489425346255302,0.011331216579983159,6.939911606896241e-07,0.013597637414932251,0.010662259962705393,6.03648212801366e-07,0.012785520404577255,0.010058809352654314,5.295171587922132e-07,0.012044284492731094
999,7,block_output,Horizontal,1,0.07587840585481553,0.0020305557066790745,0.21144378185272217,0.0273517095557754,2.168199087246137e-05,0.04094044119119644,0.018469446708285618,4.773495588962075e-06,0.02418208122253418,0.01395188153736175,1.8566603824863907e-06,0.017409704625606537,0.011229450119629739,9.200572696690428e-07,0.0134159279987216,0.009447155830760797,5.333093633560123e-07,0.010845349170267582,0.008210883830629644,3.479079429288511e-07,0.00932425819337368,0.007314928770360965,2.483754711346494e-07,0.008214565925300121,0.006644254668600975,1.9080418087914435e-07,0.007419119589030743,0.006130246822500513,1.5581580756522126e-07,0.006829050835222006,0.0057295942974705544,1.3367517508715843e-07,0.0063952235504984856,0.005413500340803275,1.190378676764477e-07,0.00606352835893631,0.005161891070504983,1.0882865582489976e-07,0.00583453755825758,0.004960224889810123,1.0125661746013032e-07,0.005646003410220146,0.004797659089995755,9.529439253478504e-08,0.005487366579473019,0.0046659281240805746,9.03743787632095e-08,0.00535137765109539,0.004558621107467583,8.62061576511123e-08,0.005233136937022209,0.0044707101548001876,8.265570157841646e-08,0.0051294956356287,0.0043982448876791055,7.966099806361745e-08,0.005038491450250149,0.004338142639469533,7.717835843118546e-08,0.004958831239491701
999,7,block_output,Gaussian,1,0.6747650972434452,1.0182447558865855,4.452363014221191,0.07682431022089625,0.00019864951021656525,0.10605967044830322,0.050761470896384074,4.930529213938036e-05,0.06909995526075363,0.03949208418646502,2.478538528688126e-05,0.051613956689834595,0.032477964247976034,1.48907962729288e-05,0.04170146584510803,0.027574898320294562,9.78086123204027e-06,0.035665251314640045,0.023921292718677295,6.791501225359396e-06,0.030839314684271812,0.0210761654353331,4.915391544540927e-06,0.026943884789943695,0.01879164171479051,3.676717720683174e-06,0.023799099028110504,0.016916271432169845,2.82180242077793e-06,0.021236229687929153,0.015350510794965048,2.209376315331169e-06,0.019119616597890854,0.014025293320180878,1.757883641765241e-06,0.017347199842333794,0.0128907836559746,1.4178754554607385e-06,0.015843350440263748,0.011909911261191444,1.1577578584200995e-06,0.014551984146237373,0.011054439470171928,9.563386760971265e-07,0.01343110017478466,0.010302471750903697,7.988242522455342e-07,0.012457405216991901,0.00963677918272359,6.745530062223813e-07,0.011694079264998436,0.009043675921266042,5.75657605383997e-07,0.011002122424542904,0.00851220597646066,4.962481315616169e-07,0.01037243939936161,0.008033541999461631,4.318793086363261e-07,0.009797485545277596
999,8,block_output,Vertical,1,0.6217593297598853,0.9415438203344517,4.341670989990234,0.06668319245652547,0.00011949103832872031,0.103353351354599,0.04766546000563909,3.579467305980045e-05,0.06533843278884888,0.037511873458112986,1.702398306927225e-05,0.04766184836626053,0.03089454063465671,9.822514282640679e-06,0.03794347122311592,0.026196400354069376,6.299631578288979e-06,0.03119596652686596,0.022680372413661744,4.35798579713844e-06,0.02697119303047657,0.019947714734053802,3.1871013360887116e-06,0.023727430030703545,0.017763386258766764,2.4271192585098124e-06,0.021036716178059578,0.01597982504597259,1.9048247387371975e-06,0.018787896260619164,0.01449886385706209,1.5300902466381459e-06,0.016893941909074783,0.013251933313551404,1.2525574718197704e-06,0.015480011701583862,0.012189384239415327,1.0421548152155543e-06,0.014264058321714401,0.011274368073495607,8.797616978357336e-07,0.013202561065554619,0.010479062219106015,7.525353808911699e-07,0.012268714606761932,0.009782166397642521,6.514817618207348e-07,0.01144176721572876,0.009167164675004426,5.701270829187374e-07,0.010705547407269478,0.008621086388648976,5.037393697652421e-07,0.010064548812806606,0.008133616704966814,4.488379091259171e-07,0.0095297209918499,0.007696449764013764,4.0285923012797483e-07,0.00904884748160839
999,8,block_output,Horizontal,1,0.2692061061896975,0.13006509158083715,1.959186315536499,0.05736074951433,7.39355550604051e-05,0.08607318997383118,0.03938062725559113,1.5211776835945774e-05,0.0519900843501091,0.03066033994158109,6.952214163586441e-06,0.03810897469520569,0.02511466820798223,4.163922813309884e-06,0.03009125590324402,0.021175435226824548,2.806990429014463e-06,0.024721428751945496,0.018227928672872838,2.013377127855029e-06,0.020871473476290703,0.015954935997133216,1.5043776899174068e-06,0.01811802387237549,0.014163382159220793,1.16421964266072e-06,0.016229011118412018,0.012725671649807029,9.316839121547364e-07,0.014695500954985619,0.011553880462925586,7.691561648375339e-07,0.013419438153505325,0.010585655517403095,6.525579548003473e-07,0.012346697971224785,0.009775797186035013,5.665273316966118e-07,0.011437160894274712,0.009090998816111731,5.012951266529496e-07,0.010660126805305481,0.008506369392668444,4.505901522159261e-07,0.00999164767563343,0.008003048140496488,4.1030492105628483e-07,0.009412801824510098,0.007566543569463113,3.776786043848982e-07,0.00890849158167839,0.007185566202101726,3.508018018248309e-07,0.008466601371765137,0.00685120067219176,3.283272336243664e-07,0.00807735975831747,0.0065563176980330835,3.0928744137431145e-07,0.007732855621725321
999,8,block_output,Gaussian,1,0.2639377461894164,0.1563136622864147,1.9034028053283691,0.04956592270542705,4.932598794919856e-05,0.06976775825023651,0.0362531595996448,1.763510269487747e-05,0.045820996165275574,0.02858633033576466,9.18844648749226e-06,0.03561774641275406,0.02341858744029961,5.545443190008549e-06,0.028865523636341095,0.019688451219172703,3.660484297380623e-06,0.02412908338010311,0.01687272609994998,2.5598691435916324e-06,0.020642533898353577,0.01467793807387352,1.8640634726577231e-06,0.017979539930820465,0.012925337586137984,1.3988155216196204e-06,0.01588229276239872,0.011499046214989253,1.07424579663166e-06,0.01418505609035492,0.010320434908545206,8.402873318828614e-07,0.012779897078871727,0.009334270169751512,6.67398287650175e-07,0.01159584242850542,0.008500585642953714,5.371870731650189e-07,0.01058467198163271,0.007789690483598009,4.376318775716897e-07,0.009712334722280502,0.007179004339767354,3.605760510658038e-07,0.00895398948341608,0.006650999801913424,3.0033233387528365e-07,0.008290925994515419,0.006191842147104797,2.528594496648004e-07,0.0077085793018341064,0.005790475112873884,2.1524022174722123e-07,0.007195227779448032,0.005437984648678038,1.853306014233971e-07,0.006741185672581196,0.005127135664224625,1.6151192855145755e-07,0.0063383495435118675
999,9,block_output,Vertical,1,1.221801913210324,3.2410631734437274,7.294198036193848,0.07047604414678756,0.00020012371935541014,0.0982833057641983,0.04779763726724519,3.3875531297436076e-05,0.06290136277675629,0.03923573185290609,1.8578271687817318e-05,0.05007906258106232,0.033672492744194135,1.21116951410516e-05,0.04127771407365799,0.029571770320809078,8.55189407065174e-06,0.03612212836742401,0.026337593232118893,6.357387655092005e-06,0.0325574092566967,0.023678047257283376,4.899878078512195e-06,0.029579222202301025,0.021434764096897745,3.878519707621571e-06,0.027026211842894554,0.01951156739914228,3.1340198457124147e-06,0.024805134162306786,0.01784405747931155,2.5757530151610187e-06,0.022857598960399628,0.016385987208830933,2.1485532600590644e-06,0.021142391487956047,0.01510252280249482,1.8164843147894232e-06,0.019627250730991364,0.013966547340036385,1.5548179050559e-06,0.018285442143678665,0.012956427158935675,1.345939002504021e-06,0.017094220966100693,0.01205456063210491,1.1770314598503542e-06,0.01603393629193306,0.011246417870833761,1.0386990779873976e-06,0.01508763711899519,0.010519858508829086,9.239996597795056e-07,0.014240626245737076,0.009864658509041108,8.277832453976591e-07,0.01348018366843462,0.009272140354686787,7.462082930211549e-07,0.012795297428965569
999,9,block_output,Horizontal,1,0.0890119280370455,0.003196181151062328,0.3586866557598114,0.03130331960698915,2.2104874057784233e-05,0.04650901257991791,0.021751028589076467,7.516202268290897e-06,0.030659079551696777,0.016438235691378988,3.5672184202468074e-06,0.02251170389354229,0.013038208442074912,1.8962926965667221e-06,0.01754925772547722,0.01074990684846564,1.1340953972449e-06,0.014279710128903389,0.00913341309402197,7.454022635725781e-07,0.011962130665779114,0.007949043494013567,5.342696890466417e-07,0.010238748043775558,0.007055264276762803,4.138442397827031e-07,0.00892224907875061,0.006365292979079107,3.4123453571519066e-07,0.007903177291154861,0.005823368731413096,2.947173943027718e-07,0.007188635412603617,0.005391674892355998,2.6308373425833403e-07,0.006783377844840288,0.005043574505382114,2.403840462186402e-07,0.006452967878431082,0.0047597490945860505,2.2338167198398945e-07,0.00618008803576231,0.00452588741771049,2.102512545464241e-07,0.0059521435759961605,0.004331312807542937,1.9988218419646953e-07,0.005759727209806442,0.004168061295612937,1.9153243751911793e-07,0.00559569476172328,0.004030137123273951,1.8467986506745564e-07,0.005454546771943569,0.003912935447361734,1.7895472222154467e-07,0.005332069471478462,0.0038128395283979085,1.7409305767979356e-07,0.005225087516009808
999,9,block_output,Gaussian,1,0.06357107491838554,0.001465162369266332,0.24065271019935608,0.02432261099891057,1.6557561617616898e-05,0.033290669322013855,0.016300505869800135,5.374804657787851e-06,0.023057159036397934,0.012129770384894477,2.3355956144954818e-06,0.01717754267156124,0.009538093537446998,1.2443663757152882e-06,0.013289161026477814,0.007790817162169824,7.503713502369763e-07,0.010641894303262234,0.006558172826078676,4.936903201922515e-07,0.00880159717053175,0.005655527610095247,3.442359709880764e-07,0.00747188925743103,0.004976737460801526,2.519489888272369e-07,0.006486264988780022,0.004456004316342019,1.929814681979678e-07,0.005743459798395634,0.004050010301557089,1.5429879582817857e-07,0.005176108796149492,0.003729094976618413,1.2831706009362814e-07,0.004826062824577093,0.0034724049425373473,1.1047665158593013e-07,0.0045618293806910515,0.0032649666795300115,9.796182570386692e-08,0.004348999820649624,0.0030958301956868833,8.899460416789513e-08,0.0041762059554457664,0.0029568630492403393,8.24393881828715e-08,0.004034892655909061,0.0028419424003611007,7.756789966050447e-08,0.00391857884824276,0.002746398361133678,7.39088205656353e-08,0.003822293132543564,0.002666621417221096,7.11477716976252e-08,0.0037421495653688908,0.0025997782746950784,6.906531815597538e-08,0.003675102721899748
982,5,block_output,Vertical,1,0.3311421823288713,0.2718772211464311,2.450028419494629,0.04057667918858074,4.846016841399254e-05,0.06134667620062828,0.02778520290222433,9.177484667100799e-06,0.03581360727548599,0.022230720265753685,4.16688141690506e-06,0.027148136869072914,0.018799895450236307,2.476443372906387e-06,0.02241884358227253,0.016366228224739196,1.6290476132012872e-06,0.01941576413810253,0.014537445609531706,1.1373224280023079e-06,0.017243115231394768,0.01311940381983443,8.322169435932813e-07,0.015478536486625671,0.011994065731645577,6.337825090007527e-07,0.014046845957636833,0.01108327918937282,4.999236532847792e-07,0.012879518792033195,0.01033331753893031,4.069973733408134e-07,0.01191968284547329,0.009706373607355451,3.410012151275133e-07,0.011122627183794975,0.009175308344383088,2.9326921948753015e-07,0.010454097762703896,0.008720246831043846,2.582350267130004e-07,0.009906621649861336,0.00832636221238072,2.3218764297353362e-07,0.009456292726099491,0.007982402869928924,2.1258390282275424e-07,0.00906516145914793,0.007679702507125007,1.9764222281202018e-07,0.008722328580915928,0.007411498916409318,1.8609812224930376e-07,0.008419206365942955,0.007172447422312366,1.7704739655858926e-07,0.0081490408629179,0.006958276787329288,1.698396001909261e-07,0.007906578481197357
982,5,block_output,Horizontal,1,0.12386272315468107,0.010118448468194631,0.5792534351348877,0.030069135986859837,1.8673830290808003e-05,0.04649578034877777,0.021511160576390843,3.7443363993101126e-06,0.028629617765545845,0.017455112041225507,1.5360785584790426e-06,0.021233607083559036,0.01488347239201031,8.116603324835327e-07,0.017117807641625404,0.013094412562038218,5.297367630298156e-07,0.01488308236002922,0.011789135235760893,3.949488231369335e-07,0.013214305974543095,0.010803993392203535,3.1804334143562476e-07,0.011943681165575981,0.010040134265427552,2.688257120060529e-07,0.01111019216477871,0.009434539484717543,2.3546581070003525e-07,0.010470729321241379,0.008945607772422216,2.122953987947284e-07,0.009958225302398205,0.00854498308358921,1.9611274934196768e-07,0.009544093161821365,0.008212665014619392,1.8486195371460413e-07,0.009206358343362808,0.007934111000467387,1.7709829406766319e-07,0.008927751332521439,0.007698497040167687,1.7174904840419555e-07,0.008694509044289589,0.00749764157577403,1.6800462786898674e-07,0.008495775051414967,0.007325298455913389,1.6527612424458926e-07,0.008323388174176216,0.007176647391465921,1.6317486279962092e-07,0.008171657100319862,0.007047905823186276,1.6147782542736215e-07,0.008045114576816559,0.006936043523074616,1.6007678534889456e-07,0.007934929803013802
982,5,block_output,Gaussian,1,0.06209819426848775,0.0019179755479787732,0.22797730565071106,0.020459714863035414,9.792647592725398e-06,0.02971746027469635,0.013932097939744828,2.147898174099541e-06,0.017644237726926804,0.010831509687243,8.81903696355128e-07,0.01353457011282444,0.00898186858772995,4.798960940663344e-07,0.011078080162405968,0.007755779372971682,3.0823691105112683e-07,0.009412850253283978,0.006894163092568753,2.2358611690856023e-07,0.008216388523578644,0.006263942405995395,1.7777062003378106e-07,0.007333005778491497,0.005788865262672069,1.5088915921935998e-07,0.006668595597147942,0.0054222665032342314,1.3384708004127678e-07,0.006160978227853775,0.005134120036567014,1.2226707236455498e-07,0.0057676429860293865,0.004904279810568643,1.1395633132166836e-07,0.005477783270180225,0.004718740252659671,1.0776322986945937e-07,0.005272844806313515,0.004567471957425513,1.0304336226108737e-07,0.005105877760797739,0.004443118444806527,9.94048395912096e-08,0.004968857392668724,0.0043401772836371075,9.658436661594006e-08,0.004855707287788391,0.004254467888838715,9.438954210817245e-08,0.004761767107993364,0.004182767995174915,9.267308867661186e-08,0.004683441482484341,0.004122564853686426,9.132147715210603e-08,0.004617918748408556,0.004071874665983376,9.024909571634184e-08,0.004565170034766197
982,6,block_output,Vertical,1,1.010891031178217,2.1354301560803215,5.912962913513184,0.07642429327917477,0.0002683184222303164,0.11562636494636536,0.04689436027454951,2.868245097614939e-05,0.06144621968269348,0.036452389159609404,1.173305439138079e-05,0.04647013172507286,0.03050300038404881,6.616439071016536e-06,0.037662945687770844,0.026457946097093916,4.398163905186102e-06,0.03237517923116684,0.023418529106984064,3.168242120449426e-06,0.028609463945031166,0.021003271970483992,2.3856955964036387e-06,0.025608764961361885,0.019018763439759376,1.850938818267779e-06,0.02312988042831421,0.017353636463956226,1.4713373206287166e-06,0.021044280380010605,0.015936824759202346,1.1948630529833377e-06,0.019268348813056946,0.014718996050457159,9.8876712953606e-07,0.017740968614816666,0.013663678548283993,8.31473254084465e-07,0.016415566205978394,0.012742753436286298,7.086324061856455e-07,0.015256216749548912,0.011933967027635802,6.106881101247469e-07,0.014234967529773712,0.011219432015740683,5.31241333439512e-07,0.013329827226698399,0.01058463951838868,4.659370989661352e-07,0.012523239478468895,0.010017739978456308,4.1171534415783414e-07,0.011800900101661682,0.009509010950014704,3.663488709149163e-07,0.01115109771490097,0.009050416981890089,3.2813442146166473e-07,0.010563908144831657
982,6,block_output,Horizontal,1,0.5058505080995106,0.6098565299452087,3.4265503883361816,0.05775867715950996,7.220832589899922e-05,0.08229173719882965,0.04027772753957718,1.2931672686959553e-05,0.050313081592321396,0.03239274631062197,7.1268274111592495e-06,0.03962408006191254,0.027310219637694814,4.6803995966933125e-06,0.03277488797903061,0.023690631140082602,3.374787550532052e-06,0.028606358915567398,0.020943889217007728,2.5682199289725697e-06,0.025385389104485512,0.01877857857043781,2.023318966173556e-06,0.022737983614206314,0.017028423395776558,1.6351064337971376e-06,0.020542483776807785,0.01558717866502111,1.3483887087507916e-06,0.018704766407608986,0.014382536005642679,1.1306153357632752e-06,0.017152156680822372,0.01336327510043269,9.612373072508248e-07,0.015829280018806458,0.012491989836451552,8.267585871619985e-07,0.014799216762185097,0.011740669297675291,7.181008248607769e-07,0.01395425759255886,0.011087882125543224,6.290395891516682e-07,0.01320461556315422,0.01051691866346768,5.552168704488345e-07,0.012534363195300102,0.01001453713055641,4.935057749344248e-07,0.011931710876524448,0.00957009716639443,4.415985515562197e-07,0.011387663893401623,0.009174952106106849,3.97742144118066e-07,0.010895117186009884,0.008822008982182496,3.6056700238634113e-07,0.010448269546031952
982,6,block_output,Gaussian,1,0.603506046509932,1.008514558389388,4.222808837890625,0.05091151394068249,7.966027866742627e-05,0.0770481526851654,0.03552712996800741,1.992234271812178e-05,0.04835008084774017,0.028318048440038213,9.932903718850817e-06,0.03795350342988968,0.023822131285828257,6.108566744275134e-06,0.03083658590912819,0.02059235101536153,4.152209121493945e-06,0.02567465230822563,0.018105042329619802,2.9693301988496094e-06,0.022192176431417465,0.01611743304168894,2.1856837333700944e-06,0.01994680054485798,0.014491951107860558,1.6434671993649932e-06,0.018035974353551865,0.013140158550370307,1.2595883880332975e-06,0.016387484967708588,0.01200079940082062,9.829506556039815e-07,0.014952936209738255,0.011029533036644496,7.800814229154246e-07,0.013696705922484398,0.010193389677812182,6.286913893866839e-07,0.012591520324349403,0.00946735411084124,5.138350326418153e-07,0.011615904048085213,0.00883215901604484,4.2538292683699724e-07,0.010752464644610882,0.008272759217236723,3.56358541038295e-07,0.009986724704504013,0.007777252493219243,3.0186535632732146e-07,0.009306386113166809,0.0073361142671534,2.5839705001273787e-07,0.008700844831764698,0.006941627201047682,2.2340227080455785e-07,0.00816088356077671,0.00658746227060282,1.9498760083586437e-07,0.007678445428609848
982,7,block_output,Vertical,1,0.080876436794088,0.002590321736736917,0.3086952269077301,0.02881297841668129,1.983750615950965e-05,0.038192134350538254,0.0188430929260831,4.526035730899924e-06,0.024049721658229828,0.01395350628133331,1.7410471899555928e-06,0.017347201704978943,0.011008273115352032,8.893341959882643e-07,0.013370496220886707,0.009047088708492025,5.246135007224074e-07,0.010774342343211174,0.007664301277448733,3.402446149227611e-07,0.008984007872641087,0.006653117644230998,2.399754784743177e-07,0.007838711142539978,0.005894773174077272,1.8270676938180238e-07,0.007016804069280624,0.005315123111127861,1.4848088810915373e-07,0.006367924623191357,0.0048650446170497505,1.2700592654825916e-07,0.005848482716828585,0.0045107275668886445,1.1282246999957762e-07,0.005426925607025623,0.004228323376515792,1.029818656115378e-07,0.00508043821901083,0.004000719012101255,9.585197423946785e-08,0.004792515654116869,0.0038154610055720524,9.049444572950127e-08,0.004584918729960918,0.00366336462413153,8.634227665184599e-08,0.004448218271136284,0.003537561781408768,8.303665878843109e-08,0.004333730321377516,0.003432841882819221,8.034252022441153e-08,0.004236934240907431,0.003345197584066126,7.810458029649209e-08,0.004154441878199577,0.003271509161485093,7.62197780665953e-08,0.00408368743956089
982,7,block_output,Horizontal,1,0.20332847056644304,0.05584734594980762,1.2548370361328125,0.046271468024878276,5.6233395648072134e-05,0.06345231831073761,0.03090801914887769,1.3529123687134245e-05,0.04260345548391342,0.02375113470332017,5.98180492052314e-06,0.032368190586566925,0.019425521678631267,3.290370670484406e-06,0.025705907493829727,0.016464355327780286,2.0236498279596104e-06,0.021067790687084198,0.014298678183602908,1.3430656976040974e-06,0.017703616991639137,0.012645648940215035,9.453585897565405e-07,0.015366202220320702,0.011345408457730497,6.983473137472335e-07,0.01365433819591999,0.010300150525475305,5.375461688016124e-07,0.012260839343070984,0.00944604075676392,4.288602382135124e-07,0.01111538428813219,0.00873910825670002,3.530812343240306e-07,0.010167079046368599,0.008147754832096989,2.9884657302466784e-07,0.009377164766192436,0.007648559028489722,2.5915663142996526e-07,0.008770754560828209,0.007223768285401757,2.295371138705569e-07,0.008302046917378902,0.0068597014372547465,2.0703509546307818e-07,0.007904407568275928,0.00654567251839335,1.8964833421692606e-07,0.007564609870314598,0.006273242600616955,1.759902998764781e-07,0.007272202987223864,0.006035676092973777,1.6508950240557706e-07,0.007018936797976494,0.005827548470170725,1.5626139334021697e-07,0.006798271089792252
982,7,block_output,Gaussian,1,0.06600748469668721,0.0018113246817553013,0.24892491102218628,0.025159167244084298,1.6876076866448484e-05,0.03492482006549835,0.016496292182377408,4.152773474175459e-06,0.021348601207137108,0.012029658396920514,1.5531435928584069e-06,0.014923358336091042,0.009357351935394699,7.351028315216826e-07,0.011127328500151634,0.007615559941364659,4.115979187818473e-07,0.008937504142522812,0.006407888059223455,2.5996191797561946e-07,0.007459034211933613,0.005533081013709307,1.7932073080015795e-07,0.006381222978234291,0.004879357152810645,1.3195328886003925e-07,0.005575528368353844,0.00437990051605517,1.0205568778396637e-07,0.004990296438336372,0.00399205377990646,8.223445941051927e-08,0.004593496210873127,0.003687084415957095,6.865691699930568e-08,0.004278833977878094,0.003444844228585088,5.917053182353066e-08,0.004028789699077606,0.0032507592834354867,5.2475759183223357e-08,0.0038296296261250973,0.0030940199300410255,4.772768141333945e-08,0.0036702798679471016,0.002966447648340984,4.434209698862495e-08,0.003541769925504923,0.00286177968576787,4.190200796765033e-08,0.0034369814675301313,0.0027752116263385805,4.011256865544064e-08,0.0033505025785416365,0.0027030780467958678,3.877341275670108e-08,0.003278398420661688,0.0026426006382006028,3.775468833327704e-08,0.0032178873661905527
982,8,block_output,Vertical,1,0.4207743898270622,0.41868410281103585,3.08482027053833,0.060164057900981296,8.17431767089799e-05,0.08178777247667313,0.04332482661046679,2.283955373190213e-05,0.05554208904504776,0.03449590335644427,1.108407106215629e-05,0.04288887605071068,0.028580000771889612,6.535690015388419e-06,0.0346590057015419,0.024238781560034978,4.301365065288578e-06,0.028846967965364456,0.020921878191450284,3.0655647890050432e-06,0.024991288781166077,0.018319329453839198,2.3173760461037973e-06,0.02213374897837639,0.016234620385581537,1.8285480470959174e-06,0.019837096333503723,0.0145364785566926,1.488634719615322e-06,0.017950821667909622,0.01313374935102368,1.2399098496162328e-06,0.01637212187051773,0.011961038283530682,1.049963548271526e-06,0.015029133297502995,0.010970166426092859,8.996933377620895e-07,0.013870447874069214,0.010124902122668804,7.775934218210685e-07,0.012858763337135315,0.009397575631737709,6.766325350403235e-07,0.011966809630393982,0.008766787134051796,5.923387610116266e-07,0.011174456216394901,0.008215807119591368,5.216372695184171e-07,0.010466514155268669,0.007731421880187496,4.6221069188959283e-07,0.009831146337091923,0.007303095193550227,4.1220288368426045e-07,0.009258860722184181,0.0069223437088704294,3.700747336654511e-07,0.008741828612983227
982,8,block_output,Horizontal,1,0.265214188704415,0.12224333245875087,1.729645013809204,0.05702602638611718,7.62061773015482e-05,0.07662958651781082,0.039778660982847214,2.3003369254692354e-05,0.050759606063365936,0.030983073075139332,1.1868387587701948e-05,0.0388290137052536,0.025350514237606335,7.082239131831214e-06,0.031636420637369156,0.021405242679138032,4.639104746189984e-06,0.026983261108398438,0.01849312772826543,3.255275451250298e-06,0.023518767207860947,0.01626443796391998,2.402313878113028e-06,0.020825233310461044,0.014511265954564489,1.839529722698516e-06,0.018662242218852043,0.01310168428435212,1.4496537774418727e-06,0.016880247741937637,0.011947760447150185,1.1709221398052493e-06,0.01538466103374958,0.010988768086665206,9.673235762664825e-07,0.014114422723650932,0.010181705866541182,8.160890388491091e-07,0.013027908280491829,0.009495417025708964,7.021400241267272e-07,0.012094549834728241,0.008906802702103816,6.152046293420041e-07,0.011290332302451134,0.008398351510838857,5.481258804831291e-07,0.010645381174981594,0.00795650856924199,4.958295924265237e-07,0.010171201080083847,0.007570590210398511,4.5466846406116385e-07,0.00975839328020811,0.007232033558899448,4.219816296066486e-07,0.009396389126777649,0.006933888124804648,3.9579662992459076e-07,0.009076949208974838
982,8,block_output,Gaussian,1,0.23520331959875804,0.10557553437242366,1.7337342500686646,0.051333342871022605,7.030009462221883e-05,0.07678330689668655,0.03575783772837548,1.9749114845192943e-05,0.048857200890779495,0.027487022506575736,8.621377746698795e-06,0.03590639680624008,0.022182735097077157,4.355893649705189e-06,0.027644818648695946,0.018474822213488912,2.4245271198625367e-06,0.022264033555984497,0.015739164034289026,1.4867822497743456e-06,0.01888948306441307,0.013639812402072408,9.98245269437586e-07,0.016321271657943726,0.01198131221509169,7.224673214678558e-07,0.014295878820121288,0.01064326185437422,5.544925375522299e-07,0.01265997625887394,0.00954678019006101,4.4506736969797785e-07,0.011318041011691093,0.0086370584303661,3.6930100829216073e-07,0.010205063968896866,0.007874364410305307,3.1393449378059703e-07,0.009273895993828773,0.007229075944494633,2.716270193694685e-07,0.008489158004522324,0.006678641485493807,2.381480783884324e-07,0.007823684252798557,0.006205606991277327,2.10945178899183e-07,0.0072561465203762054,0.005796297896830808,1.8840626012850913e-07,0.0067693693563342094,0.005439920284386192,1.6947895583097072e-07,0.006349215749651194,0.005127911795935933,1.534596522969993e-07,0.005983950570225716,0.004853448475755397,1.39863965887137e-07,0.005675147753208876
982,9,block_output,Vertical,1,0.18914700630638334,0.0598649499947735,1.2929763793945312,0.0420570969581604,5.146312464564901e-05,0.05653917044401169,0.02896924154271209,1.4356734890757188e-05,0.038034938275814056,0.02235841934406568,5.957051857230311e-06,0.028314705938100815,0.018224356873404412,3.3223397166978823e-06,0.022316720336675644,0.015303492132160399,2.1848736761425686e-06,0.018594032153487206,0.013113475626423246,1.5769646095463777e-06,0.016252247616648674,0.011418789462555968,1.204429500241679e-06,0.014419181272387505,0.010077122776281266,9.557576476332446e-07,0.012924613431096077,0.008994529755519969,7.806740523700664e-07,0.011685026809573174,0.008107049915466517,6.528854658083819e-07,0.010642179287970066,0.007369866432060325,5.569855378378734e-07,0.009754139930009842,0.006750764909185587,4.833123406330371e-07,0.00900819431990385,0.006226054008399684,4.2564559833082256e-07,0.008467234671115875,0.005777929584303546,3.79925437933663e-07,0.008005600422620773,0.005392733303504804,3.433980122925459e-07,0.007609932217746973,0.005059786399619447,3.140644673569756e-07,0.0072695123963057995,0.004770598854751341,2.903862437335202e-07,0.0069754282012581825,0.004518326711914842,2.711473934036771e-07,0.006720190867781639,0.004297387109892,2.553822433815708e-07,0.006497477181255817
982,9,block_output,Horizontal,1,1.0152953160660607,2.343619451479182,6.103984832763672,0.09248412394570926,0.0002264189895836426,0.12818360328674316,0.058951662942057566,5.081849893924313e-05,0.08262638747692108,0.04467209617769907,2.5041464955959818e-05,0.06070328503847122,0.03696785355725932,1.6741553488535987e-05,0.04847284406423569,0.031911686594997137,1.2391185260975747e-05,0.040582820773124695,0.028188995307400114,9.568768423575842e-06,0.03578895330429077,0.025261175656129443,7.548907330070131e-06,0.032128915190696716,0.022869588511567267,6.047313635126696e-06,0.02916645258665085,0.020870596702609743,4.913104337193821e-06,0.026707874611020088,0.019172796107355564,4.046206829683914e-06,0.024623975157737732,0.017712434709426902,3.375327423867313e-06,0.022826548665761948,0.016442774987173458,2.8493000529170522e-06,0.0212540403008461,0.015328628277140004,2.431525000163058e-06,0.019862456247210503,0.014343069141937627,2.095740762136598e-06,0.01861961930990219,0.01346520639009892,1.8228961733506527e-06,0.0175015889108181,0.012678635351005055,1.598982604248479e-06,0.016490541398525238,0.011970312319814212,1.413520954774029e-06,0.01557320449501276,0.011329750530421734,1.2585697230770672e-06,0.014739617705345154,0.010748433762244762,1.1280560317482173e-06,0.013981996104121208
982,9,block_output,Gaussian,1,0.054377206615985385,0.0007549000580843905,0.17053277790546417,0.02253586154371973,1.3562432067860006e-05,0.03099537454545498,0.014766577779064103,3.092584052656286e-06,0.019245397299528122,0.010833867662955843,1.187325449461258e-06,0.013404274359345436,0.008483991795589053,5.925672531387597e-07,0.01002061739563942,0.006955947645659011,3.5285101246569316e-07,0.008215534500777721,0.0059044380923585285,2.4037996949254265e-07,0.007122798357158899,0.005149159166547988,1.8000091829762363e-07,0.006286289542913437,0.00458743252111451,1.4399037041867012e-07,0.005634153727442026,0.0041582534858395186,1.2089056770722358e-07,0.0051332321017980576,0.0038236793064113173,1.0522482219917307e-07,0.004812384024262428,0.0035590259690902065,9.402915669089177e-08,0.004561779089272022,0.0033473643688632856,8.563463739894384e-08,0.004363780841231346,0.0031765219644599016,7.911253873750932e-08,0.004205409437417984,0.0030374432108291084,7.392558564928346e-08,0.0040772464126348495,0.0029232605944372833,6.972776358266923e-08,0.003972302190959454,0.0028287766663919367,6.628203420328685e-08,0.003885221667587757,0.0027501133403607775,6.342900179003874e-08,0.003811986418440938,0.002684368101495599,6.105851737182623e-08,0.003749738447368145,0.0026293152366720493,5.908552946600729e-08,0.0036964905448257923
963,5,block_output,Vertical,1,1.362330845305844,3.8360665812874912,7.478719711303711,0.08601449240767767,0.0003062075772408496,0.12907789647579193,0.05359542393495166,5.552242263281987e-05,0.07996013760566711,0.04113081091689685,2.479027576999949e-05,0.062131740152835846,0.0342157617625263,1.3950647601576696e-05,0.05107894167304039,0.029599185057339213,8.680642407667275e-06,0.04310479015111923,0.02618620999985271,5.77147167596401e-06,0.036987386643886566,0.023510659261355326,4.048678259152903e-06,0.03216353431344032,0.021335288497900205,2.971997207586346e-06,0.0282953642308712,0.019522878178764903,2.2676233045189796e-06,0.025152873247861862,0.017986141322624116,1.7879009808676015e-06,0.022570345550775528,0.016665552358423905,1.4491025791511096e-06,0.020425088703632355,0.015518441530210631,1.2018219753843212e-06,0.018821710720658302,0.014513092928580822,1.015963643744278e-06,0.01750144362449646,0.013625295965799264,8.726534292298156e-07,0.016332238912582397,0.012836196415481112,7.597226394984124e-07,0.015289395116269588,0.012130852330416914,6.691007671924707e-07,0.014396424405276775,0.011497257085191824,5.952682061908689e-07,0.013611668720841408,0.010925627860521514,5.343537806687777e-07,0.01289677806198597,0.010407898042883192,4.835648356768208e-07,0.012244519777595997
963,5,block_output,Horizontal,1,0.6296255405223559,0.9213741204414219,3.969299793243408,0.0653365103025285,0.00018518674865289347,0.09716572612524033,0.04039540934184241,1.9065267522274164e-05,0.05111805349588394,0.03125616482325962,6.881701916289937e-06,0.038378167897462845,0.02603566785535169,3.6748013141608823e-06,0.031670115888118744,0.022590772352284856,2.395859415054142e-06,0.027279924601316452,0.020099782370149144,1.748426588393723e-06,0.02406250685453415,0.01817659235426358,1.358155045489196e-06,0.021554317325353622,0.016628914128338532,1.0965888217344496e-06,0.01953251101076603,0.015350216556163062,9.105667208097365e-07,0.017870545387268066,0.014274268514580198,7.734348471299667e-07,0.01648518070578575,0.013356277068692541,6.696529621670918e-07,0.015316391363739967,0.012564300485546626,5.893238437813263e-07,0.01433875784277916,0.011874767375134286,5.258504470756835e-07,0.013539077714085579,0.01126981025472993,4.747230466535135e-07,0.012827086262404919,0.010735572966200018,4.3278412301482833e-07,0.01222551241517067,0.010261126572177523,3.97813435431303e-07,0.01172538660466671,0.009837696240061805,3.6822817039415126e-07,0.011274834163486958,0.00945815605126203,3.4289565730649575e-07,0.010867170989513397,0.009116652702528334,3.209945746686436e-07,0.010496803559362888
963,5,block_output,Gaussian,1,0.7655785865490399,1.3777733224670357,4.9687089920043945,0.06410869193219003,0.00019243785303550343,0.1026039868593216,0.04213578738863506,4.2976821862103035e-05,0.06516936421394348,0.032995783709107884,1.974126328665903e-05,0.04907366260886192,0.027440113178084768,1.0391309126741609e-05,0.0392804816365242,0.023572506796982553,5.940086050827581e-06,0.0326431579887867,0.02068840599958859,3.6736534881622347e-06,0.02785181626677513,0.0184419694400969,2.446857571568673e-06,0.024216536432504654,0.01663643132067389,1.7387196232472367e-06,0.021352801471948624,0.015150581249996783,1.303577712134255e-06,0.01903935894370079,0.013905574198043535,1.020315508225629e-06,0.017139289528131485,0.012847593379399133,8.260945558387597e-07,0.015559465624392033,0.011938292089672316,6.867041269192352e-07,0.014232035726308823,0.011149367287991539,5.827036371797621e-07,0.013105948455631733,0.010459335254771369,5.025764797493357e-07,0.012142127379775047,0.00985153013515094,4.3921381853064704e-07,0.011338336393237114,0.009312798860408956,3.8804749302740696e-07,0.010672427713871002,0.008832614588004255,3.460262135476151e-07,0.010076191276311874,0.008402453691122077,3.1104560759883193e-07,0.009567503817379475,0.008015345878130386,2.816092950261881e-07,0.009154067374765873
963,6,block_output,Vertical,1,0.12828142757690142,0.01938520748478187,0.801277220249176,0.03401436210269966,3.1393987202040996e-05,0.04779980331659317,0.023014663851686885,6.237123729315108e-06,0.02815874293446541,0.017614489051675987,2.812610214139944e-06,0.02111039124429226,0.014182271775863474,1.5717702529965137e-06,0.016903862357139587,0.011811112778054344,9.84799207119152e-07,0.014114651829004288,0.010096254093306405,6.706491852227723e-07,0.0120786651968956,0.008815623546344421,4.885221353990968e-07,0.010553432628512383,0.007834540044386235,3.7623692410982507e-07,0.009381569921970367,0.007066675410088565,3.03596821976546e-07,0.008459962904453278,0.006454455422326213,2.5473773788426673e-07,0.007720139808952808,0.005958315502438281,2.207577181982694e-07,0.007115946616977453,0.0055504606977578195,1.9640191625946374e-07,0.0066157616674900055,0.005211045455542349,1.7844720977923492e-07,0.006197525188326836,0.004925701693291702,1.6485524857644348e-07,0.005845336243510246,0.00468384867741002,1.5430525618308504e-07,0.005552678368985653,0.004477528570633795,1.4592419657438585e-07,0.005346884019672871,0.004300602260858767,1.3912361326861767e-07,0.005167008377611637,0.0041482271959206885,1.3349972471372637e-07,0.0050092097371816635,0.004016511763135592,1.2877053096212953e-07,0.004870385862886906
963,6,block_output,Horizontal,1,0.2131314326136831,0.0661476654997385,1.370261311531067,0.045568523189378166,4.9489235124350186e-05,0.05955503508448601,0.03105120085889385,1.2246588176084692e-05,0.03877367079257965,0.024053694946425303,5.292157301621884e-06,0.029042460024356842,0.019756651616522243,2.796820496744164e-06,0.023240718990564346,0.016811280806977597,1.6792280119387391e-06,0.019374007359147072,0.01465967692257393,1.1163881169480987e-06,0.016644442453980446,0.01301947778593453,8.054257751578119e-07,0.014643147587776184,0.011730595994445066,6.194701858893471e-07,0.013148069381713867,0.010695042753858226,5.010399155425003e-07,0.012019125744700432,0.009849025483524043,4.2199118123612656e-07,0.011097395792603493,0.00914878538617539,3.67365324761112e-07,0.010335125029087067,0.00856306061651262,3.286120100936548e-07,0.009697993285953999,0.008068810076644969,3.005351120889596e-07,0.009160609915852547,0.007648631723390685,2.7980987892710556e-07,0.008706376887857914,0.0072891246823091355,2.642242035236073e-07,0.008319937624037266,0.006979807575661984,2.522633099258686e-07,0.008025513961911201,0.006712377315298433,2.428717990752591e-07,0.007777046877890825,0.006480182979315046,2.353076926352648e-07,0.0075627719052135944,0.006277843807188291,2.2905252975165976e-07,0.0073771122843027115
963,6,block_output,Gaussian,1,0.06502978237611907,0.0014026512816193977,0.20401525497436523,0.02355637504822678,1.8816673204566014e-05,0.03616863489151001,0.014929645931318639,4.351146738317722e-06,0.02144779823720455,0.010795202594073046,1.6761680443133622e-06,0.01426231861114502,0.008375118486583233,7.69942928276755e-07,0.010480828583240509,0.006826616128877042,4.019310728478325e-07,0.00830807164311409,0.005780142148040117,2.387249676507046e-07,0.006877483334392309,0.005044288837188293,1.5985475277185877e-07,0.005899086128920317,0.004510516101228339,1.181247725048358e-07,0.005258415825664997,0.004113283562695696,9.404989668160511e-08,0.00481769535690546,0.0038111900637251518,7.914235639908082e-08,0.004483704920858145,0.003577278017820347,6.946678541966356e-08,0.004227043129503727,0.0033935176482098916,6.303027494907353e-08,0.00402793288230896,0.003247473207819793,5.870412512624368e-08,0.003872192930430174,0.003130302450338763,5.57822834392957e-08,0.003749323543161154,0.0030355570571763174,5.3792911928319905e-08,0.0036514573730528355,0.0029584385587700774,5.241127739772135e-08,0.003572711953893304,0.002895318071490952,5.14149254787727e-08,0.003508736379444599,0.002843414588520924,5.0658108719797254e-08,0.003456342965364456,0.0028005720463596165,5.005146404367584e-08,0.0034131722059100866
963,7,block_output,Vertical,1,0.6749767114718755,1.052719614483603,4.377641677856445,0.07139458057899324,0.0001646995069056873,0.10189982503652573,0.04796583524772099,3.4108303125379296e-05,0.0655919536948204,0.0372637715486307,1.5061288919133347e-05,0.04971066862344742,0.030462714119089976,8.551019338028927e-06,0.03965584188699722,0.025635243763053227,5.505586798273296e-06,0.03256146237254143,0.02201874397458538,3.8013517534312253e-06,0.02727028913795948,0.01921488625544404,2.7450293832765367e-06,0.02344563975930214,0.01698635531855481,2.052732652978147e-06,0.020802468061447144,0.015179915131912344,1.582810613430869e-06,0.01865745335817337,0.013691047871751445,1.2545245378436156e-06,0.01688658632338047,0.012446027899545336,1.0187797748167208e-06,0.015399880707263947,0.01139178637060381,8.44889433780353e-07,0.01413290947675705,0.010489513565387045,7.133563102072054e-07,0.013039682060480118,0.009710352779144333,6.115837564107432e-07,0.012087080627679825,0.009032458754345066,5.312838140007139e-07,0.011250818148255348,0.008438973133230493,4.6688015623251027e-07,0.010512561537325382,0.007916640320290175,4.145175616029483e-07,0.00985807552933693,0.007454847650868552,3.7145714865382245e-07,0.009275932796299458,0.007044969459197351,3.3569452595084214e-07,0.008756718598306179
963,7,block_output,Horizontal,1,0.37543541228487376,0.28607235440357204,2.416261672973633,0.0614734184410837,0.00010960087683529074,0.08275924623012543,0.04147328454114142,2.0680856372682384e-05,0.053369373083114624,0.03200583970026365,9.043470301152671e-06,0.04019104689359665,0.02611203000895561,5.3233320609346485e-06,0.03308648243546486,0.022015348815965275,3.6208988867560175e-06,0.027989257127046585,0.0189955902123262,2.6491884303838234e-06,0.02405582368373871,0.01668829099822139,2.020924422205308e-06,0.020938046276569366,0.014878112231455153,1.5842721878422623e-06,0.018420860171318054,0.013426990957841986,1.2676924895528075e-06,0.016360679641366005,0.012242335382671584,1.0326952064981196e-06,0.015113109722733498,0.011260161797205607,8.560138124074837e-07,0.01407528854906559,0.010435151187555185,7.222152004242157e-07,0.013180197216570377,0.009734475260807408,6.203963532883382e-07,0.012404806911945343,0.009133847045993048,5.425597739768942e-07,0.011730510741472244,0.008614942387101195,4.827233306368558e-07,0.011142062954604626,0.008163675148453977,4.3639115551823086e-07,0.010626895353198051,0.007769022417801713,4.0020318154759975e-07,0.01017456129193306,0.007422210256909094,3.7166740841224227e-07,0.009776297956705093,0.007116147590475896,3.489497236956897e-07,0.009424688294529915
963,7,block_output,Gaussian,1,0.05771810153410548,0.000799957169151555,0.148607537150383,0.022174962722356358,1.1514369034739863e-05,0.02970694936811924,0.014314096095779586,2.8663854107886177e-06,0.017806708812713623,0.01028731046983647,1.1290623182946567e-06,0.012306028977036476,0.007904150013235352,5.70445344722574e-07,0.009373196400702,0.006387207849276444,3.358030385912746e-07,0.007551389280706644,0.005372637165858159,2.1932492597947206e-07,0.006323701702058315,0.004668435917073299,1.551886093412695e-07,0.005463588982820511,0.004165323772689416,1.1739525027643741e-07,0.004923253320157528,0.003797832942966904,9.407459092561956e-08,0.004534722305834293,0.003524877659473864,7.917035142780454e-08,0.0042852982878685,0.003319503174030355,6.936064321460884e-08,0.004096870310604572,0.0031633455904998948,6.275031208361431e-08,0.003952027298510075,0.0030434986184691153,5.822470819044476e-08,0.003838812932372093,0.002950675493579299,5.509999689562799e-08,0.003748961491510272,0.002878098600795345,5.2934001099278515e-08,0.003676702966913581,0.0028207944225638157,5.142847198044326e-08,0.0036179206799715757,0.0027751022218061344,5.0378414664457195e-08,0.00356963649392128,0.002738318997361357,4.9640918088339694e-08,0.0035296515561640263,0.0027084346853255754,4.9113882084032346e-08,0.0034963288344442844
963,8,block_output,Vertical,1,2.0259122536295937,7.953747759302352,10.561461448669434,0.11878891856897444,0.000500040288908089,0.17895320057868958,0.0791265189292885,0.00010009648936060855,0.10400351136922836,0.06213031443102019,5.1326779320653735e-05,0.08472059667110443,0.0520073129307656,3.4150750263666755e-05,0.07169041037559509,0.04501676618579834,2.4959310682861693e-05,0.061979494988918304,0.03976115844552479,1.911011598696181e-05,0.05452922359108925,0.03558609986470805,1.5044024697128276e-05,0.04860830307006836,0.03214910573193005,1.207039313051424e-05,0.04373033344745636,0.029253660715998164,9.829115859693406e-06,0.03959417715668678,0.02677582772005172,8.105432156810257e-06,0.03601609542965889,0.024630766628043994,6.758752287806004e-06,0.0328807458281517,0.02275674831536081,5.692023574500578e-06,0.03011147305369377,0.0211069674955474,4.836344612440133e-06,0.02765355259180069,0.01964496426461708,4.141893292357101e-06,0.025464840233325958,0.018341828270682266,3.572208210996577e-06,0.023510923609137535,0.017174318358893433,3.1002934757063877e-06,0.021762598305940628,0.016123558660703047,2.7059873308984076e-06,0.02019462175667286,0.015174068954019319,2.374067711864726e-06,0.01878502033650875,0.014313030529708143,2.092903263747718e-06,0.017514659091830254
963,8,block_output,Horizontal,1,0.18289972699823834,0.028007991624794053,0.9969098567962646,0.053577077471547656,8.144506696644062e-05,0.07620212435722351,0.036737017717862884,2.1961078567640192e-05,0.04884615167975426,0.02794932656817966,9.538035434585099e-06,0.03635166585445404,0.02240949993332227,5.161658496218091e-06,0.028888043016195297,0.01864479836963472,3.275368095025112e-06,0.023841965943574905,0.01595482345493067,2.338398755117172e-06,0.020233888179063797,0.013958855162537287,1.819781997928138e-06,0.017572153359651566,0.012433075819105383,1.5047649736650696e-06,0.015868308022618294,0.01123849330617795,1.2970424815651845e-06,0.014704416505992413,0.010284759872962557,1.1503063074731718e-06,0.013742201030254364,0.009510999131533835,1.0411489483403888e-06,0.012938324362039566,0.008875062371352835,9.572042412417474e-07,0.012261785566806793,0.008347019582750305,8.914022206317223e-07,0.01168948132544756,0.007904962946971258,8.391645473234271e-07,0.011203579604625702,0.007532343283177368,7.971939826946366e-07,0.010789833962917328,0.0072163477658279355,7.630271968581537e-07,0.010436609387397766,0.006946900401205298,7.348289935671541e-07,0.010134328156709671,0.006715990344269408,7.112423851880256e-07,0.009875094518065453,0.006517194869321963,6.912708801495561e-07,0.0096523966640234
963,8,block_output,Gaussian,1,0.34293200856163386,0.2457103605971048,2.4055137634277344,0.07203606374206997,0.00015629812713803757,0.10018016397953033,0.04824641382410413,4.583308555800497e-05,0.06757950782775879,0.03627875577362757,2.0826699754909314e-05,0.0504402220249176,0.028972097155120637,1.182789058270526e-05,0.0400223433971405,0.02395938088496526,7.4918482573867426e-06,0.03287164121866226,0.02029071683211932,5.086055799143366e-06,0.027613408863544464,0.01749595001872097,3.6183317809090165e-06,0.02358592487871647,0.015306688298190397,2.658397442249062e-06,0.020415298640727997,0.013554851628012128,2.0001307659099707e-06,0.017870711162686348,0.012128855589599837,1.5346943946085964e-06,0.0157992634922266,0.01095166453529918,1.1990008652285313e-06,0.014139588922262192,0.009968429596887695,9.535010563870834e-07,0.012824648059904575,0.009139038068020628,7.719818248866941e-07,0.011710206046700478,0.008433443117177203,6.364272217357052e-07,0.01076427847146988,0.007828682269309722,5.342009103888486e-07,0.00996013917028904,0.00730688673340612,4.563276235894092e-07,0.009275156073272228,0.006853942160627672,3.9638235623377075e-07,0.008690244518220425,0.0064585222271344965,3.4972207099258013e-07,0.008189244195818901,0.006111436804372167,3.129733318713001e-07,0.007758566178381443
963,9,block_output,Vertical,1,0.11879395025353583,0.010666590235986192,0.6020975112915039,0.03795458926331429,3.8425250771793256e-05,0.05841563642024994,0.025388144991464086,1.1091752906386572e-05,0.03510802611708641,0.0188645776656885,5.052181890762084e-06,0.024234576150774956,0.014790471938867417,2.785873529413477e-06,0.018816059455275536,0.01202310420691021,1.8165208675297497e-06,0.0158980842679739,0.01003837323791924,1.323762505245364e-06,0.013774236664175987,0.008566695893745101,1.0318343001341598e-06,0.01215928141027689,0.007451069016482622,8.429253352246139e-07,0.010923156514763832,0.00659053118544675,7.132440258828582e-07,0.009965172037482262,0.005917226659163596,6.202871807562409e-07,0.009213166311383247,0.005383924706765111,5.5157350814582e-07,0.008616122417151928,0.004956863399240233,4.996706111232201e-07,0.00813757348805666,0.0046115055983324375,4.5983566490360317e-07,0.00775069510564208,0.004329772377830176,4.2884909382414424e-07,0.007435223087668419,0.0040981153299706795,4.0446215469327655e-07,0.007175771053880453,0.003906215825635526,3.8509088812366555e-07,0.006960665341466665,0.0037461197048070886,3.695954216904052e-07,0.0067810239270329475,0.0036116395855233783,3.571197906194914e-07,0.006630055606365204,0.003497926743760232,3.469797476396897e-07,0.006502437870949507
963,9,block_output,Horizontal,1,0.3662344961175843,0.2682286736524548,2.4474635124206543,0.06373417430690356,0.00011740829608152919,0.08948487043380737,0.04194731744272368,2.2395009445046794e-05,0.05486494302749634,0.032459822498143664,1.1466058073982985e-05,0.04176155850291252,0.026578122395135108,7.3584270561267445e-06,0.033659614622592926,0.02248081405247961,5.128240332642186e-06,0.027964577078819275,0.0194317889769399,3.7550323849697454e-06,0.0239960215985775,0.017059479574007646,2.8557607916941706e-06,0.02113104984164238,0.015159659560710664,2.244832525961978e-06,0.018840409815311432,0.013609394889384036,1.8181521622466631e-06,0.016971783712506294,0.01232755295045319,1.5116549335317092e-06,0.015486671589314938,0.011256722171628286,1.2847564067600617e-06,0.014398813247680664,0.010354547391808222,1.1119678256856933e-06,0.01348191499710083,0.009588890309844698,9.77255413871399e-07,0.012698927894234657,0.008934813337252727,8.703392253731227e-07,0.012023577466607094,0.00837264952826358,7.844121387725674e-07,0.011437215842306614,0.007886739336841163,7.147452760094078e-07,0.010926356539130211,0.00746458133919135,6.57857180486983e-07,0.010480516590178013,0.007096210450288795,6.110683438680291e-07,0.010090654715895653,0.0067736684152531245,5.722847805994516e-07,0.009748624637722969
963,9,block_output,Gaussian,1,0.20562774835834427,0.07010217410006606,1.3880212306976318,0.04674986099439954,5.3900761580979496e-05,0.06422092765569687,0.0323350601312187,1.6585199933776554e-05,0.042663704603910446,0.02479451841541699,7.707928321053769e-06,0.03139694407582283,0.02000572933031926,4.367350602974603e-06,0.02459406480193138,0.01665046497706383,2.7735691930931905e-06,0.020257296040654182,0.014163907129494916,1.8942840455809757e-06,0.01743430271744728,0.01225664083742433,1.36438992559656e-06,0.015224943868815899,0.010759276648362478,1.0245754059848068e-06,0.013461663387715816,0.009562863790917964,7.958967673000481e-07,0.012031018733978271,0.008592869997734115,6.358432512278835e-07,0.010853206738829613,0.007796449054564748,5.201200179636852e-07,0.009871440008282661,0.00713535359809323,4.342553287707181e-07,0.009044903330504894,0.006581460310530568,3.6928533580506084e-07,0.008343419060111046,0.006113710961053296,3.193456631540277e-07,0.00774386478587985,0.0057160258145322876,2.803784774454365e-07,0.0072281938046216965,0.0053759061820095495,2.4948828667125955e-07,0.0067821997217834,0.005083477220660638,2.2458715408082224e-07,0.006473925895988941,0.004830815984557073,2.0417813894144656e-07,0.006232269108295441,0.004611482828973778,1.872092030633647e-07,0.0060201892629265785
944,5,block_output,Vertical,1,0.423147878121762,0.40648178768267607,2.9794692993164062,0.05220302685149132,6.512302792882522e-05,0.07106426358222961,0.0359557896024651,1.2819379533305556e-05,0.04434341937303543,0.028332602380523608,6.703881116025953e-06,0.03578311949968338,0.023380728970680918,4.4292965690538804e-06,0.030128514394164085,0.019842448097372813,3.1436319823007086e-06,0.025757640600204468,0.017197516598990038,2.3050648286832495e-06,0.022300653159618378,0.015155697463168985,1.7339835071777114e-06,0.019554030150175095,0.013537151458126211,1.3379860494573904e-06,0.01735154539346695,0.012225369242803446,1.0593721811760543e-06,0.015560884028673172,0.011142471834780678,8.602639407527272e-07,0.014083979651331902,0.010234856253696812,7.153041780113097e-07,0.012849726714193821,0.00946456989243863,6.074238429744302e-07,0.011806244030594826,0.00880403152947861,5.25146417760295e-07,0.01091507077217102,0.008232719397970609,4.607931572351105e-07,0.010147115215659142,0.0077350388044520975,4.0926775921552386e-07,0.009479968808591366,0.007298905764602953,3.6721382441596673e-07,0.008896117098629475,0.0069147829735089865,3.324155276763222e-07,0.008381757885217667,0.006575005254634316,3.0336759745976055e-07,0.007925967685878277,0.006273313876359709,2.7899168052714655e-07,0.007520087528973818
944,5,block_output,Horizontal,1,0.10429081196586291,0.006819395645744033,0.5292689800262451,0.03198137631018957,2.304210717334088e-05,0.04430033266544342,0.022000633889720553,5.705206275192109e-06,0.028479788452386856,0.017006781632228504,2.2624071831037175e-06,0.021153775975108147,0.0139728860545253,1.1553199793133723e-06,0.016871273517608643,0.011932755613492595,7.029637034202843e-07,0.014052855782210827,0.01047778788894888,4.87981947415519e-07,0.012130950577557087,0.009400859179477843,3.732614411266754e-07,0.010824394412338734,0.008582526744003333,3.0608511942002494e-07,0.009827345609664917,0.007947898654651547,2.6373811204548274e-07,0.009050168097019196,0.007447524676247249,2.3538444072044013e-07,0.008435137569904327,0.007047571441424745,2.1546859529237234e-07,0.0079423189163208,0.006724192376529414,2.0095970401723151e-07,0.007543244399130344,0.006460145278464234,1.9009851985535964e-07,0.007240637671202421,0.006242689196138628,1.818049257890525e-07,0.007015320938080549,0.006062243895102588,1.7538129845887234e-07,0.006828601472079754,0.005911505256321222,1.7035389399483684e-07,0.006673239637166262,0.005784842776992019,1.6638508894027705e-07,0.0065435077995061874,0.005677866002929116,1.6322708720163972e-07,0.006434811279177666,0.005587116726452396,1.6069327092644543e-07,0.0063434261828660965
944,5,block_output,Gaussian,1,0.08743505700240059,0.0052655622845970765,0.4456987679004669,0.02622863721279871,1.050794306002043e-05,0.035192739218473434,0.0182409119156618,3.049312801269874e-06,0.022460270673036575,0.013865239814751677,1.3458569262138376e-06,0.0161372572183609,0.011151855190594992,7.214068673759235e-07,0.012743597850203514,0.00933135792406069,4.415807963038989e-07,0.010676475241780281,0.008043482123563686,3.0324029296686387e-07,0.009192870929837227,0.007097007322406012,2.2939986943937892e-07,0.008097944781184196,0.006381168333251798,1.8676975922929703e-07,0.007271355949342251,0.005827555299869606,1.6016917973978857e-07,0.0066353511065244675,0.005391745029815606,1.423748353133663e-07,0.006138240918517113,0.005043629852552262,1.2975425306130197e-07,0.0057446216233074665,0.004762122525818764,1.2037705097935552e-07,0.005429554730653763,0.0045320755203387564,1.1315763279071925e-07,0.0052240388467907906,0.004342386580353219,1.074474691812574e-07,0.00504863727837801,0.004184772552449315,1.0283569314610516e-07,0.004897657781839371,0.004052945353563816,9.905006926247223e-08,0.004767654463648796,0.003942049496496717,9.590492286362913e-08,0.004655736032873392,0.003848280661576797,9.327071072789445e-08,0.0045594023540616035,0.0037686246343784863,9.105403083729291e-08,0.004476473666727543
944,6,block_output,Vertical,1,0.1013607716867848,0.004238579593137468,0.34170234203338623,0.031349247676276025,2.3266048080718694e-05,0.04263957589864731,0.02046748370464359,5.1960985815158955e-06,0.025881730020046234,0.015093801454419182,2.1670411101681534e-06,0.018469976261258125,0.011812341828194876,1.138370253433187e-06,0.01399938389658928,0.009632320867644416,6.831515169027348e-07,0.011112334206700325,0.008114143186027096,4.5804011428608636e-07,0.009521787986159325,0.007019599892258171,3.3652813903225277e-07,0.008397025987505913,0.006209184814776693,2.662234876349568e-07,0.007545105181634426,0.005596031782232107,2.2301559239018342e-07,0.006880123633891344,0.005123816792749696,1.95054786360979e-07,0.006351151503622532,0.00475486588206083,1.7620615759956025e-07,0.0059250034391880035,0.004463236320704695,1.6312309227921365e-07,0.005579090677201748,0.004230565513439831,1.538941297291817e-07,0.005297326482832432,0.004043514940089413,1.4737611572164018e-07,0.005067687947303057,0.0038921469674697,1.428408902640834e-07,0.004880706779658794,0.0037688823594223884,1.397765469354849e-07,0.004768764600157738,0.0036678436167892955,1.3777876055924928e-07,0.004684838466346264,0.0035844510642900353,1.365098023769971e-07,0.004615746438503265,0.003515153428510068,1.3569668350887674e-07,0.004558382090181112
944,6,block_output,Horizontal,1,0.17401188677029003,0.031237848363759906,1.018843650817871,0.04553317798981591,5.0837183128945894e-05,0.06460370123386383,0.02991848211321566,1.0975443552712945e-05,0.0373205691576004,0.022526156600742114,4.766567926702513e-06,0.028137419372797012,0.01815929926104016,2.7338692624871666e-06,0.022517628967761993,0.01525505648423282,1.7920408876476612e-06,0.018662242218852043,0.013189253205108263,1.2776996047628022e-06,0.016053009778261185,0.011657545505653299,9.73393867973261e-07,0.014155375771224499,0.01048746354700554,7.834752149694789e-07,0.012686449103057384,0.00957262638719782,6.595589891923624e-07,0.011522018350660801,0.008843936462191835,5.754182824493985e-07,0.010608607903122902,0.00825463015113085,5.160829952853057e-07,0.010063687339425087,0.007771916746620148,4.7263530214834917e-07,0.00960654765367508,0.0073721267002087735,4.395972703846582e-07,0.00921882688999176,0.0070378027915481535,4.135589067887853e-07,0.00888732448220253,0.006755870648674549,3.924030307927161e-07,0.008602054789662361,0.006516411612253813,3.7482728907840443e-07,0.008355110883712769,0.006311791742013561,3.600176307120578e-07,0.008140090852975845,0.006136036137976344,3.4743309460998245e-07,0.007951803505420685,0.005984392379307085,3.36681920306818e-07,0.007786063477396965
944,6,block_output,Gaussian,1,0.42489005838121685,0.49667159596053734,3.075979232788086,0.05496819973701522,8.364684764386266e-05,0.08152904361486435,0.03748215043119022,2.077368104792638e-05,0.04868615046143532,0.029023243883062922,9.633645107673333e-06,0.03674008697271347,0.023772040766382976,5.551718674765904e-06,0.03003670461475849,0.02008514419671089,3.5345319192614063e-06,0.02518075704574585,0.017334445305759946,2.4073380437633925e-06,0.021524544805288315,0.01520402602378338,1.7331120590058636e-06,0.01872837543487549,0.013508441636250132,1.306971263881839e-06,0.01654665917158127,0.012129899735252062,1.0236909607351849e-06,0.014808553270995617,0.010989697975298715,8.265218751766328e-07,0.013396356254816055,0.010033203895011592,6.835795506260235e-07,0.012227961793541908,0.009221303816293441,5.762661307080084e-07,0.01124526746571064,0.008525275580939792,4.933087961919732e-07,0.010406507179141045,0.007923566019310364,4.276170199865965e-07,0.009681357070803642,0.007399687654383126,3.745601405050679e-07,0.009047523140907288,0.0069408029436119015,3.310147096779641e-07,0.008488406427204609,0.006536758534373745,2.9480591203810624e-07,0.007991512306034565,0.006179400882314122,2.643797923836576e-07,0.007547286339104176,0.005862102149024842,2.385993133914882e-07,0.007152195554226637
944,7,block_output,Vertical,1,0.10931511412537287,0.005814921162916288,0.48484933376312256,0.03811185537940926,5.1066426452332725e-05,0.05863078311085701,0.024043728700942464,1.090465744981884e-05,0.03244269639253616,0.017248006744517222,4.090357478372915e-06,0.021366486325860023,0.013258874505048706,1.9971944734698647e-06,0.016150064766407013,0.010682710047279085,1.1595721490198682e-06,0.013194959610700607,0.00891731334258876,7.637344403073511e-07,0.01110588014125824,0.007656846476334428,5.547541868945192e-07,0.009574687108397484,0.006729513199792968,4.35180431750466e-07,0.008423447608947754,0.006031192462181761,3.6202972121146767e-07,0.007539656013250351,0.005495226698084956,3.1438411511285384e-07,0.0068736327812075615,0.0050772215860585375,2.8147809387569333e-07,0.00648342864587903,0.004746679778373431,2.5758159916107706e-07,0.006173647008836269,0.004482114170160558,2.3955228571129256e-07,0.005921829957515001,0.00426806795543858,2.2560287617147646e-07,0.005715304985642433,0.004093229238476072,2.1465087348786948e-07,0.005544599145650864,0.003949199433601092,2.0597375655987287e-07,0.005402467213571072,0.003829661268918287,1.9904054969805393e-07,0.005283319391310215,0.0037298023974197724,1.93443862216278e-07,0.005182860419154167,0.0036459090483803597,1.88871594647468e-07,0.005097771994769573
944,7,block_output,Horizontal,1,1.4783053521126035,4.179454017706917,7.622229099273682,0.1332969716380513,0.000892389603504222,0.20467767119407654,0.08236408754000588,0.00014497625254624688,0.10793453454971313,0.06219863205675095,5.4351176348083165e-05,0.07824330031871796,0.050933936995173255,3.0484212009188595e-05,0.0636759102344513,0.04334897228649685,2.0334675890853965e-05,0.05377986282110214,0.03776537650634372,1.470851645558455e-05,0.04646597430109978,0.03342497600094667,1.1093291816999532e-05,0.04078356549143791,0.029928160033055713,8.591604778395686e-06,0.03623102977871895,0.027042785038550694,6.7936254384197275e-06,0.03265206888318062,0.024621437466333784,5.471385623926218e-06,0.02979164943099022,0.02256309196707748,4.481530555029515e-06,0.027376636862754822,0.02079461683474836,3.728350520992071e-06,0.025314301252365112,0.019261210181173823,3.146229688585873e-06,0.023535817861557007,0.017920927395896305,2.6895394739015943e-06,0.021989451721310616,0.016741181176806254,2.3261759040455887e-06,0.02063559740781784,0.015696323654126553,2.0332609553072053e-06,0.019443180412054062,0.014765932342954098,1.7943008535392804e-06,0.018387410789728165,0.013933551586454823,1.5972684172738843e-06,0.01744818687438965,0.01318577475964077,1.4332807502127725e-06,0.016609005630016327
944,7,block_output,Gaussian,1,0.31990351977329406,0.26626212318285625,2.4704461097717285,0.05490826235877143,5.310348342751805e-05,0.07365559041500092,0.0389342653964247,1.8003597758796915e-05,0.0509515106678009,0.029918181310806955,8.580696501783199e-06,0.03777331858873367,0.024069168442298495,4.9299452974458454e-06,0.02949708327651024,0.019941896052351072,3.1354708435816483e-06,0.023842863738536835,0.016879313211474154,2.1230941440846186e-06,0.01990865357220173,0.01453547819798428,1.5049823352398416e-06,0.01735093630850315,0.012702830564526339,1.1079452382285117e-06,0.015295727178454399,0.01124503237328359,8.431480331343947e-07,0.0136198028922081,0.010067704148472302,6.60918054335819e-07,0.012319046072661877,0.009103599773158156,5.318537404551531e-07,0.011253515258431435,0.00830395980220702,4.3787359729540365e-07,0.010357555001974106,0.007632991956872126,3.6757154720653146e-07,0.009600437246263027,0.007064153639865773,3.1364003255331406e-07,0.008957164362072945,0.0065775552601923075,2.713425795393471e-07,0.008407416753470898,0.006158117641000048,2.3757994911833385e-07,0.007934785448014736,0.00579424872846594,2.102808569268933e-07,0.007526026107370853,0.005476892770578464,1.8801687417588134e-07,0.00717045646160841,0.005198859033130464,1.697560231531593e-07,0.006859431508928537
944,8,block_output,Vertical,1,0.09315774619342788,0.0018770885638880138,0.21072083711624146,0.03665760883854495,4.4842680981376305e-05,0.05586416274309158,0.023011027968355587,1.202637060915849e-05,0.03252390772104263,0.016225465218580905,4.774887276333099e-06,0.022417720407247543,0.012322999566556915,2.34950125170687e-06,0.016765350475907326,0.009894824172887538,1.3799414038976068e-06,0.013306722976267338,0.008297531000737633,9.318804326336898e-07,0.011080687865614891,0.0072008164023004825,6.98310277402742e-07,0.009581641294062138,0.006422304289622439,5.640019819998528e-07,0.008529137820005417,0.005855238168603844,4.805920716005649e-07,0.00791421439498663,0.005433830913038008,4.2588239321488045e-07,0.007487180642783642,0.0051156229428237394,3.8869654021140034e-07,0.0071641383692622185,0.004872189746016548,3.62869951921983e-07,0.00691819004714489,0.004683984805726343,3.4470960805329354e-07,0.0067304992116987705,0.004537281310481448,3.318376273641221e-07,0.006587177515029907,0.00442224783113315,3.2264807408033234e-07,0.006477666087448597,0.00433168328174996,3.160469253527681e-07,0.006393917370587587,0.004260194402868076,3.1129553544797036e-07,0.006329832598567009,0.004203662786277987,3.078983470120322e-07,0.006280810106545687,0.004158887675859862,3.05519153243044e-07,0.006243360228836536
944,8,block_output,Horizontal,1,0.23631253531054844,0.06035893135759998,1.379289150238037,0.066145634722142,0.00012311573981433116,0.09667102992534637,0.04320470214126602,2.9231608091423402e-05,0.05860649421811104,0.032031992716448646,1.2685117675514203e-05,0.042544908821582794,0.025365842594986872,7.066364949146695e-06,0.033581383526325226,0.020936976733898358,4.524335270485022e-06,0.027840163558721542,0.017802900531225734,3.2021058355667132e-06,0.023816265165805817,0.015494402778881883,2.4512458460891083e-06,0.02082822285592556,0.013745456106132932,1.994364409394399e-06,0.01853194460272789,0.012391840728620688,1.699715608813373e-06,0.016730573028326035,0.011325998423946283,1.4999333712481193e-06,0.015297390520572662,0.01047438962592019,1.3583593548175726e-06,0.014144230633974075,0.009785131166969973,1.2540646742899417e-06,0.013207191601395607,0.009220763737897552,1.1746547775027201e-06,0.012609941884875298,0.00875376874492282,1.1125670709279559e-06,0.01214761845767498,0.008363649855175662,1.0630127824839406e-06,0.011759437620639801,0.008034956375403064,1.0227978896103665e-06,0.01143045723438263,0.007755896172648858,9.896717561109893e-07,0.011149179190397263,0.00751735678031331,9.619913755040454e-07,0.010906693525612354,0.007312208317988921,9.385332063350989e-07,0.010696057230234146
944,8,block_output,Gaussian,1,0.21835218464571332,0.061691757671240216,1.411458969116211,0.05882273531622357,0.0001107038319528035,0.08083794265985489,0.0401015408514511,3.402532672360046e-05,0.0529518648982048,0.030330155340452043,1.6064621605824977e-05,0.03867289051413536,0.024054753431488596,8.805774227506097e-06,0.030369553714990616,0.019656111397558733,5.250568308992938e-06,0.02482244372367859,0.016435156635467022,3.34180603283947e-06,0.020724479109048843,0.014011144564147033,2.2465974134395814e-06,0.0176155436784029,0.012148125718037287,1.5825619321269047e-06,0.015203972347080708,0.010690498328398145,1.1620586274313136e-06,0.01330161839723587,0.009532299491443805,8.863959002037238e-07,0.011861488223075867,0.008599635265353654,7.001454906000515e-07,0.010700603947043419,0.007839813954122955,5.706582664193855e-07,0.009743941947817802,0.0072144669894542955,4.780798998171688e-07,0.009004545398056507,0.006695125621580888,4.100652350913067e-07,0.008509941399097443,0.006260318119847585,3.588047470349695e-07,0.00808921828866005,0.005893627211215004,3.1927783207216526e-07,0.007729017175734043,0.005582361297297572,2.88200406536881e-07,0.007418869063258171,0.005316613907260554,2.6337088663667215e-07,0.007150476332753897,0.005088580306619406,2.432708837708786e-07,0.006917187944054604
944,9,block_output,Vertical,1,0.30214229462638736,0.17067994341256276,1.955535888671875,0.058068800421934276,8.500660371518282e-05,0.07943769544363022,0.03996196022582433,2.3901868422547388e-05,0.054080553352832794,0.03027992680787094,1.1221359971850283e-05,0.04028387367725372,0.024069159602125485,6.200387416472766e-06,0.03138365596532822,0.019802363589406013,3.9115482566215006e-06,0.02530781179666519,0.01670359978304496,2.7251370988524545e-06,0.020939819514751434,0.014357658310068978,2.039576586757742e-06,0.017669785767793655,0.01252912620585116,1.6089037145112529e-06,0.015367909334599972,0.011074106770730207,1.3205169250100399e-06,0.013715194538235664,0.009898202005951177,1.1176244190805025e-06,0.012576267123222351,0.00893605857466658,9.689561934284424e-07,0.011718343012034893,0.008140655604028513,8.561384239322046e-07,0.01100410707294941,0.007477159419703105,7.679493923937815e-07,0.010402947664260864,0.006919171055039716,6.973567712181621e-07,0.009891612455248833,0.006446354763789309,6.398485142885255e-07,0.009452247992157936,0.0060429030970212015,5.92431594988341e-07,0.00907143484801054,0.005696479637648851,5.530138441413702e-07,0.008739331737160683,0.005397403302292029,5.200433676585837e-07,0.008448570966720581,0.005137992291046041,4.923247246872028e-07,0.00819329172372818
944,9,block_output,Horizontal,1,0.3486770706044303,0.25734004022140433,2.4892821311950684,0.06883374755344694,0.0001221700495850541,0.09770102798938751,0.045153551572372046,2.5779861774198837e-05,0.057448506355285645,0.0342634062445353,1.2602092127978222e-05,0.04347904771566391,0.027597351975384214,7.612438361318443e-06,0.03445333242416382,0.023046497787748064,5.107986359143555e-06,0.02870108187198639,0.019739794382263743,3.70171127382884e-06,0.024636253714561462,0.017231113484336272,2.8399779979165862e-06,0.02182651497423649,0.015269396649230094,2.272639901862154e-06,0.01967376098036766,0.013701428540997089,1.8772002488992899e-06,0.01793239638209343,0.012426984762506825,1.5892318192003168e-06,0.016505185514688492,0.011377012815385584,1.3725632983176897e-06,0.015322687104344368,0.010502254028641989,1.2055519656940546e-06,0.014334253966808319,0.009766622956487395,1.0744440777529498e-06,0.013501846231520176,0.009143047500401735,9.699735926585888e-07,0.012796035036444664,0.008610774555967914,8.855573237703382e-07,0.012193365022540092,0.008153648470484075,8.163285584721446e-07,0.011674756184220314,0.007758970926737501,7.586795543477451e-07,0.011224772781133652,0.007416709119247066,7.100490780910955e-07,0.01083151064813137,0.0071188668010845075,6.687092337456714e-07,0.010486219078302383
944,9,block_output,Gaussian,1,0.07206560375671538,0.0009940845641265234,0.20698875188827515,0.03030897502506536,2.587754499638497e-05,0.041359201073646545,0.019206369295716286,7.043803455049303e-06,0.024465644732117653,0.013683728415459867,2.808773011106681e-06,0.016866181045770645,0.010507565405633714,1.406228062950941e-06,0.013401508331298828,0.008527644976441349,8.34049024060797e-07,0.011342962272465229,0.0072217752329177326,5.6362572079741e-07,0.009898499585688114,0.006323743811143296,4.2082163911303104e-07,0.008860778994858265,0.00568515540558904,3.381321503084004e-07,0.008103378117084503,0.00521796608402852,2.8578137323493884e-07,0.007538033649325371,0.00486769201973128,2.4975432332189595e-07,0.007101443596184254,0.004599738555649917,2.2351882270391953e-07,0.006753264460712671,0.004391415739461543,2.0383310970593073e-07,0.006469425745308399,0.0042272670904085746,1.887551887820098e-07,0.006234734784811735,0.004096422355533356,1.769558557266694e-07,0.006039026193320751,0.003991055209928799,1.675277684909942e-07,0.005875502713024616,0.003905458826689966,1.5989091469427746e-07,0.005739441141486168,0.00383544213966363,1.536769736683307e-07,0.00562694575637579,0.0037778880306711744,1.4862313018208126e-07,0.005534328520298004,0.003730434820883804,1.4451714834928346e-07,0.005458144471049309
922,5,block_output,Vertical,1,0.2098306543415501,0.08198698324981807,1.423089623451233,0.040021867801745735,4.034250801190039e-05,0.05450252443552017,0.02741194874166496,9.932800583302482e-06,0.03473461791872978,0.021113030789863495,4.727475439255178e-06,0.026316890493035316,0.01718102145703539,2.7715703330836226e-06,0.021182511001825333,0.014476481026836805,1.7870944836520843e-06,0.01767970621585846,0.012505055878252264,1.2323961295552863e-06,0.01513044536113739,0.011009151101230628,9.016442890545995e-07,0.013197550550103188,0.009838965706645495,6.955449292173279e-07,0.01169908419251442,0.008901401230740168,5.617867637196018e-07,0.01057669147849083,0.008135822512918995,4.716417818927717e-07,0.009668505750596523,0.007501127575302408,4.087301326647424e-07,0.008960834704339504,0.006968459698356806,3.63376029077619e-07,0.00839135330170393,0.006516935909906077,3.2969650569644364e-07,0.007904954254627228,0.006131045838137941,3.0401941629493427e-07,0.007486994378268719,0.005798993550891441,2.83992414879893e-07,0.007126070559024811,0.005511631390878132,2.680676255266816e-07,0.006813114508986473,0.005261733566248227,2.5519901151213885e-07,0.006540823727846146,0.005043514398118806,2.4466302370668205e-07,0.006317121908068657,0.0048522779732824315,2.3594834175598255e-07,0.006134890019893646
922,5,block_output,Horizontal,1,0.11020415128460007,0.007128407883027052,0.491791307926178,0.03257193369051767,2.1933836269912543e-05,0.04622775688767433,0.021871562899341657,4.819326735907696e-06,0.027310285717248917,0.01665007457551029,2.0024739217928254e-06,0.019756507128477097,0.013561259851687484,1.089122086600946e-06,0.01566636934876442,0.011540799431266293,6.989572320459494e-07,0.01328948512673378,0.010127460081425925,5.033953385317148e-07,0.011573497205972672,0.009093109666118546,3.952153289454402e-07,0.010449251160025597,0.008312828543167266,3.310631898046078e-07,0.009592058137059212,0.007711445424883138,2.906990217464487e-07,0.008929147385060787,0.007240166251976338,2.637609016026493e-07,0.008408824913203716,0.006865715090599325,2.44703098978793e-07,0.007994147017598152,0.006564614909981925,2.304801116793117e-07,0.007658923976123333,0.006319862657359668,2.1938885127583908e-07,0.007384393364191055,0.006118906780131279,2.10463427173894e-07,0.007156863808631897,0.0059523992388257905,2.0315063587726336e-07,0.006966245360672474,0.005813339532959083,1.9711939033647899e-07,0.006805139593780041,0.00569644258431499,1.9215043998852127e-07,0.006668145768344402,0.005597643990306154,1.8807466895143202e-07,0.006571753416210413,0.005513746468793778,1.8474912106241058e-07,0.006491917185485363
922,5,block_output,Gaussian,1,0.08949990996292659,0.004074231159273752,0.40827783942222595,0.028099235235935167,2.3200372087931723e-05,0.04063553363084793,0.01793573023603549,4.4851541235839026e-06,0.02352786809206009,0.013213056405740125,1.5742738668204897e-06,0.016640661284327507,0.010467931672575929,7.776672083298537e-07,0.013105669990181923,0.008678221786838202,4.5645356651946334e-07,0.010743502527475357,0.0074370803444513255,2.995622315134494e-07,0.009080784395337105,0.006542901175894907,2.1590918909279802e-07,0.007877950556576252,0.005880423304107454,1.686864977015973e-07,0.007025830447673798,0.005378498998840177,1.4092780814976958e-07,0.006498163565993309,0.00499118288003263,1.2412014539075684e-07,0.006090312730520964,0.004687734983033604,1.1365091234166425e-07,0.005772990640252829,0.004446978052516305,1.0690175243082208e-07,0.005524448584765196,0.004253932060526004,1.0235804292670353e-07,0.005328258033841848,0.004097730619832873,9.914422587029905e-08,0.0051720403134822845,0.003970310328498719,9.675730991301652e-08,0.005046533420681953,0.0038655913575360227,9.49078233664314e-08,0.004944817163050175,0.0037789406099667153,9.34270861329778e-08,0.0048616924323141575,0.0037067978058956444,9.221356213496593e-08,0.004793219268321991,0.0036464041608962276,9.120509233603677e-08,0.004736379720270634
922,6,block_output,Vertical,1,0.07930951766551488,0.002010270320817734,0.21464039385318756,0.026635700038501194,1.939917368856611e-05,0.03867042064666748,0.016627946720709875,5.02721451391467e-06,0.02278309129178524,0.01178091743754016,2.0934033108006876e-06,0.015375906601548195,0.009047458221810677,1.1079091829651177e-06,0.011715208180248737,0.007366916120407127,6.925344735071087e-07,0.00948710273951292,0.006272767197399858,4.905786531829287e-07,0.008050639182329178,0.005529198603379348,3.8131776200580875e-07,0.007276937365531921,0.005006593363803057,3.1736501296698144e-07,0.00676759984344244,0.004629215532322488,2.7793615734857454e-07,0.006395668722689152,0.004350664873888332,2.527817937110676e-07,0.006120134145021439,0.00414133670237211,2.3626728101005854e-07,0.005913183093070984,0.003981698677682924,2.2508636984351905e-07,0.005755423102527857,0.003858481337951999,2.1724722605209677e-07,0.005633201450109482,0.0037624253484878746,2.1154924655904297e-07,0.005536962300539017,0.003686917417254003,2.0727681418457332e-07,0.005460029002279043,0.003627138774073313,2.0400179848393442e-07,0.005397633649408817,0.003579517896656716,2.0145975608942004e-07,0.005346270278096199,0.0035413631186303166,1.994766614441842e-07,0.005303301382809877,0.0035106122663747224,1.979293652093317e-07,0.005266755819320679
922,6,block_output,Horizontal,1,0.11159742292430666,0.005198421911207657,0.3964415490627289,0.03533259380076613,2.9415714120969914e-05,0.046336740255355835,0.023407307882157582,6.394437888696181e-06,0.029359737411141396,0.017539957878253763,2.5279443525580125e-06,0.02184116467833519,0.013986642383748577,1.328276067931552e-06,0.0171443410217762,0.01166334721658911,8.64998592007295e-07,0.014085388742387295,0.010074212807156736,6.555079954710173e-07,0.012040998786687851,0.008948234966882164,5.474344459482357e-07,0.010630311444401741,0.008127256037874354,4.848672278958655e-07,0.00966625101864338,0.007514546484878612,4.449774604294244e-07,0.009118534624576569,0.007048515418160056,4.1759805426638023e-07,0.008698640391230583,0.006688484759439552,3.977694999841692e-07,0.008372837677598,0.006406690452306989,3.8285019944335626e-07,0.008117590099573135,0.006183667034502067,3.7133579822144326e-07,0.007916148751974106,0.006005490472215036,3.623177489984997e-07,0.007756352424621582,0.00586202685233383,3.5520848377183444e-07,0.007629198953509331,0.0057457758054610284,3.49596278857757e-07,0.007527891546487808,0.0056510852161972295,3.45163033988282e-07,0.007447106763720512,0.005573610124725198,3.416373833778189e-07,0.007382458075881004,0.005509945290488383,3.3877031938190286e-07,0.0073301708325743675
922,6,block_output,Gaussian,1,0.17249869732629686,0.034785579802275354,1.054661512374878,0.044744222646667844,5.551017484553064e-05,0.06067599356174469,0.029512513961110796,1.1687838397507413e-05,0.03628985956311226,0.022096586783253956,4.854515047894299e-06,0.026864800602197647,0.017560579607056245,2.654581473249908e-06,0.021339811384677887,0.014477307213440774,1.648661361233424e-06,0.01749701425433159,0.012253149249960505,1.102629816953745e-06,0.014697527512907982,0.010585089007185565,7.78354130226313e-07,0.01259618066251278,0.00929831914485447,5.742403868605371e-07,0.01098240353167057,0.008283992682302755,4.400525379657861e-07,0.009747399017214775,0.007470633834600449,3.488010364758035e-07,0.008750257082283497,0.006809387016036208,2.8506753547282105e-07,0.007971291430294514,0.006265735431086449,2.395579143674542e-07,0.007318034302443266,0.0058145951479673386,2.0642452382201973e-07,0.006765018217265606,0.005437291981208892,1.818742678557425e-07,0.006294027902185917,0.005119640054920363,1.633942388859097e-07,0.005890630651265383,0.004850681028550579,1.4928650554814208e-07,0.005633649881929159,0.0046218264892342546,1.3837667536446254e-07,0.005437808111310005,0.004426255511740844,1.2983072438550918e-07,0.005270661786198616,0.004258481778263572,1.2304456887185373e-07,0.005127221345901489
922,7,block_output,Vertical,1,0.08019513873353837,0.0014934133076752723,0.20562665164470673,0.0298635841953376,2.6133139571838132e-05,0.041950490325689316,0.018302100887965588,5.048685426187972e-06,0.023450182750821114,0.012851523797190378,1.6612184482492215e-06,0.016343191266059875,0.009791154192671889,8.267180853423502e-07,0.012432821094989777,0.007905474309587763,5.534898731935075e-07,0.010038361884653568,0.006668031230450623,4.330021606249818e-07,0.008454715833067894,0.0058212549100437804,3.667817759222023e-07,0.007426919415593147,0.005224533926045138,3.255457229474942e-07,0.0068947430700063705,0.004794671791531737,2.9834246239584856e-07,0.0065147485584020615,0.004479788044201476,2.7995943367393666e-07,0.006239183712750673,0.004246183981498082,2.6734025217911695e-07,0.0060364361852407455,0.004071191252608385,2.584987501488453e-07,0.005885251797735691,0.003939099901814073,2.521210094561594e-07,0.005771232768893242,0.0038387635907542613,2.473663637042706e-07,0.005684536881744862,0.0037621464838998187,2.4372141976717397e-07,0.005618303548544645,0.003703390917045966,2.4087310741063454e-07,0.005567630752921104,0.0036581846597116617,2.3861904143949794e-07,0.005528954789042473,0.0036233187253986087,2.3681862705972199e-07,0.005499642342329025,0.0035963801275347433,2.3537122384585127e-07,0.005477706901729107
922,7,block_output,Horizontal,1,0.24984224495433627,0.08120753061381081,1.4406094551086426,0.05797748232171649,9.567260215664662e-05,0.08046751469373703,0.03888465227588775,1.881332234119027e-05,0.0498800203204155,0.02960932914108511,7.582540760013163e-06,0.036765020340681076,0.023837853903098713,4.154636689992689e-06,0.02928590402007103,0.019880757563643985,2.7073012679932735e-06,0.024795260280370712,0.01702468375128413,1.9600652704306156e-06,0.02162400633096695,0.014893107884933077,1.519962070890899e-06,0.019334319978952408,0.013259973170028793,1.2372104712382756e-06,0.017504915595054626,0.011980490419008429,1.0451463776107437e-06,0.016027644276618958,0.010958516659835974,9.099091800916033e-07,0.014824222773313522,0.010128652455196493,8.122974985461844e-07,0.013836340978741646,0.009445462124570021,7.404896267283979e-07,0.013019599951803684,0.008876657187347375,6.867813801595657e-07,0.012339681386947632,0.00839872673774759,6.459549858904352e-07,0.011769828386604786,0.007994110762540783,6.143852787444773e-07,0.011289082467556,0.007649374187051776,5.895106485647275e-07,0.01088095735758543,0.007354022092407658,5.694947382095845e-07,0.010532433167099953,0.007099713827113783,5.530106443322608e-07,0.01023316103965044,0.006879739101148314,5.390917097189432e-07,0.009974820539355278
922,7,block_output,Gaussian,1,0.5056276873700203,0.5532516796051292,3.3481414318084717,0.07632361305138421,0.00015319738312206957,0.10474291443824768,0.05189977343829851,3.7033005856502555e-05,0.06414294242858887,0.03992312188659396,1.6049997796584548e-05,0.04967353492975235,0.03224235849957618,8.263945616702492e-06,0.04045771062374115,0.02683525476309042,4.7912798202187855e-06,0.033698949962854385,0.022826981804673633,3.0642391034914395e-06,0.028591353446245193,0.019750574071492468,2.123239370945109e-06,0.024641286581754684,0.01732618213882522,1.5645157184396714e-06,0.021521221846342087,0.015374691210805423,1.206169598702228e-06,0.019009169191122055,0.013776587263222725,9.610820241978038e-07,0.01695273630321026,0.012449437781931862,7.847801628674897e-07,0.015245562419295311,0.011334615523025157,6.530466201189049e-07,0.01381189376115799,0.010389226577466442,5.518264430394162e-07,0.012596501037478447,0.009581074310791872,4.7244936777151404e-07,0.011558088473975658,0.008885461090516949,4.0925555203607663e-07,0.010664960369467735,0.008283085914121734,3.5837155872999934e-07,0.009892228059470654,0.007758642583789807,3.1704111261394446e-07,0.009231441654264927,0.007299852624003377,2.832479171345928e-07,0.008783395402133465,0.006896766479171458,2.5547981786308796e-07,0.00839158333837986
922,8,block_output,Vertical,1,0.2870699294975826,0.14724156302805488,1.935983419418335,0.07294697261282376,0.0001336028930318216,0.10090653598308563,0.050594618041363976,4.73639877544639e-05,0.06612737476825714,0.03786675061380106,2.1794252365057767e-05,0.04845714569091797,0.029753956322868664,1.1528929896445846e-05,0.037337806075811386,0.024248245719169812,6.856021938772544e-06,0.029932908713817596,0.020327130657812907,4.494026588997215e-06,0.024886101484298706,0.0174258238236819,3.1747276133957e-06,0.021587681025266647,0.015212477214397892,2.3706341784435496e-06,0.018977239727973938,0.013482406454545164,1.847510758618352e-06,0.016866076737642288,0.012103673381110033,1.4918160135801337e-06,0.015136301517486572,0.01098765330832629,1.2426904236035962e-06,0.013706620782613754,0.010072587072731011,1.0644484033405386e-06,0.012516713701188564,0.009314065577373618,9.347251183075963e-07,0.011520015075802803,0.008679316490001622,8.389060810581558e-07,0.010680142790079117,0.008143644255127699,7.671851193452868e-07,0.010268468409776688,0.007688125772845177,7.128542499646507e-07,0.009920386597514153,0.007298067086450164,6.712340636077383e-07,0.009623275138437748,0.006961932435395226,6.389826708713421e-07,0.009367110207676888,0.0066705914509911386,6.13646557834548e-07,0.009143874980509281
922,8,block_output,Horizontal,1,0.2308457557644163,0.06203988991207931,1.3598490953445435,0.06739413223805882,0.00011425063561302143,0.09331148862838745,0.04504693660234648,3.065601404446195e-05,0.06056612730026245,0.033828891311136505,1.4033866970425634e-05,0.044974133372306824,0.027008660255916535,8.10713911328936e-06,0.03545012325048447,0.022392314134372607,5.3765947142349386e-06,0.02905924618244171,0.01908317767083645,3.914203121761397e-06,0.02456030808389187,0.016630980984440873,3.0529967301192902e-06,0.021297212690114975,0.014771666880401354,2.510459736058483e-06,0.018877770751714706,0.013335731723124073,2.1497356737811563e-06,0.017049100250005722,0.012209009334799788,1.8990408585010447e-06,0.01564246229827404,0.011312370868547568,1.7185624818698468e-06,0.014543024823069572,0.010589766730037,1.5849135578487353e-06,0.013670915737748146,0.01000075533779131,1.483531919749281e-06,0.01310340128839016,0.009515676957865557,1.4048986450400665e-06,0.012679027393460274,0.009112452969901146,1.342582389253783e-06,0.012324973940849304,0.008774420749100427,1.2921559317822326e-06,0.012027407065033913,0.008488842397041264,1.250548307699442e-06,0.011775905266404152,0.008245875815018303,1.21562154301539e-06,0.011562487110495567,0.008037850704221498,1.1858910330566904e-06,0.011380918323993683
922,8,block_output,Gaussian,1,0.3811129510166153,0.2843519765582358,2.6641101837158203,0.07988504225772525,0.00024718323010674805,0.1308024823665619,0.05429276463294786,7.022117001699337e-05,0.08075353503227234,0.04095532425812313,3.1957606584725516e-05,0.057214681059122086,0.03240676410496235,1.6772054474016672e-05,0.04315847530961037,0.026492259302546107,9.696107570693892e-06,0.034089963883161545,0.022206956254584447,6.057867436001769e-06,0.027924124151468277,0.01899043211920394,4.029587367313307e-06,0.023519909009337425,0.016506418718823364,2.8227647404909626e-06,0.020347503945231438,0.014544182811819371,2.0662965264537563e-06,0.017892228439450264,0.01296603942792567,1.5710298355342252e-06,0.01590614765882492,0.011678482287578167,1.234150896141832e-06,0.014384034089744091,0.010615755981277852,9.97000978111125e-07,0.013198824599385262,0.009730207482500681,8.248932601784818e-07,0.01220933347940445,0.008986379825584,6.967031703202799e-07,0.011376406997442245,0.008357285544098843,5.991655487799884e-07,0.01067051850259304,0.007821987323936016,5.236462468971037e-07,0.010068673640489578,0.007363992765368451,4.6431210583498106e-07,0.009552642703056335,0.00697015489762028,4.170975760943746e-07,0.009107841178774834,0.006629890407479945,3.7910238172214324e-07,0.008722538128495216
922,9,block_output,Vertical,1,2.7952405902601423,12.491730207055177,12.829829216003418,0.13971113153393305,0.0006378029770926632,0.20561671257019043,0.09676911610932577,0.00012869952920804479,0.12091617286205292,0.07570545700570894,6.77561691203061e-05,0.09424011409282684,0.062382731823221085,4.3785995663554075e-05,0.07723919302225113,0.053154907115395104,3.131655191466213e-05,0.06573718041181564,0.04631623010786753,2.354939970635596e-05,0.057373568415641785,0.04099498825177314,1.825457861717432e-05,0.05090036615729332,0.03670801642158675,1.4483166292242526e-05,0.045658551156520844,0.03316482889746863,1.1719497661855477e-05,0.04128274321556091,0.0301795086217305,9.646008471523566e-06,0.03755706176161766,0.027626896217938453,8.05747941077422e-06,0.034344255924224854,0.025418881622571794,6.818081277726451e-06,0.03162514790892601,0.02349095492963753,5.8358257725596296e-06,0.029492605477571487,0.021794318029331784,5.046730980550684e-06,0.027589276432991028,0.02029113533596198,4.405062146936281e-06,0.02587825432419777,0.018951494202372573,3.877347815143005e-06,0.024330809712409973,0.017751412540082893,3.4386657066141604e-06,0.02292449399828911,0.016671442545004307,3.0702881267698343e-06,0.02164171263575554,0.015695661986394535,2.7580955944490005e-06,0.020468618720769882
922,9,block_output,Horizontal,1,1.0296687013100063,2.317060962463624,6.1787919998168945,0.1084192923846699,0.00028876542765264156,0.149107426404953,0.07123050028606066,7.6273534982545e-05,0.09474901854991913,0.05362298487434312,3.120684922305201e-05,0.06941539794206619,0.0433808034138074,1.709174291816298e-05,0.054941993206739426,0.03639884807524227,1.0780109390224498e-05,0.045400701463222504,0.031313446601704945,7.426575402990251e-06,0.038593657314777374,0.027464419721610962,5.465385668213974e-06,0.03351772204041481,0.024452268042498164,4.231842101344583e-06,0.02960752509534359,0.022026051663690142,3.408870390458144e-06,0.026510372757911682,0.020026155200506015,2.8341689635990307e-06,0.023996733129024506,0.018348232340363282,2.4187801037281455e-06,0.021913953125476837,0.01692129523744659,2.1103336998965995e-06,0.020322874188423157,0.015694946952400698,1.8759896801354098e-06,0.01913374289870262,0.014632021742207664,1.6941288694030365e-06,0.01810477487742901,0.013704258327682814,1.550045147749425e-06,0.01720592752099037,0.012889651685125299,1.4334968513622836e-06,0.016414351761341095,0.012170752377382346,1.3372699055204752e-06,0.015712494030594826,0.01153351774527913,1.2562601177902133e-06,0.015086667612195015,0.01096650686055895,1.1868734134935661e-06,0.014526047743856907
922,9,block_output,Gaussian,1,1.60642860711567,4.75216622107809,8.070472717285156,0.1326885503672418,0.0006486206350291073,0.2086871713399887,0.08636231507573809,0.00012425634836046984,0.11022688448429108,0.06501196348477924,5.423366976477806e-05,0.07974597811698914,0.05221706965849513,3.104366752890504e-05,0.06280506402254105,0.043635479100639855,2.0670576554711448e-05,0.05286496505141258,0.037452882421868186,1.4988097262292622e-05,0.04549899324774742,0.03277122935960217,1.1419203394830263e-05,0.03976258262991905,0.029090184038357128,8.970812993977956e-06,0.035370685160160065,0.02610861323773861,7.192517881434607e-06,0.031813789159059525,0.023636297840211127,5.851449502372713e-06,0.02877023071050644,0.02154860743099735,4.814320113007324e-06,0.026290111243724823,0.01976088064885329,3.998315977219628e-06,0.024193786084651947,0.018213371554064373,3.3483763357751218e-06,0.022356735542416573,0.016862336013998305,2.8259156644076376e-06,0.020737089216709137,0.015674687626342925,2.402833934315175e-06,0.01930249109864235,0.014624714082668699,2.0580959786462847e-06,0.01802709698677063,0.01369198105697121,1.7756336649067318e-06,0.01688963547348976,0.01285994735856851,1.542976920136652e-06,0.015872258692979813,0.012115023098886013,1.350328538293595e-06,0.014959883876144886
899,5,block_output,Vertical,1,0.26647522631618714,0.12044782757704993,1.648486614227295,0.0486636468105846,8.087483014062991e-05,0.0720883309841156,0.03174505764175029,1.1201440465662485e-05,0.04053143039345741,0.02438726539294871,4.864502021645481e-06,0.029413331300020218,0.01979679377779128,2.799428192966094e-06,0.023686686530709267,0.016606412325350064,1.819737009579589e-06,0.019667770713567734,0.014252462143462801,1.2846419286479715e-06,0.01671469956636429,0.012446040834581095,9.676007923105434e-07,0.014469586312770844,0.011022216965636563,7.682509666975537e-07,0.012733301147818565,0.009878011760375803,6.363899291664669e-07,0.011640558019280434,0.008944613400787588,5.451201811467482e-07,0.01074291206896305,0.008173813710787467,4.793711549855608e-07,0.0099962642416358,0.007530710741227109,4.303900642579105e-07,0.009368287399411201,0.006989408306600083,3.9290519944444654e-07,0.008835023269057274,0.006530307942912692,3.636067861728734e-07,0.008378509432077408,0.006138323421870906,3.403239821410916e-07,0.007985079661011696,0.005801664399249213,3.215704002302948e-07,0.007644154131412506,0.005510993057950621,3.0629283208707073e-07,0.007347399368882179,0.005258823331031535,2.9372374209525524e-07,0.007088121492415667,0.005039091916784408,2.832953725287597e-07,0.006860862486064434
899,5,block_output,Horizontal,1,0.8216646687378959,1.4645178327056725,5.001462459564209,0.08584499962273098,0.00032426124667788976,0.1233535036444664,0.05172428944044643,3.880989987664021e-05,0.06476351618766785,0.0393991084798934,1.473228524818019e-05,0.048605386167764664,0.03256855594615141,8.509639383987905e-06,0.03917906433343887,0.02799457778769826,5.683363030936031e-06,0.032983165234327316,0.02465351874984446,4.106121831750207e-06,0.029001709073781967,0.022070207204374057,3.123411050341432e-06,0.025975333526730537,0.01999134041132435,2.4633110936582997e-06,0.023571621626615524,0.018271708136631384,1.9947013580558137e-06,0.021596526727080345,0.016821933762421682,1.6481207680469511e-06,0.019932981580495834,0.01558283312867085,1.3838072648354465e-06,0.018506929278373718,0.014512694278170191,1.1774679429713369e-06,0.017268793657422066,0.013580741567744149,1.013453086131011e-06,0.016183597967028618,0.012763517169607065,8.812454192004559e-07,0.015225555747747421,0.012042704186150952,7.735125614536196e-07,0.014374963939189911,0.011403720766778976,6.849763330289118e-07,0.01361633650958538,0.010834769138859378,6.11721027868302e-07,0.012937195599079132,0.010326182277547934,5.507741158641283e-07,0.012327305041253567,0.009869946536445429,4.998270129830574e-07,0.011778122745454311
899,5,block_output,Gaussian,1,1.1208554045075463,2.5962326811888463,6.601454734802246,0.07824633004409927,0.0001926722748562028,0.10820326209068298,0.05249972990344441,3.0766615915540266e-05,0.06608686596155167,0.04183625163776534,1.6092277442534046e-05,0.05057187378406525,0.03516385441143361,1.049456143448121e-05,0.0428919680416584,0.030339941116315976,7.379747752064325e-06,0.03714125603437424,0.02661816045523636,5.3972186395368615e-06,0.03250870853662491,0.02365349389849201,4.0725604609502955e-06,0.028683308511972427,0.021239824238277617,3.158790179009198e-06,0.025599583983421326,0.019239812675449584,2.510011654474602e-06,0.023349307477474213,0.01755820004831231,2.036745266637492e-06,0.021417956799268723,0.016127024969411274,1.682742563136299e-06,0.019741617143154144,0.014896418736685835,1.4117905852976605e-06,0.018274063244462013,0.013828828058663815,1.2000676956029e-06,0.01698046363890171,0.012895366236094444,1.0315903388492224e-06,0.01583366096019745,0.012073451830517678,8.954364213941822e-07,0.014811969362199306,0.011345202738921794,7.83973177085606e-07,0.013897866010665894,0.010696306277716916,6.91738021275037e-07,0.01307702623307705,0.010115194873559096,6.147291316113249e-07,0.012337591499090195,0.009592435145307155,5.499405095747716e-07,0.011669609695672989
899,6,block_output,Vertical,1,0.41858110091989004,0.34233838542703676,2.9700446128845215,0.06409740542608594,0.00010131118838567242,0.08578737825155258,0.0424176190225851,1.8526841906561287e-05,0.05287148803472519,0.03240740532794642,7.93554158479159e-06,0.040199585258960724,0.02616764995313826,4.331368575509202e-06,0.032406289130449295,0.021812494164184917,2.6827674579600834e-06,0.02695925161242485,0.01860142070504408,1.8070744260485613e-06,0.022933319211006165,0.016152571147632976,1.2958627401894566e-06,0.019846472889184952,0.014235543914967112,9.753057363288994e-07,0.01741255633533001,0.012701947966383563,7.63253127391269e-07,0.015453079715371132,0.011452878588840129,6.176160790147049e-07,0.013851694762706757,0.010420430244670974,5.149992190175747e-07,0.012528528459370136,0.009556588095923265,4.413785101908929e-07,0.011425936594605446,0.00882643402095825,3.878250602462734e-07,0.010500623844563961,0.008203936592927055,3.484041898826684e-07,0.009812505915760994,0.007669269683815184,3.190593528853581e-07,0.009288305416703224,0.007207062982377552,2.969728701807362e-07,0.008838890120387077,0.006805218076185574,2.8016800258294645e-07,0.008451776579022408,0.006454087631215179,2.67249295776645e-07,0.008116977289319038,0.006145891703901783,2.572208086580709e-07,0.007826348766684532
899,6,block_output,Horizontal,1,0.7608338167506551,1.2689761316310173,4.819088935852051,0.08966089536746343,0.000348737464784473,0.1368032693862915,0.05775960197760945,6.569909015320376e-05,0.0878719687461853,0.04485056111736903,2.8774137688399652e-05,0.06520813703536987,0.03702495504348051,1.6088519323213528e-05,0.051894500851631165,0.03151228166525326,1.0087182661125376e-05,0.042953554540872574,0.027361339874683865,6.760449280903307e-06,0.03645002841949463,0.024117247098022036,4.7548905379307425e-06,0.03147722780704498,0.021520178380703168,3.4836618585395563e-06,0.027546878904104233,0.019404467550061998,2.648225980476205e-06,0.024367429316043854,0.017656782021125157,2.0822298162567754e-06,0.021751247346401215,0.01619599684185925,1.6879157991491665e-06,0.019570715725421906,0.014962345199097716,1.4058651771294816e-06,0.01773514226078987,0.013910940197843408,1.1990141060072828e-06,0.016338225454092026,0.013007552673419317,1.0436834803932681e-06,0.015386460348963737,0.01222571511826818,9.244144395511097e-07,0.014547454193234444,0.011544685515146407,8.309123746631108e-07,0.013799951411783695,0.010948000165323416,7.562081286862307e-07,0.013130992650985718,0.010422438900503848,6.95506693824447e-07,0.012530136853456497,0.009957278723872844,6.454596815142436e-07,0.011988797225058079
899,6,block_output,Gaussian,1,0.10703549451298183,0.004479674512337141,0.42027369141578674,0.03572726101865844,4.149080864610695e-05,0.048680081963539124,0.02230249046688042,9.78245702485162e-06,0.028244510293006897,0.015690359183483653,3.6085675611794567e-06,0.019641797989606857,0.011907085717197449,1.674569941457902e-06,0.014724474400281906,0.00954833086432209,9.158689594675989e-07,0.011631723493337631,0.007986182139979469,5.722329555957522e-07,0.009575392119586468,0.0069041079545896205,4.000660908343098e-07,0.00823873933404684,0.006128056300064874,3.0614758966891607e-07,0.007327334024012089,0.005555974800021402,2.508594595013032e-07,0.00679980730637908,0.005124845335053073,2.160937494923226e-07,0.00639509130269289,0.00479401404126769,1.930080209874815e-07,0.006078069563955069,0.004536279565876438,1.769734771163528e-07,0.0058259498327970505,0.004332896185270141,1.653886610247295e-07,0.005623262841254473,0.0041706332205129525,1.567100139229408e-07,0.005459079518914223,0.004039959268762715,1.499871858657997e-07,0.00532537791877985,0.003933882244700004,1.4461643301334785e-07,0.005216074641793966,0.003847186231896991,1.4020493312801275e-07,0.005126448348164558,0.0037759205747750543,1.364938028737078e-07,0.005052800755947828,0.003717057066895659,1.3331495809915575e-07,0.004992232192307711
899,7,block_output,Vertical,1,0.09272033135805811,0.0019119781736805334,0.21657226979732513,0.033977424607626976,3.321857304452934e-05,0.048289790749549866,0.020994488593368305,6.963851917455572e-06,0.026538312435150146,0.014772419093383683,2.300908013070002e-06,0.017999334260821342,0.011226599001222186,1.0216346377710448e-06,0.013341272249817848,0.009016965515911579,5.795614024852985e-07,0.010699084028601646,0.007564101966896227,4.0159889488695166e-07,0.009129049256443977,0.0065721310675144196,3.2255587893513737e-07,0.008272547274827957,0.00587444520363259,2.854889509173951e-07,0.00767466751858592,0.005371468740382365,2.681187395988785e-07,0.007254140917211771,0.005001277492810336,2.6081327597996697e-07,0.006957530975341797,0.004724107261392332,2.5897676073336484e-07,0.006747905630618334,0.004513637000133121,2.601818791121286e-07,0.006599088665097952,0.004351944093488985,2.630227457813076e-07,0.006492465268820524,0.00422653393258178,2.666158534414567e-07,0.006414829753339291,0.004128538667120867,2.703618863956675e-07,0.006356881931424141,0.004051563548042424,2.738552505845189e-07,0.00631230091676116,0.003990901752360283,2.7687226734208874e-07,0.006277082022279501,0.003942990324474753,2.7936359697173843e-07,0.006248814985156059,0.0039050616730477604,2.813961409951816e-07,0.006225994788110256
899,7,block_output,Horizontal,1,1.149946724375089,2.74345327310236,6.642322540283203,0.11969157852350719,0.00046221447862890454,0.17354482412338257,0.07950400135346822,0.00012531333482908712,0.11473344266414642,0.06186737794251669,6.338071339063928e-05,0.08770032972097397,0.05101248681072205,3.733000659657115e-05,0.07074646651744843,0.04331661636630694,2.3647346697372846e-05,0.0587344765663147,0.03750816070371204,1.574889952425439e-05,0.049724332988262177,0.03296285977084485,1.090928380275757e-05,0.04275859147310257,0.029316591305865183,7.815115652624697e-06,0.03727347403764725,0.026335100983343428,5.769729305572639e-06,0.032894644886255264,0.023859501032838747,4.379724169056113e-06,0.029356813058257103,0.021778156093898274,3.412621306840652e-06,0.02646588906645775,0.020010196027301606,2.7259653883402888e-06,0.024077707901597023,0.018495326506949607,2.229758027597883e-06,0.022157171741127968,0.017187469727581457,1.8655658563644923e-06,0.02052447944879532,0.016050702980941252,1.5944921361626562e-06,0.019100744277238846,0.01505660880652685,1.3900551280586641e-06,0.01785283535718918,0.014182436013860362,1.2338977577426446e-06,0.01675359532237053,0.013409781639301588,1.1130919046754699e-06,0.01602843403816223,0.012723648905872352,1.0184446789568715e-06,0.015418735332787037
899,7,block_output,Gaussian,1,0.14593948234641363,0.017544590912754822,0.8029834032058716,0.04749910456557122,6.311052641781575e-05,0.06495308876037598,0.03157444449052924,1.8079130514224625e-05,0.040745534002780914,0.02334010938093776,8.306237361619685e-06,0.029831862077116966,0.018182558554505544,4.472842439704205e-06,0.023123696446418762,0.014701200634359366,2.668385764065831e-06,0.01841622032225132,0.012246230824126137,1.7382367123522491e-06,0.015078038908541203,0.010458523629321939,1.2169563121424615e-06,0.012692201882600784,0.009123842512804365,9.008857800798518e-07,0.011351490393280983,0.00810769959426825,6.969610202598544e-07,0.01036473736166954,0.007321450792785201,5.592018402716321e-07,0.009580304846167564,0.006704336948811062,4.6284768016428256e-07,0.008950965479016304,0.006213578949904158,3.9356601167447193e-07,0.008440842851996422,0.005818521677856407,3.426010604626723e-07,0.008022883906960487,0.0054969277809418385,3.043880392961813e-07,0.007676933892071247,0.00523249339312315,2.7527139774203447e-07,0.007388087455183268,0.0050131152531812115,2.5277507047763984e-07,0.007145234849303961,0.004829674256995084,2.351771083275361e-07,0.006939959712326527,0.004675192041470418,2.2125673682085677e-07,0.0067657483741641045,0.0045442555934959465,2.1013547488897404e-07,0.006617496721446514
899,8,block_output,Vertical,1,0.30355085917408503,0.07989612326216666,1.5848479270935059,0.09031365244161516,0.0002889208206114754,0.13168218731880188,0.05875205768952294,8.942590086151098e-05,0.086249440908432,0.04273280731978871,3.7332260933056806e-05,0.06194775551557541,0.03322619196796228,1.874578006029729e-05,0.04751800745725632,0.026959741576796488,1.0639970292442566e-05,0.03802508860826492,0.022536277297943358,6.626027578171211e-06,0.03134235739707947,0.019268001784526166,4.446244132002316e-06,0.026412639766931534,0.016774640270760133,3.172221230567052e-06,0.022655196487903595,0.014826584932586503,2.3824560301425675e-06,0.019725557416677475,0.013275917205545638,1.8696725975119282e-06,0.017402950674295425,0.012022691483180675,1.5242747438910125e-06,0.015536208637058735,0.010996939052665045,1.2845741871851775e-06,0.01401764526963234,0.010148282628506422,1.1140188679811794e-06,0.012768978253006935,0.009439604482539589,9.90036772038182e-07,0.012012336403131485,0.008842996979457519,8.982324403589585e-07,0.011488405987620354,0.008337136365414138,8.291760226549429e-07,0.011042850092053413,0.007905483822382632,7.765314573944385e-07,0.010661914944648743,0.0075350601580880935,7.359118572207989e-07,0.010334573686122894,0.007215555631629531,7.042031006435662e-07,0.010051996447145939
899,8,block_output,Horizontal,1,0.12241275064528935,0.003776655476578471,0.32182225584983826,0.04403225586764396,6.921597246135464e-05,0.0666903555393219,0.027426442840979212,1.6868312138509e-05,0.04108331352472305,0.019676703072729566,6.5122947131074835e-06,0.028176182880997658,0.015376292183876985,3.4051824576560882e-06,0.021332532167434692,0.01279540742850966,2.2939441549615226e-06,0.017430972307920456,0.011159622317386998,1.827546499249214e-06,0.015076374635100365,0.010078153380798914,1.5974761897158117e-06,0.013841383159160614,0.009338134781472267,1.4662253292813072e-06,0.013160709291696548,0.008816878400033428,1.3826842901601357e-06,0.012656208127737045,0.008440320527861042,1.3251433322752655e-06,0.012271242216229439,0.008161995582105149,1.2828279239971704e-06,0.011970246210694313,0.007951918649413282,1.2497386060681806e-06,0.011731831356883049,0.007790363622858884,1.2225585741175248e-06,0.011543361470103264,0.007664136366829986,1.1997687772606156e-06,0.011396210640668869,0.00756423460644862,1.1808715995715863e-06,0.01128301676362753,0.0074843537461544785,1.1656935006628112e-06,0.011197090148925781,0.007419940527705919,1.154015120267186e-06,0.011132615618407726,0.007367598683765483,1.1454565516203616e-06,0.011084692552685738,0.0073247311252450185,1.1394784121764472e-06,0.011049128137528896
899,8,block_output,Gaussian,1,0.13718237668748887,0.004339406893570112,0.40988385677337646,0.05096611741279799,8.949282056598692e-05,0.07077376544475555,0.030838036702738866,2.0227760121394828e-05,0.04028317704796791,0.021267105573936115,7.068054558972078e-06,0.026585154235363007,0.015825207493016646,3.1043537054390057e-06,0.019849471747875214,0.012479120008056127,1.6304423673726642e-06,0.01560619194060564,0.010310364680157768,9.941172486831073e-07,0.012840768322348595,0.008843416473754341,6.841610481479611e-07,0.010982586070895195,0.00781510877496903,5.173053666351378e-07,0.009770305827260017,0.007072710520809605,4.2007804228653667e-07,0.009037727490067482,0.006523654700094272,3.598851323697912e-07,0.008476464077830315,0.006109406373330525,3.2084657772019293e-07,0.008041328750550747,0.005791620188762271,2.946529941830735e-07,0.007700800895690918,0.005544466254789205,2.7668782258661787e-07,0.007432625629007816,0.005350037677479642,2.6420468699159394e-07,0.007220878731459379,0.005195529976238807,2.554579309960192e-07,0.007053973153233528,0.00507151319955786,2.492930085647615e-07,0.006923305336385965,0.004970912429844103,2.4492746994543e-07,0.00682218000292778,0.004888438360972537,2.4182244824890547e-07,0.006744973361492157,0.004820211735066204,2.3960887416025806e-07,0.0066866702400147915
899,9,block_output,Vertical,1,0.3277257468019213,0.2540191283071105,2.4752254486083984,0.060272371485119776,7.755561748685822e-05,0.08567982912063599,0.041674923802179006,2.464755341842045e-05,0.057238202542066574,0.03144846197276834,1.1347934415809876e-05,0.041148729622364044,0.024863728573397983,6.165377821053243e-06,0.03134806454181671,0.02031220294653423,3.7124522865105973e-06,0.024942290037870407,0.017031442654866075,2.4386697635564983e-06,0.02060721628367901,0.014595816577119487,1.7372764011990925e-06,0.017844446003437042,0.012743528976681687,1.3320459205398391e-06,0.015727687627077103,0.011304887159476204,1.0872072514487094e-06,0.014164287596940994,0.010166433669390186,9.32693462544061e-07,0.013211388140916824,0.009250498347220913,8.308922869989165e-07,0.012448194436728954,0.008502753148417152,7.609581117386084e-07,0.011824654415249825,0.007884452562956583,7.110324905437199e-07,0.0113059775903821,0.007367509084620646,6.742265139890067e-07,0.010868363082408905,0.0069312905848381064,6.46455678600631e-07,0.010496057569980621,0.00656043832737302,6.251983337385678e-07,0.01017841137945652,0.006243296492371767,6.087631919703186e-07,0.009907161816954613,0.00597079179530579,5.959237770073364e-07,0.00967504270374775,0.005735692250291033,5.857666001989475e-07,0.009475652128458023
899,9,block_output,Horizontal,1,1.2281128610410388,3.1960796648270304,7.239150524139404,0.12036069813701841,0.00031757629640950607,0.16065843403339386,0.08150660270263278,9.75377712596287e-05,0.10695061832666397,0.06190926197265822,4.874513532049417e-05,0.08015170693397522,0.05022919905327615,3.0321837682547673e-05,0.06443189084529877,0.04228934485997472,2.0637033218185736e-05,0.05403748154640198,0.03650399814877245,1.4797566370986239e-05,0.046586066484451294,0.03210804797708988,1.1023432337214636e-05,0.04094429686665535,0.0286531223959866,8.465448810755742e-06,0.03649849072098732,0.0258594864595031,6.668719617210116e-06,0.03288950026035309,0.023548226951370165,5.370583437187725e-06,0.029895294457674026,0.021601590520096203,4.410701618700143e-06,0.027370944619178772,0.019939220111284937,3.687009340379941e-06,0.025216570124030113,0.018504128170510132,3.132225331661913e-06,0.02335996925830841,0.017254439493020374,2.7005491774353023e-06,0.02174687199294567,0.01615844622609161,2.35990862780326e-06,0.020335309207439423,0.015191566435590623,2.0874393495842033e-06,0.019092204049229622,0.014334414006462173,1.866674408943328e-06,0.017991267144680023,0.01357145585297119,1.685719264871725e-06,0.017011508345603943,0.012890069819395505,1.5359349297012755e-06,0.0161360464990139
899,9,block_output,Gaussian,1,0.09738163088285734,0.002960452931655639,0.3794231414794922,0.03878327689710118,3.9593535548843694e-05,0.05239757150411606,0.025619419646405038,1.0620182327384973e-05,0.033828914165496826,0.019000521461878504,4.396710798199763e-06,0.02436027303338051,0.01501736989510911,2.269297398498558e-06,0.018398713320493698,0.012386929391632004,1.3522515960305179e-06,0.014994408935308456,0.010558911170514803,9.053696683421546e-07,0.012837495654821396,0.00924748627261983,6.665195419024284e-07,0.011292150244116783,0.008284525679690498,5.295641373941577e-07,0.010164719074964523,0.007562730313530044,4.471004825137406e-07,0.009329510852694511,0.007011938588841567,3.9520924527669455e-07,0.008699409663677216,0.006585761978630982,3.6070463718475613e-07,0.008213462308049202,0.006252205642383723,3.363489670106905e-07,0.00783088244497776,0.005988310460769941,3.1811869358874996e-07,0.00757690379396081,0.005777300357641209,3.0370039408249397e-07,0.007392626255750656,0.005606733646894258,2.918096332728467e-07,0.00725252740085125,0.0054673451472014665,2.818083380130349e-07,0.007146901451051235,0.0053523374381401236,2.734100836014747e-07,0.007066536694765091,0.005256785308971765,2.664266925789549e-07,0.007002953439950943,0.0051770494097755065,2.606331222923099e-07,0.0069494713097810745
874,5,block_output,Vertical,1,1.3630376020594248,3.645248643186739,7.436166763305664,0.1078612423605389,0.0006269352159249734,0.17001435160636902,0.0631399889077459,7.715209940496512e-05,0.0871242880821228,0.046894969921263435,2.3934226200448422e-05,0.06109157204627991,0.03850403380772424,1.25053556543527e-05,0.04856840521097183,0.03301089919275708,8.184953028643558e-06,0.04083246365189552,0.02891211938999948,5.880307170593157e-06,0.03529006987810135,0.025674568075272772,4.467638514548005e-06,0.03104228526353836,0.02304298687903654,3.538070009457844e-06,0.02772388979792595,0.020861085208635482,2.8915406804331137e-06,0.025508422404527664,0.019022558268810077,2.4199428356063193e-06,0.023585868999361992,0.017452294346950357,2.0624831570692135e-06,0.021899476647377014,0.016096011365926456,1.783554903212728e-06,0.02040926367044449,0.014913606767853102,1.5611913186661957e-06,0.01908569037914276,0.013874781791061636,1.3810403596299932e-06,0.017905734479427338,0.012956143002070132,1.2332380974225042e-06,0.01685064658522606,0.012139273097827322,1.1107286150860426e-06,0.01590469852089882,0.01140941774088239,1.0083079381739926e-06,0.015054453164339066,0.010754574888518878,9.220338385096012e-07,0.01428835466504097,0.01016485184017155,8.488616071085952e-07,0.013596395030617714
874,5,block_output,Horizontal,1,0.12442270394355531,0.00879803540594693,0.5094724893569946,0.03731264277464814,2.9347659083037575e-05,0.049915969371795654,0.024805621347493596,6.146541942159307e-06,0.03086426481604576,0.01862955844355008,2.349839062905718e-06,0.022475890815258026,0.014913318678736687,1.2046265846785076e-06,0.0177040733397007,0.0124758104128497,7.618440402943277e-07,0.014698708429932594,0.010787751747383958,5.62252642456027e-07,0.01269240491092205,0.009572123783448386,4.6056443468073336e-07,0.011367572471499443,0.008669646242485634,4.0187000282687827e-07,0.010485172271728516,0.007983292016895517,3.634213812679788e-07,0.009811759926378727,0.007451129286357808,3.356894734859349e-07,0.00928213819861412,0.007031836280865329,3.145395275680518e-07,0.008860267698764801,0.006696900419358697,2.9791539172573716e-07,0.008520526811480522,0.006426179286329046,2.8461233421784973e-07,0.008244077675044537,0.0062051441387406415,2.7383267967875216e-07,0.008016856387257576,0.006023098418991717,2.650041952921219e-07,0.007828224450349808,0.0058720216214183775,2.577018378042652e-07,0.007670109625905752,0.0057458049573359034,2.516049452907146e-07,0.007536347955465317,0.005639738920662139,2.4647201638349477e-07,0.007422267459332943,0.005550155290476386,2.4211946292196784e-07,0.007324349135160446
874,5,block_output,Gaussian,1,0.28790472802661715,0.2050870748711105,2.0773563385009766,0.04909502649827609,5.195566662602659e-05,0.06281451880931854,0.033868906428180044,1.4304518112004262e-05,0.0413241870701313,0.026106771436475572,7.165196663429247e-06,0.03148096054792404,0.021260009162009708,4.470275999709979e-06,0.025461457669734955,0.0179102151758141,3.085237002388042e-06,0.021358195692300797,0.015445539979116312,2.2410786282284033e-06,0.018377240747213364,0.013554339311898702,1.6777534709531643e-06,0.016074761748313904,0.01206000198033594,1.285443904646457e-06,0.014244620688259602,0.010853963771036692,1.0055405144997149e-06,0.012761061079800129,0.009864827640177239,8.023815532899918e-07,0.011632534675300121,0.009043150514896427,6.529174343637504e-07,0.010772163979709148,0.008353344948282318,5.417240316861166e-07,0.010055799968540668,0.0077690449912869745,4.582250457603173e-07,0.009454634040594101,0.007270279776541487,3.950269234813987e-07,0.008946623653173447,0.0068416545049302165,3.468713782261641e-07,0.008514736779034138,0.006471121543279243,3.099497511572575e-07,0.008145513013005257,0.006149130008582558,2.814625706027008e-07,0.007828159257769585,0.005868022034447345,2.593303795266288e-07,0.007553902920335531,0.005621593290319045,2.419977659565481e-07,0.0073156170547008514
874,6,block_output,Vertical,1,0.1603435150214604,0.023908486033270077,0.9056748151779175,0.04561735849295344,5.327832779994719e-05,0.06333374977111816,0.029456350834123672,1.2414753038620037e-05,0.038512006402015686,0.02143113486587055,4.809251132021647e-06,0.026978066191077232,0.016664288080637416,2.4971684820423455e-06,0.02026059478521347,0.013551395800378587,1.5778764363590954e-06,0.016403798013925552,0.011393363306683207,1.1377694722135179e-06,0.014297908172011375,0.009831330665047206,8.948707916812085e-07,0.012859368696808815,0.008662690578531178,7.447827641816599e-07,0.011733870021998882,0.007765656307576195,6.433917868829347e-07,0.010832425206899643,0.007063253952692899,5.702389380313257e-07,0.010099472478032112,0.00650456648999973,5.150092941210163e-07,0.009497529827058315,0.0060545518949982665,4.7204569638389063e-07,0.008999653160572052,0.005688289409532907,4.3795647989845084e-07,0.00858546607196331,0.005387577612603467,4.1053504654142817e-07,0.00823909044265747,0.005138827931313287,3.882405461377711e-07,0.007947939448058605,0.0049317094630428725,3.699463317616646e-07,0.007701943628489971,0.004758245851253233,3.547995745107037e-07,0.007493003737181425,0.004612201166945318,3.421449305987679e-07,0.007314563728868961,0.004488645199065407,3.314814910085984e-07,0.007161335088312626
874,6,block_output,Horizontal,1,0.2100876494059487,0.05282493445578575,1.3587775230407715,0.05139349300473455,6.891993608300416e-05,0.06728425621986389,0.034455480083586676,1.3971716217408156e-05,0.04303659498691559,0.026426666490142307,5.745315960676044e-06,0.031210701912641525,0.02152679245623331,3.150045851961011e-06,0.024801600724458694,0.018171450522329127,2.044177533388626e-06,0.020854897797107697,0.01572719606615248,1.4786408081210966e-06,0.018067263066768646,0.013880255159049754,1.153544966176008e-06,0.01599721983075142,0.012449699291397654,9.506366737670208e-07,0.014629168435931206,0.011320824365294168,8.156903035102381e-07,0.01355429645627737,0.010416573357014429,7.214189009929127e-07,0.012697165831923485,0.009683110381639192,6.530713551292293e-07,0.012004883959889412,0.009081695457949998,6.021095857374911e-07,0.011439275927841663,0.008583793187484381,5.632483508554049e-07,0.010972237214446068,0.008168001533559864,5.33004279072925e-07,0.010582780465483665,0.00781804941860693,5.089827159673699e-07,0.010255171917378902,0.007521447614722308,4.895136559323925e-07,0.009977593086659908,0.0072685362076357245,4.7344806166684675e-07,0.009741116315126419,0.007051774374549351,4.6000851084405885e-07,0.00953884981572628,0.006865199618337173,4.486630346115343e-07,0.009365319274365902
874,6,block_output,Gaussian,1,0.16685129560175396,0.02221510149702281,0.9098705053329468,0.047928608658294826,7.638679782094848e-05,0.07335644960403442,0.030026646922268564,1.4314733904458409e-05,0.0404248982667923,0.02180794236205873,5.201705168701159e-06,0.027030671015381813,0.01708301715552807,2.727208945072541e-06,0.02042388916015625,0.013998226321760624,1.7306760621863572e-06,0.016793323680758476,0.011835628647416357,1.2223654033422984e-06,0.014276946894824505,0.010250086230891091,9.216957464173483e-07,0.012362953275442123,0.009050565513057841,7.273804005072547e-07,0.010878801345825195,0.008121428656436148,5.949642892367872e-07,0.009743154048919678,0.007388142743221824,5.014294738972687e-07,0.008894052356481552,0.006800466172751926,4.3345669997257457e-07,0.008334671147167683,0.006323439069092274,3.8279830552806914e-07,0.007899771444499493,0.005932117538851878,3.4412954302139545e-07,0.007536480203270912,0.005608280470210408,3.139193664155224e-07,0.007230169139802456,0.005338303996102204,2.8979638675907756e-07,0.006970031186938286,0.0051117827376675985,2.701550316445317e-07,0.006747866980731487,0.004920638720726683,2.539008366205957e-07,0.006557316519320011,0.004758521234468808,2.402783296860253e-07,0.006393338553607464,0.004620387204109676,2.287523342848981e-07,0.0062518659979105
874,7,block_output,Vertical,1,0.10623563743299907,0.0041486366283434205,0.43472054600715637,0.038613057887506866,4.5019890006835256e-05,0.05829121172428131,0.02398829688391988,1.0517709805844683e-05,0.032468631863594055,0.016991659791933164,4.194210118624283e-06,0.021734457463026047,0.012971372772303839,2.0858735731353364e-06,0.01663035713136196,0.010444318934802025,1.2024526690528928e-06,0.013342725113034248,0.008762760420462914,7.963780997305515e-07,0.011126749217510223,0.007597420882019732,5.967682611091219e-07,0.009857467375695705,0.006765492408285065,4.927157834688941e-07,0.0090897586196661,0.0061578331663021965,4.355044695672321e-07,0.00853718165308237,0.005705535426617615,4.0267970577484016e-07,0.008134102448821068,0.005363375428945772,3.833085212213485e-07,0.007836177945137024,0.005100837842162166,3.7169509861557916e-07,0.007612388581037521,0.004896801423340562,3.646807458921071e-07,0.00744137866422534,0.004736342434106129,3.604408875500711e-07,0.007308618165552616,0.004608763762498422,3.578975284092767e-07,0.007204178720712662,0.004506326021833552,3.5640292364202546e-07,0.007121182046830654,0.00442339433726692,3.555565258332083e-07,0.007054774556308985,0.004355844605477556,3.5509827597633844e-07,0.007001447957009077,0.004300629546392768,3.548513503522236e-07,0.006958578713238239
874,7,block_output,Horizontal,1,0.3788650118642383,0.28773695181834436,2.573110818862915,0.07336978076232804,0.00011793328743549416,0.09240643680095673,0.0503542512536995,2.7655802098209844e-05,0.06152850016951561,0.038717277939357454,1.297536126374272e-05,0.04581005871295929,0.03132872904340426,7.704017891275785e-06,0.037167247384786606,0.026198846095847706,5.168350820055115e-06,0.031226254999637604,0.022446158652504284,3.7478084642198857e-06,0.026861129328608513,0.01960643141397408,2.8785841652319167e-06,0.024174463003873825,0.017402588641123165,2.3102421781032163e-06,0.02204975113272667,0.015657007694244385,1.9174645142811032e-06,0.02028774842619896,0.014250825942745285,1.63354004326425e-06,0.01881149597465992,0.013101803907562815,1.4210957210800138e-06,0.017566774040460587,0.012151410906679101,1.258123873837488e-06,0.016513243317604065,0.011356996608868478,1.131044242642677e-06,0.015619395300745964,0.010686865786001795,1.0310473396828916e-06,0.014859533868730068,0.010117065989308886,9.520349111413547e-07,0.01421197596937418,0.009629222460918956,8.89460427082711e-07,0.0136581314727664,0.009209040175413801,8.397373893783984e-07,0.013182147406041622,0.008845245303024375,7.999784234679722e-07,0.012770704925060272,0.008528831984019943,7.678750081094925e-07,0.012412812560796738
874,7,block_output,Gaussian,1,0.10267463799506898,0.0032662222546434323,0.3612021505832672,0.037344627703229584,4.7165012339322055e-05,0.054281048476696014,0.02269612347322797,1.0069176417452068e-05,0.030367519706487656,0.015756068085985526,3.48957511165676e-06,0.01978295110166073,0.011863133470926965,1.610832177954067e-06,0.015138322487473488,0.009482663213497116,9.084492111883549e-07,0.012356010265648365,0.007949970913903108,6.006684189619292e-07,0.010600426234304905,0.006925899402371475,4.492292014750369e-07,0.00944438111037016,0.006220576175976367,3.667668128496941e-07,0.008657317608594894,0.005722005541125934,3.180238430264623e-07,0.008109157904982567,0.005361615384500178,2.87291325993783e-07,0.00772137101739645,0.005095820149613751,2.667989715942535e-07,0.007443288341164589,0.004895998364580529,2.524051540702092e-07,0.00723997363820672,0.004742892861868891,2.418136149970553e-07,0.0070863100700080395,0.004623415344025171,2.3373565703161714e-07,0.006964762695133686,0.004528686293356475,2.2743215111844563e-07,0.006864307913929224,0.004452679516924988,2.2243943849768585e-07,0.0067788464948534966,0.004391236175295143,2.1842401381571421e-07,0.006705201230943203,0.00434138122502537,2.1512783102667374e-07,0.006641551852226257,0.0043008787158344474,2.1235127263548038e-07,0.006586517207324505
874,8,block_output,Vertical,1,1.042809765017222,2.2501057029598748,6.383672714233398,0.14363365608548362,0.0005926556361509355,0.2034200131893158,0.09589020269257682,0.00014994481917559902,0.13182589411735535,0.07311471522090927,7.323851597058313e-05,0.09886528551578522,0.05890393322185865,4.328520410462767e-05,0.07901337742805481,0.049049890644493555,2.789796368472828e-05,0.06537804007530212,0.041824253187293096,1.9157669477575414e-05,0.05541308969259262,0.036311231553554535,1.3844660723251314e-05,0.04786597192287445,0.03197278608641927,1.0416897990582391e-05,0.04198954254388809,0.028473755049090537,8.087346655896458e-06,0.03729981184005737,0.025595857333096248,6.434861335241736e-06,0.03347375988960266,0.023191200066653508,5.2222988670046335e-06,0.030293211340904236,0.021156002161285235,4.308957995288692e-06,0.0276089608669281,0.019415192912140534,3.607025462034677e-06,0.02531660906970501,0.017913012336643917,3.0590914439153246e-06,0.023340752348303795,0.016607105051950802,2.626115574654934e-06,0.021625131368637085,0.015464628529217508,2.280614722182136e-06,0.020126454532146454,0.014459670994371648,2.002676578187525e-06,0.01881052926182747,0.01357147102022455,1.7775163929382445e-06,0.017649788409471512,0.012783159442719013,1.5939425017747243e-06,0.01662171632051468
874,8,block_output,Horizontal,1,0.19346055991592861,0.012878683230530584,0.7427724599838257,0.06773924017472872,0.00012711172993653682,0.1004611924290657,0.04384116917139008,3.603896701021486e-05,0.0634145736694336,0.03186381750163578,1.529830596043774e-05,0.044150400906801224,0.02479264722575271,8.127154310884529e-06,0.033266909420490265,0.020254793547330393,5.051550972856781e-06,0.026617106050252914,0.01717726160432138,3.532553457860411e-06,0.022252801805734634,0.015010131375184135,2.7089904482037757e-06,0.019280392676591873,0.013439478101356634,2.227405038793086e-06,0.017385374754667282,0.012273079346096704,1.926473425364243e-06,0.015963751822710037,0.01138878297356386,1.7274464627513523e-06,0.01487606018781662,0.010706411615487129,1.5892498578133705e-06,0.014028758741915226,0.01017179869351879,1.4894371345081157e-06,0.013406451791524887,0.009747495475624288,1.4154983021147874e-06,0.013023260980844498,0.009407096231977144,1.3602308279774792e-06,0.012723268941044807,0.009131575188052559,1.3190356469177106e-06,0.012486082501709461,0.008906889832504684,1.2885577216835216e-06,0.012296667322516441,0.008722429488977742,1.2661172799251674e-06,0.012143786996603012,0.008570004535454607,1.2494567454805959e-06,0.01201901026070118,0.008443181868642569,1.2366126054671605e-06,0.01191622018814087
874,8,block_output,Gaussian,1,0.6645020192104673,0.872029903402794,3.9813663959503174,0.11918065129291444,0.0004782633445084265,0.1841752976179123,0.07867116894986895,0.00011191754861016853,0.11503136903047562,0.05969063659745549,5.2359263295096085e-05,0.0837661549448967,0.04782749700640875,2.9562959478099432e-05,0.0650283619761467,0.039499648033626496,1.807631007739631e-05,0.05253692716360092,0.033320526666347945,1.1824231149576319e-05,0.043722003698349,0.028587122314742634,8.19861902249355e-06,0.03722367435693741,0.02488055783841345,5.94754627250587e-06,0.03225575387477875,0.021926727885055165,4.46266827012145e-06,0.028342951089143753,0.019537625420424674,3.436624591057234e-06,0.02519003115594387,0.017580213291304454,2.703483584271082e-06,0.022606559097766876,0.015958006124174785,2.167055418798928e-06,0.02046341821551323,0.014599642583302088,1.767798959247236e-06,0.018668413162231445,0.013451505688920853,1.4667987264244341e-06,0.017152853310108185,0.012472798057373554,1.2375212649469573e-06,0.015864092856645584,0.01163213998670616,1.0613043988400856e-06,0.01476114708930254,0.01090515230501455,9.247193471072779e-07,0.013811816461384296,0.010272717044230491,8.179425805533018e-07,0.012990608811378479,0.00971967831165308,7.337221824959004e-07,0.012277106754481792
874,9,block_output,Vertical,1,0.14079820222797848,0.009445313696036094,0.6088970899581909,0.04753127824219446,7.983122833099285e-05,0.07131713628768921,0.02980890367475767,1.7640968439456653e-05,0.04067365825176239,0.021335428521510155,6.788816598542386e-06,0.029354825615882874,0.016384065683398927,3.4361840526138757e-06,0.022394903004169464,0.013204858860089666,2.097258069177253e-06,0.017871174961328506,0.011049099547404146,1.4787245854805617e-06,0.015669528394937515,0.00953139028408461,1.1652249720765606e-06,0.014164473861455917,0.008429532427163352,9.932324746075756e-07,0.013063480146229267,0.007608757465190831,8.913136782927859e-07,0.012234516441822052,0.006984133302928909,8.264569951295876e-07,0.01159547921270132,0.006500204707244559,7.827878291319513e-07,0.011094567365944386,0.006119683436635468,7.521958277884686e-07,0.010697392746806145,0.005816781989461373,7.301601310865857e-07,0.010379871353507042,0.005573197038814662,7.139690254010292e-07,0.01012462005019188,0.0053756268074115114,7.019305829143371e-07,0.009918881580233574,0.005214187959652571,6.929720795790559e-07,0.00975307822227478,0.005081387488023629,6.864123239262708e-07,0.009619798511266708,0.004971456580928394,6.817875035333627e-07,0.009512990713119507,0.004879922683661182,6.787078577993546e-07,0.009427433833479881
874,9,block_output,Horizontal,1,0.10423992402733319,0.002650002574826113,0.33736029267311096,0.04010890589820014,4.1999600519111653e-05,0.05578884482383728,0.02551060625248485,9.310955348141209e-06,0.034393973648548126,0.018501627983318433,3.6545201406581337e-06,0.02445172518491745,0.014505071713337822,1.973526677116298e-06,0.019049467518925667,0.012030958316274105,1.3347080260871415e-06,0.015759611502289772,0.010420341635980303,1.047153723261418e-06,0.013579245656728745,0.009333700651214236,9.014494481936229e-07,0.012333140708506107,0.008580784882522292,8.223628236666141e-07,0.01173256617039442,0.008047396161903938,7.766789716471205e-07,0.011303212493658066,0.007662178172419469,7.488065527557307e-07,0.010990959592163563,0.007379480608044163,7.311684302918396e-07,0.010760974138975143,0.007169204845374066,7.198674041664668e-07,0.010590730234980583,0.007010900452437382,7.126713792548448e-07,0.010464675724506378,0.006890342992153906,7.081838952975657e-07,0.01037177536636591,0.006797407517239215,7.055314176717838e-07,0.010304310359060764,0.006724728966161372,7.041246220446346e-07,0.010256422683596611,0.006666928293213012,7.035120190143962e-07,0.010222886689007282,0.006620178472191569,7.032910219572023e-07,0.010198915377259254,0.006581895356436098,7.031365193431452e-07,0.010180927813053131
874,9,block_output,Gaussian,1,1.7008124121597834,5.812444005101882,8.940208435058594,0.11988258834869142,0.00030975744632844265,0.18339630961418152,0.08751747910938566,8.401712397073493e-05,0.10936643928289413,0.07005506570613573,4.387261922514369e-05,0.08408002555370331,0.0583787238787091,2.722537460197104e-05,0.06909772753715515,0.049893411024222296,1.856054419884764e-05,0.05902253836393356,0.04341709430492113,1.3528265164747552e-05,0.051353588700294495,0.0383041546280895,1.0389007234315497e-05,0.045255400240421295,0.034163456705827565,8.303760515945285e-06,0.04107802361249924,0.030742981781562168,6.836277220433041e-06,0.037600837647914886,0.027872641349122637,5.749529252483265e-06,0.034587688744068146,0.025433267185848856,4.909839997725635e-06,0.031947821378707886,0.023338782527143994,4.239318830018712e-06,0.029617419466376305,0.021525338085161314,3.6910803916957387e-06,0.027549996972084045,0.01994438354103338,3.235636865183674e-06,0.025710031390190125,0.01855813011172272,2.853406682410351e-06,0.024068672209978104,0.017336537189308613,2.530479596589658e-06,0.022601298987865448,0.01625528640394646,2.2563317708874522e-06,0.021286360919475555,0.015294411293570958,2.0226143068808655e-06,0.02010487951338291,0.014437344013935044,1.8225106404704378e-06,0.019040431827306747
847,5,block_output,Vertical,1,0.08374146171032436,0.0034243794391707813,0.3336986303329468,0.02691386453807354,2.080979838262494e-05,0.03635771572589874,0.017733860746144303,5.700229524067553e-06,0.02277849242091179,0.012958442186197591,2.4626694917702055e-06,0.016590237617492676,0.010116317442485265,1.378964699724988e-06,0.012956209480762482,0.008300607698777366,9.297955547917747e-07,0.010678732767701149,0.007073345601499554,7.107836278633053e-07,0.009595898911356926,0.006206755053311113,5.90129222254194e-07,0.008811717852950096,0.005574394194852738,5.178203069330038e-07,0.0082295723259449,0.005101729539178666,4.7162355910433734e-07,0.007789068389683962,0.004741969370534496,4.403628950021015e-07,0.007449666503816843,0.004464169864409736,4.1807603420573796e-07,0.007184032816439867,0.004247113788825652,4.0150005549925496e-07,0.006973701529204845,0.004075837606150243,3.8882248267515076e-07,0.006806033663451672,0.003939529381958502,3.7899833624291416e-07,0.006671917624771595,0.003830212874278899,3.7134143017899335e-07,0.006564105860888958,0.003741917699309332,3.653195368333259e-07,0.006476587150245905,0.003670155203768185,3.605133540289966e-07,0.006404757499694824,0.0036115605007147507,3.5662597626538146e-07,0.0063454750925302505,0.0035636010505850353,3.534722178645369e-07,0.006296699866652489
847,5,block_output,Horizontal,1,0.6796155882969735,1.0332429088841653,4.384970188140869,0.07977841782664495,0.00031105787049753907,0.1319756805896759,0.04859544301316852,2.8390914828819548e-05,0.063572458922863,0.03704078341760333,9.519222641885086e-06,0.045097704976797104,0.0304122231605034,5.192460394571599e-06,0.03577752411365509,0.025939579934827865,3.4612720030178864e-06,0.030910257250070572,0.022648893681073947,2.5258008234467304e-06,0.02729583904147148,0.020095355276550566,1.9249754741692295e-06,0.024320363998413086,0.018047011073028283,1.505422155240729e-06,0.021824084222316742,0.016368044909858513,1.2012191547358493e-06,0.01971656084060669,0.014970906537085299,9.766656880038103e-07,0.017932740971446037,0.013794857535570387,8.091137918709957e-07,0.01641952432692051,0.012795531870945105,6.829796933312087e-07,0.015131919644773006,0.011939396815640586,5.871714021044124e-07,0.014031822793185711,0.011200541334729346,5.136905921273131e-07,0.013087350875139236,0.010558649557568724,4.567411460213886e-07,0.012272126041352749,0.0099976242534698,4.1211564325238626e-07,0.011564480140805244,0.009504606814256735,3.767639730766923e-07,0.011048872955143452,0.009069250342214391,3.484828161300053e-07,0.010618079453706741,0.008683163377027663,3.2568119828969834e-07,0.010241160169243813
847,5,block_output,Gaussian,1,0.37122852816468194,0.2575050062339852,2.3821682929992676,0.055046664343939886,0.00012500428164194513,0.08588862419128418,0.03636529039414156,1.9962515398851974e-05,0.047167591750621796,0.02831193967352784,8.746037413725125e-06,0.03548205643892288,0.023188571785650557,4.85622119472792e-06,0.02829737588763237,0.01956762680931697,3.0532152098339834e-06,0.02335168980062008,0.01686917112341949,2.091299182998945e-06,0.01977560669183731,0.014785346146377306,1.520689913408892e-06,0.017226992174983025,0.013134565248730638,1.1539393719269724e-06,0.01537628285586834,0.011801605157199361,9.044274422903881e-07,0.013895776122808456,0.010708865724385732,7.280088712340295e-07,0.012648927979171276,0.009801793843507767,5.999380650450562e-07,0.011592363938689232,0.009040857524803233,5.051711314477745e-07,0.0106922322884202,0.008396740721923018,4.3399967088923077e-07,0.009988383390009403,0.007847282126368512,3.7989958784892606e-07,0.009489186108112335,0.007375437248912122,3.383540175235103e-07,0.009062839671969414,0.006967887711075563,3.0616136910737956e-07,0.008695907890796661,0.006614077939755387,2.810074346716395e-07,0.008378053084015846,0.006305534717819047,2.611928340859241e-07,0.008101172745227814,0.006035379562822599,2.454565626048723e-07,0.007858823984861374
847,6,block_output,Vertical,1,0.17864902317523956,0.03310902079899669,1.0888317823410034,0.04847301986245882,6.826701128115997e-05,0.06502416729927063,0.03239643062272715,1.9421225172882496e-05,0.04155436530709267,0.024048750747054343,8.260040847194797e-06,0.03032560646533966,0.018813528135300628,4.209952824714758e-06,0.023652836680412292,0.015274270718532896,2.447624819827782e-06,0.019078314304351807,0.012776456004570402,1.5849541120748763e-06,0.01584484800696373,0.010958427238085914,1.1233722873470934e-06,0.013503585010766983,0.009600915790845951,8.582000314564421e-07,0.011771024204790592,0.008564725222568664,6.966246620882333e-07,0.010463709011673927,0.007758684293736541,5.929669513769258e-07,0.009680473245680332,0.007121364356920359,5.233057002532084e-07,0.009201593697071075,0.006610285852932268,4.745446212671288e-07,0.008813898079097271,0.006195375451906806,4.3929417916304646e-07,0.008494917303323746,0.005854911584821012,4.1328241286619264e-07,0.008229507133364677,0.005572933082779248,3.9391944961643605e-07,0.008007073774933815,0.005337534716264123,3.7948270562625193e-07,0.00781971774995327,0.005139704579339614,3.686926096230557e-07,0.007661115378141403,0.004972509814367172,3.605474510278295e-07,0.007526042405515909,0.004830530342010278,3.542772475894594e-07,0.007410163525491953
847,6,block_output,Horizontal,1,0.1081285025510523,0.004176627822424676,0.4102643132209778,0.035520152410581,3.142884721616842e-05,0.047003909945487976,0.022751472446890103,7.322420128443331e-06,0.03118210844695568,0.01685488609863179,3.145772265585642e-06,0.022620361298322678,0.01349604707802572,1.7901515182341393e-06,0.01761491224169731,0.01138231319390119,1.2128833328409836e-06,0.014516046270728111,0.009967710941083847,9.284663099580508e-07,0.012509566731750965,0.008980088571589145,7.721370094206949e-07,0.011538635939359665,0.008269590414350941,6.788049777084236e-07,0.010877152904868126,0.007746423173341013,6.195001877612791e-07,0.010396158322691917,0.007353731164974826,5.799195793467169e-07,0.010038487613201141,0.007054187290902648,5.524818040217951e-07,0.009767957031726837,0.006822549412766147,5.329523055833383e-07,0.009560134261846542,0.006641270334108008,5.187492374105055e-07,0.009397629648447037,0.006497839916615732,5.080975788897635e-07,0.009267520159482956,0.006383129410327427,4.996368038200967e-07,0.009160038083791733,0.006290365439203996,4.923095393026282e-07,0.009068180806934834,0.0062145269328048305,4.854376854746798e-07,0.008987819775938988,0.006151952196858705,4.787831434962246e-07,0.008917270228266716,0.006100003666702717,4.724379749950201e-07,0.008856149390339851
847,6,block_output,Gaussian,1,0.08118495173634045,0.002158129297945276,0.3057340979576111,0.03091989058469023,2.537640109428146e-05,0.042771272361278534,0.019492815071273418,5.7967950634248e-06,0.025077976286411285,0.013962670584164914,2.249896635008366e-06,0.017926029860973358,0.010800875279875029,1.1434361684573271e-06,0.013839599676430225,0.008832627693043342,6.941463172133863e-07,0.011271858587861061,0.0075416032683163405,4.843611471503772e-07,0.009554747492074966,0.006660530602352487,3.7617133667307757e-07,0.008348338305950165,0.006039107247950539,3.1487160744281217e-07,0.007468205876648426,0.005588622216785711,2.77038110741479e-07,0.007072967942804098,0.005254811799478909,2.523268031132582e-07,0.006800767034292221,0.005003099832388144,2.3561870925664375e-07,0.00658944807946682,0.004810569460488974,2.2399301457063345e-07,0.006424212362617254,0.004661564168239396,2.156488937731984e-07,0.006294538266956806,0.004545108588885457,2.0943055595110422e-07,0.006192793138325214,0.004453328722673986,2.0458474158482401e-07,0.006113228388130665,0.004380479817175203,2.006440077854447e-07,0.0060512712225317955,0.004322336284473302,1.9735330610334705e-07,0.006003140937536955,0.004275773829292683,1.9459375358361696e-07,0.005965716205537319,0.00423845463240194,1.923110246421557e-07,0.005936451256275177
847,7,block_output,Vertical,1,0.09742179613501306,0.0025075041702414414,0.33255434036254883,0.03596488424828128,4.410986303715296e-05,0.05099787190556526,0.02149033165048985,8.895769263554195e-06,0.02796218730509281,0.014836952740710879,3.2714473074338243e-06,0.018713101744651794,0.011183872271979612,1.7167449121175808e-06,0.014352663420140743,0.008986108988109563,1.1273776949164276e-06,0.011775128543376923,0.007586152854538153,8.473617999135738e-07,0.010205015540122986,0.006660358485070959,6.940293428813869e-07,0.009379436261951923,0.006030562126802074,6.022350450209741e-07,0.008811388164758682,0.005591873537808183,5.437937657976638e-07,0.008412491530179977,0.005279729438443032,5.049352316494476e-07,0.008128484711050987,0.00505311014352455,4.783532260052462e-07,0.007924489676952362,0.004885509588001739,4.599186265749271e-07,0.00777694396674633,0.004759620786422775,4.4708149745605014e-07,0.007669387850910425,0.004663959407942399,4.3806209951031584e-07,0.007589948363602161,0.004590708740232955,4.3149652008110594e-07,0.00752970390021801,0.0045343592859035916,4.2632646831565025e-07,0.007481924723833799,0.0044908729891869285,4.2182362619015866e-07,0.007441993802785873,0.004457198763414035,4.176338756356733e-07,0.007407402154058218,0.0044309834779668895,4.137092378742455e-07,0.007377209607511759
847,7,block_output,Horizontal,1,0.0848727153525466,0.00155504120094905,0.20665431022644043,0.03222778324215185,2.639111389783814e-05,0.04260411486029625,0.020164067250868632,5.7554873108852995e-06,0.02488568052649498,0.014631217670819116,2.141167349777457e-06,0.01762603595852852,0.011694257546748434,1.2156024628481325e-06,0.014438538812100887,0.00998371107769864,9.188390589577761e-07,0.01322217844426632,0.008914686332915037,8.004491031005274e-07,0.012414749711751938,0.008206975823711781,7.407355143461191e-07,0.011848249472677708,0.007716322931209727,7.039768578971075e-07,0.01143641583621502,0.0073647052419209295,6.785563354241822e-07,0.01113137137144804,0.007107416433947427,6.600507526944531e-07,0.010903306305408478,0.006916650933110052,6.461852736598504e-07,0.010731350630521774,0.006773698143661022,6.354665690165579e-07,0.010599923320114613,0.006665412794857744,6.268514315179845e-07,0.010497281327843666,0.00658248450666193,6.196597592902296e-07,0.010414994321763515,0.006518387930497291,6.135410781051136e-07,0.010347639210522175,0.006468561315347278,6.083750443957669e-07,0.01029205322265625,0.006429723973962523,6.041365632855726e-07,0.010246310383081436,0.006399380316632608,6.007683554294632e-07,0.01020883210003376,0.006375535169527644,5.98114292664633e-07,0.01017790101468563
847,7,block_output,Gaussian,1,0.18637482833767693,0.039127578099521824,1.08266019821167,0.05298653475585438,7.453546847696587e-05,0.06811508536338806,0.03460602468204877,1.6982954552056262e-05,0.043547067791223526,0.025387545426686604,6.600507657850075e-06,0.031129050999879837,0.019829679280519485,3.2973080561218264e-06,0.024510715156793594,0.0161646484648661,1.9516475836227712e-06,0.020114947110414505,0.013607102608869947,1.3075386142953423e-06,0.016959870234131813,0.011747821012423151,9.56576833343385e-07,0.014761721715331078,0.010353632300855621,7.453872728140925e-07,0.013149324804544449,0.009283014979686529,6.092302909494679e-07,0.011930357664823532,0.00844553563122948,5.172662515975975e-07,0.010994711890816689,0.007780765220227223,4.530869610400326e-07,0.010266924276947975,0.007246749157766028,4.0717505438962444e-07,0.009693920612335205,0.006813441284946979,3.7366208351442816e-07,0.009237648919224739,0.006458790440644536,3.4877435080713655e-07,0.008870418183505535,0.006166299465038474,3.3001440172464246e-07,0.00857183150947094,0.005923431411030747,3.1569173336963054e-07,0.008326707407832146,0.005720534036675143,3.0464150406792723e-07,0.00812365673482418,0.00555009479885773,2.960471211135352e-07,0.007954103872179985,0.005406211529459272,2.8932687214841764e-07,0.007811577524989843
847,8,block_output,Vertical,1,0.14717131155350852,0.007361476771284137,0.5606001615524292,0.05584963351961166,9.831160677227797e-05,0.07521277666091919,0.03435809392895964,2.6159414909265533e-05,0.04410277307033539,0.02390066696892655,1.0437932608549789e-05,0.030384164303541183,0.017976821814146306,5.299521748662567e-06,0.022733524441719055,0.01431570015847683,3.217810963575527e-06,0.018495745956897736,0.011924190077161978,2.246989231975207e-06,0.01576380804181099,0.010300300586673002,1.7396550596379994e-06,0.013907411135733128,0.009163787048901357,1.4483387091676785e-06,0.012615258805453777,0.008348578018032841,1.267809643746806e-06,0.011700545437633991,0.007752034576639297,1.1489858422167276e-06,0.011045511811971664,0.007308319151874573,1.0670178611419276e-06,0.010571865364909172,0.006973784246910659,1.0084638050263784e-06,0.010225782170891762,0.006718658886495091,9.655740081333957e-07,0.009969967417418957,0.006522181377347026,9.335709167414558e-07,0.009778437204658985,0.00636963201095424,9.09364297056855e-07,0.009632758796215057,0.006250369990806258,8.909068753109461e-07,0.009519561193883419,0.006156476399314309,8.768174606009961e-07,0.00942909438163042,0.006081865900861365,8.661148549877339e-07,0.009354532696306705,0.006021818663511012,8.580328637948129e-07,0.00929171871393919
847,8,block_output,Horizontal,1,0.21238957179917228,0.026098188716108597,0.9388431310653687,0.0687870155014689,0.00013551073512678953,0.09620358049869537,0.043800441636925654,2.6620815044570696e-05,0.05598634108901024,0.03204741249127047,1.04951203426351e-05,0.03998749703168869,0.02516148697643999,5.623810412948166e-06,0.031159687787294388,0.020741301248707468,3.7495123484478e-06,0.02569708600640297,0.01773149764076585,2.8967848618213246e-06,0.02208070084452629,0.015591803405966078,2.4497163804621553e-06,0.01956409588456154,0.014019938037982063,2.1845922684964423e-06,0.017737340182065964,0.012836154875537705,2.010750849195777e-06,0.016446344554424286,0.011927949279428475,1.8874207797911144e-06,0.015664882957935333,0.011221476061831392,1.794356527841862e-06,0.015042277984321117,0.010666044828082834,1.7207949018994223e-06,0.014540133066475391,0.01022552407627541,1.6608915565277739e-06,0.01413141842931509,0.009873451413734564,1.61138674028789e-06,0.01379634439945221,0.00959007137469829,1.5702632450320225e-06,0.013519967906177044,0.009360431353487665,1.536070439692428e-06,0.013290848582983017,0.00917311269228184,1.5076400403947575e-06,0.013100181706249714,0.009019352517844666,1.4839442689837114e-06,0.012941098771989346,0.008892417094478059,1.4640397212083357e-06,0.012808083556592464
847,8,block_output,Gaussian,1,0.2154152048012567,0.03605915553392245,1.0230181217193604,0.06960724920980514,9.031410792592964e-05,0.08836805820465088,0.04608325139870719,2.603711899005166e-05,0.05475018173456192,0.033278765215996715,1.1246257746335434e-05,0.03924068436026573,0.025479249478805633,6.048274463983705e-06,0.030027486383914948,0.020394884449030672,3.7605585302357227e-06,0.02411908283829689,0.016906111560288876,2.591443854632092e-06,0.020031141117215157,0.014416244487085986,1.91748100115272e-06,0.01724820025265217,0.01258243890922694,1.493453466703231e-06,0.015237964689731598,0.011196455548680017,1.2097014477227314e-06,0.01374419592320919,0.010126230580407002,1.0108678683419259e-06,0.01257980428636074,0.009285239591484978,8.666198389529413e-07,0.011659188196063042,0.008615183407470348,7.59272264294131e-07,0.010922063142061234,0.008075520795370852,6.777576800512892e-07,0.010325400158762932,0.007637057179910323,6.146964315949224e-07,0.009838028810918331,0.007278158188989711,5.65056703337594e-07,0.00943706277757883,0.006982476827466772,5.25430151700758e-07,0.009105445817112923,0.006737467012412492,4.935215081327924e-07,0.008830241858959198,0.006533350233757306,4.677640102871346e-07,0.008601509965956211,0.006362392936670591,4.4702038944625134e-07,0.008411513641476631
847,9,block_output,Vertical,1,0.12080075307970956,0.005517789164521436,0.5190370678901672,0.04622925504569023,5.6905863552676935e-05,0.06127797067165375,0.029145294061255832,1.3475280164412786e-05,0.03650027513504028,0.02091035211370105,5.085058352174728e-06,0.025574736297130585,0.016240916850547942,2.6420574307724725e-06,0.019919749349355698,0.013303522848420672,1.7208942913644002e-06,0.017218008637428284,0.011323811811587167,1.3114196384970524e-06,0.015440123155713081,0.009923349371150372,1.1025578216833686e-06,0.014201181009411812,0.008897558963369755,9.842553697108007e-07,0.013299044221639633,0.00812677036054314,9.136019315147068e-07,0.012622440233826637,0.007535854598418588,8.698618736692956e-07,0.012103555724024773,0.007075025773947201,8.418270159670559e-07,0.011698802933096886,0.006709960998878593,8.232462561388344e-07,0.0113780302926898,0.0064164286272393335,8.104697039817689e-07,0.01111876405775547,0.006177114115820991,8.013212465189016e-07,0.010904560796916485,0.00597958288170279,7.945935466018209e-07,0.010724745690822601,0.0058148798296257615,7.896331953064836e-07,0.010572845116257668,0.005676505976312217,7.859922245342197e-07,0.010444373823702335,0.005559603181031961,7.832942375468191e-07,0.010335329920053482,0.005460320897991695,7.81211895397467e-07,0.010241661220788956
847,9,block_output,Horizontal,1,0.17795091027778293,0.02160352222556674,0.8899796605110168,0.057705489770760614,0.00010404734926627057,0.08211345970630646,0.036163257405398386,1.9428236433894796e-05,0.0473928228020668,0.026447012310936338,7.331082422300705e-06,0.0334148071706295,0.02086580003656092,3.7709568525787824e-06,0.026008184999227524,0.017275546366969746,2.406203011841207e-06,0.021470362320542336,0.014803322978199475,1.7823380406251258e-06,0.018418770283460617,0.013027771804777403,1.4566661842133215e-06,0.01624806970357895,0.011715956638374972,1.2677179594460448e-06,0.015126125887036324,0.010726900726911567,1.1478625080923323e-06,0.014276878908276558,0.009969440007966662,1.0660298912892706e-06,0.013616995885968208,0.009381648773948351,1.0067104204166254e-06,0.013094933703541756,0.008920122854529864,9.616810415164074e-07,0.012675431556999683,0.008553907408245973,9.264260814047466e-07,0.012334274128079414,0.008260684753102916,8.982768944854678e-07,0.012054523453116417,0.008024108248748003,8.754323340851856e-07,0.01182386465370655,0.007831942859209247,8.565980567988683e-07,0.011632964946329594,0.007674859038421086,8.408395159186071e-07,0.01147458702325821,0.007545645710908704,8.274647386545937e-07,0.01134301908314228,0.007438672189083364,8.159570237088615e-07,0.011233562603592873
847,9,block_output,Gaussian,1,0.7056579670262715,1.031960046984461,4.400547027587891,0.10222226440433473,0.0002925618605156071,0.1470181941986084,0.06957845407582465,7.966558829925158e-05,0.09040942788124084,0.053020315274359686,3.878897709257117e-05,0.0683184564113617,0.042549863871600896,2.1894868658521078e-05,0.05433206632733345,0.03534413900758539,1.364243637898881e-05,0.044912390410900116,0.030076736554739966,9.126471047772225e-06,0.03785988315939903,0.026058123639178653,6.43783565662818e-06,0.03236253187060356,0.022899892802039783,4.7365835833843335e-06,0.02824677899479866,0.02036547867788209,3.6091814090685422e-06,0.02510126493871212,0.018300231427900375,2.8335728160915663e-06,0.02254985086619854,0.016597145650949743,2.283146339991483e-06,0.02044285088777542,0.015178964591570317,1.8821912984815413e-06,0.018677398562431335,0.01398810636370428,1.5834481460957146e-06,0.01717989519238472,0.012980671436895453,1.3563741384203852e-06,0.01589670404791832,0.012122685296667947,1.1807338452313012e-06,0.014788424596190453,0.01138754857201425,1.0428237923156128e-06,0.013916744850575924,0.010754208849181258,9.331480089406035e-07,0.013221582397818565,0.010205821651551459,8.449659955506949e-07,0.012620002962648869,0.009728778523230364,7.733678800634964e-07,0.012097910977900028
817,5,block_output,Vertical,1,0.7572182309296396,1.2007931299798091,4.575188636779785,0.08130686842496433,0.0002579978318826549,0.12360258400440216,0.05023001956324729,3.4024003879624864e-05,0.06905268132686615,0.03767895858202662,1.2804854105641327e-05,0.04893924668431282,0.030339765998106154,6.8385692834137245e-06,0.03777897357940674,0.02535337573360829,4.255726471827263e-06,0.030432231724262238,0.021711383665364885,2.8910776611893507e-06,0.02565016783773899,0.018941997239987057,2.0987965924450964e-06,0.0222475528717041,0.016774865162987557,1.6108067487677011e-06,0.01959601230919361,0.015037794080045488,1.294760351785394e-06,0.01751716062426567,0.013616291081739796,1.0803618019024127e-06,0.015866242349147797,0.01243256919440769,9.288180992792242e-07,0.014465134590864182,0.011432654697388883,8.17940930074909e-07,0.013258032500743866,0.010578128376177378,7.345078897958323e-07,0.012206577695906162,0.009840857799327562,6.70292442530868e-07,0.01128329336643219,0.009199676451288046,6.199575456791466e-07,0.01069656852632761,0.008638266267047988,5.799012669660464e-07,0.010224496014416218,0.008143797598128754,5.476129399718395e-07,0.00981057621538639,0.007706019731741103,5.212878813647743e-07,0.00944551546126604,0.007316636187689645,4.996049160750257e-07,0.009121883660554886
817,5,block_output,Horizontal,1,0.299686098027797,0.16461786401932096,1.941853404045105,0.05509811982749,9.640690627831792e-05,0.07400578260421753,0.0359062369735468,1.5217204408030628e-05,0.043730370700359344,0.027204947043505925,5.581233513851889e-06,0.03242083638906479,0.02202953841714632,2.789481043594511e-06,0.026103060692548752,0.018594149884486957,1.7164441330710977e-06,0.021977076306939125,0.016131505724929628,1.1954419370234677e-06,0.01901211589574814,0.014277644278038116,9.032716252774789e-07,0.016771260648965836,0.01283671987789964,7.243460883587192e-07,0.015025461092591286,0.01169068023325905,6.076323083806054e-07,0.013636012561619282,0.010762786285744773,5.275774482972772e-07,0.012564470991492271,0.010000631937550174,4.7041163073583745e-07,0.011926209554076195,0.00936713641775506,4.2828213081389815e-07,0.011389920487999916,0.008835298962713707,3.964697357233756e-07,0.01093323715031147,0.008384989338025214,3.719936086276613e-07,0.010540174320340157,0.008000890458268779,3.528858106505101e-07,0.010199008509516716,0.0076711394691041535,3.3779627890229895e-07,0.009900912642478943,0.0073864115771674925,3.2577214584962835e-07,0.009639088064432144,0.007139277947504842,3.1612089949272873e-07,0.009408168494701385,0.006923754559090686,3.083274084181825e-07,0.009203826077282429
817,5,block_output,Gaussian,1,0.1034807748501263,0.005758867704750901,0.497893750667572,0.032957941352848026,2.9734811898945183e-05,0.047112058848142624,0.02124762035433262,5.791006035223369e-06,0.027085982263088226,0.015605381231695886,2.2598541585857797e-06,0.018986232578754425,0.01229496133173742,1.2059261234591653e-06,0.014887643046677113,0.010153751391621809,7.674505623170112e-07,0.012175477109849453,0.008684434691473605,5.471874712629524e-07,0.010286842472851276,0.00763502906239222,4.2459699764160315e-07,0.00893906969577074,0.006863073357159183,3.5212007750019855e-07,0.008311886340379715,0.00628199086834987,3.072396623658041e-07,0.007829122245311737,0.0058363270206702135,2.7825727449733123e-07,0.007450900971889496,0.005489061276117961,2.587601809543439e-07,0.007150209043174982,0.005214717904371875,2.4509765139360816e-07,0.006908143870532513,0.004995361753990726,2.3514094431495817e-07,0.006711167749017477,0.004818120099131077,2.2762355819839646e-07,0.006549378857016563,0.004673591279055154,2.2177637772242384e-07,0.006415420211851597,0.004554798046777409,2.1711780775840483e-07,0.0063037509098649025,0.004456491678923605,2.1333429203314866e-07,0.006210140883922577,0.00437467027499917,2.102130299098552e-07,0.006131302565336227,0.004306244349757593,2.0760546144713227e-07,0.006064644083380699
817,6,block_output,Vertical,1,0.10952191557439547,0.006251186456952349,0.4832117259502411,0.036700915988712085,3.300704901958832e-05,0.05023898929357529,0.02382467293904887,7.0296234719501115e-06,0.02928856760263443,0.017357282769230622,2.635061907741059e-06,0.02025357447564602,0.013517457444871228,1.359639879771067e-06,0.016051461920142174,0.011040364140792498,8.821687991438968e-07,0.013821354135870934,0.009350248908121434,6.662713653051658e-07,0.012269892729818821,0.008151863753381703,5.555744236991333e-07,0.011144842021167278,0.007278209042158865,4.940520091083924e-07,0.010302580893039703,0.006627575730875371,4.5810873584073307e-07,0.00965628121048212,0.0061346542918019826,4.3642740993385273e-07,0.009150689467787743,0.005755812971897069,4.232343140099178e-07,0.008749391883611679,0.005460911770425145,4.1549765382367786e-07,0.008427725173532963,0.005228485767951324,4.1147215697617334e-07,0.008168266154825687,0.005042875126477272,4.098869260654341e-07,0.0079578822478652,0.004892553528031659,4.096155192529291e-07,0.007786140777170658,0.00476912887663477,4.0972039106034134e-07,0.00764481071382761,0.0046665966954259645,4.096023530389372e-07,0.007527749054133892,0.004580666329563846,4.090158786975577e-07,0.007430532947182655,0.004508211233076595,4.0795654583301653e-07,0.007349910214543343
817,6,block_output,Horizontal,1,0.22803746234802974,0.0536890058244315,1.4559884071350098,0.0542884993529509,7.007253044404016e-05,0.07163633406162262,0.03610245744505572,1.7010508233183987e-05,0.046226613223552704,0.027103877108958032,7.602030246288178e-06,0.03351190686225891,0.021675061168415204,4.2513198563935394e-06,0.02652283012866974,0.018099779248355874,2.804180284954958e-06,0.022114573046565056,0.015591784469073727,2.0742171372901204e-06,0.019124139100313187,0.013751536119906675,1.6554373490816471e-06,0.016930798068642616,0.012356240819725726,1.3885455599464034e-06,0.015244508162140846,0.011271848165917964,1.2041288572318065e-06,0.014120273292064667,0.01041276863820496,1.069140922034932e-06,0.013317573815584183,0.009721637348688784,9.663485804175534e-07,0.012658273801207542,0.009158465161269147,8.85904512172558e-07,0.012110214680433273,0.008694499583234863,8.216550829454155e-07,0.011649725958704948,0.008308577853890638,7.69436571947901e-07,0.011259237304329872,0.007984850533483993,7.26268853365899e-07,0.010925708338618279,0.00771128914008538,6.899867127329266e-07,0.010639508254826069,0.007478668258362819,6.590605914193601e-07,0.010393382981419563,0.007279827362961239,6.324604606281942e-07,0.010181628167629242,0.007109121840801977,6.094902612981239e-07,0.009999478235840797
817,6,block_output,Gaussian,1,0.13621143086089027,0.013786515819530358,0.6959072351455688,0.043405456143239186,5.464544767670198e-05,0.05935614928603172,0.02845635764773876,1.3745508220635394e-05,0.03552868962287903,0.02079824831277605,5.288399043595885e-06,0.024954278022050858,0.016168408435843294,2.582591848171129e-06,0.019444135949015617,0.013140550518911037,1.4899214066239648e-06,0.015730660408735275,0.011058955615948118,9.805019078629385e-07,0.013113635592162609,0.009571550613535302,7.133348731347663e-07,0.011337102390825748,0.008476602689673504,5.591442956208205e-07,0.010312549769878387,0.007652161945958459,4.639732462523278e-07,0.009568746201694012,0.007020405013232477,4.0261779581867734e-07,0.008990195579826832,0.006529318922687145,3.618927167305537e-07,0.008532550185918808,0.006142881987172933,3.3421940404914003e-07,0.008165039122104645,0.0058355245532261,3.149760399211153e-07,0.00786631740629673,0.005588763090412295,3.012395774364889e-07,0.007621413562446833,0.005388999062161597,2.9110326136222853e-07,0.007419425528496504,0.005226046630432682,2.8329059904634127e-07,0.007252060808241367,0.005092150021699213,2.7693665495861384e-07,0.007112712599337101,0.004981313233396837,2.714602838634104e-07,0.006995812989771366,0.004888836856162738,2.664993895595364e-07,0.006896426901221275
817,7,block_output,Vertical,1,0.7186102716932221,1.1674918065762268,4.884293556213379,0.09402689869914736,0.0002341906494031318,0.12158315628767014,0.06485703173610899,6.010814248746198e-05,0.08143320679664612,0.049974632641625785,2.953320213208473e-05,0.06455235183238983,0.040498122395504085,1.722282077360419e-05,0.052835337817668915,0.03389965169250019,1.1081996605722782e-05,0.04408608004450798,0.029023413827258444,7.613129241463678e-06,0.03777700662612915,0.025269802068434065,5.500474285713633e-06,0.0334070585668087,0.022297217141068172,4.144144471212527e-06,0.029884018003940582,0.019893967324779147,3.234995402983408e-06,0.026986990123987198,0.017919683326331395,2.602475841022251e-06,0.024570517241954803,0.016276608694285627,2.1481732430791743e-06,0.022533582523465157,0.014894200503707879,1.812927801142816e-06,0.020802276208996773,0.013720148109963961,1.5597248801916824e-06,0.019320067018270493,0.012714807978934713,1.3645738474762702e-06,0.01804259791970253,0.011847610614957317,1.2114732549994495e-06,0.016934508457779884,0.01109463603250564,1.0894536191704238e-06,0.015967341139912605,0.010436946614867165,9.90842100111319e-07,0.015118169598281384,0.009859399929169625,9.101620553919952e-07,0.01436859555542469,0.009349787556048896,8.433957057114052e-07,0.013703746721148491
817,7,block_output,Horizontal,1,0.1412101597303436,0.007035752785147035,0.5076223611831665,0.04833006232030808,6.360759958950706e-05,0.06745772063732147,0.03083074494959816,1.4423076034669286e-05,0.04142308980226517,0.022305567941022297,5.266728010462071e-06,0.028832148760557175,0.01741585929301523,2.6899934264256063e-06,0.02190433442592621,0.014362090148977817,1.7236348204010023e-06,0.01783122681081295,0.012348100971726199,1.2827100773693824e-06,0.016112487763166428,0.010963230290346675,1.0513429375614096e-06,0.01487654261291027,0.009979002665550936,9.185464006244172e-07,0.013962429948151112,0.009260136353236342,8.371789218868084e-07,0.013270165771245956,0.008722673399403455,7.843743836614049e-07,0.012735745869576931,0.00831249701450505,7.484052990942235e-07,0.012316996231675148,0.007993573071582922,7.231003883703751e-07,0.011984948068857193,0.0077414025094300985,7.050337449865603e-07,0.011718329042196274,0.007539167549342863,6.919968250338868e-07,0.011500964872539043,0.007375157874314085,6.823382711755541e-07,0.011320929042994976,0.007240972799500303,6.748476183774853e-07,0.011169806122779846,0.007130390565310206,6.687325710666304e-07,0.011041684076189995,0.007038698036460176,6.635267587299103e-07,0.010932264849543571,0.006962265057991895,6.589697227347259e-07,0.010838223621249199
817,7,block_output,Gaussian,1,0.8232830590198911,1.3209606121555644,4.657978057861328,0.11175535784827338,0.0003962429914315495,0.16862180829048157,0.0748243276916799,7.023981965035032e-05,0.09433326870203018,0.057178210999284475,3.102683918041923e-05,0.06891357153654099,0.046104006291854946,1.828218555283429e-05,0.05594959855079651,0.03842857740228138,1.2157212943332413e-05,0.04650105535984039,0.03277907904887956,8.59975453490479e-06,0.03937617689371109,0.028450614698822537,6.340473003835667e-06,0.03388512134552002,0.02503771482715531,4.832607101610651e-06,0.02967153489589691,0.02228703604094566,3.789285475666582e-06,0.02649555541574955,0.020031317211096248,3.0452474224439757e-06,0.023851264268159866,0.01815553151425861,2.5004189159006916e-06,0.02162783592939377,0.016577782730261486,2.091986594366612e-06,0.019741665571928024,0.015237998261692979,1.7793317847317335e-06,0.018172897398471832,0.014090985030172363,1.5354951049667634e-06,0.016964495182037354,0.013102030780698572,1.3421561222291899e-06,0.015916738659143448,0.012244006367548117,1.1865804096348992e-06,0.015001361258327961,0.011495399954063552,1.0597238121398519e-06,0.014196615666151047,0.01083895308335149,9.550292628839342e-07,0.013485550880432129,0.010260678975591584,8.676603612279438e-07,0.012854747474193573
817,8,block_output,Vertical,1,0.9275973223977618,1.9456280816586808,6.00862455368042,0.1331014804660328,0.0003955037487213117,0.17599335312843323,0.09153460415582808,0.00011201682396604412,0.11823415756225586,0.07050626754524215,6.18644102371007e-05,0.09413481503725052,0.056988548546556446,3.8758825919119755e-05,0.0769277960062027,0.04742600212967585,2.5317022322318993e-05,0.06391032040119171,0.04033238080049318,1.7117684662248752e-05,0.05398308485746384,0.03490338258681789,1.2001953688651792e-05,0.046312443912029266,0.030644197756099324,8.741778003956674e-06,0.040290091186761856,0.027230515070850888,6.608832747661914e-06,0.03548799455165863,0.024442776446304625,5.169348006154603e-06,0.031598567962646484,0.022129437782698207,4.166640232254756e-06,0.028398483991622925,0.020183963346339408,3.447750651750406e-06,0.02572701685130596,0.018529773068924744,2.91948240824178e-06,0.023468738421797752,0.017110471051955033,2.523276130087922e-06,0.021539809182286263,0.015883533328416802,2.2211113227815298e-06,0.01987820863723755,0.014816194787503236,1.987456743753892e-06,0.01843699812889099,0.013882742470337285,1.8046297382848808e-06,0.01717984490096569,0.013062669141661553,1.660018532046759e-06,0.016077999025583267,0.012339390370817412,1.5444367590501465e-06,0.01536379475146532
817,8,block_output,Horizontal,1,0.376285677864438,0.17630834454418334,2.2054646015167236,0.09990003267450938,0.00030771510086445667,0.13034504652023315,0.06569610222701043,7.006943755603976e-05,0.08093546330928802,0.04917201464847913,3.0634995107900044e-05,0.057966239750385284,0.03904854727997666,1.6552665001248424e-05,0.046035539358854294,0.03225487514975525,1.0147257588279743e-05,0.03808053955435753,0.027415422013118154,6.810627816780153e-06,0.03228122740983963,0.02382328115876705,4.929006722092959e-06,0.028061099350452423,0.021078097353142405,3.812118148324889e-06,0.02492094226181507,0.018934750367724705,3.1209287764943613e-06,0.022445550188422203,0.017234041518162168,2.6744822260222927e-06,0.020471666008234024,0.01586750644953951,2.3725046996299837e-06,0.01899532414972782,0.014758191914075897,2.1588175927098884e-06,0.018056735396385193,0.013849780081756531,2.001450434217676e-06,0.017282620072364807,0.013100132375719055,1.881653928774071e-06,0.01663748174905777,0.012477214270759197,1.7879725759806238e-06,0.016094785183668137,0.011956341712484284,1.7131062855862643e-06,0.015634536743164062,0.01151827938618168,1.6522390105699533e-06,0.015241550281643867,0.011147891925204368,1.6021251901649901e-06,0.01490410603582859,0.010833171551071462,1.5605328292158506e-06,0.014612941071391106
817,8,block_output,Gaussian,1,0.39624581048412927,0.22694909479110292,2.3176279067993164,0.09870302003054392,0.00026026381393427523,0.1323333978652954,0.06712146795221738,6.833633632760149e-05,0.08979036659002304,0.05073625186369533,3.353132381537363e-05,0.06654559820890427,0.04013122825158967,1.890268758961839e-05,0.050867751240730286,0.032727038990410545,1.1464617766102126e-05,0.039983924478292465,0.027336019401748974,7.387896599292947e-06,0.032863713800907135,0.023292745478332988,5.0163561307809295e-06,0.027610987424850464,0.020189049550228648,3.566184568363916e-06,0.02355136349797249,0.01776121405973321,2.6443840044731044e-06,0.020750366151332855,0.01583243937542041,2.0400193694911578e-06,0.01871240884065628,0.014280354441513144,1.6327722640018582e-06,0.01706836186349392,0.013017659622525412,1.3510401949364821e-06,0.01572522521018982,0.011980462065410046,1.150956167460652e-06,0.014614911749958992,0.011121083937940143,1.0050284360118722e-06,0.013686355203390121,0.010403402519249727,8.956936897767243e-07,0.012900765053927898,0.009799702063439384,8.1155511377715e-07,0.01222865842282772,0.009288491208165411,7.451452040627478e-07,0.011647814884781837,0.008852972523383205,6.915653228252754e-07,0.011141812428832054,0.008479942841130116,6.476022257368388e-07,0.01069863885641098
817,9,block_output,Vertical,1,2.270480128980818,9.193029933669122,10.901754379272461,0.1398427247528046,0.0004821754112457952,0.20502610504627228,0.09780288641414946,8.997194056365543e-05,0.12696748971939087,0.0784410588325016,4.920604156057537e-05,0.1004360169172287,0.06559951792633723,3.191996953550668e-05,0.083214670419693,0.05621816111462457,2.268071973404263e-05,0.07094062119722366,0.04900770539802218,1.7057176439329397e-05,0.0616142638027668,0.04328008498700838,1.3325319248575276e-05,0.054208748042583466,0.038626345791040906,1.070439622322512e-05,0.04816267639398575,0.034779779760847014,8.78580410688728e-06,0.04313643276691437,0.03155525519497811,7.335190077117507e-06,0.03890340030193329,0.0288191210655939,6.209909871633893e-06,0.03596797585487366,0.026472338667464634,5.318938040049433e-06,0.03352044150233269,0.024440104614884134,4.60178582726549e-06,0.031370483338832855,0.022665140972960563,4.016912297351152e-06,0.029469680041074753,0.021103092572755285,3.534976099481453e-06,0.027779825031757355,0.019719266081376682,3.134673941381887e-06,0.026270367205142975,0.018486249304953076,2.8001086401232294e-06,0.024916458874940872,0.017382134284291948,2.5191097130400834e-06,0.023697571828961372,0.016389198882120943,2.2821408771747747e-06,0.022596513852477074
817,9,block_output,Horizontal,1,0.10167214575977553,0.0017096998984738063,0.2121095061302185,0.038480728982932984,4.5097577444571867e-05,0.0519181452691555,0.023659515475469923,8.01260729480246e-06,0.029841959476470947,0.017034337101947693,3.0302607832476845e-06,0.021615125238895416,0.01347352648597388,1.785393737194475e-06,0.017097141593694687,0.01139808353036642,1.3537815103145337e-06,0.015310409478843212,0.010115858211758592,1.1549343430108074e-06,0.014137569814920425,0.009287590966633862,1.0443995692050427e-06,0.01333948690444231,0.00873322801900998,9.765004596314543e-07,0.012785328552126884,0.008351413947012689,9.320469344580965e-07,0.012394888326525688,0.00808207807500684,9.015918073577695e-07,0.0121161425486207,0.00788810532096596,8.799067421700436e-07,0.011913908645510674,0.007745919823055229,8.636252127560219e-07,0.011763816699385643,0.00764023760954539,8.505787974639824e-07,0.011649646796286106,0.007560777795752363,8.396773174914078e-07,0.011561253108084202,0.0075003946687848795,8.304478186159821e-07,0.011492118239402771,0.007454038959824377,8.226696574251846e-07,0.011437835171818733,0.007418074571187534,8.162508814688638e-07,0.011395299807190895,0.007389862386007157,8.111025291141948e-07,0.011362136341631413,0.007367520363971827,8.070370766505121e-07,0.011336327530443668
817,9,block_output,Gaussian,1,0.15612851166062885,0.01790185656231442,0.8106852769851685,0.05481039212336616,8.122501940149656e-05,0.07913461327552795,0.03559907655867319,2.1093734093939387e-05,0.04778552055358887,0.025811946906504176,8.221228592623595e-06,0.03399404510855675,0.020064566136589124,4.1116333860178135e-06,0.026460831984877586,0.016399083614704154,2.4833204927609454e-06,0.021590720862150192,0.013921485785099249,1.7151646195256672e-06,0.018188703805208206,0.012176340490224816,1.3019434873499179e-06,0.015723098069429398,0.010908849744333161,1.057934802574666e-06,0.013903243467211723,0.009965142545600733,9.043069244088221e-07,0.012540414929389954,0.009247271203628135,8.02958355094512e-07,0.011507385410368443,0.008690272472680562,7.329595733666034e-07,0.010968264192342758,0.008250017487813555,6.816311896883139e-07,0.01058470644056797,0.007896644144599873,6.414591100797865e-07,0.010263936594128609,0.0076101103516679905,6.087168210691543e-07,0.009997483342885971,0.00737641349671379,5.818031125496668e-07,0.009776932187378407,0.007184990023868898,5.597440604875505e-07,0.009593719616532326,0.007027530917040412,5.416487160298776e-07,0.009440526366233826,0.006897477706569055,5.267335576694018e-07,0.009311815723776817,0.006789666526610889,5.143863845087643e-07,0.009203607216477394
785,5,block_output,Vertical,1,0.3757108380160635,0.2637419401896184,2.5161826610565186,0.059214086168342166,0.0001168294921303895,0.09109974652528763,0.03885574931544917,2.1248638943345783e-05,0.05300366133451462,0.02974157292573225,9.673843535833108e-06,0.03898177295923233,0.02402366136038114,5.612189631257697e-06,0.031199483200907707,0.02008059641553296,3.683305563810404e-06,0.026014605537056923,0.01720033928988472,2.6137454804695064e-06,0.022240806370973587,0.015004915377450368,1.961443345229502e-06,0.019338352605700493,0.013277374252322175,1.5381810157879384e-06,0.017026012763381004,0.01188567014677184,1.251210635619758e-06,0.015146142803132534,0.010744790620510541,1.0499437789282436e-06,0.013936914503574371,0.009797009343784007,9.048500502370797e-07,0.012931215576827526,0.009001276189727443,7.978466128638151e-07,0.012086333706974983,0.00832732678169296,7.174360231940918e-07,0.011369897052645683,0.00775225048086473,6.560531050632694e-07,0.010757316835224628,0.007258362898100463,6.085427684302471e-07,0.010229956358671188,0.006831797682458446,5.712880668849447e-07,0.009773645550012589,0.006461537517015896,5.417033175721633e-07,0.009377416223287582,0.006138717962635888,5.17917638026278e-07,0.00903249904513359,0.005856133790479766,4.985690164402639e-07,0.008731656707823277
785,5,block_output,Horizontal,1,0.8853957936877296,1.7084941741682353,5.290322303771973,0.08760611553277288,0.0002993093476833566,0.12469089031219482,0.057279518613266564,4.039882369530682e-05,0.07197901606559753,0.04489987550510301,1.619860563400042e-05,0.05532208830118179,0.0372829098431837,9.433086490150065e-06,0.04530784487724304,0.03188346988624997,6.203437143685793e-06,0.03819388896226883,0.0278320082182449,4.368048507676378e-06,0.032873354852199554,0.02467414591875341,3.2329468802773358e-06,0.028794657438993454,0.022141321103960748,2.4876932046805836e-06,0.025705579668283463,0.020064957439899445,1.974270470995403e-06,0.023383384570479393,0.018333789168132678,1.6065100366536926e-06,0.021516989916563034,0.016870910420067727,1.334807106260027e-06,0.019922638311982155,0.015621086612107262,1.1291145104218227e-06,0.01854751631617546,0.014543451176631072,9.703301459833015e-07,0.01735261082649231,0.01360704366945558,8.457914736019452e-07,0.01630806177854538,0.01278793616663842,7.468019720537846e-07,0.015390399843454361,0.012067308442460166,6.671929473948141e-07,0.014580730348825455,0.011430127294881949,6.024741908670884e-07,0.013863678090274334,0.01086422008654428,5.493074211073471e-07,0.013226570561528206,0.010359619123240313,5.05185579568208e-07,0.012658946216106415
785,5,block_output,Gaussian,1,0.14711530341042411,0.024991898481312076,1.0811848640441895,0.03930892478970308,3.495191196410427e-05,0.05364702269434929,0.02650793239710823,8.523365983688403e-06,0.034073032438755035,0.019987589664875516,3.7441885015108724e-06,0.02457934059202671,0.015970321889552806,2.12438210545803e-06,0.019491024315357208,0.013268484349643428,1.363449001736804e-06,0.01595068722963333,0.011349263689702465,9.413966320000848e-07,0.013484720140695572,0.00993611706450345,6.906934078714381e-07,0.01179240457713604,0.00886795875276365,5.353831914549852e-07,0.010514043271541595,0.00804352704139929,4.3561836979030227e-07,0.009524425491690636,0.007396088890908729,3.694453292714107e-07,0.008742893114686012,0.006880054590366189,3.242857242519859e-07,0.008243714459240437,0.006463407043604151,2.9270752360378064e-07,0.007847652770578861,0.006123194544916115,2.7022165991781174e-07,0.007530083414167166,0.005842709049050297,2.5404774496687095e-07,0.007273184601217508,0.005609594692017824,2.423811241718462e-07,0.0070631736889481544,0.005414531396199313,2.3396489126130497e-07,0.006889640353620052,0.005250328959571937,2.2787693536229322e-07,0.006744809914380312,0.005111337314167666,2.2343794830453282e-07,0.006622855551540852,0.004993062754649492,2.201605031152258e-07,0.0065193562768399715
785,6,block_output,Vertical,1,0.9203238952017966,1.7952686217189262,5.519087791442871,0.10140089383200994,0.00034559157964727974,0.14118145406246185,0.06704253419524148,6.517385615685951e-05,0.08551645278930664,0.05105267512419867,2.8716541058150503e-05,0.06380248069763184,0.04137882105414829,1.63796207287132e-05,0.05125173553824425,0.03484474424095381,1.0594968438799564e-05,0.042778681963682175,0.030075704708458887,7.389147779809449e-06,0.03654138743877411,0.026396798354292674,5.420449203016209e-06,0.03169309347867966,0.023452752580245335,4.127327654329418e-06,0.027801431715488434,0.021039751047889393,3.240222735888078e-06,0.024934343993663788,0.019029551377845188,2.6133627207150395e-06,0.022642361000180244,0.017334892739734008,2.1601170988921813e-06,0.02067672833800316,0.01589286093792272,1.8257178286323417e-06,0.018978286534547806,0.014656216172235352,1.5742788817054919e-06,0.0175035260617733,0.013588505235338022,1.3817450639622124e-06,0.01621835306286812,0.012661056859152657,1.2317126091480854e-06,0.015094948932528496,0.011850992409837625,1.1128236962113965e-06,0.014155132696032524,0.011139855054872376,1.0171000640830607e-06,0.013452005572617054,0.010512611193079797,9.388614019528902e-07,0.012834643013775349,0.009956919499451206,8.740062862399537e-07,0.01228986494243145
785,6,block_output,Horizontal,1,0.18268501001691062,0.035757273291040635,1.1289186477661133,0.04945980804780173,7.057499974916952e-05,0.07356134057044983,0.03315313107201031,1.53925721809584e-05,0.041126132011413574,0.025176745558541918,6.749370352511469e-06,0.029955849051475525,0.02028357947156543,3.853413058160722e-06,0.02497684955596924,0.01699400193516224,2.5514179536253357e-06,0.021554943174123764,0.014665467413290152,1.8639189041553323e-06,0.019061589613556862,0.012958048369794611,1.4616095499362883e-06,0.017173048108816147,0.011671662981074953,1.2075453743625135e-06,0.01570959948003292,0.010681049883483893,1.0376263038049636e-06,0.01455696951597929,0.009904501930115715,9.190434728458221e-07,0.013636965304613113,0.009286794929750382,8.335153719955517e-07,0.012894458137452602,0.008789375535256806,7.7013717474942e-07,0.012289690785109997,0.008384561890529262,7.220474668170846e-07,0.011793363839387894,0.008052019062378103,6.847481260763258e-07,0.011383438482880592,0.007776545279378455,6.552053631641771e-07,0.011042982339859009,0.00754662940189952,6.313363947240786e-07,0.010758732445538044,0.007353457075262826,6.116986957901837e-07,0.010520187206566334,0.007190198474933231,5.952813136645605e-07,0.010318998247385025,0.00705149643389242,5.813643193340812e-07,0.010148527100682259
785,6,block_output,Gaussian,1,0.09212631968751786,0.00226516614072379,0.2715379595756531,0.03338684860084738,3.4922362199758876e-05,0.0455608144402504,0.020491147975599956,7.55024840357304e-06,0.026347797363996506,0.014525928992837195,2.7148737440119123e-06,0.01841071806848049,0.011270081993961146,1.35899042561422e-06,0.014229401014745235,0.009311726634641962,8.629462871376928e-07,0.01171006541699171,0.008051598577627115,6.352291352136389e-07,0.010215945541858673,0.007202056613529012,5.108662741102731e-07,0.009409891441464424,0.006610627071784129,4.350024771671194e-07,0.008817470632493496,0.006189690097161229,3.859709418514732e-07,0.00837242603302002,0.005885010858672479,3.5342502349476847e-07,0.0080335084348917,0.005661133625027206,3.316150118262499e-07,0.007772489916533232,0.005494150407021008,3.1697941912231726e-07,0.007569256238639355,0.0053676472725494515,3.071347830376774e-07,0.007409263867884874,0.0052702488111598155,3.004398653239281e-07,0.00728189293295145,0.005194024108941593,2.957804721504819e-07,0.0071793366223573685,0.005133390337938354,2.9242169170684234e-07,0.007095817010849714,0.005084366330669986,2.8988620931718496e-07,0.007027031853795052,0.005044068461136212,2.8786539443971626e-07,0.006969742476940155,0.005010379175285971,2.861585503325082e-07,0.006921492516994476
785,7,block_output,Vertical,1,0.21803075820207596,0.053457795198807376,1.2734798192977905,0.0616502400546793,9.39273294099615e-05,0.08234788477420807,0.04035750359651588,2.401861758828327e-05,0.05159700661897659,0.029376211916170424,9.465771027981356e-06,0.03625628352165222,0.022701125178072188,4.599729542616155e-06,0.027114449068903923,0.018292831877867382,2.6126398465328406e-06,0.021474439650774002,0.01522745161006848,1.7033684864689336e-06,0.017625920474529266,0.013016984265829836,1.2493213262549899e-06,0.01561377476900816,0.011377789656675998,1.0030157788818223e-06,0.014133615419268608,0.01013385516310495,8.577452172012293e-07,0.013009630143642426,0.009171161955843369,7.649394908828967e-07,0.01213940978050232,0.008413582811102507,7.014225123448894e-07,0.011454513296484947,0.007808956687176038,6.55528999791847e-07,0.010907783173024654,0.0073206499514598695,6.210319014918685e-07,0.010465742088854313,0.0069223132043603865,5.944167062875507e-07,0.010103920474648476,0.006594575934171203,5.735789950019331e-07,0.009804046712815762,0.006322942459807982,5.571497521070792e-07,0.00955247599631548,0.006096422797926362,5.441381342116549e-07,0.009339243173599243,0.0059065863283144105,5.337662088074293e-07,0.009157206863164902,0.005746865401133185,5.254119074966333e-07,0.009001152589917183
785,7,block_output,Horizontal,1,0.559386091099845,0.5247302686858442,3.3149094581604004,0.1068159243653691,0.0003589947681839928,0.1433180868625641,0.06908613945993167,6.520137541084552e-05,0.09189161658287048,0.05234280388270106,2.936701061385463e-05,0.07015565037727356,0.04197886568449792,1.635377447811348e-05,0.055686503648757935,0.03489628150349572,1.0163818414826063e-05,0.045625001192092896,0.0297787750938109,6.82325005837285e-06,0.03837838023900986,0.025927078451902147,4.854681737203516e-06,0.0330016054213047,0.022937941882345412,3.617571255338899e-06,0.028911985456943512,0.020563902599470957,2.800625440707699e-06,0.025736995041370392,0.018644107091757987,2.239381741027396e-06,0.02322923205792904,0.01706878123952756,1.8414625655306229e-06,0.021219028159976006,0.01576011667826346,1.5523293812699218e-06,0.019587013870477676,0.014661363045138025,1.3382355698739543e-06,0.018247384577989578,0.013730236270006687,1.1773207679491764e-06,0.017137248069047928,0.012934707607778291,1.0548351160852987e-06,0.016209673136472702,0.012250177443973602,9.605273706115888e-07,0.015429004095494747,0.011657492760273199,8.871408221043692e-07,0.014767695218324661,0.011141537245185603,8.294876630449203e-07,0.01420415285974741,0.010690220010777315,7.838214729947978e-07,0.013721229508519173
785,7,block_output,Gaussian,1,0.12387184219227897,0.005693943699509808,0.4796004891395569,0.04807192625270949,6.387479095820043e-05,0.06534665822982788,0.030344107587422644,1.4010360489691202e-05,0.03868306428194046,0.02172646644924368,5.1156199300161265e-06,0.026222510263323784,0.01675219258796128,2.5632375502848618e-06,0.019650176167488098,0.013611334582997693,1.5725982267464574e-06,0.016215860843658447,0.011508149567932363,1.0880003589699637e-06,0.013902992010116577,0.010040430322525993,8.146676188457557e-07,0.012259879149496555,0.008985717958282857,6.475280796954169e-07,0.011074665933847427,0.00821025993320204,5.400038158863921e-07,0.010208984836935997,0.007628882399922799,4.6806059600652217e-07,0.009569416753947735,0.007185490439749426,4.183019870447252e-07,0.009091971442103386,0.006842136501319825,3.828610223771028e-07,0.008732510730624199,0.0065725706591610875,3.5693173492989384e-07,0.008460348471999168,0.006358313751185224,3.3751717627706384e-07,0.008253751322627068,0.006186194784407105,3.2274017601231543e-07,0.008096964098513126,0.006046720115201814,3.114015590184541e-07,0.00797848217189312,0.005932942343254884,3.026787831613011e-07,0.007889997214078903,0.005839674777927853,2.959711821882976e-07,0.00782555527985096,0.005762943436229039,2.90844812172461e-07,0.007780796382576227
785,8,block_output,Vertical,1,0.5667158168932748,0.614598839356723,3.76560640335083,0.11461571048176478,0.00040575706612255304,0.1595970243215561,0.07717148805894548,0.00010444752732201571,0.10420779883861542,0.05853208006610946,4.777192371804169e-05,0.07629430294036865,0.04657384700008801,2.5663267154134133e-05,0.058925800025463104,0.03822300819650529,1.5207261971428256e-05,0.04735744744539261,0.03211793572538429,9.790667802370515e-06,0.0389227420091629,0.02751005334513528,6.772502979377821e-06,0.032747022807598114,0.02394480521361979,4.9846712178345655e-06,0.028421755880117416,0.02113010888061826,3.8703330221391994e-06,0.02503381296992302,0.01887079134642605,3.1451836412508363e-06,0.022333070635795593,0.017032339400242246,2.6552511345299324e-06,0.02026546001434326,0.015519470508609499,2.312372493898003e-06,0.018682170659303665,0.014262936861505584,2.0636601279402834e-06,0.017443742603063583,0.013211159050346368,1.8766348210725134e-06,0.016399815678596497,0.012324825845777041,1.7313570141433434e-06,0.015514437109231949,0.011573392291745496,1.615596645079472e-06,0.014759663492441177,0.010932783256210978,1.5216880315350566e-06,0.014113368466496468,0.010383828483994991,1.4445792343158755e-06,0.013557817786931992,0.009911143886191505,1.3807377946063776e-06,0.01307864859700203
785,8,block_output,Horizontal,1,0.5245481135826262,0.48732124335629157,3.5226922035217285,0.11476677419647338,0.00032555327311979324,0.15435722470283508,0.0768530625436041,7.773240276663633e-05,0.09769173711538315,0.058215927332639694,3.440742542486594e-05,0.07077421247959137,0.04670149702874441,1.9692323878991325e-05,0.056484468281269073,0.038830305346184306,1.2768235296183501e-05,0.04695465788245201,0.03314684922733004,8.973854512789484e-06,0.039952684193849564,0.028878955288775383,6.697187431050227e-06,0.03463486582040787,0.025577421433159282,5.246352067340394e-06,0.030507490038871765,0.022964864407503414,4.280496224917733e-06,0.02725405991077423,0.020861006149696926,3.6144190039456857e-06,0.02484583482146263,0.019143354206804245,3.140938795475679e-06,0.02290545403957367,0.017725443999682153,2.7953498469539136e-06,0.021285930648446083,0.016544265036899892,2.5372226552479737e-06,0.019927475601434708,0.01555268887785219,2.3404336828187735e-06,0.01878289133310318,0.014714706053454724,2.1875691123745336e-06,0.01801319420337677,0.01400232400804285,2.066724296468076e-06,0.017356857657432556,0.013393473900145008,1.969595450766597e-06,0.016794558614492416,0.012870560001049722,1.8902829776533268e-06,0.016310740262269974,0.012419420117068859,1.8245209038751726e-06,0.01589268632233143
785,8,block_output,Gaussian,1,0.26155114516852396,0.0913413649792062,1.6252248287200928,0.08175726134389166,0.00013998450695946346,0.10542039573192596,0.05521543590085847,4.237866419971514e-05,0.06977242231369019,0.040620530585921,1.8256189475512516e-05,0.05134955793619156,0.03160458690826855,9.579419111723528e-06,0.039645303040742874,0.025601154429808495,5.800756176421386e-06,0.031766898930072784,0.02138401044621354,3.892165357285878e-06,0.02624165639281273,0.01830463520886879,2.80491444622595e-06,0.022581474855542183,0.015989400313368866,2.129275983184211e-06,0.019889190793037415,0.014208565185230875,1.6840212804177617e-06,0.017791155725717545,0.012814093898567889,1.378561252777481e-06,0.016133349388837814,0.011706800835709723,1.1628585120835797e-06,0.014809710904955864,0.010817855847851625,1.007059688585884e-06,0.013743815943598747,0.01009797603483238,8.922869583979051e-07,0.012878285720944405,0.009510899221317636,8.060665965667326e-07,0.012168554589152336,0.009029304800880334,7.399291511125222e-07,0.011579621583223343,0.008632211790730556,6.881103739326268e-07,0.01108456403017044,0.00830329063215426,6.467383194762613e-07,0.010663286782801151,0.008029703294769638,6.132252980949963e-07,0.010300751775503159,0.0078012543760003555,5.858283226716998e-07,0.009985251352190971
785,9,block_output,Vertical,1,0.3114149888593053,0.17709768376128066,2.0347840785980225,0.07067769298714305,0.00012468553707285313,0.10093064606189728,0.048332258408504816,3.349241508594826e-05,0.0617062970995903,0.03653198980268032,1.4819759303951508e-05,0.045829564332962036,0.029025979044418487,8.266296772010807e-06,0.03621158003807068,0.023877885429159043,5.352002919104962e-06,0.029784999787807465,0.02016532364937048,3.815515314678392e-06,0.026036052033305168,0.01738739502985799,2.905544938214921e-06,0.023198137059807777,0.015251864442631366,2.3276352427630375e-06,0.020959017798304558,0.013577399509293693,1.9445365380080413e-06,0.019166775047779083,0.012244769800750037,1.6830328558461892e-06,0.017720041796565056,0.011171463655219191,1.5005026214317763e-06,0.01654750108718872,0.010298195501996411,1.3707545894956881e-06,0.015595393255352974,0.009581287849753622,1.2770273153913825e-06,0.014820177108049393,0.00898809636396075,1.2081726244946704e-06,0.014185421168804169,0.008494050375052862,1.1566139348605766e-06,0.013661746867001057,0.008080469865706704,1.1172241744525133e-06,0.013226835057139397,0.007732808782112977,1.0865750161329515e-06,0.01286399457603693,0.007439418208031427,1.0623575796549224e-06,0.012560350820422173,0.007190829970770412,1.04296205390839e-06,0.01230562012642622
785,9,block_output,Horizontal,1,0.3314668530273059,0.18804205290913462,2.3201396465301514,0.0852205753326416,0.00021586159570622217,0.1173415333032608,0.0542939898986665,4.167890377580504e-05,0.06810268014669418,0.04037566749112947,1.5471925227107346e-05,0.04847389832139015,0.032335382605355886,8.083449046379572e-06,0.037955619394779205,0.02698819555105671,5.012622995790016e-06,0.0323505625128746,0.023163346071091908,3.4734796671447413e-06,0.02819783054292202,0.020304747635409945,2.6184364996016997e-06,0.02499406225979328,0.01810464295484717,2.1091471429820796e-06,0.022456618025898933,0.016374656043591954,1.787871108850141e-06,0.020407384261488914,0.014991642922044747,1.5747771558378208e-06,0.018736401572823524,0.013871325519941156,1.4271368255859756e-06,0.017762955278158188,0.012953954985335706,1.3207705040079092e-06,0.016950199380517006,0.012195977988460708,1.241347521165438e-06,0.016263479366898537,0.011564917921546906,1.1800956691585898e-06,0.01567799597978592,0.011036069620223273,1.1314991815179911e-06,0.015175305306911469,0.010590322892225924,1.0919950372342446e-06,0.014741139486432076,0.010212687051130665,1.0592087355056753e-06,0.014364120550453663,0.009891266964139446,1.0315059797423058e-06,0.014035088010132313,0.009616524498495791,1.0077387977656976e-06,0.013746773824095726
785,9,block_output,Gaussian,1,0.11416283368118225,0.002116766651443313,0.3296735882759094,0.05252983220039852,7.371979414084284e-05,0.07076650857925415,0.033267438145620484,1.7607678450514616e-05,0.04210679978132248,0.023639505522118673,6.046901946173806e-06,0.028266489505767822,0.018140948717556303,2.7423564619540934e-06,0.020884517580270767,0.014724948679998753,1.5497457723737986e-06,0.01678624376654625,0.012488835106884677,1.055883357298508e-06,0.014321085065603256,0.010971156259377798,8.28297808810439e-07,0.013088048435747623,0.009910598042465392,7.110304083780913e-07,0.012215767987072468,0.009151678672799516,6.421601230626167e-07,0.011591996997594833,0.008597678364446712,5.952789421891105e-07,0.01114321406930685,0.008186699689498969,5.600017208508326e-07,0.010818056762218475,0.007878397761415395,5.331266369714854e-07,0.01057819277048111,0.007645478834294611,5.132353846560599e-07,0.010395541787147522,0.007468602908331724,4.989425694856939e-07,0.010250694118440151,0.007333593871740121,4.889981071777641e-07,0.010130547918379307,0.007229767355417449,4.824036972300449e-07,0.01002645306289196,0.007148974116832491,4.783132095110806e-07,0.009933413937687874,0.007085136012248103,4.759341060833538e-07,0.00984957069158554,0.007033978603662006,4.745806468641551e-07,0.009774924255907536
749,5,block_output,Vertical,1,0.318567345657992,0.18806631670146698,2.1495821475982666,0.051893715879746845,7.283102355325639e-05,0.07304441928863525,0.03512674682433643,1.6855492148015443e-05,0.04586442932486534,0.02695519896963286,7.486927743188817e-06,0.03412942215800285,0.021705109300831006,3.945424987306338e-06,0.026871852576732635,0.018004498134056728,2.3429391294394233e-06,0.021913520991802216,0.015280037556612303,1.5475523451780165e-06,0.018431691452860832,0.013218230272214564,1.1225006442737514e-06,0.015886887907981873,0.011624508759095556,8.80090448840517e-07,0.013969061896204948,0.010370575542014742,7.33895752610557e-07,0.012541402131319046,0.009368566382262442,6.415044716347874e-07,0.011703778058290482,0.008556690510539781,5.807804668032612e-07,0.011018674820661545,0.007890614274416178,5.394869050317813e-07,0.010450959205627441,0.007337985878130273,5.105016981698622e-07,0.00997491180896759,0.006874821207944363,4.895168727816386e-07,0.009571337141096592,0.006483081122121167,4.7387103798997034e-07,0.009225748479366302,0.006149019159021832,4.6190526960624184e-07,0.00892716459929943,0.005862033874210384,4.525718010230522e-07,0.008667219430208206,0.00561385437668789,4.4518888673157644e-07,0.00843949243426323,0.005397953787848117,4.392951214318514e-07,0.00823899358510971
749,5,block_output,Horizontal,1,1.1650065980733386,2.875813142303443,6.829095363616943,0.10162553167532361,0.0003552105546829019,0.1361025720834732,0.06244599789617553,4.363489573883119e-05,0.07799088954925537,0.04772250986998043,1.2546375480649905e-05,0.05697524547576904,0.03978132296885763,6.558899557924038e-06,0.04643552005290985,0.034367778028051056,4.3026602221808375e-06,0.039561860263347626,0.030317207088782674,3.174981465847872e-06,0.03456292301416397,0.02713763772968262,2.5273050636614457e-06,0.0307246632874012,0.02455950223855556,2.1114794055539453e-06,0.027702804654836655,0.0224188690384229,1.817295070499086e-06,0.025465570390224457,0.020609951060679223,1.5925806333212296e-06,0.023530831560492516,0.01906108513237938,1.4115862247815873e-06,0.02183850295841694,0.017721417315659068,1.2609576754882298e-06,0.020347310230135918,0.01655327361668386,1.1332018509053162e-06,0.019026612862944603,0.015527754238555356,1.0236808260898356e-06,0.018026288598775864,0.014622101190662573,9.292068432361037e-07,0.017144937068223953,0.013818059205299332,8.474053931479732e-07,0.016353197395801544,0.013100793156477194,7.764120032064649e-07,0.01563883386552334,0.01245813085032361,7.14711376650054e-07,0.01499185524880886,0.011880004201971349,6.610450813840338e-07,0.01440395973622799
749,5,block_output,Gaussian,1,0.553172585983125,0.6395447134596646,3.6812827587127686,0.07718985403577487,0.0001946411755268125,0.11041495203971863,0.04988203517028263,2.9944046633082253e-05,0.0655529722571373,0.03848705245625405,1.3481550530266304e-05,0.05010061711072922,0.03146103142745911,7.934201385454318e-06,0.04063604027032852,0.0265606717457847,5.194225663830783e-06,0.03377121686935425,0.022939946975499864,3.672616116876738e-06,0.028560064733028412,0.02015860795619942,2.7676499401733786e-06,0.02485065534710884,0.017958563870735585,2.1946393245906963e-06,0.02239583432674408,0.016178105159529617,1.808673944271634e-06,0.02042233943939209,0.014710790448127285,1.5333244948568455e-06,0.018790025264024734,0.013483592131662937,1.326870131347692e-06,0.01740850880742073,0.01244463413835518,1.1656302299872573e-06,0.016217950731515884,0.011555997654795647,1.0355839756385767e-06,0.015177607536315918,0.010789295392377036,9.280612255372635e-07,0.01425912044942379,0.010122840994939444,8.375006503219434e-07,0.013442521914839745,0.009539799350831244,7.60247832465745e-07,0.01271357387304306,0.00902691658674961,6.938449609667431e-07,0.012061716988682747,0.008573635030419581,6.365627681303886e-07,0.011478440836071968,0.008171439828676364,5.870880104091321e-07,0.01095630880445242
749,6,block_output,Vertical,1,0.3394573191328654,0.23034223045782815,2.398376941680908,0.06441131098166344,9.641837433349931e-05,0.08346521109342575,0.04377460178165209,2.5619778470413383e-05,0.0553399994969368,0.03290641041738646,1.1376270220136576e-05,0.04050728678703308,0.02613506167535744,6.183288465648686e-06,0.03154466301202774,0.021559475433258785,3.854380211499713e-06,0.02569403499364853,0.018288367767892187,2.6650372138741783e-06,0.021603701636195183,0.015853181037874448,2.0010673609637367e-06,0.01940073072910309,0.013984383941288031,1.6023938532425677e-06,0.01765911653637886,0.012515818788891747,1.3469984994874024e-06,0.01625097543001175,0.011339541568997361,1.173529013605814e-06,0.015090027824044228,0.010382590164977407,1.0493699820034032e-06,0.014117533341050148,0.009594056548343765,9.563130055408495e-07,0.013293277472257614,0.008937401297901357,8.837794015528134e-07,0.012589167803525925,0.008385675552759379,8.254559989031183e-07,0.011984579265117645,0.00791847122655738,7.774627822810559e-07,0.011463276110589504,0.007520015122339366,7.37321550232799e-07,0.011011917144060135,0.0071779352553661855,7.033607321260163e-07,0.010619379580020905,0.0068824573952172485,6.744051918584854e-07,0.010276466608047485,0.006625811214603129,6.496064141358267e-07,0.009975672699511051
749,6,block_output,Horizontal,1,0.31049859890389064,0.16239517442059376,2.1161909103393555,0.06880102773743962,0.0001465763895107879,0.09315869212150574,0.04452954557916475,2.2751243825464752e-05,0.055467184633016586,0.033463246203840724,9.32496398366915e-06,0.0396563783288002,0.026725115727574106,5.035658242039369e-06,0.031180858612060547,0.022224617885455253,3.2094351314687686e-06,0.026706278324127197,0.019031906574373206,2.303068496720335e-06,0.023642152547836304,0.016666992064861077,1.7953104495078165e-06,0.02122398465871811,0.014859791904214829,1.4840054050834079e-06,0.019286826252937317,0.013446123043577823,1.2794224820744256e-06,0.017719382420182228,0.012320024922253594,1.1370516034957116e-06,0.016439884901046753,0.011409917077611364,1.0329163376754132e-06,0.015385995618999004,0.010665632784366608,9.533926749647102e-07,0.014510008506476879,0.010050921523500057,8.904666171726154e-07,0.013775736093521118,0.00953891622050414,8.392827692858462e-07,0.013155760243535042,0.009109294115905725,7.967995613880591e-07,0.012629011645913124,0.008746423196816256,7.610319700830102e-07,0.012178921140730381,0.008438108385437064,7.306137834434561e-07,0.011792125180363655,0.008174712762295727,7.045431216608697e-07,0.011457612738013268,0.007948528228711987,6.820300984471306e-07,0.011166232638061047
749,6,block_output,Gaussian,1,0.07831500405593524,0.001253744606158676,0.21978816390037537,0.03111473104310414,3.0004880443486224e-05,0.04004381224513054,0.019360946565275153,6.793852363815977e-06,0.024324994534254074,0.013773301379784705,2.390116111060815e-06,0.017168592661619186,0.010721792171280536,1.1385828669217856e-06,0.013207556679844856,0.008922003143067871,7.031265951216731e-07,0.010810915380716324,0.007801031627293144,5.307299025327847e-07,0.009457200765609741,0.007071441512495753,4.5461859416700563e-07,0.008868777193129063,0.006578354475398858,4.1700045644757994e-07,0.008466324768960476,0.006234594406412234,3.963833739640203e-07,0.008179554715752602,0.0059889915162727,3.8409701526377795e-07,0.007967767305672169,0.0058103553167293,3.763784954427492e-07,0.007806904148310423,0.005678917525247449,3.714646272979811e-07,0.007682173978537321,0.005581574617988533,3.68451129295063e-07,0.007583889178931713,0.005509185427356334,3.668030756652647e-07,0.007505412679165602,0.005455074203570211,3.661281101643957e-07,0.007442141883075237,0.005414243506652022,3.660789060245796e-07,0.007390781305730343,0.005382979599138101,3.663495201997003e-07,0.007348866201937199,0.005358587943076614,3.667027189061175e-07,0.007314452901482582,0.005339163385095104,3.6698708588586056e-07,0.007285997737199068
749,7,block_output,Vertical,1,0.27826845846951953,0.06712754559662305,1.4444551467895508,0.07308257051876613,0.00017722759542201352,0.10194223374128342,0.04793007039125004,4.23597978024868e-05,0.06138613075017929,0.03538874001611793,1.7421357647197127e-05,0.04442709684371948,0.027703870767875324,8.697846266721386e-06,0.033992137759923935,0.022537549543711875,4.886738983131922e-06,0.02724379114806652,0.01886506261865771,3.0043068477718246e-06,0.022731896489858627,0.016151507281594805,2.0004751450938158e-06,0.01926855742931366,0.014088219623007471,1.4364564142002e-06,0.016583193093538284,0.012484794290411093,1.1062373094334086e-06,0.015077492222189903,0.011217619839405257,9.057709434874811e-07,0.013914473354816437,0.01020292868275964,7.801118316056695e-07,0.012983539141714573,0.00938176532970771,6.991668929693164e-07,0.012232046574354172,0.008711301625543644,6.4586699829192e-07,0.011620840057730675,0.008159632624555675,6.101918704563414e-07,0.011120125651359558,0.0077025447380802935,5.86037669557862e-07,0.010706888511776924,0.0073214141607639335,5.695365147119258e-07,0.010363221168518066,0.007001776588223283,5.581537205034367e-07,0.010075146332383156,0.00673230400397664,5.502066834341614e-07,0.00983180571347475,0.006504047277664382,5.44583769643955e-07,0.009624761529266834
749,7,block_output,Horizontal,1,0.0900302677755318,0.001756491106801576,0.21066825091838837,0.0346126908229457,3.445954420322981e-05,0.04667729139328003,0.02154142932877654,7.315725020413973e-06,0.02770461142063141,0.015420343667741806,2.6281103727675523e-06,0.019084032624959946,0.012168187322834182,1.3347386120002058e-06,0.014571092091500759,0.010312146448071987,9.1405907673692e-07,0.012949386611580849,0.009200285528860395,7.605853554344935e-07,0.01208647433668375,0.008509667967224405,6.985659907220816e-07,0.011545749381184578,0.008066748741955038,6.705211473895894e-07,0.01119427103549242,0.007774139266638528,6.555900746650309e-07,0.010957290418446064,0.0075758723763837705,6.462995644096849e-07,0.01079301256686449,0.00743876989664776,6.402526593299266e-07,0.010677529498934746,0.007342428397682924,6.365966623239013e-07,0.010596126317977905,0.00727369197245155,6.348694661743663e-07,0.010539629496634007,0.007223651766599644,6.345481955525067e-07,0.010501919314265251,0.007186162063763255,6.348028983958304e-07,0.010477823205292225,0.00715715651740394,6.347788853042973e-07,0.010462502017617226,0.007134106276290757,6.340317620840643e-07,0.010452058166265488,0.007115468308920898,6.325896464871483e-07,0.010444032959640026,0.007100272384132185,6.307399665371025e-07,0.010437315329909325
749,7,block_output,Gaussian,1,0.09743407628838978,0.001922755437179935,0.23603788018226624,0.03630279870851645,4.61468440731085e-05,0.05398498475551605,0.021725231752036108,8.466862512508303e-06,0.030077248811721802,0.015214409767871811,2.642343115629221e-06,0.01978399232029915,0.01177493751876884,1.2039606340716543e-06,0.014568452723324299,0.009783342480659485,7.398158207391307e-07,0.011862291023135185,0.008555971913867526,5.561407778051373e-07,0.01021885871887207,0.0077617830774259,4.701405245660743e-07,0.009615682996809483,0.007227889262139797,4.235917438370922e-07,0.009203324094414711,0.0068580739954043,3.952576732673471e-07,0.008907385170459747,0.006595471622570167,3.7646121083994515e-07,0.008688675239682198,0.006404952412205083,3.633789625704893e-07,0.008522759191691875,0.006263964750345737,3.5413578341751437e-07,0.008394073694944382,0.006157542512352977,3.476296091127188e-07,0.008292521350085735,0.006075511612589397,3.4306020594654095e-07,0.008211258798837662,0.006010845562236177,3.397800601768839e-07,0.008145399391651154,0.00595864202708952,3.3726770983887803e-07,0.008091304451227188,0.005915471973518531,3.3513786152072763e-07,0.008046263828873634,0.00587894528779009,3.3313725564397435e-07,0.008008282631635666,0.005847418377737677,3.311269381928508e-07,0.007975938729941845
749,8,block_output,Vertical,1,0.18622949234549963,0.011073461993252862,0.698043704032898,0.06813752479732983,0.00013665958321704263,0.09502249956130981,0.04246477558026238,3.1684643146932416e-05,0.0553816556930542,0.02977241232754692,1.167481017285606e-05,0.037079449743032455,0.022444777190685272,5.614925590591511e-06,0.02733578160405159,0.01786588438387428,3.3498690675383373e-06,0.021588487550616264,0.014854612346324656,2.361639370435225e-06,0.01795816980302334,0.01279839292346012,1.8777681109173695e-06,0.01574895530939102,0.011351706578381478,1.6183251645694137e-06,0.01445913314819336,0.010308887247764876,1.467516800452516e-06,0.01350775733590126,0.009542409981053972,1.374219593407052e-06,0.012789360247552395,0.008970005777738398,1.3141502481658721e-06,0.012239131145179272,0.0085365894501881,1.274809151287987e-06,0.0118138762190938,0.00820393062063626,1.2492119197154614e-06,0.011482887901365757,0.00794479064643383,1.2327512190834732e-06,0.011223893612623215,0.007739876138253344,1.2218471877724522e-06,0.011020725592970848,0.007575960645067786,1.2138174195807062e-06,0.010861102491617203,0.007444030087855127,1.2069796310238636e-06,0.010735208168625832,0.007337660395673343,1.2003723875261498e-06,0.010635003447532654,0.007252009740720193,1.1933883574650413e-06,0.010553758591413498
749,8,block_output,Horizontal,1,1.1095707331384932,2.517533970703151,6.6163330078125,0.16469396165912115,0.0007859940492371524,0.2235334813594818,0.10920343867370061,0.00020676008447725782,0.14349642395973206,0.08347054961181823,9.181125493989155e-05,0.1076158806681633,0.06867985752603364,5.420136092312866e-05,0.08712685853242874,0.05844037855664889,3.5524744538270725e-05,0.07313044369220734,0.050701922604015896,2.4630813753022292e-05,0.06268461793661118,0.04460848465798393,1.7826343400592814e-05,0.05477441847324371,0.03968868818547991,1.3367841927168705e-05,0.04831255227327347,0.03564625106278866,1.0333008164624209e-05,0.04294372722506523,0.032281369089134156,8.203744726162395e-06,0.038459066301584244,0.0294520039229639,6.672798209110605e-06,0.03506471961736679,0.027052990146099576,5.549126766122472e-06,0.03230127692222595,0.02500415522427786,4.709533049112291e-06,0.02994614839553833,0.023243108498198644,4.072371946181427e-06,0.02792736142873764,0.021720574606978703,3.5823043302216874e-06,0.026187967509031296,0.02039720153524762,3.2010137406753226e-06,0.02468217723071575,0.01924129847496275,2.901288427771215e-06,0.0233728289604187,0.01822718200347726,2.6632650166393965e-06,0.022229623049497604,0.01733392070505827,2.4721470843448785e-06,0.021227823570370674
749,8,block_output,Gaussian,1,0.12212977026190076,0.003123960232613181,0.2606046795845032,0.046185620602161165,8.348861479605881e-05,0.06983691453933716,0.02755294305582841,1.8364529310864635e-05,0.03848174959421158,0.01895800618720906,5.9196372432098945e-06,0.024854786694049835,0.01444340232641451,2.644268224557571e-06,0.01808975264430046,0.011883918225528702,1.548214644736451e-06,0.014483564533293247,0.010341382977212705,1.103593242204533e-06,0.012450607493519783,0.009364102841428822,8.943370376703734e-07,0.01134391501545906,0.00872007477289391,7.831062449219842e-07,0.010700639337301254,0.008281250565593678,7.172635161041769e-07,0.010255361907184124,0.007971969300082751,6.744305750810017e-07,0.00992028508335352,0.0077452944621207226,6.43926210632225e-07,0.009658955037593842,0.007572103158703872,6.200618797409529e-07,0.009456420317292213,0.007435125964028495,6.000004098338946e-07,0.009301355108618736,0.007324473917602547,5.827252477651767e-07,0.009184062480926514,0.007234412600241956,5.680873036990328e-07,0.009096544235944748,0.007161285779956315,5.560706329650086e-07,0.009032312780618668,0.007102299829028429,5.464283791259904e-07,0.00898586306720972,0.00705497529328106,5.386889557942442e-07,0.008952140808105469,0.0070170423326392966,5.323410072211232e-07,0.008926557376980782
749,9,block_output,Vertical,1,0.1527719157082694,0.01525067441525842,0.7585516571998596,0.053308349161867115,6.364131580034869e-05,0.07374770939350128,0.034163285933789755,1.6256743143230785e-05,0.04335664212703705,0.024490792540803788,6.709850007902988e-06,0.030382763594388962,0.018801943605972662,3.6398698201068006e-06,0.023028744384646416,0.01517725508246157,2.4257227677100237e-06,0.018554087728261948,0.012739909251057913,1.858207328271356e-06,0.016485000029206276,0.01103950117433828,1.5544676415299893e-06,0.015050055459141731,0.009821821085458237,1.37777109266744e-06,0.014035563915967941,0.00893153003343041,1.2689515710074438e-06,0.013306709006428719,0.008268762808588763,1.1982349820800144e-06,0.012773187831044197,0.007767461462035065,1.1492827244362224e-06,0.012373372912406921,0.00738311627702344,1.1131135095102115e-06,0.012066562660038471,0.007085221405658457,1.0851687850488926e-06,0.011827092617750168,0.0068522113345799935,1.0630733821072638e-06,0.01163818035274744,0.006668334885958641,1.0453413524299669e-06,0.011487908661365509,0.006521933874677098,1.0309914823695134e-06,0.011367455124855042,0.006404307242187243,1.0194077017961055e-06,0.01127031072974205,0.006308881950283807,1.0102296041030654e-06,0.011192051693797112,0.006230662872512189,1.0032239268688849e-06,0.011130087077617645
749,9,block_output,Horizontal,1,0.7488832267976943,1.1629226123183452,4.5824127197265625,0.12258580622691957,0.0003620948855144835,0.1568157970905304,0.08067876230629664,9.50595087927519e-05,0.1002330332994461,0.05954496048036076,3.504193015972169e-05,0.07339753210544586,0.0473621076652928,1.6988750071503542e-05,0.05725543946027756,0.03934553839148037,9.78987287910833e-06,0.04645176976919174,0.03358641098297778,6.281774063568459e-06,0.038757674396038055,0.02923809402873592,4.364675307489486e-06,0.03376758098602295,0.025851208805328325,3.2379392718159763e-06,0.029875710606575012,0.023153665638159193,2.5387591640478445e-06,0.026779577136039734,0.020967423028889157,2.085200978944885e-06,0.024577103555202484,0.019170410339794462,1.779746045295e-06,0.022846106439828873,0.01767624786034936,1.5673540516434967e-06,0.021397948265075684,0.016422203756750575,1.415455037728612e-06,0.020174041390419006,0.015361550958856704,1.3038833210773069e-06,0.01913149282336235,0.01445865843977247,1.2197743993349303e-06,0.01823810115456581,0.013685759748258287,1.1547917123023587e-06,0.017469052225351334,0.013020835107281095,1.1034999333266622e-06,0.01680474728345871,0.012446196276753668,1.0623068342618679e-06,0.016229338943958282,0.011947501155119094,1.0287976634910876e-06,0.015729781240224838
749,9,block_output,Gaussian,1,0.09234648759639452,0.0009430958414736795,0.18456506729125977,0.04147947745190726,4.354824955887178e-05,0.05458107963204384,0.02599909038297714,1.0544140192564056e-05,0.03258046507835388,0.018621606959236994,3.959892637478441e-06,0.022688984870910645,0.014614036543265221,2.017907283334375e-06,0.017423871904611588,0.012265695717244868,1.3030627849058333e-06,0.014679057523608208,0.010801847122373089,9.745795344437835e-07,0.013320241123437881,0.009842216222000027,7.975565634474508e-07,0.012409873306751251,0.009188603439797011,6.947920801092096e-07,0.011771922931075096,0.00873065133032108,6.334707162022177e-07,0.01130998320877552,0.008403054556794583,5.960013714207872e-07,0.010968951508402824,0.008164395999518178,5.725294591624698e-07,0.010712508112192154,0.007986977526415435,5.575312449853272e-07,0.010517117567360401,0.007852052212766712,5.476485385883536e-07,0.010367944836616516,0.007747008029134974,5.407898694651523e-07,0.010254714637994766,0.007663407991270697,5.357707866787968e-07,0.010169249959290028,0.007595606503032502,5.320453814203722e-07,0.010104675777256489,0.007539824893077214,5.294095411849581e-07,0.01005538459867239,0.007493534199302159,5.277824946154503e-07,0.01001729629933834,0.007455030774017648,5.270953312809533e-07,0.0099877268075943
710,5,block_output,Vertical,1,1.2979694186221986,3.4808117064504898,7.265600681304932,0.10783401616508999,0.0004212230547214901,0.15431775152683258,0.06938626847806431,6.522944399698704e-05,0.08790363371372223,0.05222757178403083,2.3203916637019422e-05,0.0635165274143219,0.04209067234917292,1.2278031764484626e-05,0.04996626079082489,0.03534972442994042,7.85562428861416e-06,0.04162460193037987,0.030527453485225873,5.572993290054487e-06,0.03575318306684494,0.026878077182031813,4.21503554037947e-06,0.03133498877286911,0.023997921880985065,3.3275768618794382e-06,0.027933573350310326,0.021655272189823407,2.707784633789122e-06,0.025132782757282257,0.019708033089363385,2.254394633215981e-06,0.02295685186982155,0.018063149621917143,1.91225863472459e-06,0.021107982844114304,0.016656091377612144,1.6486102589554512e-06,0.01948808692395687,0.015440025603369115,1.4423270414218638e-06,0.018124669790267944,0.014379781877828969,1.2789410217276815e-06,0.017069723457098007,0.013448292271248878,1.1481438055319581e-06,0.016132421791553497,0.012624352800822447,1.0424364527609198e-06,0.015295561403036118,0.011891131939750815,9.562612432803715e-07,0.014545274898409843,0.011235122731517232,8.85442718585479e-07,0.01387024950236082,0.010645378661888933,8.267964922291236e-07,0.013261117972433567
710,5,block_output,Horizontal,1,0.44998287551459815,0.4539930386627164,3.0325262546539307,0.07204177118246517,0.00014366817269314292,0.09438939392566681,0.04699870181225595,2.1060304074887582e-05,0.057490747421979904,0.03624363527411506,8.587847567779437e-06,0.04357226938009262,0.029576607432866855,4.704549345252281e-06,0.03484033793210983,0.02497037798757591,2.9747568844757333e-06,0.02882222831249237,0.0216136687686519,2.094848376381031e-06,0.0250058826059103,0.019065197172855573,1.5919373978612622e-06,0.02206542156636715,0.017066130917223674,1.2733258666128923e-06,0.019722096621990204,0.015457366401004412,1.0551005539590942e-06,0.017804663628339767,0.014136704882340772,8.976660729013831e-07,0.01623227819800377,0.013035671194157904,7.804075567756975e-07,0.015028025954961777,0.012106594437408068,6.913902675516095e-07,0.014146272093057632,0.011315139794042186,6.229951940396728e-07,0.013409672304987907,0.010635824001852482,5.699815026735048e-07,0.01277103554457426,0.01004923019735586,5.285686276232899e-07,0.012214388698339462,0.009540210404093303,4.959659545268223e-07,0.011727219447493553,0.009096700491176711,4.700902958240056e-07,0.0112994983792305,0.008708919295006327,4.493789306952274e-07,0.0109229926019907,0.008368821075511358,4.3264731159384753e-07,0.010590785183012486
710,5,block_output,Gaussian,1,0.8870352757355523,1.6759868315884867,5.117437362670898,0.08750450705725049,0.00028506534635776575,0.12125400453805923,0.05577376348868249,4.266409187613649e-05,0.07104183733463287,0.04346153654512905,1.860425010364488e-05,0.05415794998407364,0.03611218775548632,1.1001390130739626e-05,0.044400736689567566,0.030936427296154083,7.203695168245312e-06,0.037392016500234604,0.02702832789648147,5.049197852827561e-06,0.03216216713190079,0.023959457282982176,3.7229859201178883e-06,0.02814747765660286,0.021487606275412772,2.850177371669217e-06,0.025271600112318993,0.01945905996456979,2.2457933440066185e-06,0.02288808673620224,0.01776895738605942,1.8117762718482221e-06,0.02087010070681572,0.016342609603371885,1.491910150197611e-06,0.019144244492053986,0.015125402840711767,1.2515700587845298e-06,0.017657697200775146,0.014076657888908235,1.0682453663712986e-06,0.016370240598917007,0.013165562517113157,9.267155738045753e-07,0.015250161290168762,0.012368370956253438,8.163509501141376e-07,0.014271851629018784,0.01166647354820891,7.295166523411777e-07,0.013494951650500298,0.011045048308987466,6.605920340661022e-07,0.012853283435106277,0.010492126767834028,6.053393576210941e-07,0.012286512181162834,0.009997932816899958,5.605053486726206e-07,0.011783293448388577
710,6,block_output,Vertical,1,0.08197352993819448,0.0017312170813131007,0.22830471396446228,0.02985862193126527,2.727195479348123e-05,0.039778731763362885,0.018559282349925193,6.099774135347489e-06,0.023213956505060196,0.013273237051353567,2.558973337289785e-06,0.01634805276989937,0.010321903441633497,1.4854793770114094e-06,0.012831836938858032,0.008539349491161013,1.0466073430713275e-06,0.010711178183555603,0.007404004615391531,8.430491366171747e-07,0.009695276618003845,0.0066506278198508045,7.36525260051409e-07,0.009124546311795712,0.006134266595518779,6.749028936423904e-07,0.008737168274819851,0.0057713658075838805,6.362911948777232e-07,0.00846641231328249,0.00551138956484104,6.103885742429617e-07,0.008272476494312286,0.0053221978735001315,5.916753064911532e-07,0.008130442351102829,0.005182572389169345,5.770633500526056e-07,0.008024560287594795,0.005078137434634661,5.651305842309963e-07,0.007945047691464424,0.004999013990902948,5.554637055846298e-07,0.007885277271270752,0.004938382570380493,5.478699090382943e-07,0.007840057834982872,0.0048914949579667005,5.420410233942504e-07,0.007805336266756058,0.004854985767798055,5.376019675563601e-07,0.00777810625731945,0.0048264071847947815,5.34197582054392e-07,0.007756129838526249,0.004803934175195912,5.315263069817955e-07,0.00773774366825819
710,6,block_output,Horizontal,1,0.4529643931559154,0.4445628210730211,3.107058048248291,0.07920779441557234,0.00015665892081213496,0.10489928722381592,0.05401217748248388,3.656352094526398e-05,0.06716207414865494,0.04184999151362313,1.7595269783736143e-05,0.050763778388500214,0.03407834284007549,1.023909317485723e-05,0.04129573330283165,0.028656902442139292,6.641543403439788e-06,0.034675516188144684,0.024680263791528958,4.669783416928378e-06,0.029802046716213226,0.021656663497052496,3.4896056267977385e-06,0.026085620746016502,0.0192945148086264,2.7318574863520394e-06,0.023173464462161064,0.0174092020218571,2.217632009102805e-06,0.020842773839831352,0.015878068194502874,1.8533527982892971e-06,0.018946968019008636,0.01461660195260294,1.5866205000986057e-06,0.017385587096214294,0.013564815907369531,1.3861997093000013e-06,0.016087008640170097,0.012679009284410212,1.2324529816419244e-06,0.015002346597611904,0.011926637445059087,1.1125019881215168e-06,0.014135075733065605,0.011283002749440215,1.0176573692866172e-06,0.013472873717546463,0.010729042547089713,9.419335780176252e-07,0.012993013486266136,0.010249808489803284,8.810862639579467e-07,0.012579720467329025,0.009833381393007816,8.31984101401542e-07,0.012221611104905605,0.009470109606073016,7.922119053691914e-07,0.011909566819667816
710,6,block_output,Gaussian,1,1.328845687328823,3.731809635068562,7.411076545715332,0.11165124721943386,0.0003605729640857365,0.14352045953273773,0.07377219495792238,6.9073615322259e-05,0.09290154278278351,0.05732923485930004,2.961993763865452e-05,0.07035228610038757,0.04762762832263159,1.7884364231355367e-05,0.057845763862133026,0.040735682147362874,1.1956607119804361e-05,0.04972948879003525,0.03546768113497704,8.491410958510939e-06,0.043411750346422195,0.03130502008374721,6.346481385922393e-06,0.03837185725569725,0.02794559702040657,4.955059584438646e-06,0.03427804261445999,0.025189551716995617,4.0102944048010306e-06,0.03089994564652443,0.022896657623941937,3.3401136952611236e-06,0.028073742985725403,0.020965480112603734,2.8455456748256174e-06,0.02568262442946434,0.01932124216996488,2.4681789851585216e-06,0.02364259585738182,0.01790788895376618,2.1723807915606486e-06,0.021891091018915176,0.01668266937254913,1.9354574492569733e-06,0.020501526072621346,0.015612477821017068,1.7423241421890081e-06,0.019392352551221848,0.01467136296606253,1.5825736865126457e-06,0.018406162038445473,0.013838792456284402,1.448799160213134e-06,0.01752486452460289,0.013098367785532323,1.3355970063863293e-06,0.016733648255467415,0.012436868622899055,1.2389263905229566e-06,0.016020242124795914
710,7,block_output,Vertical,1,0.10522768025596936,0.002516442737823482,0.24801653623580933,0.0373296785567488,4.6441073448317196e-05,0.05122261494398117,0.022431876037328963,9.585819476227069e-06,0.029474914073944092,0.015689135218660038,3.500949134022758e-06,0.020143738016486168,0.012025263263947435,1.8235460295469251e-06,0.015362471342086792,0.009859223377018694,1.2337401870370826e-06,0.013235666789114475,0.00850404528457494,9.82157257880105e-07,0.011877229437232018,0.00761774606588814,8.555143804262016e-07,0.010975789278745651,0.007016253827642354,7.819038241553709e-07,0.010352485813200474,0.006594926835821261,7.340772161094859e-07,0.009901897981762886,0.006291778329464179,7.008777944384605e-07,0.009565182030200958,0.0060693334034156235,6.772783595407226e-07,0.009310860186815262,0.005904069362533471,6.604225865265511e-07,0.00911877304315567,0.005780183850595403,6.482751673395504e-07,0.008973280899226665,0.005686560364824439,6.392471742519714e-07,0.008861973881721497,0.005615162227066263,6.320929137331615e-07,0.008775443769991398,0.005560062700025146,6.259636224804761e-07,0.008707080967724323,0.005516892158618522,6.204582450430793e-07,0.008652583695948124,0.005482508993101498,6.155135602967748e-07,0.00860915333032608,0.005454726325022796,6.112001332394486e-07,0.008574757725000381
710,7,block_output,Horizontal,1,0.4896200739202045,0.446037877901982,3.0931649208068848,0.0942237534456783,0.00021403636845715066,0.1300460696220398,0.06237630587485102,3.926035511273199e-05,0.07607829570770264,0.04728100336496792,1.7089195881866237e-05,0.05648307129740715,0.03784515093716364,9.2744731147807e-06,0.04476194456219673,0.03145904584773003,5.828293469507046e-06,0.036862410604953766,0.026900685022747707,4.10877066892372e-06,0.031260013580322266,0.023503163267695713,3.1467433995383727e-06,0.02735682763159275,0.020884316473726242,2.552654169901578e-06,0.024878013879060745,0.018813574361422704,2.155773024656628e-06,0.022877763956785202,0.01714391420994486,1.8744236301815469e-06,0.02123972214758396,0.015776636034605048,1.6659491777806258e-06,0.019881315529346466,0.014642655657279112,1.5061647992873383e-06,0.018742285668849945,0.013692092357410325,1.3803933638584288e-06,0.017777808010578156,0.012888093892898824,1.2792943529716385e-06,0.016953997313976288,0.012202920717379403,1.1967240644628954e-06,0.016244851052761078,0.011615317965310717,1.1285024423649995e-06,0.015630226582288742,0.011108701546040793,1.0716459180572441e-06,0.015094379894435406,0.010669905071457228,1.0239062979479452e-06,0.014624850824475288,0.010288318397388571,9.83532371644481e-07,0.014211604371666908
710,7,block_output,Gaussian,1,0.13250418279379134,0.005989252109898369,0.4492749869823456,0.04685901282798676,7.814837505994919e-05,0.06652039289474487,0.029114882476509563,1.594290950879845e-05,0.03780060261487961,0.02069120573264266,5.3235121247099986e-06,0.026007656008005142,0.015959387822520165,2.4264307990917877e-06,0.019623536616563797,0.013042633643462545,1.3861455617833165e-06,0.01584356650710106,0.011137928266728681,9.474562399352188e-07,0.01345893181860447,0.009842318497479909,7.347198616525565e-07,0.01186518743634224,0.008932735090927473,6.168661756894005e-07,0.010764986276626587,0.00827731066457336,5.433638169654648e-07,0.010244067758321762,0.007794211914260236,4.928811904382478e-07,0.009868579916656017,0.007431515802939733,4.562611325243204e-07,0.009591489098966122,0.007155499502366025,4.2924858417382403e-07,0.009384473785758018,0.006943365100712058,4.093015922516082e-07,0.009230167604982853,0.0067790428117390665,3.9467355142315055e-07,0.00911646243184805,0.006650763475114391,3.840902275488545e-07,0.009033114649355412,0.006549632014144981,3.7652468011382743e-07,0.008970136754214764,0.006468876627170377,3.710708965751776e-07,0.008918281644582748,0.006403511419655785,3.6696372614343123e-07,0.008870745077729225,0.00635007071116614,3.636661151793948e-07,0.008824080228805542
710,8,block_output,Vertical,1,0.13883589752136716,0.004009789213738683,0.37052005529403687,0.0576287836782516,9.516406949961914e-05,0.08119786530733109,0.03598130302178481,2.4091186074501046e-05,0.04797495901584625,0.02518430594650526,9.154323039825093e-06,0.03275202214717865,0.01913363728967924,4.652123609954626e-06,0.02448200434446335,0.015441370418383962,2.929217071487793e-06,0.019454576075077057,0.01305782583556951,2.1605336274114484e-06,0.016350777819752693,0.011460448866562238,1.7777457426725482e-06,0.014345717616379261,0.01036003456702308,1.571270761857707e-06,0.013231702148914337,0.009584393374444474,1.454668168521749e-06,0.012560917064547539,0.009025756661440171,1.3875468760930036e-06,0.012070118449628353,0.008614276580157735,1.348813108010878e-06,0.011701473034918308,0.008304463876854806,1.3261880877385325e-06,0.011421226896345615,0.00806733381210102,1.3124698485321093e-06,0.011210281401872635,0.007884184903805219,1.303875492671066e-06,0.011054225265979767,0.007742036348356614,1.2984200603186373e-06,0.01093988586217165,0.007631382010581475,1.2947242049856948e-06,0.010855484753847122,0.007545061283818786,1.2915692356724105e-06,0.010791046544909477,0.007477478279421727,1.2880175134507248e-06,0.010739030316472054,0.0074241005756434,1.283734094393559e-06,0.010695027187466621
710,8,block_output,Horizontal,1,0.12175104441860365,0.0024059043354241003,0.24145761132240295,0.04846395954253182,7.806154237328936e-05,0.06798169761896133,0.029960667330121236,1.6605549957764863e-05,0.03907318413257599,0.021425708891853454,6.0186725849056435e-06,0.02654525265097618,0.016943469333151977,3.27340325539208e-06,0.02097233757376671,0.014381134379950781,2.408860246541034e-06,0.0178948063403368,0.012832803001242971,2.061311390969894e-06,0.016408108174800873,0.011864115631887837,1.8800889591825782e-06,0.015587909147143364,0.011238918654502385,1.7680989300162395e-06,0.015024067834019661,0.010821802970317622,1.6912940895044086e-06,0.014618677087128162,0.01053358092608433,1.6369375149268924e-06,0.014317586086690426,0.010327914034918187,1.5982063843318058e-06,0.014088381081819534,0.01017748647265964,1.5697918831527347e-06,0.013909977860748768,0.010065446238196085,1.5481369683927415e-06,0.01376850064843893,0.009980971880611918,1.5308782968271993e-06,0.013654494658112526,0.00991688645075238,1.5162654075261919e-06,0.013561192899942398,0.009868228039334691,1.5032094678851026e-06,0.013483810238540173,0.00983137610028424,1.4912356491800752e-06,0.01341927982866764,0.009803485583573107,1.4802013695537662e-06,0.013365929946303368,0.009782155088725545,1.470186333597454e-06,0.013322991319000721
710,8,block_output,Gaussian,1,0.24954889655586274,0.0210987714250279,0.8654604554176331,0.08761092180770541,0.0002560781198473612,0.1186603531241417,0.05434844323566982,5.4121969335257494e-05,0.06790933012962341,0.03866765299250209,1.806063927217975e-05,0.04772157967090607,0.029649688344862726,8.074637091780834e-06,0.03542858362197876,0.023835484352376726,4.3193842148253305e-06,0.028039034456014633,0.01985378267746123,2.630571021977285e-06,0.023270295932888985,0.01702361126681642,1.7803469946654947e-06,0.019839061424136162,0.01495580691548567,1.3171660206544052e-06,0.01730266399681568,0.013410738846730618,1.04764137657015e-06,0.015474077314138412,0.01223407672452075,8.811672170537768e-07,0.014075428247451782,0.011323357533131326,7.732330824416656e-07,0.01297808438539505,0.010608778142976382,7.013397286784747e-07,0.012324167415499687,0.01004138198636827,6.530877520744098e-07,0.01181129738688469,0.009585989358287954,6.206842998645935e-07,0.011404483579099178,0.00921696290699026,5.989481867745206e-07,0.01107814908027649,0.008915361386561205,5.844826657776813e-07,0.01081295870244503,0.008666986910005411,5.751108195619288e-07,0.010593309998512268,0.008461092066551958,5.694111268490864e-07,0.010406425222754478,0.008289538981718204,5.663695081981225e-07,0.010243192315101624
710,9,block_output,Vertical,1,0.44439910127530025,0.4472517528249318,3.13863468170166,0.08895284398680642,0.00013827098230937513,0.116756871342659,0.0631858566923747,4.9111093834198174e-05,0.08382650464773178,0.04875767260553345,2.5524919494019294e-05,0.06466491520404816,0.03920602798461914,1.5217066597564233e-05,0.05182674154639244,0.032451858182275105,9.893573149604913e-06,0.04269814491271973,0.027474611642814818,6.881476144211483e-06,0.03590316325426102,0.023689271734347418,5.067166340983703e-06,0.030684880912303925,0.020739110097998663,3.9185981551498175e-06,0.026593204587697983,0.01839666139511835,3.160118366574483e-06,0.023559167981147766,0.016509866327165612,2.640439251502292e-06,0.02154381200671196,0.014972395500138638,2.2725117369531357e-06,0.019889570772647858,0.013707182636218411,2.0040746272438853e-06,0.018520474433898926,0.012656939186392322,1.8026687713402385e-06,0.01738005131483078,0.011778337422699209,1.647783212796793e-06,0.01642581820487976,0.01103818178590801,1.5262940706428988e-06,0.015624705702066422,0.010410768083400197,1.42961699608886e-06,0.014950133860111237,0.00987599879532816,1.3519402328723878e-06,0.014380443841218948,0.009417996180081179,1.2891495963676853e-06,0.013897917233407497,0.009024070065823338,1.2381828787268631e-06,0.013488102704286575
710,9,block_output,Horizontal,1,0.18528142819801965,0.020084205536109234,0.9065195918083191,0.06940847718053395,0.00013358583984270396,0.09378840029239655,0.04417447946847431,2.4784567850174128e-05,0.055646203458309174,0.032432774554878946,9.214085291766924e-06,0.03993173688650131,0.02550674324470853,4.726452965539933e-06,0.03104175627231598,0.021023428688446682,3.0291204098788985e-06,0.025457900017499924,0.017962047312822606,2.2578157197003596e-06,0.022353462874889374,0.015785827671015072,1.850280509777871e-06,0.020196830853819847,0.014190013313459026,1.6055107277382034e-06,0.01859309710562229,0.012990432643582897,1.4423573893886791e-06,0.017365558072924614,0.012070420878155836,1.3249775588236558e-06,0.01640256680548191,0.011353301756557018,1.2361174351955487e-06,0.015632476657629013,0.010786990502050944,1.1669183025241615e-06,0.015009204857051373,0.010334956592747144,1.11236284598615e-06,0.014501958154141903,0.009970893669459555,1.0692476821206277e-06,0.01408866886049509,0.00967544238896124,1.0352821663410662e-06,0.013752048835158348,0.009434042624123985,1.0086197967800904e-06,0.01347767561674118,0.009235508643859436,9.876424912227605e-07,0.013253528624773026,0.009071135523891638,9.709114178662315e-07,0.013069752603769302,0.008934149592523538,9.572208516370938e-07,0.012918345630168915
710,9,block_output,Gaussian,1,0.1319656153283422,0.00498973908847928,0.5067976117134094,0.05736685579731351,8.249254942838951e-05,0.08065690100193024,0.0373858173510858,2.244871081539857e-05,0.04926237091422081,0.027258570291220197,8.989825607240439e-06,0.034015484154224396,0.021365375124982426,4.660544028096705e-06,0.02544521540403366,0.017641587744629574,2.9336776596732014e-06,0.021828535944223404,0.015152763353572005,2.1074677263855924e-06,0.019436925649642944,0.013424803828081441,1.6509498121914271e-06,0.017634786665439606,0.012188783654617884,1.3704636693609714e-06,0.01625434309244156,0.011281610185664797,1.1848299405935059e-06,0.015178006142377853,0.010599667649893533,1.055274504705585e-06,0.014324349351227283,0.010074766811042551,9.606682025243918e-07,0.0136405099183321,0.009661834568731369,8.885712629825689e-07,0.01309257373213768,0.009331446192744706,8.319075376553901e-07,0.012654264457523823,0.00906411006248423,7.866581356107357e-07,0.012302039191126823,0.008846064645146567,7.500938273812598e-07,0.012016190215945244,0.008666952111063496,7.20065430797848e-07,0.011781747452914715,0.0085186927047159,6.948963878515757e-07,0.011587944813072681,0.008394907369086194,6.734510907805882e-07,0.011427140794694424,0.008290589158792817,6.551656758137046e-07,0.011293647810816765
666,5,block_output,Vertical,1,0.2984405880173047,0.15561647335291642,2.011939525604248,0.058414536099585274,0.00010599085091756474,0.07909731566905975,0.038173896423171434,2.3983299420810774e-05,0.05190035328269005,0.02869784811304675,1.0594863358706862e-05,0.03970010578632355,0.022994825941702678,5.758621655628376e-06,0.031560517847537994,0.019119880768278287,3.536446003481312e-06,0.025871336460113525,0.016315473775778497,2.3981773836020282e-06,0.021741125732660294,0.014204469716383351,1.765590841729468e-06,0.018650449812412262,0.01256907827383469,1.3886969110307416e-06,0.016284890472888947,0.011272910553666334,1.1497184298124967e-06,0.014440889470279217,0.010226205922663212,9.896027960027516e-07,0.012980005703866482,0.009367717067814536,8.770855824140864e-07,0.011945795267820358,0.00865440173370261,7.947814368722469e-07,0.011259939521551132,0.008055200548990378,7.325492102452322e-07,0.010680777952075005,0.007547156293950383,6.842017781133612e-07,0.010186117142438889,0.007112943944299505,6.458076566087301e-07,0.00975989829748869,0.0067392489059813435,6.147750923048327e-07,0.0093901501968503,0.006415674899009958,5.893367966049853e-07,0.00906769372522831,0.006133990768816263,5.682472715177434e-07,0.008785298094153404,0.005887597030590451,5.506008376361182e-07,0.00853715930134058
666,5,block_output,Horizontal,1,0.14377370121933164,0.012139871985389582,0.7415861487388611,0.04054937686120707,4.5465106856230135e-05,0.05551571398973465,0.02597045744695361,8.254949810443294e-06,0.032310158014297485,0.019322950452093094,3.202040232308321e-06,0.022808711975812912,0.015475130004305688,1.6807431547003793e-06,0.017904922366142273,0.012997168101488597,1.0818471009968063e-06,0.015043582767248154,0.01129652156184117,8.007440927864899e-07,0.013110822066664696,0.010077074569250857,6.512724679832616e-07,0.011733734980225563,0.009173322735088212,5.641745556510232e-07,0.010904727503657341,0.008486078409034582,5.099537584272696e-07,0.010293198749423027,0.007952801565388365,4.744726969402907e-07,0.009819814935326576,0.007532319275751,4.5027561608301554e-07,0.009447727352380753,0.007196494134231692,4.3316049500218486e-07,0.00915196817368269,0.006925481600716474,4.20649463426233e-07,0.008914935402572155,0.006704906282562112,4.1123533190617747e-07,0.00872385036200285,0.006524112356442307,4.0399009461185566e-07,0.008569274097681046,0.006375053542710486,3.983314672156857e-07,0.008444125764071941,0.006251558232756835,3.9388975299862266e-07,0.008343031629920006,0.006148806839649167,3.9042990855403686e-07,0.00826185941696167,0.006062952151137685,3.877956368003154e-07,0.008197243325412273
666,5,block_output,Gaussian,1,0.5069104224916489,0.5814547215567749,3.390397310256958,0.07225493625515983,0.00013554237525292907,0.09760087728500366,0.04906331156454389,2.8986616672572883e-05,0.060045693069696426,0.03790717607452756,1.4163649504200753e-05,0.046810898929834366,0.030902836264835462,8.485209542274842e-06,0.03839926794171333,0.026039341582901894,5.659026750486963e-06,0.032762669026851654,0.022441256584392652,4.018487347698507e-06,0.028397435322403908,0.01967867242083663,2.979745825788855e-06,0.0249184537678957,0.017506586565148263,2.286639802080402e-06,0.02211010828614235,0.015767145399299878,1.8065551173951431e-06,0.019822347909212112,0.014351962030761771,1.4643435437035367e-06,0.017941530793905258,0.013184283845244891,1.2147095455063737e-06,0.016380565240979195,0.012208632311768948,1.0289841836617766e-06,0.015072956681251526,0.01138421974425751,8.8835260473638e-07,0.013968043029308319,0.010680609190511324,7.801258788174536e-07,0.013027150183916092,0.010074777528643608,6.95572683571189e-07,0.012241349555552006,0.009549101385923605,6.285936545749907e-07,0.011589707806706429,0.009089933930053598,5.748724373257645e-07,0.011019032448530197,0.008686577864286919,5.313208541119811e-07,0.01051602978259325,0.00833053682147274,4.956941818225881e-07,0.010070424526929855
666,6,block_output,Vertical,1,0.09071005632479985,0.0026231009994866533,0.25511136651039124,0.03155845926985854,3.0612489867785175e-05,0.04336027055978775,0.01968935779517605,7.116268431116076e-06,0.024989208206534386,0.014064727306720756,2.8648298494171957e-06,0.016993418335914612,0.010987278561861743,1.6462977458006632e-06,0.013338056392967701,0.009140200454682584,1.1847163017632167e-06,0.011183070950210094,0.007953918546379085,9.66218913493067e-07,0.010055271908640862,0.007154406432712835,8.460280465121825e-07,0.00942646898329258,0.0065963065236925135,7.731724994846096e-07,0.008995964191854,0.006196657454388009,7.260239427995511e-07,0.008693551644682884,0.005904975931145369,6.938340608678066e-07,0.008476411923766136,0.005688730183811415,6.708068387237288e-07,0.00831784587353468,0.005526018595056874,6.538300735199749e-07,0.008201070129871368,0.005401640006947139,6.41269452370414e-07,0.008115187287330627,0.005304988569742631,6.320513155372039e-07,0.008052099496126175,0.005228829828815328,6.251822939294319e-07,0.00800522230565548,0.0051682500079983755,6.198337027285258e-07,0.007969772443175316,0.005119752005806991,6.15480436975756e-07,0.007942701689898968,0.005080705035537008,6.118549142646634e-07,0.007922064512968063,0.005049069467488499,6.088300436878651e-07,0.00790638942271471
666,6,block_output,Horizontal,1,0.292587055100335,0.12114285525004162,1.80484938621521,0.06912095827006158,0.00014304506473485385,0.09117819368839264,0.04468057322360221,2.1080737241113184e-05,0.05473983287811279,0.0339992159001884,9.309375782530144e-06,0.0402451828122139,0.02738544542992872,5.379442369216441e-06,0.03233347088098526,0.022869661479951845,3.5438915236377374e-06,0.026906471699476242,0.019622162220970032,2.5490235283198374e-06,0.022972628474235535,0.017201076025172832,1.9603588840137827e-06,0.020108770579099655,0.015346726831344385,1.5902006747703385e-06,0.01829388737678528,0.013896270241174433,1.3459142882356516e-06,0.016842126846313477,0.012742465465433069,1.178080506195263e-06,0.015663210302591324,0.011811885273172743,1.058811755542341e-06,0.014695955440402031,0.01105259449058582,9.71575538707236e-07,0.013896377757191658,0.010426867797615983,9.061430870631035e-07,0.013231288641691208,0.009906700634885402,8.559608758600283e-07,0.01267495658248663,0.009470935940505966,8.167040832296484e-07,0.012207131832838058,0.00910334192985107,7.854360553178779e-07,0.011811730451881886,0.008791302781670339,7.60115225507509e-07,0.011475919745862484,0.008524894270868529,7.392886537815188e-07,0.011189417913556099,0.00829623309924962,7.219013858398024e-07,0.010943966917693615
666,6,block_output,Gaussian,1,0.14043811271114956,0.015903527497959726,0.7807927131652832,0.04800121509839618,6.071781365235292e-05,0.0672631561756134,0.031536855483575474,1.593269139343011e-05,0.04069600999355316,0.023313088579073785,6.679058272518545e-06,0.02858862094581127,0.018452167363157346,3.5401772419774522e-06,0.02176615223288536,0.015275914857666644,2.183506751065804e-06,0.01783151552081108,0.013074077754503205,1.511193938196078e-06,0.015421301126480103,0.011487981718447473,1.1421199994646106e-06,0.013679263181984425,0.010313587588450265,9.232415192962233e-07,0.012381529435515404,0.00942570236437614,7.852051623391844e-07,0.011393235996365547,0.008743118871712969,6.934500954658872e-07,0.01065569557249546,0.008210944285291054,6.294291553947226e-07,0.010095956735312939,0.0077909235768611465,5.82718555161657e-07,0.009658334776759148,0.0074557762164326885,5.472807074820519e-07,0.009312603622674942,0.007185651750732509,5.19464530281643e-07,0.009037230163812637,0.0069658225697893945,4.969469432968299e-07,0.008816533721983433,0.006785157469234296,4.782049193716792e-07,0.008638650178909302,0.006635102842535291,4.622542717904416e-07,0.008493968285620213,0.006509031021287517,4.4851709240418616e-07,0.008374198339879513,0.006401860746481116,4.367128010030041e-07,0.008272258564829826
666,7,block_output,Vertical,1,0.35933148080394384,0.2059756302655834,2.2044191360473633,0.0800572166603709,0.00020431244212913233,0.12352824211120605,0.05285461122790972,4.1732908670767156e-05,0.06551141291856766,0.039503853945505055,1.9498125101559878e-05,0.049605194479227066,0.0311654256213279,1.1156834972971631e-05,0.03922460600733757,0.02548634760554821,7.0989443203838005e-06,0.031959421932697296,0.021413362185869898,4.843563168051778e-06,0.026863599196076393,0.018386691705220275,3.492740073169775e-06,0.023444227874279022,0.01607637939649442,2.641723692341761e-06,0.020795270800590515,0.014274513348937035,2.0856067922327194e-06,0.018707700073719025,0.012844072004395819,1.7118801140124706e-06,0.017038285732269287,0.011691737018289074,1.4543489659528543e-06,0.01568673923611641,0.010752194501932651,1.2721926721514564e-06,0.014581602066755295,0.009978522938336171,1.1398465475985768e-06,0.01367088221013546,0.009336156844501458,1.041287364862578e-06,0.012915781699120998,0.008799079059076214,9.663586371157788e-07,0.012286657467484474,0.008347357253706644,9.084219871768832e-07,0.011760380119085312,0.007965484641433235,8.629907117587216e-07,0.011318618431687355,0.0076412239318920504,8.26936517984749e-07,0.010946586728096008,0.007364789851837688,7.980331770559285e-07,0.010632196441292763
666,7,block_output,Horizontal,1,0.5454811139239205,0.4864217223077533,3.138814926147461,0.10848276163377459,0.0003289554749758872,0.14488138258457184,0.07058985761943318,5.13727072896703e-05,0.08667007833719254,0.053861570618455375,2.1203784853294057e-05,0.06419715285301208,0.04341057439645132,1.1413876182912178e-05,0.050234925001859665,0.03612825691345192,6.917382447108696e-06,0.04155200719833374,0.030779740107910975,4.563469949843992e-06,0.03598432242870331,0.026717100706365373,3.2276752471898283e-06,0.03167509287595749,0.023558110146531985,2.4245948838302695e-06,0.028279978781938553,0.021057726135329594,1.9182393957722022e-06,0.02556980401277542,0.01904953826987554,1.5853063565854817e-06,0.023381607607007027,0.01741618530026504,1.3581268364177913e-06,0.021595802158117294,0.016072782096526926,1.1980492949389067e-06,0.020123258233070374,0.014956761787216815,1.0821316677381284e-06,0.01889704540371895,0.014021259466452258,9.962379611667605e-07,0.01786685362458229,0.013230654277971812,9.313481348415884e-07,0.01699480600655079,0.01255749517844783,8.815407344533427e-07,0.016252074390649796,0.011980380877734178,8.428455610394539e-07,0.015616330318152905,0.011482456462487342,8.125366124306379e-07,0.015069851651787758,0.01105032703055749,7.887037147308737e-07,0.014598267152905464
666,7,block_output,Gaussian,1,1.5596433866118629,4.932203265849808,8.953714370727539,0.1503810655503046,0.0004582039501159117,0.21410024166107178,0.10593184296573911,0.00013758666644891082,0.1399133950471878,0.0828314960475952,7.068556047225245e-05,0.10854770243167877,0.0678039500046344,4.340702549644624e-05,0.0876084417104721,0.057062787669045587,2.8892639278985384e-05,0.07242441177368164,0.049013893400865885,2.025285388230123e-05,0.06216096132993698,0.04279260745360738,1.479879783017939e-05,0.05478769540786743,0.03786213471302911,1.1193779831889506e-05,0.04877597838640213,0.03387067623672977,8.713204651785211e-06,0.043799541890621185,0.030580522196870002,6.9453392202868475e-06,0.03962952643632889,0.027826824092439244,5.6472076467793075e-06,0.03609989583492279,0.025492375006987936,4.670010966460199e-06,0.03308669477701187,0.023491859376903564,3.919144909025848e-06,0.030495155602693558,0.021761815167135663,3.3321862662730648e-06,0.028251340612769127,0.020254082268192655,2.8665953684155077e-06,0.026296600699424744,0.018931444734334946,2.492590784674921e-06,0.024583997204899788,0.017764653655744735,2.188823612136888e-06,0.02307559922337532,0.01673035459622504,1.9396987367406874e-06,0.021740593016147614,0.015809625904593203,1.73359990446135e-06,0.020553717389702797
666,8,block_output,Vertical,1,1.7723633419899714,6.353185405173585,10.104616165161133,0.18498644019876206,0.0007855756676519525,0.24027836322784424,0.12588333456762255,0.00018094899103452645,0.1539505571126938,0.0977283026727419,7.233586763984977e-05,0.11672662198543549,0.081016044058497,4.3884645131984735e-05,0.09523515403270721,0.06922159740139568,3.086584418321431e-05,0.08039642870426178,0.06021733114880229,2.293275462293399e-05,0.06920714676380157,0.05308617805204694,1.7624590258499802e-05,0.06076541543006897,0.04730392087783132,1.3927205152770742e-05,0.05411466956138611,0.04252838272423971,1.1274926271684343e-05,0.04862102121114731,0.03852426772198034,9.322612082239156e-06,0.0440201535820961,0.03512464233097576,7.85229458151952e-06,0.04011865332722664,0.03220783011426055,6.722627676149326e-06,0.036773353815078735,0.02968293023369615,5.839570068280986e-06,0.033877141773700714,0.027480546118957654,5.1389434263749135e-06,0.031348757445812225,0.025546709903412394,4.575834491663184e-06,0.029125524684786797,0.023838782535185888,4.11810214254384e-06,0.0271583441644907,0.022322627316628183,3.7422449713547875e-06,0.025408167392015457,0.02097060643727817,3.4307645564967992e-06,0.02384355664253235,0.019760118649592474,3.170412681636783e-06,0.022438935935497284
666,8,block_output,Horizontal,1,0.15942103947911943,0.005235431782123733,0.4602046608924866,0.06390680159841265,0.00010477157469466076,0.08548316359519958,0.0409955612369,2.1924515388071412e-05,0.05093686282634735,0.029748595955352935,8.201550852676004e-06,0.035313334316015244,0.023240832434523673,4.250778620466085e-06,0.02723899483680725,0.01918827700946066,2.838713182399697e-06,0.022125273942947388,0.016532032380974483,2.248838056013351e-06,0.019139502197504044,0.014722256034257867,1.9677328072834637e-06,0.01758098602294922,0.013454882413267142,1.8143530747609972e-06,0.01647648587822914,0.012551255745901949,1.718359895872032e-06,0.01566288061439991,0.01189713239196747,1.6531151710873407e-06,0.015061143785715103,0.011416522327751394,1.60711404490684e-06,0.014612866565585136,0.011058628662592836,1.5739624383211176e-06,0.014276290312409401,0.010788862312596941,1.5495392707532853e-06,0.014021319337189198,0.010583230072543734,1.5309913061872341e-06,0.01382608711719513,0.010424883459650335,1.5163566219220573e-06,0.013675006106495857,0.010301859886755072,1.5043848123990297e-06,0.013557204976677895,0.010205532808507245,1.4943399601076233e-06,0.013465004041790962,0.010129579372467503,1.4857913925668666e-06,0.01339280791580677,0.010069280966288514,1.4784809724967602e-06,0.013336376287043095
666,8,block_output,Gaussian,1,0.7029513818404031,1.0994264244276313,4.868701457977295,0.11726775611676866,0.00032743042357001866,0.15343602001667023,0.08482028898738679,0.00011612543012835023,0.10766571760177612,0.0661361918208145,5.735395604955192e-05,0.08281311392784119,0.05378000254905413,3.300246906830994e-05,0.06696301698684692,0.045035658019875725,2.081447854423618e-05,0.05577830225229263,0.038572043564821044,1.406437474114447e-05,0.04723045602440834,0.033627339328328766,1.00406527159964e-05,0.041073303669691086,0.02973718890949847,7.488647498638333e-06,0.03626100718975067,0.026606959069059008,5.782748341680368e-06,0.032400161027908325,0.024042975305328295,4.5915532421276265e-06,0.029241150245070457,0.02191329336473866,3.7300829230387823e-06,0.026618164032697678,0.02012472135561799,3.0898546552674996e-06,0.024415023624897003,0.01860917921340655,2.6041083039394984e-06,0.022545862942934036,0.01731550434811248,2.2298398554507165e-06,0.02094503492116928,0.016204358551592107,1.9380871228463238e-06,0.019561953842639923,0.015244929238207756,1.7084595994686548e-06,0.01835821196436882,0.014412682621725022,1.526049350341741e-06,0.017304789274930954,0.013687807460507703,1.3796688696191283e-06,0.016379212960600853,0.013054130199764456,1.260846133063828e-06,0.015563316643238068
666,9,block_output,Vertical,1,0.2593061133982643,0.09645159144451253,1.6904759407043457,0.07290600033269988,0.00010551470298776807,0.09913007915019989,0.05015565874794173,3.182303337023629e-05,0.06462545692920685,0.037815718128094596,1.491866455067236e-05,0.047115255147218704,0.029923850286101537,8.256911967616656e-06,0.03673327714204788,0.024539306552873716,5.194742478067389e-06,0.029949979856610298,0.020703424448295246,3.6475672803982054e-06,0.02525430917739868,0.01787929262019812,2.7909221920756094e-06,0.021870695054531097,0.015745852866934404,2.275827947706599e-06,0.019427569583058357,0.01410008119862704,1.944504981152045e-06,0.0178946815431118,0.012808441953171813,1.7200836905455536e-06,0.01667950302362442,0.011780290893973812,1.562411755195506e-06,0.015708062797784805,0.010952135533212668,1.4489748159705592e-06,0.014927288517355919,0.010278200346326071,1.3660959369674652e-06,0.014297543093562126,0.009724682936119654,1.3046819072656436e-06,0.01378763746470213,0.009266189092563258,1.2581577008343043e-06,0.013371750712394714,0.008883468865875214,1.2216652962371343e-06,0.01302836462855339,0.008561894992396,1.1919650725035705e-06,0.012740951962769032,0.008290300264008461,1.1672931145134604e-06,0.012498297728598118,0.00805998978663295,1.1468090224107092e-06,0.012293273583054543
666,9,block_output,Horizontal,1,0.259570595409189,0.07182841058942978,1.568791389465332,0.08125019114878443,0.00017983916595885297,0.10748571157455444,0.05094232510716196,3.787047672526234e-05,0.06272222101688385,0.036924912904699646,1.3840448484128993e-05,0.04485565051436424,0.028934000621712398,6.956888311472601e-06,0.035024501383304596,0.023783102513305725,4.232045194509012e-06,0.02874843031167984,0.020230675323141947,2.9443640476575363e-06,0.024396270513534546,0.01767557290279203,2.2590011340883527e-06,0.021476807072758675,0.015782681515529043,1.8598282287828629e-06,0.01976383477449417,0.014347704437871775,1.609788069008278e-06,0.01844027265906334,0.013239206391431037,1.4435994925582878e-06,0.017397565767169,0.012369475830050687,1.3277088060822066e-06,0.016562052071094513,0.011678228036515297,1.2435133766585538e-06,0.01588255725800991,0.011122934298501128,1.1799461239707618e-06,0.015322946012020111,0.0106728674607381,1.130170140799179e-06,0.01485740952193737,0.01030534730544166,1.0899818911294889e-06,0.014467258006334305,0.010003301950674209,1.056813346428944e-06,0.014138590544462204,0.009753652818737522,1.0290314550324702e-06,0.01386072114109993,0.009546227280109648,1.0055310209557573e-06,0.013625225983560085,0.009373020964659869,9.855399593937013e-07,0.013425404205918312
666,9,block_output,Gaussian,1,0.09760563873818942,0.0010557244177075847,0.1974124014377594,0.042889154028324855,5.031388193438839e-05,0.05929835885763168,0.026906938661658573,1.2203959938922496e-05,0.03596365824341774,0.019554940274073965,4.667248500791064e-06,0.02501903846859932,0.015582708967110467,2.4309791103364046e-06,0.019333437085151672,0.013237187017997106,1.5929762038997334e-06,0.016738522797822952,0.011755029996117902,1.2025183971208403e-06,0.015194477513432503,0.010768618700759751,9.862006830409075e-07,0.014115208759903908,0.01008659577558911,8.539265472301243e-07,0.01334700733423233,0.009602992462792568,7.721912038048917e-07,0.012800084426999092,0.00925455161089462,7.224980324008954e-07,0.012405633926391602,0.009000020781679758,6.918828644650396e-07,0.012112539261579514,0.008811166702163599,6.724065278331165e-07,0.011886663734912872,0.008668272608211116,6.597070067640415e-07,0.011706549674272537,0.008557508514809704,6.513459326407939e-07,0.011559439823031425,0.008469505560776544,6.458729092388301e-07,0.01143797766417265,0.008398263264329188,6.424482245313301e-07,0.01133756898343563,0.008340047125423711,6.406314859275537e-07,0.011254901066422462,0.008292466017698485,6.401851957547883e-07,0.01118738017976284,0.008253849037582911,6.409167931423401e-07,0.011132914572954178
617,5,block_output,Vertical,1,0.16576288551801727,0.02315340055186735,0.9160973429679871,0.04322315829377326,4.7886299466201974e-05,0.056566596031188965,0.027669268083714303,7.942518318937557e-06,0.0329916775226593,0.020465692032187704,3.095951506413586e-06,0.023897778242826462,0.016182219417440514,1.766979231977385e-06,0.019227197393774986,0.013345559733727622,1.2414262158523106e-06,0.016371704638004303,0.011350022688034981,9.91173142476498e-07,0.014357355423271656,0.009887456125210203,8.565057713383224e-07,0.012880521826446056,0.00878325237759522,7.767462741312865e-07,0.011765599250793457,0.007930615458578344,7.257675091049372e-07,0.010904606431722641,0.007260279848225533,6.910686827208535e-07,0.010227064602077007,0.006725426733730331,6.661054658043804e-07,0.009684821590781212,0.006293397012447554,6.471838282223971e-07,0.009244045242667198,0.005940801072274409,6.320984154627471e-07,0.008880615234375,0.0056505052757168574,6.194945801489941e-07,0.008577166125178337,0.005409713250599683,6.085466455746824e-07,0.008321036584675312,0.00520870073269757,5.987672368254349e-07,0.008102843537926674,0.005039957935907065,5.898825033711024e-07,0.007915522903203964,0.004897598609594362,5.817494667029712e-07,0.007753686048090458,0.004776946276367184,5.742978370123274e-07,0.007613177411258221
617,5,block_output,Horizontal,1,0.7274114846710175,1.13254829045586,4.260928153991699,0.09250950375719676,0.0003233877811124734,0.13421034812927246,0.05623622220896539,3.523834800692686e-05,0.06749296188354492,0.04285948321459785,1.0799891632529453e-05,0.04913376271724701,0.03545159610017898,5.877806041837277e-06,0.04031476005911827,0.03033788948659859,3.826704083053587e-06,0.035062890499830246,0.026514556229351057,2.720445940633277e-06,0.03103911504149437,0.023529372518024748,2.048221251455824e-06,0.027806874364614487,0.02112907206728345,1.6102321788221114e-06,0.025138594210147858,0.01915786119680556,1.3119611043693123e-06,0.02289784699678421,0.017513308940189227,1.1023105672888708e-06,0.0209947619587183,0.01612443824313463,9.511537819517119e-07,0.019365724176168442,0.014939993146866087,8.397329099070591e-07,0.017962999641895294,0.01392171292432717,7.559471853299316e-07,0.016749227419495583,0.013040276510374886,6.917922885370943e-07,0.01569441147148609,0.012272747558733773,6.418590415015409e-07,0.014774098992347717,0.011600889930767673,6.024140349851104e-07,0.013968165963888168,0.0110100255539966,5.708203377798032e-07,0.013259916566312313,0.010488218598304287,5.4517827050671e-07,0.012635389342904091,0.010025685904399744,5.240985668497768e-07,0.012082818895578384
617,5,block_output,Gaussian,1,0.4203884508165102,0.44673300262661775,3.0670299530029297,0.06476318268548875,0.00010479967229334592,0.08829709142446518,0.04429839758409394,2.274669372777163e-05,0.05503208190202713,0.03408638985147552,9.56004331647438e-06,0.04207305982708931,0.02762883978467139,5.034323372293951e-06,0.03379536420106888,0.023192022439269794,3.0478995696457738e-06,0.028079066425561905,0.019988839529336444,2.07051590445105e-06,0.023990120738744736,0.017585667293696178,1.5410249593809462e-06,0.020962733775377274,0.015724646001462898,1.225563298880303e-06,0.018645353615283966,0.014245221213925453,1.020089096354436e-06,0.016817990690469742,0.01304374969313069,8.757421684473836e-07,0.01535065472126007,0.012051058415737417,7.683004713455265e-07,0.014259581454098225,0.01121944325074317,6.850300729571203e-07,0.0133312176913023,0.010514941628253649,6.187714370358357e-07,0.01253645308315754,0.009912645606885827,5.651833203584299e-07,0.011852911673486233,0.009393800900036853,5.214110808450591e-07,0.011262821033596992,0.008943969391227241,4.854220859090213e-07,0.010751619003713131,0.008551820617405668,4.5567645684470686e-07,0.01030716672539711,0.008208322375717144,4.309604635836268e-07,0.009919237345457077,0.007906165469201311,4.103097835541132e-07,0.009579246863722801
617,6,block_output,Vertical,1,0.43026671570444863,0.38556648829535173,3.000885248184204,0.07374230127722498,0.0001590582897867584,0.09818848967552185,0.04994770204500547,4.039621349294035e-05,0.06329067051410675,0.03808131997310926,1.938149362641215e-05,0.04816698655486107,0.030619621454250245,1.0966310144542113e-05,0.038585029542446136,0.025496023662743113,6.955298824514788e-06,0.031771469861269,0.021771259428489776,4.807020758426664e-06,0.026731211692094803,0.018957730116588727,3.553983714830863e-06,0.02290206030011177,0.016771690506074164,2.7739832112787355e-06,0.019932549446821213,0.01503477433312034,2.2617438572283466e-06,0.017696253955364227,0.013629125549443184,1.9093877859979958e-06,0.01615305431187153,0.012473967118513963,1.6567617013828702e-06,0.014937054365873337,0.011512296318653085,1.4687362058553889e-06,0.013986459001898766,0.01070292035324706,1.3240227855294234e-06,0.013176240026950836,0.010015466575702977,1.2094450399964583e-06,0.012484067119657993,0.009427134509360979,1.1167435130181958e-06,0.011892298236489296,0.008920459867647243,1.0406603877961066e-06,0.011386004276573658,0.00848177805661209,9.776911497235332e-07,0.010952210985124111,0.008100191951685008,9.253397243302485e-07,0.010579614900052547,0.007766883421157088,8.816956071802342e-07,0.010258548893034458
617,6,block_output,Horizontal,1,0.21772770808329658,0.04928391097412442,1.290497064590454,0.058792369942816475,9.20230097430356e-05,0.07761594653129578,0.03849553343440805,1.5866348941356353e-05,0.04804248362779617,0.02905285077553893,6.836374700195606e-06,0.03546685725450516,0.02329468670936804,3.8158780139576215e-06,0.02791423350572586,0.019473628451426823,2.4999819370293148e-06,0.02307341992855072,0.016793274365010716,1.8357447565365386e-06,0.019979216158390045,0.014835042775505118,1.4657489592789276e-06,0.01769278571009636,0.013359448369888087,1.2443976826107156e-06,0.01595929265022278,0.012219825582135291,1.1033894670555598e-06,0.01461808755993843,0.011321652059753736,1.0079747868161496e-06,0.013594282791018486,0.010601714578649354,9.397003636700716e-07,0.01281021535396576,0.010016440561721249,8.884227981528728e-07,0.012170962989330292,0.009534985403574649,8.483835773245363e-07,0.011642958968877792,0.009135004894305316,8.162037038005394e-07,0.011237107217311859,0.008799974259639543,7.898102731331771e-07,0.010957851074635983,0.008517430474360784,7.678388377692187e-07,0.010720862075686455,0.008277775121054478,7.493141000887505e-07,0.010518454015254974,0.00807346822693944,7.335061978312941e-07,0.010344740003347397,0.007898490831610702,7.198707121813887e-07,0.010195210576057434
617,6,block_output,Gaussian,1,0.6375187332668002,0.9167990835439251,4.252603530883789,0.08873804552214486,0.00022276608516524706,0.11984185874462128,0.05897225936253866,3.743522356145739e-05,0.07116103172302246,0.04574349309716906,1.7373620582972432e-05,0.053976140916347504,0.037546749448492414,1.0645606333415995e-05,0.04430864751338959,0.03183112402875272,7.264910553048035e-06,0.03775263577699661,0.027592028417284527,5.292563719222843e-06,0.03272867947816849,0.02431251079080597,4.023924467233872e-06,0.028756339102983475,0.02170029031260619,3.158259590463469e-06,0.025696519762277603,0.019575319060730557,2.545620903447945e-06,0.023249875754117966,0.017818929583189033,2.1010043132365904e-06,0.021222811192274094,0.01634903201862933,1.7720163017088762e-06,0.019524388015270233,0.0151065993048842,1.524509591543692e-06,0.018088772892951965,0.014047797902354173,1.3353975729833373e-06,0.016865994781255722,0.01313919678980869,1.188674173298731e-06,0.01581675373017788,0.012354754177587373,1.0730576913586154e-06,0.014909446239471436,0.011673840915872938,9.80514272132577e-07,0.014118478633463383,0.011079909324291207,9.053143899757962e-07,0.013423439115285873,0.010559563717198751,8.433963576005281e-07,0.012808685190975666,0.010101876236380094,7.91888706655169e-07,0.012262670323252678
617,7,block_output,Vertical,1,0.5502278908850655,0.634247745308939,3.682140827178955,0.09599568280908796,0.00020567294128765126,0.1296844482421875,0.06634897437124025,5.206069078987336e-05,0.07894166558980942,0.050835394551829685,2.4743421748016414e-05,0.059909120202064514,0.04086135375121283,1.3934837735450287e-05,0.04858848452568054,0.033993820881559736,8.728566299319497e-06,0.04070548713207245,0.02901337609168083,5.904152777798027e-06,0.034790899604558945,0.02524770571598931,4.2393775010857604e-06,0.030215203762054443,0.022305574327234238,3.1949745012790652e-06,0.026585619896650314,0.01994698414845126,2.5079740057600804e-06,0.02364538237452507,0.01801742385658953,2.039727978332953e-06,0.021313142031431198,0.016413175471363558,1.7119187588364276e-06,0.019452661275863647,0.015062097844386857,1.477404474247079e-06,0.017918553203344345,0.013912485055034124,1.306127305858707e-06,0.016728993505239487,0.012926305777260236,1.1780924838206895e-06,0.015709327533841133,0.012074928198541914,1.07986831870524e-06,0.014830604195594788,0.011336283669585273,1.0026287472467495e-06,0.014071705751121044,0.010692936427418202,9.407580426054594e-07,0.013415885157883167,0.010130785967385958,8.906717176697635e-07,0.012848795391619205,0.009638210034204854,8.499310470345043e-07,0.012357763014733791
617,7,block_output,Horizontal,1,0.18173256055230186,0.021833347558350213,0.9885265827178955,0.058870560770469996,8.592607770441661e-05,0.08056429028511047,0.03846018592871371,1.8327357236898953e-05,0.046444881707429886,0.02845816488658625,7.368385135222965e-06,0.033546749502420425,0.022531784568277615,3.8284561267500715e-06,0.02643597312271595,0.018672232678721822,2.359970823042125e-06,0.02244119718670845,0.016004989721945355,1.6546326395577908e-06,0.01962793804705143,0.01409077849830427,1.2823032359542825e-06,0.01759020984172821,0.012681433753598304,1.0710517280454848e-06,0.016082698479294777,0.011624075590618073,9.436812853767524e-07,0.014947744086384773,0.01081862339069919,8.626415559423799e-07,0.014080673456192017,0.010196833206074578,8.085552972844541e-07,0.01340994518250227,0.00971093192873966,7.708748809823548e-07,0.012884898111224174,0.00932689889940241,7.435660675133461e-07,0.012468863278627396,0.009020165037659426,7.23032325872198e-07,0.012135280296206474,0.008772748108539317,7.070898191636598e-07,0.011865101754665375,0.008571307707045759,6.944151467074768e-07,0.011644760146737099,0.00840581688172524,6.842379402240862e-07,0.011464593932032585,0.008268668390219175,6.761131947989265e-07,0.011317366734147072,0.008154077026697378,6.697222431962786e-07,0.01119711808860302
617,7,block_output,Gaussian,1,0.309593917831542,0.1627675799332795,2.0472493171691895,0.07484146089307846,0.00014769597713721027,0.10144512355327606,0.05087768079506026,3.528264514097342e-05,0.06563124060630798,0.03869054779883415,1.5345719472694857e-05,0.048701994121074677,0.030981418395799303,8.259348440070234e-06,0.03799944743514061,0.02566902655812483,5.054342184779185e-06,0.03073558211326599,0.02182899516016718,3.4014723634452854e-06,0.025616690516471863,0.018963332687105452,2.4621472967629405e-06,0.022082479670643806,0.01677185229010998,1.883862201168441e-06,0.01979175955057144,0.015061655569644202,1.5037875275088138e-06,0.017974290996789932,0.013703873321887047,1.2406526336252567e-06,0.016512522473931313,0.012609985568338916,1.0509588928891226e-06,0.015321735292673111,0.011717745561211829,9.099086327691057e-07,0.014340625144541264,0.010982386058285123,8.025203897616212e-07,0.013524539768695831,0.010370990823185633,7.192503952781273e-07,0.012840492650866508,0.0098588437669807,6.537403055264703e-07,0.012263558804988861,0.009427039218800408,6.016183141533198e-07,0.011774479411542416,0.009060883864996925,5.597867207129236e-07,0.011358012445271015,0.008748787144819895,5.259964666812429e-07,0.011001874692738056,0.008481511920099221,4.985628673810853e-07,0.010695995762944221
617,8,block_output,Vertical,1,0.16048376451409052,0.006177132961496263,0.48848575353622437,0.06500092201999255,0.0001051733956006442,0.09194241464138031,0.04122777472412775,3.1062343586968035e-05,0.05680994689464569,0.029224840983275383,1.37184328921662e-05,0.03869771957397461,0.022325222986558126,7.583392346493035e-06,0.028433671221137047,0.0180166894717822,4.884483692296134e-06,0.022687433287501335,0.015184936512793814,3.553002927468334e-06,0.01915496215224266,0.013254167985111948,2.832075819694748e-06,0.016712220385670662,0.011901213137048578,2.4132494760783954e-06,0.014987405389547348,0.010931900517630672,2.1535226376702805e-06,0.013748780824244022,0.010224637390661335,1.9834522172764113e-06,0.012847799807786942,0.009700381330081395,1.8681929178883377e-06,0.012277255766093731,0.009305747824587993,1.788586576247169e-06,0.01194307953119278,0.009003374444705153,1.732861331060716e-06,0.01167430728673935,0.008766722673225024,1.6929559719026343e-06,0.011453645303845406,0.008577469048932904,1.6632909098782272e-06,0.01127617247402668,0.00842363600219999,1.6404861337808953e-06,0.011139907874166965,0.008297519011807346,1.622663924214045e-06,0.011039987206459045,0.008193830442097452,1.6085013934467131e-06,0.010969355702400208,0.008108585910309874,1.5967562890423295e-06,0.010920921340584755
617,8,block_output,Horizontal,1,0.8499926763867575,1.6217102986167384,5.665483474731445,0.15116976769197554,0.0006410189698395919,0.21732854843139648,0.1010358455398726,0.00017178509078554028,0.13567692041397095,0.07599118783596963,6.604320475371557e-05,0.09472104907035828,0.06150197219990548,3.451955841092533e-05,0.07217498123645782,0.05179013116728692,2.154877315760928e-05,0.06038030609488487,0.044668145359508575,1.485983243730977e-05,0.052100807428359985,0.039191365064609615,1.0920626502339416e-05,0.0456734299659729,0.034860330352944044,8.407375654878763e-06,0.04054299369454384,0.031367422391970955,6.713964279244318e-06,0.036377280950546265,0.028506134976706808,5.525066276207218e-06,0.0329536534845829,0.02613121424875562,4.662981169378351e-06,0.030353637412190437,0.024137513238995795,4.021592266502698e-06,0.02819269523024559,0.022447314704694445,3.534493368502922e-06,0.026344507932662964,0.021002176380346693,3.158412898844172e-06,0.02475108951330185,0.019757475733520494,2.864197933503876e-06,0.023368436843156815,0.018678649491260923,2.631622605358285e-06,0.022162428125739098,0.01773855337015693,2.4462816122500047e-06,0.021172694861888885,0.0169155824752081,2.29763032195195e-06,0.020392704755067825,0.01619231409674126,2.1777329759440947e-06,0.019705239683389664
617,8,block_output,Gaussian,1,0.19349781163628138,0.012687776831562126,0.720386803150177,0.07183605745907813,0.00016488422731723132,0.09590606391429901,0.044574033114172164,3.520886158726126e-05,0.058589108288288116,0.03177131230514201,1.2492204083768555e-05,0.04103713482618332,0.02458657537187849,5.791858073744459e-06,0.03106757625937462,0.02011540818900343,3.2311512914625076e-06,0.02492484264075756,0.017148302498436165,2.0840425259191966e-06,0.02088170126080513,0.015085336707887195,1.5028189905292657e-06,0.018066052347421646,0.013598500410952265,1.1796797441885683e-06,0.016029642894864082,0.012496578521908277,9.873381674432133e-07,0.014632681384682655,0.011661646444173087,8.668921497504236e-07,0.01382264494895935,0.01101768222297468,7.885255165956002e-07,0.013201018795371056,0.010513596502797944,7.358312121980685e-07,0.012719294056296349,0.010113894200277708,6.992555232921556e-07,0.012342729605734348,0.009793293248448107,6.731838670343055e-07,0.012045018374919891,0.00953336398575514,6.543507479325694e-07,0.011804874986410141,0.009320394490801152,6.408068497869152e-07,0.011604459956288338,0.009144122490570658,6.311896369910605e-07,0.011430444195866585,0.008996993362430542,6.243929289078284e-07,0.011275566183030605,0.008873528113499993,6.195787822154514e-07,0.011136983521282673
617,9,block_output,Vertical,1,1.120641112564102,2.748739345472952,6.78654670715332,0.12057506186621529,0.0002960092514527553,0.16198167204856873,0.0844034536017312,7.765798026608862e-05,0.11112836003303528,0.06524511196074032,3.354470013762003e-05,0.08505087345838547,0.053224714265929327,1.8519131382549263e-05,0.06813418865203857,0.04485403746366501,1.1961278966151694e-05,0.056261077523231506,0.03862934169315156,8.52756155359902e-06,0.04758547618985176,0.033804950259980704,6.492784333512173e-06,0.04107207432389259,0.029959043192248496,5.178068138735831e-06,0.03618311136960983,0.0268286182471211,4.274913253813497e-06,0.033118754625320435,0.0242385927232958,3.626899305559151e-06,0.030500590801239014,0.02206718052426974,3.1467717520292935e-06,0.02824546955525875,0.020226975873349203,2.781790014659656e-06,0.026290487498044968,0.01865361041078965,2.4981638386494383e-06,0.024586722254753113,0.01729856168348638,2.27344521991791e-06,0.023095380514860153,0.016124444008464852,2.09235567013976e-06,0.021785151213407516,0.015101876242884569,1.94433460523855e-06,0.020630475133657455,0.014207360645135244,1.8219452333224815e-06,0.019610274583101273,0.013421829937705918,1.719859852263089e-06,0.018707040697336197,0.012729625468925825,1.6341702488905802e-06,0.017906086519360542
617,9,block_output,Horizontal,1,0.16123808234456985,0.006812674430770243,0.5614895820617676,0.0614519738370464,0.00011088134794916797,0.0824815034866333,0.037257709614341224,1.8062329553116608e-05,0.04725217819213867,0.02672740388365965,5.794177668347579e-06,0.033645614981651306,0.02093705605892908,2.7932518222476783e-06,0.0262612197548151,0.017374881735396763,1.7663405497215481e-06,0.021673183888196945,0.015053601994637459,1.354878334131761e-06,0.01861952431499958,0.01348097628307721,1.1749572804767534e-06,0.016529107466340065,0.012378966731448022,1.0895195597588306e-06,0.015362881124019623,0.011582391262645758,1.0429182855569904e-06,0.014738034456968307,0.010990040820269357,1.0114625694214766e-06,0.014266598969697952,0.010538871680933332,9.863613757787716e-07,0.013899294659495354,0.01018829665900696,9.652663372043601e-07,0.013605749234557152,0.0099109433709629,9.476929062182956e-07,0.013367676176130772,0.009687943191873648,9.33401311823175e-07,0.013173258863389492,0.009506101380028421,9.219478866460967e-07,0.013013276271522045,0.009355988405230973,9.126875377481854e-07,0.012880297377705574,0.009230745180199543,9.05008536916587e-07,0.01276881992816925,0.009125357005922567,8.985238953787428e-07,0.012674768455326557,0.009036137064593651,8.930542043787392e-07,0.012594746425747871
617,9,block_output,Gaussian,1,0.11855512904742407,0.00277534535617801,0.3544033169746399,0.05285281522406472,6.092973614339275e-05,0.07204711437225342,0.03476603843626522,1.5962704102815142e-05,0.044973354786634445,0.025676626120767897,6.474816439904121e-06,0.03162260353565216,0.02035562362935808,3.4203356081034266e-06,0.024307668209075928,0.016977188473064748,2.1524047852433774e-06,0.020489521324634552,0.014720072274998067,1.5260730319329437e-06,0.01823442429304123,0.013159694194438912,1.184499737525184e-06,0.016580017283558846,0.01205173587160451,9.854991260869923e-07,0.015376100316643715,0.011246848127080334,8.637146380302617e-07,0.014487551525235176,0.01065027956215162,7.861841480422628e-07,0.013821428641676903,0.010200092968131815,7.358626892839225e-07,0.013318984769284725,0.009854911811768062,7.038525051103531e-07,0.012940915301442146,0.009586659370965901,6.849127647609866e-07,0.01265583373606205,0.00937596605055862,6.749583285672168e-07,0.012436622753739357,0.009209162718246854,6.70538066143119e-07,0.012262221425771713,0.009076385307938807,6.69177131168945e-07,0.012118191458284855,0.00897034156387524,6.693973137480253e-07,0.011995278298854828,0.00888542825770047,6.704261069883876e-07,0.011887781322002411,0.008817159482056186,6.719127969305328e-07,0.011792585253715515
562,5,block_output,Vertical,1,0.25650492440613487,0.11569835879646699,1.7710700035095215,0.0539592361994206,7.550110266658081e-05,0.0738697201013565,0.035691003418631025,1.3515395646565296e-05,0.04443325102329254,0.026959693000193626,5.346793463193063e-06,0.03247562423348427,0.021655599778843303,2.9189845400014045e-06,0.025798309594392776,0.01805339865977802,1.914719931064024e-06,0.02143392153084278,0.015448782164307813,1.41428619520051e-06,0.018342263996601105,0.013489300710341287,1.1335380678544665e-06,0.016045283526182175,0.011973018462340983,9.625268850775799e-07,0.014283226802945137,0.01077391520615608,8.521748985395372e-07,0.012960301712155342,0.009808648333308242,7.780119720570933e-07,0.012098390609025955,0.00901981374426257,7.266316049615356e-07,0.011386899277567863,0.0083667112750903,6.901225928165399e-07,0.010791929438710213,0.007819866924177087,6.635803104819966e-07,0.010288862511515617,0.007357560319914704,6.438684548761781e-07,0.009859390556812286,0.00696351399113025,6.289317348395323e-07,0.00948964525014162,0.006625315839690822,6.173901666815581e-07,0.009168940596282482,0.006333333151858477,6.082931141848618e-07,0.008888939395546913,0.006079967717625319,6.009681570737412e-07,0.008643059059977531,0.005859134873996179,5.949293331732893e-07,0.008426066488027573
562,5,block_output,Horizontal,1,0.4011178932019642,0.2888293899412035,2.7307491302490234,0.07666528502863551,0.0002626473694760581,0.11349968612194061,0.04691699070353356,3.447563484549092e-05,0.06297125667333603,0.03534571341578922,1.2165713757271431e-05,0.04499286413192749,0.028517268184158538,6.087840010243369e-06,0.03511909395456314,0.0238554049874582,3.519349570067772e-06,0.02849419414997101,0.020480382537084913,2.266084547862883e-06,0.024477053433656693,0.017944925819479284,1.6011529831512304e-06,0.02152983844280243,0.015986560326483514,1.2250541783878858e-06,0.019178904592990875,0.014440084009298257,1.0000270545236119e-06,0.01728314533829689,0.013196634128689766,8.579083323912215e-07,0.01573989912867546,0.012181759102358705,7.632497222734609e-07,0.014472031965851784,0.011342858910442346,6.969854028986631e-07,0.01342085562646389,0.010641754146606203,6.48601610702418e-07,0.012541718780994415,0.01005014552483483,6.121059439994352e-07,0.01189235970377922,0.009546712780046084,5.83893294735931e-07,0.011373169720172882,0.009115155017565168,5.616436034842374e-07,0.010931085795164108,0.00874282421159839,5.4377931188401e-07,0.010558748617768288,0.008419757450206412,5.291956488195798e-07,0.01023575197905302,0.008137998836381095,5.171043343559661e-07,0.009954012930393219
562,5,block_output,Gaussian,1,0.8715886572996775,1.7137879403224123,5.300905227661133,0.09695875218936376,0.00020053866562528687,0.12710972130298615,0.06583424598451644,4.24082040135323e-05,0.08209031820297241,0.05074357401047434,1.8337969593464136e-05,0.06249788776040077,0.04145798051641101,1.044473496474601e-05,0.05073307082056999,0.0350865630344266,6.748416306483285e-06,0.04265742748975754,0.030413606455401768,4.701605291011382e-06,0.03665779158473015,0.026815339361154843,3.4442517548379903e-06,0.031970418989658356,0.023949120932864765,2.6190031471356107e-06,0.028199583292007446,0.021612669740404402,2.0527862417169135e-06,0.025113757699728012,0.019676542766983548,1.6515490384514783e-06,0.022789204493165016,0.018051924952675425,1.3600718988090296e-06,0.021017108112573624,0.016674693437322738,1.144117508708744e-06,0.01949113979935646,0.015496883925700944,9.815181210198301e-07,0.01816990226507187,0.014481723530306703,8.573998232822471e-07,0.017019793391227722,0.013600521321807588,7.615033731727212e-07,0.016013257205486298,0.012830585330015137,6.865883660345294e-07,0.01512761041522026,0.012153791027173164,6.274585699367752e-07,0.01434413529932499,0.01155553406311406,5.80329980651499e-07,0.013647357001900673,0.011023966625096306,5.424170633500777e-07,0.013024523854255676
562,6,block_output,Vertical,1,0.4437711779323835,0.3967574149257145,2.935474395751953,0.07658196554060966,0.00015296208654349454,0.1031537726521492,0.05235141781823976,3.0705546723169495e-05,0.0647519901394844,0.04003325512721425,1.4946976140908087e-05,0.048559024930000305,0.03205702997862347,8.898717525257297e-06,0.038519952446222305,0.026556226498787364,6.030415817243836e-06,0.031716711819171906,0.022595778639827455,4.469643252481971e-06,0.026867566630244255,0.019643523316416476,3.5170766444880703e-06,0.023377317935228348,0.017377734583403383,2.880925460348307e-06,0.02072210982441902,0.015595491650322127,2.428535233842264e-06,0.01880325749516487,0.01416414375934336,2.0935843129679863e-06,0.017297828570008278,0.012994125662815003,1.839241728784672e-06,0.016061684116721153,0.012023219868304237,1.6429420133447822e-06,0.015034220181405544,0.011207146998790522,1.4896831102327473e-06,0.014170796610414982,0.0105137290462615,1.3688462718310869e-06,0.013438297435641289,0.009919120641868739,1.2726231482506743e-06,0.012811924330890179,0.0094053094526605,1.195195425799145e-06,0.012272810563445091,0.008958433399952594,1.1322318555723082e-06,0.011806270107626915,0.008567635191693193,1.0805167610361827e-06,0.011400655843317509,0.00822426810387581,1.0376598563130285e-06,0.011046571657061577
562,6,block_output,Horizontal,1,1.4941291508693544,4.634790375530791,8.503334045410156,0.1340819856240636,0.0005979636519576176,0.1937216818332672,0.08486380865649572,0.00011774261233811434,0.10944189131259918,0.06321375338094574,3.425283777117983e-05,0.07529325783252716,0.051981086059222144,1.7204178585122303e-05,0.06003861874341965,0.044671175380547844,1.1407701392901307e-05,0.05144388973712921,0.0392379319029195,8.380823094829955e-06,0.04506484791636467,0.034972782468511945,6.480413334499787e-06,0.04011037200689316,0.03152752791841825,5.1924462208193155e-06,0.03614583611488342,0.028684743783540197,4.277098532914999e-06,0.032896190881729126,0.02629716889489265,3.6025518757786253e-06,0.03017982468008995,0.024262156603591784,3.0909890122588834e-06,0.027874009683728218,0.02250672522045317,2.6940130315258477e-06,0.025893326848745346,0.02097787885438828,2.3801034851138426e-06,0.024176154285669327,0.019636167035925956,2.1278608337540314e-06,0.02267630584537983,0.01845144991955114,1.92228301768313e-06,0.02135811373591423,0.017400122129373134,1.7525948530983768e-06,0.02019345946609974,0.016463273751830296,1.6109115835015959e-06,0.019159775227308273,0.015625462142957583,1.4913791622163388e-06,0.01823868229985237,0.014873877596405764,1.3895948839399245e-06,0.017415033653378487
562,6,block_output,Gaussian,1,0.3813200927679501,0.2633652421152282,2.411045551300049,0.07528267854026385,0.00016267815020484574,0.1044975072145462,0.04921525078160422,2.3806778903541175e-05,0.05851218104362488,0.03734411180965484,9.999928200571837e-06,0.04387801140546799,0.030047194027001897,5.471735099435175e-06,0.0353986881673336,0.02514037067100169,3.4909333122351216e-06,0.029591549187898636,0.021630412558951075,2.4659014046805926e-06,0.02539709210395813,0.019003769915018762,1.8674961796549233e-06,0.022242680191993713,0.01697406347190577,1.488207769236184e-06,0.01979772560298443,0.015368250834326896,1.2331345257751974e-06,0.017857659608125687,0.014074460440684878,1.053727543746306e-06,0.01628834754228592,0.013016611707234194,9.230644347583658e-07,0.015090897679328918,0.012140998808992288,8.252018835211912e-07,0.014159472659230232,0.011408622287923382,7.502143777225005e-07,0.0133720263838768,0.010790507575230939,6.916987336471516e-07,0.01269978005439043,0.010264705526568586,6.45401454781529e-07,0.012121204286813736,0.009814303250066818,6.083824962440355e-07,0.011619895696640015,0.009426068374147964,5.785229040872051e-07,0.011183071881532669,0.009089510207847944,5.542357172513525e-07,0.010800519958138466,0.008796209728138315,5.343028001020233e-07,0.010463954880833626
562,7,block_output,Vertical,1,0.11194614752654046,0.003164470638265675,0.3021143972873688,0.038919993809291294,4.441432476918639e-05,0.05212022364139557,0.02339872114715122,8.366724967137608e-06,0.02920866757631302,0.01648963408337699,3.1252631657244123e-06,0.020640436559915543,0.012791594194750937,1.816108517204943e-06,0.01606638729572296,0.01059595112585359,1.3555425186750557e-06,0.013364341109991074,0.009208007242589716,1.1475335560673268e-06,0.012051573023200035,0.008291413423620046,1.0353275761701555e-06,0.011193623766303062,0.007666113313346628,9.672762545192813e-07,0.010592380538582802,0.007228548993312177,9.22918479729642e-07,0.010160846635699272,0.006915657574103938,8.927751835379441e-07,0.009844750165939331,0.006687334457796718,8.717112614703869e-07,0.009609643369913101,0.006517378073776998,8.56324285155697e-07,0.009433108381927013,0.006388575163862062,8.440401434307566e-07,0.009300127625465393,0.00628973702560105,8.332706067600571e-07,0.009200496599078178,0.006213436804948345,8.235182220028431e-07,0.009126957505941391,0.006154381152656343,8.148889639746839e-07,0.009073829278349876,0.006108601326270709,8.075810605279174e-07,0.009036432951688766,0.006073095103991883,8.016830561662889e-07,0.009010851383209229,0.006045592268781056,7.971529978483526e-07,0.008993800729513168
562,7,block_output,Horizontal,1,1.2888287111880288,3.713109666944117,7.343720436096191,0.12647312962346607,0.00027872200530470244,0.16028621792793274,0.08735567071135082,6.597379137585977e-05,0.10452602803707123,0.06838148235092087,2.8066622149507946e-05,0.07997328042984009,0.05686924352295815,1.7713734503923982e-05,0.06886619329452515,0.048644758406139556,1.2786174202510397e-05,0.060103125870227814,0.042366508335348156,9.722307355081566e-06,0.05302424728870392,0.037424455618574506,7.623058777137667e-06,0.0472230389714241,0.03345057900462832,6.117543040843684e-06,0.04241152107715607,0.03019913818155016,5.006570572704448e-06,0.03838009387254715,0.027499358864530685,4.1689269385904736e-06,0.03497341275215149,0.025229571771527095,3.5259132946021436e-06,0.0320737361907959,0.023301171759764355,3.0245812822958355e-06,0.02958996780216694,0.021648214597787176,2.628434897063294e-06,0.027450624853372574,0.020220560391270924,2.311720214859042e-06,0.025598959997296333,0.01897933768729369,2.055873535741021e-06,0.023989368230104446,0.017893882098770332,1.8472457145658367e-06,0.022584784775972366,0.016939650422760417,1.675631070794857e-06,0.021354705095291138,0.016096748618616,1.5333146637015406e-06,0.020273808389902115,0.015348888904092804,1.4143809226403057e-06,0.019320886582136154
562,7,block_output,Gaussian,1,0.7174076475794353,1.0246269306235478,4.348849773406982,0.11784845235801879,0.000487040263961693,0.17369434237480164,0.0772930539198338,9.40267495728473e-05,0.10000362992286682,0.05938106095270505,3.947477777629873e-05,0.07456299662590027,0.048377194870559,2.1514592221343787e-05,0.058844953775405884,0.04063603240582678,1.3066033819833078e-05,0.04814038425683975,0.03487481493207197,8.55346561041558e-06,0.040782589465379715,0.030443321174335857,5.956172239884976e-06,0.035263851284980774,0.02695382070091982,4.370875342727617e-06,0.030965374782681465,0.024154994163721327,3.352414856581189e-06,0.02781471610069275,0.021875181043195347,2.6680008499616777e-06,0.025400768965482712,0.019992993109756045,2.1900455308450716e-06,0.023386375978589058,0.018420480073444427,1.8452080447267025e-06,0.021693777292966843,0.01709274118322702,1.5892821983281672e-06,0.020261643454432487,0.01596114204989539,1.3943735190851e-06,0.019040821120142937,0.01498871317340268,1.2422587866525944e-06,0.01799185946583748,0.014146974886811915,1.1208088425759157e-06,0.017083419486880302,0.013413691390601416,1.0219112072650574e-06,0.01629084162414074,0.012771267251717665,9.400977118955475e-07,0.01559471059590578,0.012205609031731174,8.715863564280821e-07,0.014979477971792221
562,8,block_output,Vertical,1,0.15681079574047574,0.005662669828219438,0.37493085861206055,0.05714621826533287,0.00010178667252755234,0.07624073326587677,0.034868459320730634,2.1511477895304507e-05,0.043877847492694855,0.024462442401619183,8.758879621492703e-06,0.031140003353357315,0.01869726614169185,4.951670784198231e-06,0.024110963568091393,0.015256413184697665,3.4910252872240195e-06,0.019782202318310738,0.013088165087595818,2.8303129657467258e-06,0.017032407224178314,0.01165857303532816,2.483899874631397e-06,0.015237629413604736,0.010681382417383175,2.2761456446230233e-06,0.014035714790225029,0.009995192555444581,2.13691478065486e-06,0.013198809698224068,0.009502238431383692,2.037321994937552e-06,0.012591969221830368,0.009140578527299185,1.9624563776737574e-06,0.012132842093706131,0.008869908114392606,1.9037231816452771e-06,0.011770784854888916,0.00866378585083617,1.8569983545781647e-06,0.011570621281862259,0.008504869342441596,1.8203740067721534e-06,0.01146797463297844,0.008381351932055421,1.7920516451456062e-06,0.011394962668418884,0.008284729558028399,1.770122314292044e-06,0.01134424563497305,0.008208622372457905,1.7529508590898174e-06,0.011309552937746048,0.008148176218604758,1.7393650667562299e-06,0.011285155080258846,0.008099762648935355,1.7286378673357093e-06,0.011266323737800121
562,8,block_output,Horizontal,1,0.31909045860880897,0.1374079574086333,2.2007460594177246,0.10151449106042347,0.0003001174546291029,0.1337963342666626,0.06610601229800118,6.230237275996519e-05,0.0819462239742279,0.049606823613719334,2.2186416400555364e-05,0.059276849031448364,0.039834359985968425,1.1057660297157564e-05,0.04616991803050041,0.03327404355837239,6.750395079503879e-06,0.03772210329771042,0.028563706588650508,4.770149775951091e-06,0.032758332788944244,0.025032125502115206,3.717807521226494e-06,0.02907770872116089,0.022307049423929245,3.085385848707372e-06,0.026188043877482414,0.02016170098195,2.6703536143331905e-06,0.023871339857578278,0.018447830031315487,2.381090158863883e-06,0.021991726011037827,0.01706325565834367,2.1704275061869474e-06,0.020453503355383873,0.015934590250253677,2.011758961900529e-06,0.019184770062565804,0.015007544057591566,1.8892077121549239e-06,0.018161382526159286,0.014241123808518288,1.7930379877507745e-06,0.01740116812288761,0.013603900500114948,1.7171639562406215e-06,0.016766279935836792,0.013071491767371457,1.657523533711862e-06,0.016236331313848495,0.012624795459920452,1.6109863366493013e-06,0.015793919563293457,0.012248681074688359,1.5748212282367068e-06,0.015423750504851341,0.011931011468053811,1.546652078535972e-06,0.015112778171896935
562,8,block_output,Gaussian,1,0.5381650352288806,0.6547619071581503,3.649806499481201,0.11080705823879393,0.000214272608354755,0.14656782150268555,0.079783857578323,7.530237540109262e-05,0.10317635536193848,0.061761744024734645,3.6526605272792027e-05,0.07790746539831161,0.04995025440104424,2.0687203440845933e-05,0.06239655241370201,0.041695772773689695,1.306102868453758e-05,0.05195926874876022,0.035652030850686724,8.941091484326233e-06,0.04442361742258072,0.031064527345791695,6.518437654679856e-06,0.03871539235115051,0.027483907927359854,4.998929147944914e-06,0.03425409272313118,0.024627559862676122,3.993804161673609e-06,0.030692096799612045,0.022308825116072382,3.2962789613472e-06,0.027799028903245926,0.0203993772821767,2.7896116213510105e-06,0.025410374626517296,0.01880822830375225,2.4055365162260142e-06,0.023404238745570183,0.017469323166306058,2.1039082181925618e-06,0.021691206842660904,0.01633367156757722,1.861384155945407e-06,0.02020893804728985,0.015364094785163327,1.664112909626333e-06,0.018916085362434387,0.014531718374836066,1.5030083708019102e-06,0.01778491772711277,0.013813673548163876,1.3711696585527042e-06,0.016794467344880104,0.013191582901137216,1.2629047377317521e-06,0.01592685654759407,0.01265049883947959,1.1734802234312628e-06,0.015166074968874454
562,9,block_output,Vertical,1,0.31032447138475994,0.15699753002177141,1.847538948059082,0.0798164786445716,0.0001382110559574126,0.1072753369808197,0.05445585458997696,3.6504729276604175e-05,0.06810975819826126,0.0413301129426275,1.7298867346825312e-05,0.05111256241798401,0.03302476374757669,1.0166405754561615e-05,0.04058510810136795,0.027261231656348896,6.683252049137525e-06,0.03312062472105026,0.023049802061111208,4.761192481979929e-06,0.028378549963235855,0.019870849326252937,3.6180986129212756e-06,0.025164734572172165,0.017419530847479426,2.898664621007378e-06,0.022641774266958237,0.015501683208322714,2.4248771450479017e-06,0.020641090348362923,0.013984977489426023,2.1016521378824593e-06,0.0190405435860157,0.012774672654886094,1.8748013329714028e-06,0.017750006169080734,0.011801061737868521,1.7116245142360112e-06,0.016702258959412575,0.01101208541778818,1.5916654058300221e-06,0.015846392139792442,0.010368406255212095,1.5017587894083216e-06,0.015143206343054771,0.009839971601549122,1.4331811436974232e-06,0.014562025666236877,0.009403582388860366,1.379951647408869e-06,0.014078469946980476,0.009041168298276643,1.3378598333317574e-06,0.013673202134668827,0.008738566603925493,1.303922634599798e-06,0.013331286609172821,0.008484658230805681,1.276070340154332e-06,0.0130416639149189
562,9,block_output,Horizontal,1,0.11278798253763289,0.0018340927732793323,0.2507091760635376,0.04289682966376108,6.517636984775395e-05,0.058585669845342636,0.02589189042411153,9.403972347502599e-06,0.03245968371629715,0.018720053047651335,3.231442512994033e-06,0.02346958965063095,0.01489586526498435,1.7125676794459934e-06,0.0186172965914011,0.01268450188494864,1.2294543291706444e-06,0.01581024006009102,0.011342326977423258,1.0541723845012375e-06,0.014138646423816681,0.010494632306434805,9.839939089925197e-07,0.013427980244159698,0.009939410324607576,9.509779531159149e-07,0.012965230271220207,0.009566401826247337,9.299195122861015e-07,0.01265663467347622,0.009311886873864939,9.139749265150124e-07,0.012445790693163872,0.009135097886125246,9.014581785151354e-07,0.012299740687012672,0.009009577585236421,8.915063675996746e-07,0.012198210693895817,0.008918843527753201,8.835878443923951e-07,0.012127187103033066,0.00885256299275964,8.773382330961302e-07,0.012076953426003456,0.008803733698432408,8.723418864049937e-07,0.012041263282299042,0.00876741616853646,8.683472924969762e-07,0.012016309425234795,0.008740094386869006,8.653782120185694e-07,0.011999896727502346,0.008719362030249266,8.635868158724396e-07,0.011990582570433617,0.008703669644005242,8.629506467382117e-07,0.011986939236521721
562,9,block_output,Gaussian,1,0.08522933816152906,0.0007714366970595256,0.15749773383140564,0.03855452828464054,4.6080166874663027e-05,0.055820297449827194,0.024511676370387987,1.0396888053035514e-05,0.03281056135892868,0.018063835400555815,3.6156001454622214e-06,0.022335277870297432,0.014642255824236642,1.8024039974036085e-06,0.017232678830623627,0.012674213978388006,1.2247904968651857e-06,0.015157990157604218,0.011466026513112916,1.0010725650229293e-06,0.014242254197597504,0.010691465410803045,9.02849096583701e-07,0.01364810299128294,0.010179818977439215,8.553244285409276e-07,0.01323472335934639,0.009833665645962197,8.297054283215078e-07,0.012928198091685772,0.009593963039122404,8.143843562326485e-07,0.012689072638750076,0.009423795459230267,8.045568047206006e-07,0.012496024370193481,0.009299479380604766,7.979866479367761e-07,0.012337686493992805,0.009205740093002244,7.935348001774875e-07,0.012207141146063805,0.009132797090661905,7.906187851448172e-07,0.012099193409085274,0.00907442874703852,7.889124458663664e-07,0.012009657919406891,0.009026699647721317,7.88184294608072e-07,0.011935314163565636,0.008987126568894065,7.882306425471862e-07,0.011873750016093254,0.008954107354853361,7.888621781763776e-07,0.011823092587292194,0.008926550436410167,7.899120552863273e-07,0.011781802400946617
499,5,block_output,Vertical,1,0.25340868154215435,0.10357860552233472,1.6479451656341553,0.05731649004987308,8.630467228226155e-05,0.07599383592605591,0.03747588195024975,1.6806816379336682e-05,0.0451415553689003,0.028069624145116125,7.005656960434146e-06,0.03311177343130112,0.022380668256017897,3.934131900023e-06,0.02666618674993515,0.01853358272522215,2.627061916633593e-06,0.022476837038993835,0.015768475135758755,1.972802638509196e-06,0.019438523799180984,0.013701538510975383,1.6071361439817673e-06,0.01716674491763115,0.012112363877277526,1.3837504829325182e-06,0.015428700484335423,0.010863825190989744,1.2365230625294904e-06,0.014072544872760773,0.009865608273280991,1.133232234118933e-06,0.012994788587093353,0.009055658361859738,1.057059227134756e-06,0.012123663909733295,0.008389994797725526,9.985282235667492e-07,0.011408933438360691,0.007836743006630549,9.519759346137305e-07,0.010814972221851349,0.00737239123277721,9.138878380387165e-07,0.010316019877791405,0.006979319473935498,8.820159508708921e-07,0.00989303644746542,0.00664412480084196,8.548794183784872e-07,0.00953160785138607,0.006356461919725887,8.314756522234716e-07,0.00922057218849659,0.006108231613382933,8.111119965103118e-07,0.008951142430305481,0.005893004762511405,7.932954100198818e-07,0.008716311305761337
499,5,block_output,Horizontal,1,0.11212454375530047,0.004807575391851759,0.47414371371269226,0.03607090663105723,3.396077144046714e-05,0.04771021008491516,0.023050262311857844,5.477658404998293e-06,0.027309022843837738,0.017166165738470025,2.053600955666805e-06,0.02020365744829178,0.013831320366570874,1.2321102665407911e-06,0.016604119911789894,0.011723388740349384,9.353320680887643e-07,0.014367179945111275,0.010291999678999658,7.910745694482898e-07,0.012841640040278435,0.009274149993582377,7.073600570868359e-07,0.011752856895327568,0.008528751055044788,6.545005536365628e-07,0.01094631664454937,0.0079727057692787,6.192106103225075e-07,0.010331414639949799,0.007551614949036212,5.944183476095414e-07,0.00985476654022932,0.007228220362097971,5.763381327755922e-07,0.009481011889874935,0.0069762406915071466,5.62705972430859e-07,0.009185596369206905,0.006776878373726966,5.517809197273273e-07,0.00895135011523962,0.006617033580643317,5.422888190209262e-07,0.008765218779444695,0.006487806261117969,5.336723712431057e-07,0.008615597151219845,0.0063828411659905835,5.258527556893375e-07,0.008492615073919296,0.00629724000417997,5.188694747883136e-07,0.00838925875723362,0.006227139487034745,5.1273421622775e-07,0.008312828838825226,0.006169512025302365,5.074175227399284e-07,0.008252236060798168
499,5,block_output,Gaussian,1,0.5993907301435395,0.7515895409041438,3.9252705574035645,0.08182816520806342,0.00022764915288239903,0.11627715826034546,0.05272767562714834,3.325017976913537e-05,0.06624552607536316,0.04036160942817491,1.2801660673985199e-05,0.048894353210926056,0.03299710083575476,7.193012004688432e-06,0.03923249989748001,0.02794666023599723,4.749735539686683e-06,0.03418070450425148,0.02422694790930975,3.405533008758845e-06,0.030167603865265846,0.02136884413896099,2.5689379065093948e-06,0.026916513219475746,0.019110289949273305,2.012426895766639e-06,0.024254417046904564,0.01728811039633694,1.6269110460850994e-06,0.02205478772521019,0.015793570317327976,1.3521287396939109e-06,0.02022087574005127,0.014550998821736329,1.151824878802591e-06,0.01867823675274849,0.013506041869284615,1.002978469614334e-06,0.017369579523801804,0.012618641649919844,8.904330994957421e-07,0.01625063642859459,0.011858620740000218,8.039439684698036e-07,0.015286969020962715,0.011202830363005872,7.364522517485543e-07,0.0144515261054039,0.01063324020258964,6.830125614409525e-07,0.013722874224185944,0.010135629022168734,6.400999134837398e-07,0.013083890080451965,0.009698652499724948,6.051689731197927e-07,0.012520760297775269,0.009313159430074313,5.763586526856072e-07,0.012022241950035095
499,6,block_output,Vertical,1,0.15389017382311443,0.019758390519645244,0.7641009092330933,0.050019788836675974,6.218454351768037e-05,0.06649582087993622,0.03264408129903059,1.666224682822742e-05,0.042457446455955505,0.023861267559585116,7.424457360940804e-06,0.03126721829175949,0.018686222799477122,4.331715993662988e-06,0.024631815031170845,0.015351114321559195,2.986342685478001e-06,0.02024478279054165,0.013067478727963235,2.2948110442049386e-06,0.017167478799819946,0.011433179357222148,1.893302517857515e-06,0.01493840105831623,0.010224589486680334,1.6382342682594655e-06,0.01328619197010994,0.009308531414717436,1.4651808254048461e-06,0.012038124725222588,0.008600795360666418,1.342096034071152e-06,0.011190569028258324,0.008045443104550479,1.2514508952901512e-06,0.010639820247888565,0.007603854938809361,1.1827792401922892e-06,0.010200018994510174,0.007248645034869985,1.1294908527328838e-06,0.009845815598964691,0.006960017318349509,1.0873480463864744e-06,0.00955875962972641,0.006723408860760549,1.0535330299707692e-06,0.009325068444013596,0.006527911989934861,1.0260476985519136e-06,0.009134054183959961,0.00636520203469055,1.0033380686753146e-06,0.008976911194622517,0.006228815010260968,9.840900844352274e-07,0.008846033364534378,0.0061136906863086754,9.671945537358381e-07,0.00873499270528555
499,6,block_output,Horizontal,1,0.20323834923051654,0.04200819230703797,1.3018293380737305,0.05742538897764115,9.899561521467664e-05,0.08153209090232849,0.03746103838322654,1.8764394244333118e-05,0.04907092824578285,0.02797667348077373,7.393929323976526e-06,0.03574904799461365,0.022332473199755426,3.7958283419287762e-06,0.02795599400997162,0.018668405977743014,2.4156179839789997e-06,0.022986771538853645,0.016137811887477125,1.8130968743559516e-06,0.019570592790842056,0.014311874847090433,1.505500280745414e-06,0.017168981954455376,0.012949887382250929,1.3236603822499196e-06,0.01567082107067108,0.011906134038572274,1.2045222862648054e-06,0.014502935111522675,0.011088659188577108,1.1203421424011144e-06,0.013573983684182167,0.010436970474464553,1.0571444117878123e-06,0.012824507430195808,0.009909681354959806,1.0071957743718436e-06,0.012247683480381966,0.009477605584949728,9.660448418568559e-07,0.011827955953776836,0.009119714188966014,9.312423277420254e-07,0.011478876695036888,0.008820582329044266,9.015378038515236e-07,0.011187052354216576,0.0085686534672739,8.762194735667855e-07,0.01094156876206398,0.008355053555634286,8.546913989000683e-07,0.010733537375926971,0.008172834277271277,8.363631791284165e-07,0.010555888526141644,0.008016487694389764,8.206867076411567e-07,0.010403107851743698
499,6,block_output,Gaussian,1,0.08011647266527963,0.0015434163233244537,0.2351098507642746,0.030880188805952904,2.493475235226524e-05,0.03988051787018776,0.019893642455812485,4.992054181703281e-06,0.023778650909662247,0.014849024263047983,2.0213015397286684e-06,0.0173259936273098,0.012026566598150466,1.1663856122882947e-06,0.013853739015758038,0.01031620121960129,8.418143002347742e-07,0.012121845968067646,0.009221908008117997,6.991680021028855e-07,0.011193165555596352,0.008492819957494263,6.247880212165998e-07,0.010565323755145073,0.007992409066193633,5.806159137646691e-07,0.01012019719928503,0.007641214847801224,5.527157778289862e-07,0.009788556024432182,0.007390684418616787,5.347726619624014e-07,0.009532064199447632,0.007209371198855695,5.232747855732411e-07,0.009327358566224575,0.007075728272043523,5.159733646631307e-07,0.009159982204437256,0.00697455650550269,5.110735866773984e-07,0.009021278470754623,0.0068953690000824516,5.071335159644463e-07,0.008905656635761261,0.006831320763994304,5.03271520373167e-07,0.008808871731162071,0.006778168883765974,4.991858042798882e-07,0.008727476000785828,0.006733361469019973,4.949489728083521e-07,0.008658776059746742,0.006695383472279424,4.907780025018398e-07,0.008600747212767601,0.0066632926981482245,4.868685850793655e-07,0.008551868610084057
499,7,block_output,Vertical,1,0.1211411642531554,0.00319366842523436,0.29044878482818604,0.044861657160615166,6.258659741916712e-05,0.06332646310329437,0.02751858647735346,1.4094041721314821e-05,0.03616136685013771,0.01935659573664741,5.434997480980255e-06,0.02509813755750656,0.014848274001408191,2.9129868025074325e-06,0.019313059747219086,0.012122945076534672,1.951165859024748e-06,0.015822824090719223,0.010382117829211647,1.509294455008835e-06,0.013529622927308083,0.00922527074784277,1.2747745022364625e-06,0.012229673564434052,0.00842911611858105,1.1353018413763795e-06,0.011381028220057487,0.007864283656494485,1.044866095589948e-06,0.010767543688416481,0.007453023079073145,9.832591180823908e-07,0.010311707854270935,0.007147413198023088,9.407613777087582e-07,0.009968236088752747,0.006916824136934583,9.112284001173039e-07,0.009707102552056313,0.006740686040194262,8.902556559705353e-07,0.00950695015490055,0.006604745052754879,8.748837577606011e-07,0.009352819994091988,0.006498934390644233,8.63187203141565e-07,0.009234318509697914,0.006416033709510451,8.539516204359195e-07,0.009143989533185959,0.0063507828846692095,8.464885373133307e-07,0.009076045826077461,0.0062992761931603865,8.404706175249213e-07,0.00902576930820942,0.006258560876761164,8.357523563386218e-07,0.008989335969090462
499,7,block_output,Horizontal,1,0.2399300994381072,0.06560037976033105,1.370082974433899,0.06532706231588409,0.00011127448334589254,0.08715994656085968,0.04277993011332694,2.1546271990285136e-05,0.05244339257478714,0.0319992613106493,8.743114770546842e-06,0.037911951541900635,0.025478256393283133,4.5737996725299096e-06,0.029511544853448868,0.02119315799976152,2.8690345569648895e-06,0.02449685148894787,0.01821178211165326,2.04709678436844e-06,0.021182913333177567,0.016046265302787698,1.594410695883831e-06,0.018707402050495148,0.01442159376742821,1.3180142825911228e-06,0.016869734972715378,0.013172310082212327,1.1371705009289464e-06,0.015521043911576271,0.012193215641355703,1.013172684967443e-06,0.014524980448186398,0.01141438220760652,9.249254714586677e-07,0.013845967128872871,0.010787458395555852,8.600254735436471e-07,0.01329257432371378,0.01027784404891824,8.109334604766234e-07,0.012836411595344543,0.009860099160245486,7.730415242172228e-07,0.012457736767828465,0.00951516344433739,7.435015537959181e-07,0.01214243657886982,0.009228572774205416,7.204141220597766e-07,0.011879438534379005,0.008989198066826378,7.023409346056755e-07,0.01165927667170763,0.008788336038826004,6.880981650875319e-07,0.011473684571683407,0.008619065078655406,6.767380579779187e-07,0.011315827257931232
499,7,block_output,Gaussian,1,0.6626666779555972,1.0755293874715777,4.5612101554870605,0.09928377954259751,0.00021348099047913802,0.13180305063724518,0.06782636661378164,4.806888906006449e-05,0.08510741591453552,0.052302424219392595,1.949104936101802e-05,0.06443724781274796,0.04280032353505256,1.0786784734709729e-05,0.05187951773405075,0.03622830180185182,7.022655728966733e-06,0.043515197932720184,0.031358716772898795,4.978691527096171e-06,0.03754899650812149,0.02759866856984676,3.7086719001445465e-06,0.03302202746272087,0.02461479480067889,2.859087126832653e-06,0.029335474595427513,0.022199449676369862,2.2662802879542355e-06,0.02630358189344406,0.02021419738848058,1.8407516208205234e-06,0.023788252845406532,0.018562235913815953,1.5284195935747956e-06,0.02168467454612255,0.017173415123825034,1.2948205787554248e-06,0.01991235464811325,0.015995475463569164,1.1172092549216131e-06,0.018408890813589096,0.014988661669786013,9.80203645532369e-07,0.017239123582839966,0.014122201661978449,8.731833849780509e-07,0.01632733643054962,0.01337196125042817,7.886781812486125e-07,0.015534860081970692,0.012718786012440447,7.213232524080165e-07,0.014841727912425995,0.012147355972537919,6.671864987568877e-07,0.014232531189918518,0.011645309671404817,6.23329017544618e-07,0.013695495203137398
499,8,block_output,Vertical,1,0.21257638541005908,0.03310295063717945,1.111127495765686,0.0771584619014036,0.00012646969541601024,0.09909023344516754,0.051949298630158104,3.696146916638633e-05,0.06612083315849304,0.03837470154440592,1.6695975090858516e-05,0.04732079803943634,0.030084034368868858,9.449756012112146e-06,0.036265939474105835,0.024629927580318754,6.372066982993837e-06,0.02968747541308403,0.020823609970864795,4.815405940860771e-06,0.02509240247309208,0.018050974944517725,3.917380154821879e-06,0.021778129041194916,0.015971149125742535,3.353735599566304e-06,0.01941310614347458,0.014378436323669221,2.9788279271278227e-06,0.01764180324971676,0.01314031220381222,2.717694227527532e-06,0.016289860010147095,0.01216685992207319,2.5286454909842106e-06,0.015241450630128384,0.011394639839492147,2.387514823494769e-06,0.014418634586036205,0.010777582828369405,2.2795714017854868e-06,0.013789369724690914,0.010281460928834148,2.1953879110713596e-06,0.013315640389919281,0.009880389944310225,2.1287487375479843e-06,0.012936503626406193,0.009554527714730256,2.075434024985862e-06,0.012632311321794987,0.00928853563077393,2.0323793623452753e-06,0.012387353926897049,0.00907051544784317,1.9971233685154725e-06,0.012188742868602276,0.008891240420145176,1.9676699210356252e-06,0.012026267126202583
499,8,block_output,Horizontal,1,0.2962364803940531,0.09717319677525517,1.617318868637085,0.09317492398004683,0.00022400496328200172,0.12271253764629364,0.06075338623116887,4.6025079063258335e-05,0.07445302605628967,0.04552609928780132,1.764941233209248e-05,0.053225040435791016,0.03650143712995544,9.27512603979244e-06,0.04230828210711479,0.03047561784467054,5.762091441087047e-06,0.03526356816291809,0.026191604959349784,4.026345526624759e-06,0.0304933562874794,0.023019818648222893,3.0747309573206375e-06,0.027043793350458145,0.020602091821649716,2.5118183533665173e-06,0.024399567395448685,0.018718435813391967,2.1605765043273494e-06,0.022330157458782196,0.01722612057531637,1.933556529677388e-06,0.020686563104391098,0.01602815002912567,1.783503667662311e-06,0.019366558641195297,0.015056020225442591,1.682920638329346e-06,0.01829717308282852,0.014259906190018806,1.6147976381511063e-06,0.017424777150154114,0.013602784938282438,1.5680816974043454e-06,0.016708943992853165,0.013056726342747136,1.5354172324315199e-06,0.016137899830937386,0.012600386012641211,1.5119876265249579e-06,0.015702201053500175,0.012217207959601803,1.4947454878392942e-06,0.01533316820859909,0.011894134405468191,1.4817714007461735e-06,0.015019996091723442,0.011620720345822592,1.4718071972334003e-06,0.014753595925867558
499,8,block_output,Gaussian,1,0.5028705386415361,0.4694449607044654,3.447920322418213,0.11223338922810933,0.0002700539286454145,0.1513628214597702,0.0767249892510119,7.122066449718973e-05,0.09458152949810028,0.05890903592346206,3.224297889336443e-05,0.0713433176279068,0.0477621853351593,1.7977850300380078e-05,0.05721593648195267,0.04002198381792931,1.1109638100777507e-05,0.04720490425825119,0.034331830573223886,7.40669213841252e-06,0.040172360837459564,0.029984137368580653,5.249813552969699e-06,0.035154685378074646,0.026567615095585112,3.914053110150898e-06,0.031239306554198265,0.023826234959184178,3.0446097238748773e-06,0.028098545968532562,0.021591454389549437,2.454925956378965e-06,0.025523751974105835,0.01974701996715296,2.04113487696648e-06,0.023377936333417892,0.018209588211325425,1.7426893230270735e-06,0.02156875655055046,0.016917491597788676,1.5226729166075317e-06,0.020150143653154373,0.015823973682782953,1.3574472299781477e-06,0.0190027616918087,0.014892925951807271,1.2312007243907973e-06,0.01801403984427452,0.014096065660909055,1.1330595712837774e-06,0.017156731337308884,0.013410958210154185,1.055447365223519e-06,0.01640913635492325,0.012819589115679264,9.930360788444735e-07,0.01575387455523014,0.012307312576070664,9.42071744835987e-07,0.015177113004028797
499,9,block_output,Vertical,1,0.13240971309798105,0.005265800893339155,0.49216708540916443,0.052420403276171,7.706580891697307e-05,0.07414097338914871,0.033289198039306536,1.821304384253483e-05,0.04529379680752754,0.02396602210189615,7.437299328220834e-06,0.031934987753629684,0.0186482048667376,4.172273514907903e-06,0.024587281048297882,0.015345554384920333,2.882001679108858e-06,0.020176347345113754,0.013173133371368287,2.2718175163475317e-06,0.017340555787086487,0.011683476408795706,1.944787823244756e-06,0.01582096889615059,0.010628163548452514,1.7524118103933464e-06,0.014831827953457832,0.009859448328377709,1.631532167195322e-06,0.01411934569478035,0.00928559500191893,1.5499192933946868e-06,0.01358872652053833,0.008848725736791652,1.4881112755870833e-06,0.01317356713116169,0.0085121841421203,1.4360574449488297e-06,0.01283703837543726,0.00825153546969569,1.390664707322045e-06,0.012561244890093803,0.008048991059204416,1.3514695660206202e-06,0.012333969585597515,0.007890939394692107,1.3182378587836226e-06,0.012144055217504501,0.007766773635965018,1.2906183204826988e-06,0.011981861665844917,0.007668129693243712,1.2683115616986653e-06,0.011840801686048508,0.007588427816887224,1.2511193363154887e-06,0.011718245223164558,0.007522679451439116,1.2387253792084967e-06,0.011614441871643066
499,9,block_output,Horizontal,1,0.6317906954458782,0.901931413462013,4.177613735198975,0.11059529263348807,0.00021915578204957978,0.14779096841812134,0.07446453105362635,7.198221668071088e-05,0.09642963111400604,0.054775928871499166,2.7264450844637483e-05,0.06848206371068954,0.0434756377150142,1.2721402245055228e-05,0.052450887858867645,0.03627417745098235,7.237953637981651e-06,0.042557522654533386,0.03122263410616489,4.7321424500127195e-06,0.03587295114994049,0.027448752688037023,3.4070751852697525e-06,0.03103560395538807,0.02451703582136404,2.6383872029385434e-06,0.027484668418765068,0.022179792797754682,2.162856944909941e-06,0.024975871667265892,0.020281341015582995,1.8528923818268186e-06,0.02312471717596054,0.01871686798357774,1.6413787467526869e-06,0.021585574373602867,0.01741240200187479,1.4910887281376278e-06,0.02029525302350521,0.016313982521375968,1.38050460262458e-06,0.019206486642360687,0.015381284915502108,1.2967529257158325e-06,0.018282752484083176,0.014583622681952658,1.2318713248750718e-06,0.017495039850473404,0.01389727828698972,1.1807206228172162e-06,0.016819853335618973,0.013303646477796728,1.1397669713594262e-06,0.016238048672676086,0.012787910725270945,1.106417145730648e-06,0.015734165906906128,0.012338099779472464,1.0787102824552618e-06,0.015295830555260181
499,9,block_output,Gaussian,1,0.228037105311477,0.06386603561621165,1.4167426824569702,0.06981924749792569,9.331786345247232e-05,0.0942184254527092,0.047919738209909864,2.3743934385044194e-05,0.06187939643859863,0.0365487580438928,1.063505930004625e-05,0.04590722173452377,0.029509350007015562,6.107331708061954e-06,0.036115486174821854,0.024786304859887986,4.097428210870144e-06,0.029596081003546715,0.02143967630607741,3.038477418865393e-06,0.02538229338824749,0.018973749988372365,2.403115058798146e-06,0.022733964025974274,0.017105567313375928,1.9880352119236676e-06,0.020700925961136818,0.015660746244802362,1.7026805804501818e-06,0.019118178635835648,0.014524897870918116,1.4997868692550106e-06,0.017866957932710648,0.013619721837578312,1.351752120838127e-06,0.01686515286564827,0.012889923616534188,1.2414183566099137e-06,0.016055798158049583,0.012295466847717762,1.1575827126929724e-06,0.015398640185594559,0.011806844038859246,1.092606113244186e-06,0.014863749966025352,0.011402124553800576,1.041240264851942e-06,0.014426960609853268,0.011064967421430445,1.0000410673096322e-06,0.014067716896533966,0.010783077675908331,9.668280867428918e-07,0.013769138604402542,0.010546934155244676,9.400774084797607e-07,0.013518303632736206,0.010348880826126016,9.185094269764447e-07,0.01330549269914627
428,5,block_output,Vertical,1,0.12229545621408357,0.006138304266862106,0.42750072479248047,0.03694619743951729,4.4187453773493785e-05,0.04943123459815979,0.02236635016188735,7.5433676213641765e-06,0.02798381820321083,0.016058430681744264,3.1665427698186985e-06,0.02053067833185196,0.012520949784961958,1.9120499695898813e-06,0.016047293320298195,0.010305713108252911,1.3913042230067935e-06,0.013137677684426308,0.008826471399515867,1.1342013234109932e-06,0.011299226433038712,0.007793526268667645,9.925827370548697e-07,0.01014559343457222,0.007047131539337219,9.07806036945999e-07,0.00931126531213522,0.006493178802350211,8.529603992482612e-07,0.00878002680838108,0.006073230847952858,8.145780417299897e-07,0.00838422030210495,0.005749295613477154,7.85876087553484e-07,0.008079525083303452,0.005495599493206967,7.632858547427395e-07,0.00784245878458023,0.005294086877256632,7.44818044602225e-07,0.0076547544449567795,0.0051319694427389,7.293781021811317e-07,0.007501686457544565,0.005000388482585549,7.164856580322615e-07,0.007373211905360222,0.004893307976927313,7.059173619578186e-07,0.007264194544404745,0.004806306113355926,6.972887729495556e-07,0.007171803154051304,0.004735752223207364,6.900569786867002e-07,0.007093389518558979,0.004678515418033514,6.837911483911833e-07,0.0070264507085084915
428,5,block_output,Horizontal,1,0.11570879633701037,0.004915177785305671,0.43520450592041016,0.03799331007850549,4.002119528667063e-05,0.050031259655952454,0.024387005243509535,6.801788845120899e-06,0.029741283506155014,0.01815271308083856,2.687866985249056e-06,0.02238442748785019,0.014547442618225302,1.5051456025880944e-06,0.017971737310290337,0.012256816339989504,1.0518016040139986e-06,0.015089437365531921,0.010716212026420095,8.470758492693655e-07,0.013166863471269608,0.009631891158365068,7.404273705111369e-07,0.011842970736324787,0.008842070150883898,6.781238748448583e-07,0.010904094204306602,0.008252253556357962,6.387898003234424e-07,0.010249246843159199,0.007804460210045652,6.130230531122959e-07,0.009766005910933018,0.007460195349440688,5.956040320239863e-07,0.009397606365382671,0.00719230877058137,5.833322066275623e-07,0.009113684296607971,0.00698148471761554,5.742993650989277e-07,0.0088925426825881,0.0068138776243560845,5.673664372739812e-07,0.0087184002622962,0.006679412310144731,5.618527949601853e-07,0.008579688146710396,0.006570656229520128,5.573568968158453e-07,0.008467872627079487,0.006482065322675875,5.536362157581554e-07,0.00837667565792799,0.0064094568425345985,5.505220818105794e-07,0.00830146949738264,0.006349637409642575,5.478794971843219e-07,0.008238798938691616
428,5,block_output,Gaussian,1,0.20479539001271838,0.06074518455066959,1.378272294998169,0.05431745077172915,7.24431105568098e-05,0.07617133110761642,0.036513714208489374,1.5844195066892668e-05,0.04680245742201805,0.027689823821660072,6.351351088371014e-06,0.0336063951253891,0.02238139814682423,3.384441520358901e-06,0.026158282533288002,0.018863540911485278,2.1807187816137694e-06,0.021460652351379395,0.01636748376583296,1.5908423429502292e-06,0.01853865385055542,0.014507959582029826,1.2583393325665643e-06,0.016676729544997215,0.01307459951688846,1.0510189821572928e-06,0.015243975445628166,0.01194256901859291,9.111497548112528e-07,0.014097248204052448,0.01103203125771076,8.105265542448601e-07,0.01316407322883606,0.010288990605326872,7.346517846914172e-07,0.01239587739109993,0.00967536297523313,6.757715045229391e-07,0.011758819222450256,0.009163422295675865,6.29478073472659e-07,0.011228393763303757,0.008732548870501063,5.929639067671164e-07,0.010785680264234543,0.00836721621453762,5.641370203362907e-07,0.010414902120828629,0.008055604343849516,5.412785259159155e-07,0.010102475062012672,0.007788544661173272,5.229964267479017e-07,0.00983712449669838,0.007558734304020329,5.082274924675087e-07,0.009610051289200783,0.0073602353592240625,4.961929663067053e-07,0.00941462628543377
428,6,block_output,Vertical,1,0.2656309370483671,0.1408479988633923,1.9137316942214966,0.06151855648273513,9.01544913662449e-05,0.0832701027393341,0.04221893329587248,2.502408355990455e-05,0.05361256003379822,0.03235926505710397,1.2137943886452255e-05,0.040945105254650116,0.026241203415251914,7.301069092287882e-06,0.03314036875963211,0.02205978251165814,5.0212165998564164e-06,0.027874454855918884,0.01902108559651034,3.785376780661841e-06,0.024093270301818848,0.016719701152945323,3.0475978194202114e-06,0.02126196399331093,0.014923391420216788,2.5725130392342583e-06,0.019184544682502747,0.01348926057477319,2.2465841409623733e-06,0.0175112783908844,0.01232459002898799,2.010932009925776e-06,0.01614512875676155,0.011366332008961647,1.83345340601153e-06,0.01501774974167347,0.010569730817916848,1.6956675984991158e-06,0.014079289510846138,0.009901832619179336,1.5861812440397035e-06,0.013292400166392326,0.0093376981611881,1.497529175551588e-06,0.01262836717069149,0.008858074929328665,1.4245970212100605e-06,0.012064678594470024,0.008447875157885608,1.363769989037016e-06,0.01158345490694046,0.008095129171297663,1.3124407757722098e-06,0.011170411482453346,0.007790246919270546,1.2687070779220946e-06,0.010814089328050613,0.007525488527284728,1.2311744386855268e-06,0.010505294427275658
428,6,block_output,Horizontal,1,0.5208844842891844,0.6058684408531456,3.384984016418457,0.08676168795615907,0.00018716559358719642,0.11422909796237946,0.0562908627565891,3.2996059338703405e-05,0.07298543304204941,0.0433149543546495,1.3557494575139178e-05,0.05528859794139862,0.035739207522027076,8.399345382584383e-06,0.04462504759430885,0.03046306988431348,5.859609022838379e-06,0.037284500896930695,0.026544769516303426,4.372376326720555e-06,0.03192918747663498,0.023526642441986097,3.4337206384811485e-06,0.027873411774635315,0.02113714970884815,2.811255179539829e-06,0.025023851543664932,0.01920401319743149,2.3823446093718928e-06,0.022874457761645317,0.017613229696594533,2.0767575007600145e-06,0.02109137549996376,0.01628637820896175,1.8522280791802265e-06,0.019591163843870163,0.015167496285386502,1.6823126632764123e-06,0.018314354121685028,0.014215370300151998,1.5499381593347227e-06,0.017217278480529785,0.01339887452149202,1.443864545677306e-06,0.016267329454421997,0.012694016912035526,1.3567105227905879e-06,0.015500384382903576,0.012082007477089526,1.2837048355142906e-06,0.014838493429124355,0.011547887756947487,1.2217675429913181e-06,0.01426228228956461,0.011079589318897989,1.168797570782447e-06,0.013759210705757141,0.010667259834470257,1.1232278649739424e-06,0.013318710029125214
428,6,block_output,Gaussian,1,0.13340493469011216,0.009448024528702536,0.5921227931976318,0.04612412924567858,5.257135663834842e-05,0.06292465329170227,0.030280234055623176,1.298618848961891e-05,0.03825991973280907,0.022414785558505665,5.4192491453957105e-06,0.026759102940559387,0.017799374780484607,2.887063650206465e-06,0.021040599793195724,0.014860564502813513,1.8241791852015172e-06,0.017623107880353928,0.012886702290011777,1.3027534802151373e-06,0.015310022979974747,0.011503416024858043,1.0160302402917572e-06,0.013658189214766026,0.010500969956555063,8.467054533777697e-07,0.01253872737288475,0.009755183136948044,7.41614248106794e-07,0.011807355098426342,0.009188144874300749,6.734338097520034e-07,0.011249655857682228,0.008749063540663984,6.275410205741987e-07,0.010821608826518059,0.008403328506069051,5.95667498942538e-07,0.010489381849765778,0.008126540796919948,5.729319093442612e-07,0.010225276462733746,0.007901570279269464,5.563911388274398e-07,0.010009188205003738,0.007716759551493894,5.441819160107131e-07,0.009829888120293617,0.0075641172154555245,5.349730717542282e-07,0.009682068601250648,0.0074377709570976475,5.277074678584641e-07,0.009562674909830093,0.007333091038855768,5.215527235458527e-07,0.009469187818467617,0.0072462666661493366,5.159210695471474e-07,0.00939890369772911
428,7,block_output,Vertical,1,0.42993160893046667,0.3997305137635509,2.9575858116149902,0.0836145029891105,0.00012773152978583983,0.1074092835187912,0.058433070897109925,3.371441822074016e-05,0.07314600050449371,0.04505814836611823,1.612588091990339e-05,0.05589013546705246,0.03636463030817963,9.208460077134287e-06,0.04464516043663025,0.030303698358318164,5.958100299608647e-06,0.036841146647930145,0.02587541089289718,4.2461691211928535e-06,0.031155938282608986,0.02252006581023572,3.2551559571317793e-06,0.026867520064115524,0.01990450549102019,2.633664342583987e-06,0.023541230708360672,0.01781985638219686,2.2165282867991817e-06,0.020983383059501648,0.01612899297227462,1.9206467557977786e-06,0.019187934696674347,0.014738203839413704,1.7017189328124702e-06,0.017680978402495384,0.013581251208153036,1.5350969616317955e-06,0.016403313726186752,0.01260995582514812,1.406475869782411e-06,0.01531258039176464,0.011788386127187146,1.3068207160681981e-06,0.014378389343619347,0.011089097028450361,1.2295923170286213e-06,0.013577683828771114,0.010490671480222353,1.1695882669642958e-06,0.01289132609963417,0.009976098491322426,1.122641811592603e-06,0.012302489951252937,0.009531693096967444,1.0855446795333216e-06,0.011887850239872932,0.009146342741414196,1.055897382083984e-06,0.011535754427313805
428,7,block_output,Horizontal,1,0.6674546755495525,1.1552670087859314,4.718062400817871,0.08987751934263441,0.00015223540261257573,0.1185130700469017,0.06319751566837704,3.032677041053232e-05,0.07618600875139236,0.05012259058772572,1.1934441212714916e-05,0.057218797504901886,0.04178643693763112,6.753505365385765e-06,0.04690246284008026,0.03579164222474136,4.5161203177066285e-06,0.040108952671289444,0.03126569275581648,3.3558341777016956e-06,0.03500866889953613,0.027741148092207454,2.680053840342276e-06,0.03150830417871475,0.024928340629216224,2.2465424003245564e-06,0.028725886717438698,0.022637999956569975,1.946106543990457e-06,0.026454005390405655,0.02074219404704987,1.7255884275093926e-06,0.02456245757639408,0.01915178628313163,1.5569906253876032e-06,0.02296246960759163,0.01780286996019265,1.4244049290071886e-06,0.021592289209365845,0.016648402127126854,1.3181064005453832e-06,0.020407728850841522,0.01565291275758119,1.2317271751773348e-06,0.019376154989004135,0.014789088097001826,1.1608296614013508e-06,0.018472667783498764,0.014035499684276089,1.102137538336636e-06,0.017677638679742813,0.013375054202264263,1.0531110934006799e-06,0.016975095495581627,0.012793919618522364,1.011732663045717e-06,0.016351796686649323,0.01228076136774487,9.764031236515018e-07,0.01579662784934044
428,7,block_output,Gaussian,1,0.19499577416314018,0.038717428569682834,1.092360258102417,0.06168939220526862,9.736067417582343e-05,0.08594079315662384,0.040575151287374045,2.11424802104273e-05,0.05325540900230408,0.030522227553384646,8.14526357621636e-06,0.03828500211238861,0.024621697349680796,4.180644101081578e-06,0.029658496379852295,0.020735231302087268,2.55296025698427e-06,0.02475881576538086,0.01798858233387508,1.7344650962294848e-06,0.021353568881750107,0.015962286260984247,1.2727072513693015e-06,0.01879049837589264,0.01442330636616264,9.946331396540602e-07,0.016945526003837585,0.013228537145233343,8.191752964957602e-07,0.015652267262339592,0.01228433121587076,7.040363202288659e-07,0.014623180031776428,0.011526801579055331,6.257264864596455e-07,0.013795722275972366,0.01091111611042704,5.706620035697284e-07,0.013123133219778538,0.010405213572084904,5.308195216107277e-07,0.012570150196552277,0.009985786640927904,5.01383709565988e-07,0.012110753916203976,0.009635493358863252,4.793220911932027e-07,0.011725978925824165,0.009341064308370863,4.6259042456569987e-07,0.01140168122947216,0.009092140706285598,4.497660373728721e-07,0.011127006262540817,0.008880533699301026,4.3986094621943374e-07,0.01089353859424591,0.008699694212289557,4.322053540219332e-07,0.010694805532693863
428,8,block_output,Vertical,1,0.11196559632108324,0.002307933338489981,0.27618521451950073,0.044769718001286186,5.730821913661424e-05,0.059437550604343414,0.027208980320701525,1.328047745174781e-05,0.03468024730682373,0.01923377448249431,5.862672030455689e-06,0.024402573704719543,0.015076742374471255,3.8633144050063e-06,0.019250132143497467,0.012698716410095729,3.0956359937449444e-06,0.01637096330523491,0.011253270756689802,2.721023166770406e-06,0.014667419716715813,0.010333839914805833,2.5058999262669496e-06,0.013596506789326668,0.009727302502604231,2.3708933567684614e-06,0.012895992025732994,0.009315244461749755,2.280453511823135e-06,0.012441799975931644,0.009029083086975984,2.2160089454859765e-06,0.012167894281446934,0.008826225803839781,2.167497205910344e-06,0.011977613903582096,0.008678839800672399,2.1289792604470314e-06,0.01184329017996788,0.008568551391363144,2.09714580855538e-06,0.01174589991569519,0.008483579020119376,2.0706300351669328e-06,0.011672334745526314,0.008416656486039597,2.0489421460492543e-06,0.011614113114774227,0.008363245661178279,2.031630396310445e-06,0.011566154658794403,0.008320316842328462,2.018066965393283e-06,0.011525541543960571,0.008285675234796981,2.0075284863611452e-06,0.01149058062583208,0.00825763935045827,1.9993140985532173e-06,0.011460221372544765
428,8,block_output,Horizontal,1,0.9888473529191244,2.3646889623880094,6.707188606262207,0.13373454057034992,0.0003354568726374121,0.17260774970054626,0.09408345120766806,0.00010976124431010731,0.12022431194782257,0.07199643978050776,4.9408757050945145e-05,0.09242765605449677,0.05875234968132443,2.7768280676060084e-05,0.07532744109630585,0.04993343548405738,1.8119755509107455e-05,0.06363865733146667,0.043521990792618856,1.2867093949553688e-05,0.0549662783741951,0.03859899683840691,9.654008885606492e-06,0.04822775721549988,0.03468639746544853,7.554268962734608e-06,0.04285035282373428,0.0314997864798421,6.118657373438783e-06,0.03847691789269447,0.028855039220717218,5.101198696774112e-06,0.03486388549208641,0.02662692408240031,4.358233628505316e-06,0.0318387895822525,0.02472734001893846,3.8020963284692514e-06,0.02961689606308937,0.023092501870696506,3.3772248329661126e-06,0.02778218500316143,0.021674918513449413,3.0471661510148866e-06,0.026188954710960388,0.020438263636259807,2.787226216995958e-06,0.02479785680770874,0.01935405715826958,2.5801408249351802e-06,0.023577891290187836,0.01839948928959313,2.4134976910705575e-06,0.022503992542624474,0.0175559821996897,2.2781116653878785e-06,0.021555520594120026,0.016808197818814763,2.167053525466269e-06,0.020715251564979553
428,8,block_output,Gaussian,1,1.736496920860003,6.428770003640621,10.120542526245117,0.17998997252138835,0.0007725859285928466,0.25672388076782227,0.12952824268076155,0.00023303369880909908,0.17212995886802673,0.10142521501060515,9.479958584991399e-05,0.12784937024116516,0.08361873480062636,4.944672813593671e-05,0.10228004306554794,0.07122420720637791,3.0207288927842244e-05,0.08554325252771378,0.061979399846186715,2.0260097390225332e-05,0.07358776032924652,0.05476115306928044,1.4423282083595512e-05,0.0644993931055069,0.048951904452036295,1.0722424162821828e-05,0.05730263888835907,0.044174612573687995,8.253014022531417e-06,0.05144752562046051,0.040180494328812946,6.54312647058608e-06,0.04659273102879524,0.036796794760794865,5.324043668680086e-06,0.042510323226451874,0.033899148896573084,4.433008178336154e-06,0.03903917223215103,0.03139542123036725,3.7670436215282947e-06,0.03606044501066208,0.02921568164749751,3.258903968091897e-06,0.033483922481536865,0.027305749407599843,2.86360819311256e-06,0.031239833682775497,0.02562287730711793,2.55042377311995e-06,0.029273413121700287,0.024132800805899832,2.2979612605938607e-06,0.02754107490181923,0.022807651687236058,2.0910748354498953e-06,0.026020150631666183,0.02162449877886545,1.9188759802544335e-06,0.024690350517630577
428,9,block_output,Vertical,1,0.2120132532621187,0.03032865213013133,1.037571668624878,0.07220390675559876,0.00013713077896281223,0.09374681115150452,0.047224581773792,2.9547077553558444e-05,0.05821695178747177,0.03495357117600857,1.2920393544004886e-05,0.04389588162302971,0.027512095986850678,7.438701969136616e-06,0.03490148484706879,0.02259130362007353,5.0544104459102605e-06,0.028885377570986748,0.019179346335549203,3.840033848001359e-06,0.02472899854183197,0.01673022990248033,3.133413976149031e-06,0.021743327379226685,0.014920372190693068,2.6795228404450525e-06,0.01952555403113365,0.013549320266715117,2.3677411578917846e-06,0.018153417855501175,0.012488067386642335,2.143601488629215e-06,0.01709502749145031,0.01165101956576109,1.9774352121793543e-06,0.016251368448138237,0.01097998380779274,1.8515306164050385e-06,0.015571871772408485,0.010434591847043189,1.7543501669920714e-06,0.015020699240267277,0.009986235050573236,1.6780109797342789e-06,0.01457112655043602,0.009614119867956827,1.617076371686353e-06,0.014202646911144257,0.009302768257579632,1.567778634780311e-06,0.013899369165301323,0.009040428118573295,1.527491324396093e-06,0.0136488638818264,0.008818019166707046,1.4943650025165179e-06,0.01344120129942894,0.008628422113519812,1.4670269550012665e-06,0.013268128968775272
428,9,block_output,Horizontal,1,0.15338423670757384,0.007033401821295868,0.5871573686599731,0.06057480829102652,0.00011468324141480579,0.07957930117845535,0.03756826953400695,1.998512016750676e-05,0.047640360891819,0.027612577532491987,6.9790755155867e-06,0.03463046997785568,0.02209969074834907,3.6626042131039426e-06,0.027748120948672295,0.018628040387753456,2.4137727264199357e-06,0.02341976948082447,0.016286400398091663,1.8260375091309422e-06,0.020498568192124367,0.014637068564456606,1.5104055684314058e-06,0.018449239432811737,0.013439137252077224,1.3271509603518155e-06,0.016960013657808304,0.012547616965122639,1.2164340122391166e-06,0.015844132751226425,0.011868980668839953,1.1473315431823687e-06,0.014985412359237671,0.01134211030448713,1.101513461002409e-06,0.014313293620944023,0.010926730635147246,1.0690128875880472e-06,0.013781262561678886,0.010594576626779541,1.0450476146942664e-06,0.013355046510696411,0.01032506866705796,1.0271430616094634e-06,0.01300971768796444,0.01010314030720601,1.013717772510642e-06,0.012772605754435062,0.00991767919844105,1.00333743218414e-06,0.012634988874197006,0.009760540983979665,9.945449043551395e-07,0.012522047385573387,0.009625940302771235,9.86255171544652e-07,0.012426252476871014,0.009509812789185652,9.780402838812816e-07,0.012341356836259365
428,9,block_output,Gaussian,1,0.09548022668986093,0.0013262390902746897,0.2364058494567871,0.04238049331165496,4.4876516589222004e-05,0.05484696105122566,0.02759363174083687,1.0147669573954925e-05,0.03379661217331886,0.020717676610700668,4.1142874896536e-06,0.024540210142731667,0.016938475478026602,2.4213326570141956e-06,0.01997036300599575,0.014642042270491994,1.7480542583754145e-06,0.01731833443045616,0.013156280527630496,1.4195076894332076e-06,0.015632808208465576,0.012156688445617281,1.240661798799048e-06,0.01452169381082058,0.011463540502720408,1.1351510644883491e-06,0.013754384592175484,0.010969898944336271,1.0682009738207557e-06,0.013249669224023819,0.010609593848505664,1.022483411375797e-06,0.013075342401862144,0.010340846912373625,9.895195265244827e-07,0.012964852154254913,0.010137088131159544,9.650635260653087e-07,0.012885010801255703,0.00998090383493238,9.463459717061636e-07,0.012818597257137299,0.00986023395070954,9.313788553479681e-07,0.012756858952343464,0.009766346065416223,9.189591117098135e-07,0.0126947071403265,0.009692660399845668,9.085472159481722e-07,0.012629970908164978,0.009634061169529718,8.99994997729013e-07,0.012563468888401985,0.009586574007121344,8.932412126377311e-07,0.012498071417212486,0.009547237853800494,8.881484686328329e-07,0.012437118217349052
345,5,block_output,Vertical,1,0.2843422366986199,0.14670863785019833,1.8664443492889404,0.06072365362492819,0.0001046940846489704,0.08466847985982895,0.03961466403589362,2.036645645526494e-05,0.049852386116981506,0.02961536150957857,8.029687313848021e-06,0.03513055294752121,0.023719562335856377,4.383918303212227e-06,0.027736525982618332,0.01984165833582954,2.9795405490808883e-06,0.023156944662332535,0.017084072299656413,2.2996769871060755e-06,0.020040538161993027,0.015018973425622023,1.9100906208309e-06,0.01777595654129982,0.013416866550133341,1.6587094217140245e-06,0.01604774408042431,0.012142124970162671,1.4841042218277607e-06,0.014685321599245071,0.011108166966882963,1.3576821802644338e-06,0.013587536290287971,0.010256322825120555,1.263427222122079e-06,0.01268770918250084,0.00954516123359402,1.1911917803711385e-06,0.01193955261260271,0.008944623246197663,1.1344126578005083e-06,0.011347375810146332,0.008432450829931194,1.088818639864587e-06,0.010842090472579002,0.007991863695520258,1.0515612044184623e-06,0.010406695306301117,0.007610009214471257,1.0206717127278244e-06,0.010028388351202011,0.007276905515778159,9.947440386160994e-07,0.009697405621409416,0.006984701069692771,9.727386402815878e-07,0.009406207129359245,0.006727142082083793,9.538702160330201e-07,0.009148890152573586
345,5,block_output,Horizontal,1,0.2414209337698089,0.0772195843242455,1.5841765403747559,0.061137746783002975,0.00013971350321705865,0.08694597333669662,0.03831039531718171,1.6770565107061677e-05,0.04772503674030304,0.02915463141269154,6.195448262825929e-06,0.03502535820007324,0.023754420468495005,3.4026862146657275e-06,0.027993038296699524,0.020120506544434834,2.2540840614730546e-06,0.024042557924985886,0.01750552806530207,1.6795108336932217e-06,0.021183505654335022,0.015539347090654902,1.3533533413718852e-06,0.019015304744243622,0.014015460859925027,1.1530413201826012e-06,0.01732238009572029,0.01280755228880379,1.0228814611776528e-06,0.015971526503562927,0.011833216477599409,9.341866682543693e-07,0.014872964471578598,0.011036233133858158,8.713294765671149e-07,0.013964833691716194,0.010376710518603288,8.252666658528933e-07,0.013203438371419907,0.009825402782076881,7.903216318384555e-07,0.0125570148229599,0.009360424656834867,7.626716495877332e-07,0.012002630159258842,0.008965251952528007,7.397474049394502e-07,0.011524474248290062,0.008627347433791748,7.20045258295442e-07,0.011111937463283539,0.008337027548501888,7.028914622898253e-07,0.010756847448647022,0.008086562969736637,6.880360298302892e-07,0.010451501235365868,0.00786960507107396,6.753067901530042e-07,0.010188385844230652
345,5,block_output,Gaussian,1,0.47704260346908417,0.5148184642825617,3.433504581451416,0.07560752255339472,0.0001262981849604011,0.09947217255830765,0.053082153496761174,2.7957548635255055e-05,0.067635677754879,0.0421742092640627,1.3779497885496733e-05,0.05286487936973572,0.035135903173968905,8.272804916235093e-06,0.04348072037100792,0.030117682757831755,5.44292245702996e-06,0.03674948960542679,0.026348714258462663,3.816914575578916e-06,0.03167612850666046,0.02341868370653145,2.820089865467442e-06,0.028245413675904274,0.021083016983336873,2.1804356387257914e-06,0.025560874491930008,0.019184981753665304,1.7548422923879462e-06,0.023358739912509918,0.017618307296837134,1.4628895156472208e-06,0.02152499184012413,0.016307853014459684,1.2567413675805286e-06,0.01997937075793743,0.015198869882003656,1.1065489665548988e-06,0.01866217702627182,0.014250627097984156,9.932289549211082e-07,0.017527617514133453,0.013432366950880913,9.047382558721722e-07,0.016540445387363434,0.012720583686752924,8.337071004373915e-07,0.015673814341425896,0.01209709168012653,7.756423674184829e-07,0.014907317236065865,0.01154760377747672,7.276066941169233e-07,0.014225058257579803,0.011060721669641753,6.874986291381819e-07,0.013614276424050331,0.010627206577549852,6.537456771665084e-07,0.01306450180709362
345,6,block_output,Vertical,1,1.0241072134129585,2.4586727834120725,6.494196891784668,0.09927571706828617,0.0002601049212484503,0.132417231798172,0.06685760445774548,5.034451125578213e-05,0.08341054618358612,0.05215510247009141,2.2803477581590236e-05,0.06406864523887634,0.04303485894250491,1.4213197202486612e-05,0.052913203835487366,0.03661442500731302,1.0079601090674945e-05,0.04490599408745766,0.03182432762095853,7.718374254769422e-06,0.03886641561985016,0.02810879915006577,6.226486232844304e-06,0.03416578099131584,0.02514272023524557,5.2186194917945525e-06,0.030544117093086243,0.022722876113322046,4.503616122527663e-06,0.028004929423332214,0.020715404183618606,3.9760930948214115e-06,0.02589946985244751,0.01902791245707444,3.574022364743057e-06,0.024123968556523323,0.017594010672635503,3.2589945898792395e-06,0.02260647714138031,0.016364427667761607,3.006065622174441e-06,0.021295253187417984,0.015301624653003519,2.7984135875889073e-06,0.020151864737272263,0.014376405907410478,2.624441495964073e-06,0.01914696954190731,0.013565674645914919,2.476065163644991e-06,0.018257632851600647,0.012850931032545983,2.347644545251166e-06,0.017465634271502495,0.012217214331030846,2.2352469665218707e-06,0.0167563296854496,0.011652346833476,2.136134567148864e-06,0.016117896884679794
345,6,block_output,Horizontal,1,0.21363572433354364,0.044304729824130515,1.2334487438201904,0.060786300235324435,0.00010792511401228602,0.08057782053947449,0.03924053593996971,1.698079915480921e-05,0.04770370200276375,0.03002422864711474,7.69810161892661e-06,0.03556721657514572,0.0243959841392343,4.735577921042016e-06,0.02873966097831726,0.020563756337478048,3.3388503424068714e-06,0.02463456243276596,0.017817752036665167,2.5744295855908914e-06,0.021683435887098312,0.015782623477871457,2.1204010722629526e-06,0.01944361999630928,0.014234189387588273,1.8300234603189266e-06,0.0177137553691864,0.013029460381302569,1.6315054975944309e-06,0.016357561573386192,0.012073869521300944,1.4888478558739316e-06,0.01528250239789486,0.011303182129585554,1.382819432572493e-06,0.01442338339984417,0.010672948692762663,1.302157645368979e-06,0.01373006496578455,0.010151934987377553,1.2394183679058371e-06,0.013161666691303253,0.00971760583065805,1.1892530275596442e-06,0.012686945497989655,0.009353011890891053,1.1479185409818323e-06,0.012284601107239723,0.009044971679233842,1.1129869657366025e-06,0.011940380558371544,0.00878311481533779,1.0829104272509713e-06,0.011643806472420692,0.008559232008539967,1.056634310972931e-06,0.011386384256184101,0.008366754167668876,1.0333917605950202e-06,0.011161033064126968
345,6,block_output,Gaussian,1,0.126086960886679,0.006725301589147304,0.5843210816383362,0.04742070015460726,5.7826434262855715e-05,0.06766463816165924,0.03104181575869757,1.3915082781896108e-05,0.03904734551906586,0.022947014383380374,5.514861089391794e-06,0.02839699760079384,0.018273063270109042,2.843538624312082e-06,0.022249624133110046,0.015304664312492288,1.7420928530251484e-06,0.01828041300177574,0.01329841207535494,1.208989837215031e-06,0.015610367059707642,0.011887945131295256,9.325539752658834e-07,0.01391649805009365,0.010868014486890936,7.838936948372439e-07,0.0129304900765419,0.010111252104656564,6.996423583678815e-07,0.012199614197015762,0.00953645549625868,6.489072746174334e-07,0.011648937128484249,0.009090222447874054,6.160126777195362e-07,0.011225471273064613,0.008736598039312022,5.93012646636785e-07,0.010889654979109764,0.008451499148375459,5.762169106922086e-07,0.010616100393235683,0.008218902148424632,5.637986117157957e-07,0.010391834191977978,0.008027676965982194,5.544237271205768e-07,0.010209700092673302,0.007869551083930428,5.470031912590549e-07,0.010064143687486649,0.007738103513561544,5.408001369948472e-07,0.009949819184839725,0.007628183471896346,5.35491323814606e-07,0.009860724210739136,0.007535551142479692,5.311319103443385e-07,0.009789731353521347
345,7,block_output,Vertical,1,0.46292834184945575,0.44504888299965273,3.032632827758789,0.0869010305475621,0.00021374556070854757,0.120656818151474,0.05759818485331914,4.757206155751474e-05,0.07287987321615219,0.04313759210090789,1.9228316744572316e-05,0.052155815064907074,0.034389571035428654,1.0179285765597768e-05,0.04083622246980667,0.028558964382797952,6.3593055588337255e-06,0.03408762067556381,0.024414570972559942,4.460409422645865e-06,0.02937191352248192,0.02132823182240365,3.4035783801094077e-06,0.025897040963172913,0.018948668244457435,2.76451679633687e-06,0.023236017674207687,0.017064262625007404,2.352980761012906e-06,0.021134786307811737,0.015540093833964968,2.0743956521997353e-06,0.019432127475738525,0.014286285680201318,1.8773266479820771e-06,0.018021326512098312,0.013240768189822871,1.731428460294646e-06,0.01683008298277855,0.012359363573884207,1.6179164415429018e-06,0.015809472650289536,0.011609782701328633,1.5253643474541733e-06,0.014926811680197716,0.010967790090020687,1.4473664974814339e-06,0.014159925282001495,0.010414689808847412,1.380582944971955e-06,0.013492459431290627,0.009935706868649476,1.3231477211671561e-06,0.012910889461636543,0.009518974778493719,1.2737419082661987e-06,0.01240337360650301,0.009154860573332934,1.2312510801017038e-06,0.011959532275795937
345,7,block_output,Horizontal,1,0.16349833127525118,0.01428543046523114,0.7688477039337158,0.053271593023387215,8.199213786037567e-05,0.07107830047607422,0.034298915179475906,1.4534607606179067e-05,0.042270757257938385,0.025467175901645704,5.657541047431843e-06,0.030326562002301216,0.020274340485533077,2.995016297728723e-06,0.024236910045146942,0.016933992445941955,1.9558449543287748e-06,0.020304974168539047,0.014659363007734693,1.479028152011406e-06,0.017623426392674446,0.013045882155734396,1.2327176621556482e-06,0.015728283673524857,0.011865810875500005,1.0941487604071314e-06,0.014351867139339447,0.010982042592432763,1.0114490884233002e-06,0.013451925478875637,0.01030704506214649,9.59431413419521e-07,0.012903902679681778,0.009782811567660362,9.248282185935743e-07,0.012472948059439659,0.009369840084146413,9.003638749668081e-07,0.012127391993999481,0.009040530667536788,8.819200860671195e-07,0.011845395900309086,0.00877514508153711,8.671404705234443e-07,0.01161194033920765,0.008559265129622958,8.547054183412073e-07,0.011416781693696976,0.008382162899665889,8.438707191085913e-07,0.011252501979470253,0.00823574471065686,8.341524807712429e-07,0.011113191023468971,0.008113817437478,8.251894505620328e-07,0.01099394541233778,0.008011552970856428,8.167411614478386e-07,0.010890904814004898
345,7,block_output,Gaussian,1,0.10217810676447929,0.0026131400081933548,0.3413742184638977,0.04168181576662593,5.3555750797184316e-05,0.056716978549957275,0.026899361775981054,1.1117140414966345e-05,0.03293519467115402,0.019909230888717704,3.8056285102385345e-06,0.023380421102046967,0.015968139771194684,1.7448065984220405e-06,0.01825001835823059,0.013546279823732755,1.0225970433586712e-06,0.015277737751603127,0.01196265820827749,7.438145811485058e-07,0.013632336631417274,0.010875313587131955,6.267032173429053e-07,0.01274686399847269,0.010102750156961736,5.711778042724181e-07,0.012112157419323921,0.009542025197001676,5.409036235280858e-07,0.011641444638371468,0.009127977163723064,5.220340136634142e-07,0.01129373349249363,0.008817173947121889,5.089890025937169e-07,0.0110380370169878,0.008579856058257439,5.000970798689747e-07,0.01084723137319088,0.0083950361946509,4.950209041933646e-07,0.01069568283855915,0.008248361500187052,4.929519024506444e-07,0.010565390810370445,0.008130728511051052,4.925599046989742e-07,0.010449321009218693,0.008036234305195865,4.927871255670931e-07,0.010345380753278732,0.007960470016336157,4.930429163404944e-07,0.010251201689243317,0.007899758605552571,4.930429876627887e-07,0.010163872502744198,0.00785081862427649,4.926845038169144e-07,0.01008131355047226
345,8,block_output,Vertical,1,0.14960198246297382,0.005611811128714651,0.4525034427642822,0.0547028330583421,9.430459582268444e-05,0.07511739432811737,0.0338303308106131,1.8139489135365583e-05,0.04259224236011505,0.024338825679724178,7.498019284698452e-06,0.03045371174812317,0.018994469727788652,4.495361393647281e-06,0.023957544937729836,0.015740306294035344,3.395753262310334e-06,0.020157232880592346,0.01365382657460277,2.903499821757515e-06,0.017740845680236816,0.012247254613727804,2.640333238276932e-06,0.016078578308224678,0.011253995392175893,2.4823593925320682e-06,0.014859733171761036,0.010524484890675733,2.37946359176042e-06,0.013948652893304825,0.00997615150279469,2.308196938839e-06,0.013279877603054047,0.009558942250256974,2.2549748769214426e-06,0.012793293222784996,0.009238181583997276,2.2123958120985576e-06,0.012467814609408379,0.008988954747716585,2.177158192625849e-06,0.012220180593430996,0.008793137043655391,2.148518283329817e-06,0.012053714133799076,0.008637508791353967,2.126806618738034e-06,0.011928651481866837,0.008512603606851328,2.1115103631210648e-06,0.011832126416265965,0.008411778528834618,2.10070848672049e-06,0.011752231046557426,0.008330233092050231,2.0921279420546935e-06,0.011679751798510551,0.008264184611598177,2.0840441706862714e-06,0.01160899456590414
345,8,block_output,Horizontal,1,0.20082971619235146,0.018653544375843486,0.9132912158966064,0.06961172239647971,0.00015133172872465431,0.0937957763671875,0.04369519798765107,2.36769892232523e-05,0.05310314893722534,0.03251018546639927,9.502387336505902e-06,0.0390535406768322,0.025987054650036114,5.333381117642541e-06,0.031666263937950134,0.02176235577771588,3.6478363053112053e-06,0.027030861005187035,0.018867280053359175,2.8662356141253244e-06,0.023856153711676598,0.016804868902360635,2.458785981658789e-06,0.02156834490597248,0.015292367262263146,2.21818370814419e-06,0.019855689257383347,0.01415660474745054,2.0608672858483863e-06,0.018540579825639725,0.013286737266868826,1.950233828601936e-06,0.017512047663331032,0.012609380164316722,1.8684233147511635e-06,0.01669483259320259,0.012074553289465488,1.8059711334378772e-06,0.016037803143262863,0.011647562481581218,1.757497228426979e-06,0.015506971627473831,0.011303876157081316,1.7197183059818436e-06,0.01507873460650444,0.011025496374165255,1.6904672867228228e-06,0.014734342694282532,0.010798654548587307,1.6683283037137731e-06,0.014458075165748596,0.010612541898375466,1.6523980632544158e-06,0.014237342402338982,0.010458422019072468,1.6418022825009115e-06,0.014061562716960907,0.010329043522240624,1.6350110580903953e-06,0.013919960707426071
345,8,block_output,Gaussian,1,0.26291476142784903,0.06431608015201741,1.4348931312561035,0.08405596774721903,0.00015341479744501821,0.11133068054914474,0.05599228068003579,3.143887109588264e-05,0.0684821754693985,0.04251848196699506,1.2690676647350847e-05,0.05058527737855911,0.03426173725534999,6.803660238326036e-06,0.039990298449993134,0.028618138904372852,4.253860866302543e-06,0.03341140225529671,0.024548707707297234,2.9503970380035434e-06,0.028704289346933365,0.021524817254098636,2.2353228912674406e-06,0.025186432525515556,0.019227841100285924,1.8204588010981937e-06,0.022507555782794952,0.017450786387873073,1.5642648222785583e-06,0.0204254649579525,0.016053828174277904,1.3947091121971115e-06,0.01877981424331665,0.014939849235353962,1.2734494702222767e-06,0.01746336743235588,0.014040465244934672,1.180026196135434e-06,0.016402143985033035,0.013307141834899547,1.1044478641888637e-06,0.015540523454546928,0.012704651137547833,1.0420740579136235e-06,0.01483296137303114,0.012206368355287446,9.899540295682541e-07,0.014242657460272312,0.01179154422725477,9.454992358312421e-07,0.013741917908191681,0.011443767607921646,9.064467593477128e-07,0.0133596770465374,0.011149878111032267,8.711059290481904e-07,0.013068213127553463,0.010899162555616054,8.386553616403387e-07,0.012833142653107643
345,9,block_output,Vertical,1,0.8901725998000493,1.909386457271379,5.567854881286621,0.10854371672584898,0.00020183913750344316,0.1389027237892151,0.07569217492663671,5.0093841454612005e-05,0.09354166686534882,0.05877275244584159,2.219283528808213e-05,0.0705542117357254,0.04844850567834718,1.3575574485904163e-05,0.056603025645017624,0.04130655048148973,9.843083735664656e-06,0.0479428693652153,0.035965260502601425,7.754762553686576e-06,0.04184114933013916,0.03178777870914293,6.402949242011419e-06,0.03723011165857315,0.028428097477271444,5.453695639847531e-06,0.03369206190109253,0.02567356378431358,4.752060266944115e-06,0.030759189277887344,0.02338225645796647,4.214201196812494e-06,0.028287503868341446,0.02145403724104639,3.7902225407147715e-06,0.026180101558566093,0.019815562115538688,3.4484860358834977e-06,0.024414796382188797,0.018411697479822332,3.1679855556857543e-06,0.02291051670908928,0.01720017237618329,2.9342345805571794e-06,0.021601945161819458,0.016148050566987385,2.7369652786967755e-06,0.02045881748199463,0.015229316014382575,2.5687034138220837e-06,0.019456293433904648,0.014423172684415939,2.423899351329263e-06,0.018573883920907974,0.013712821424835257,2.298348581294404e-06,0.017794642597436905,0.013084560632705688,2.1888114380274654e-06,0.01710447296500206
345,9,block_output,Horizontal,1,0.9460225930762669,2.114991231681254,5.960052490234375,0.13149669186936486,0.00022512941158081277,0.16274067759513855,0.09250855469514453,9.017616251872153e-05,0.11262837052345276,0.0682874300058872,3.666857033581705e-05,0.08109541237354279,0.05362198247559487,1.6554963783387873e-05,0.06224294751882553,0.044455925209654704,8.949570125212533e-06,0.050589002668857574,0.03827748666443522,5.7090910321681e-06,0.043280694633722305,0.03377208509852016,4.098837050639172e-06,0.03842499852180481,0.030289880310495693,3.186698178166115e-06,0.03463006764650345,0.02749496021322788,2.616446293395058e-06,0.0315600149333477,0.025195506977893058,2.233320142165702e-06,0.02901710942387581,0.023270519893793834,1.9622512492585538e-06,0.02687547728419304,0.02163777198819887,1.7632602375908677e-06,0.025049369782209396,0.02023848019067257,1.6132389780979399e-06,0.023477282375097275,0.019029101977745693,1.4978386415624955e-06,0.022113457322120667,0.01797650668710943,1.4075913339238344e-06,0.02092287316918373,0.017054934143310503,1.3359462364719835e-06,0.01992059499025345,0.016243982971424147,1.2781956018351827e-06,0.019106127321720123,0.015527244479883285,1.2308992799552742e-06,0.01838141866028309,0.014891347552220973,1.1915209294377326e-06,0.01773340255022049
345,9,block_output,Gaussian,1,1.3833264947410613,4.248126494639981,8.178165435791016,0.1173935408393542,0.00017939906951173394,0.14337310194969177,0.08690111693881807,4.5203972215088445e-05,0.1011129692196846,0.07043155069862093,2.571781155895886e-05,0.08194826543331146,0.05935479103336259,1.7593038063070625e-05,0.06913083791732788,0.05137266821804501,1.3085431009486206e-05,0.060270756483078,0.045327767966285584,1.0203488600463457e-05,0.05400083214044571,0.04057368701176038,8.20521163754778e-06,0.04890059679746628,0.03673023000241272,6.755816769203714e-06,0.044678159058094025,0.033559201876558954,5.674733883882813e-06,0.04113490507006645,0.030902111991530375,4.851824126548407e-06,0.038126781582832336,0.02864811188053517,4.214765441568491e-06,0.03554645925760269,0.02671656861073441,3.7138271766028586e-06,0.033313363790512085,0.02504702828942783,3.3139583325386274e-06,0.03136642277240753,0.02359309866433106,2.9901506689578612e-06,0.029658252373337746,0.02231856148749117,2.7244306826788997e-06,0.028151176869869232,0.02119472599218762,2.503720181469008e-06,0.026814613491296768,0.020198569263494205,2.3183727505721523e-06,0.02562323771417141,0.01931139477898204,2.161182122759692e-06,0.024555839598178864,0.018517835302248833,2.0266684640977213e-06,0.023594357073307037
249,5,block_output,Vertical,1,0.5151546435460211,0.5564174038495547,3.6169161796569824,0.07773202107775778,0.00020253342820372448,0.11218590289354324,0.04884090493359263,2.7117407300115216e-05,0.05812135711312294,0.03674731814553813,1.060132649859798e-05,0.0431276336312294,0.029665790232164518,6.040437696664095e-06,0.03530147299170494,0.024942747982484952,4.091076980733769e-06,0.02992454543709755,0.02156542061221978,3.094200862416315e-06,0.026182984933257103,0.019022778282681153,2.5195883420939248e-06,0.023405838757753372,0.017030789324688534,2.1565996605075306e-06,0.021166782826185226,0.015422781027616963,1.910180648312199e-06,0.01932532712817192,0.014095759728834742,1.7330002187245436e-06,0.017788490280508995,0.012982668916857431,1.5997173304342377e-06,0.01649157702922821,0.012037550187891438,1.4959002403888148e-06,0.015387548133730888,0.011227410493625535,1.4128228088149122e-06,0.01444096490740776,0.010527631548780298,1.3449188794862283e-06,0.013624410144984722,0.009919286380329776,1.2884572836752438e-06,0.01291623990982771,0.00938749069436675,1.2408569187949538e-06,0.012299077585339546,0.008920335839132942,1.2002669330101557e-06,0.011758791282773018,0.008508169720511116,1.1653346144203533e-06,0.011283762753009796,0.008143082098473631,1.1350406730284785e-06,0.010864376090466976
249,5,block_output,Horizontal,1,0.10919842531993276,0.0038305750059204786,0.41198796033859253,0.03585643770675811,3.869855847338527e-05,0.05103832855820656,0.023332350695180516,6.5657033834440746e-06,0.030031852424144745,0.017728849077626826,2.9327712288370154e-06,0.022071704268455505,0.014467894498791014,1.9071922253490398e-06,0.01815936528146267,0.012368301062711648,1.4935071519061503e-06,0.015687648206949234,0.010940111863116423,1.2839603383303685e-06,0.014039009809494019,0.009934051435381647,1.159769823920213e-06,0.012873099185526371,0.00920387999051147,1.0799282591992805e-06,0.012017847038805485,0.00865947339122021,1.0280096413857194e-06,0.01138213649392128,0.008242817226028631,9.94418618540627e-07,0.010911908000707626,0.00791700469655177,9.70501466648241e-07,0.010564913973212242,0.007659659676608585,9.505605264426465e-07,0.010302073322236538,0.007455973154199975,9.329834286427906e-07,0.010096225887537003,0.00729419497240867,9.176726742570864e-07,0.009932328946888447,0.007164931981750424,9.045595073251496e-07,0.009800985455513,0.007061022274669201,8.935114488710279e-07,0.009695403277873993,0.006977102734030239,8.843898081997723e-07,0.009610493667423725,0.006909130688106257,8.769986992298528e-07,0.009542441926896572,0.0068540013661342,8.710719342027235e-07,0.009488405659794807
249,5,block_output,Gaussian,1,0.08518966293287655,0.002035016280193026,0.2276105284690857,0.030863850628809322,2.4020801935618182e-05,0.041754018515348434,0.020262846117100074,4.537968521008799e-06,0.024454325437545776,0.015303850233081787,1.5477085128982331e-06,0.017412221059203148,0.012487506730452416,8.672104983443855e-07,0.01423234585672617,0.010739418352761912,6.682283199932273e-07,0.012631826102733612,0.009599118892635618,5.865528362330839e-07,0.011590691283345222,0.008817840818434007,5.42471145467218e-07,0.010882433503866196,0.008260538801550865,5.160176935776866e-07,0.010373830795288086,0.007849879141542174,5.00632318075465e-07,0.009993843734264374,0.007541360303996101,4.929174434662853e-07,0.009708993136882782,0.0073069256789509264,4.89792432833282e-07,0.00949577335268259,0.007126432244798967,4.889673066086661e-07,0.00933445431292057,0.0069854942313025865,4.892536850611842e-07,0.009211381897330284,0.006874049518493906,4.901727937262599e-07,0.009117379784584045,0.006785020801342196,4.915726823848917e-07,0.009045790880918503,0.006713310973570933,4.933610961100354e-07,0.008991578593850136,0.0066551179181607,4.953745846460097e-07,0.00895080715417862,0.006607538089156151,4.974009386830891e-07,0.008920085616409779,0.006568329453113533,4.99256267880241e-07,0.008896203711628914
249,6,block_output,Vertical,1,0.15058982301326024,0.02177751198171423,0.9201470613479614,0.046512736628452934,5.688586652080167e-05,0.0650448352098465,0.03074568731799012,1.4775035023753995e-05,0.03884517401456833,0.023136514165098706,7.3859278745429074e-06,0.029121028259396553,0.018647634882539038,4.902024374580474e-06,0.023738905787467957,0.015694554510807233,3.7509333353825754e-06,0.02021355740725994,0.013614878634966555,3.103297369983864e-06,0.017730310559272766,0.012082014454617387,2.688650191947977e-06,0.015978354960680008,0.010914552454201002,2.4000142363237384e-06,0.01472838781774044,0.010003966974124076,2.191072457468301e-06,0.013738454319536686,0.009281678620489344,2.03804459151108e-06,0.012949922122061253,0.008701140526682138,1.924394685432772e-06,0.012318136170506477,0.008228846596524356,1.8380045586142361e-06,0.011804906651377678,0.007840356700831936,1.770958304458686e-06,0.011380812153220177,0.007517612908804227,1.7180120563339557e-06,0.011024181731045246,0.007246869217072215,1.6749514809705897e-06,0.010718856006860733,0.007017472877152382,1.6378978642872974e-06,0.010453539900481701,0.006821309903725272,1.6037707402782998e-06,0.010221870616078377,0.006652514147202647,1.5711945343594534e-06,0.010021052323281765,0.0065069579933252596,1.5404562879001797e-06,0.009848831221461296
249,6,block_output,Horizontal,1,0.226543086743544,0.05857320311220222,1.3579246997833252,0.06180573189778933,0.00014516033232349302,0.08699964731931686,0.03814809266773481,1.8972744883759932e-05,0.04832186549901962,0.02894361973518417,6.991248554576771e-06,0.03509119153022766,0.02369378042954301,4.102151971644676e-06,0.02827456407248974,0.020195737067196105,2.929841355271166e-06,0.024132512509822845,0.017689598118147208,2.320985699705549e-06,0.02129177935421467,0.01581168495532539,1.960400567860381e-06,0.01919698156416416,0.014359791452685991,1.7295339194852879e-06,0.017597243189811707,0.013210973140620997,1.5739690488884372e-06,0.016333777457475662,0.012285538520368318,1.4652192590321261e-06,0.01531519927084446,0.011529407641362576,1.3867354603333287e-06,0.014479923993349075,0.010904506336720217,1.3282650655354994e-06,0.013784604147076607,0.010383182101779513,1.283283221433098e-06,0.01319817453622818,0.009944840171743952,1.2476555360509897e-06,0.012712396681308746,0.009573823609758936,1.2187489768284366e-06,0.012311955913901329,0.009257989846879528,1.1948251126127032e-06,0.011971266940236092,0.008987746031452266,1.1746792338581677e-06,0.01168016530573368,0.008755412484918321,1.1574628881811274e-06,0.011430488899350166,0.008554783169298417,1.1425721257486762e-06,0.011215624399483204
249,6,block_output,Gaussian,1,0.35022932291030884,0.2567203432181024,2.5442452430725098,0.0705704405785553,0.00010519962350934385,0.09127520769834518,0.04922353919772875,2.641120041711494e-05,0.05976850911974907,0.03850010078814295,1.253778721468972e-05,0.04534906893968582,0.03174369208632954,7.316092087140904e-06,0.03743043914437294,0.027096039039038476,4.827359323178026e-06,0.03225070610642433,0.023721991964275876,3.4806312200092627e-06,0.028267422690987587,0.021167286893441564,2.6775925228955258e-06,0.02513352781534195,0.019168203253121602,2.160617593904286e-06,0.022631756961345673,0.017563107955668653,1.8066597668244457e-06,0.02061382494866848,0.016248265961332928,1.5527619220747508e-06,0.018971890211105347,0.015154104960697985,1.3646018993367223e-06,0.01762339472770691,0.014232026368734382,1.2218819387755148e-06,0.016504358500242233,0.013446878213139753,1.1115634202490113e-06,0.015565846115350723,0.01277247742409744,1.024848143192905e-06,0.014770986512303352,0.012188830146832126,9.556196083865327e-07,0.014091840013861656,0.011680337748238965,8.995008368109899e-07,0.013516850769519806,0.01123458772365536,8.532648569534646e-07,0.013040969148278236,0.010841526904158176,8.144645984607651e-07,0.0126295555382967,0.010492914001501742,7.812098393427738e-07,0.01229945570230484
249,7,block_output,Vertical,1,0.7568286964817653,1.3549000212403677,5.138452529907227,0.09977685766560691,0.0002146874825177072,0.13190440833568573,0.06683851618851934,4.4904537271701354e-05,0.07928726077079773,0.051119055303316265,1.9938529768197465e-05,0.060407474637031555,0.0416011686717707,1.2355516117519947e-05,0.049340203404426575,0.03511652285380969,8.84751339870539e-06,0.04215984418988228,0.030403007206226153,6.85135506695432e-06,0.036970555782318115,0.02682304048230724,5.575543624392158e-06,0.03290153294801712,0.024011249077462014,4.697925007505146e-06,0.029642492532730103,0.02174257720628428,4.062723524679542e-06,0.027108609676361084,0.01987216571375491,3.5851970814223652e-06,0.025016697123646736,0.018303534311671105,3.2153987777949814e-06,0.023253604769706726,0.0169702231115292,2.9221803582746062e-06,0.02174583449959755,0.015824863938466896,2.6851983849733414e-06,0.020441651344299316,0.014832583167368458,2.4906638868691915e-06,0.01930350996553898,0.01396693852508352,2.328896079271249e-06,0.018303370103240013,0.013207362388216314,2.192890566215125e-06,0.017419684678316116,0.012537524946743534,2.077432757309304e-06,0.016635442152619362,0.011944246182720813,1.978546867368327e-06,0.015936920419335365,0.011416753458361777,1.8931550542387072e-06,0.015312792733311653
249,7,block_output,Horizontal,1,0.17347944622475003,0.02166844509324614,0.9376122355461121,0.05455165025260714,8.441619949410896e-05,0.07301405072212219,0.03503866251262407,1.2481277649850413e-05,0.04270138218998909,0.026388296177462925,4.936459725327754e-06,0.03179260343313217,0.021308451950077027,2.8239705603047526e-06,0.025781817734241486,0.017997676077934486,2.013523134826462e-06,0.021918268874287605,0.015693492581328704,1.6383643526447722e-06,0.019270198419690132,0.01401418765326814,1.438164834186432e-06,0.01736862026154995,0.012749133720284416,1.3186448663914985e-06,0.015952806919813156,0.011772950978151389,1.2406121931232292e-06,0.014869796112179756,0.011006006364902806,1.1858126536154512e-06,0.014024423435330391,0.01039495991749896,1.1450177742306375e-06,0.013354208320379257,0.009902521627881224,1.1132827125396264e-06,0.01286420226097107,0.009501749679209694,1.0878009227669095e-06,0.012492217123508453,0.009172717279325875,1.0668892398741754e-06,0.012186284177005291,0.008900463159772613,1.04949744444979e-06,0.011932124383747578,0.008673660501482942,1.0349161061067884e-06,0.011719364672899246,0.008483643429206005,1.022583848935839e-06,0.011540337465703487,0.008323661731703886,1.0120343536125855e-06,0.011389019899070263,0.0081883681095427,1.0028936179158226e-06,0.011260547675192356
249,7,block_output,Gaussian,1,0.6793498806064091,1.1072889661777288,4.955073833465576,0.09726185990231377,0.00019212479855372543,0.13500714302062988,0.06887571241647478,4.001473530377478e-05,0.08148476481437683,0.054830049948086816,1.8966319766059566e-05,0.06387926638126373,0.0457695477775165,1.140415990399393e-05,0.0531330406665802,0.03928299449265949,7.5812165713061165e-06,0.04543707147240639,0.03440109093392652,5.379844634163542e-06,0.03964164853096008,0.030610928607601968,4.016525895436552e-06,0.03516395390033722,0.02759733326023533,3.1295451248645183e-06,0.03162436932325363,0.025151078071859147,2.530334404615636e-06,0.028765570372343063,0.023128255373901792,2.1117730801314896e-06,0.026411954313516617,0.021428079950431035,1.8099603045050595e-06,0.024441683664917946,0.019978974310178605,1.5856225515992952e-06,0.022768748924136162,0.01872931042360881,1.4139944091511817e-06,0.021331071853637695,0.01764118894638996,1.2790719127185759e-06,0.0200827494263649,0.016686251387000084,1.1703012333732228e-06,0.01898910477757454,0.01584287006999292,1.080687404446697e-06,0.018023671582341194,0.015094207407581427,1.0056357227835503e-06,0.017175234854221344,0.014426865600167758,9.421037012104418e-07,0.01651845872402191,0.013829929798486688,8.879890422918988e-07,0.01592925935983658
249,8,block_output,Vertical,1,0.10034183466008731,0.0018879844883585978,0.23335440456867218,0.03923723459362038,4.6822824751189706e-05,0.054278112947940826,0.02463030886082422,1.1474855136585672e-05,0.034429881721735,0.017998708397268304,5.717952813770485e-06,0.0256098210811615,0.014412504236494738,4.073954352398818e-06,0.020815029740333557,0.012300540205268632,3.403729855279063e-06,0.017949648201465607,0.010981970636676702,3.058818394870895e-06,0.01612284779548645,0.010118046841983284,2.8549504061736054e-06,0.014905066229403019,0.009533333473853649,2.72060731981815e-06,0.01405454333871603,0.009128836589673209,2.623117967822128e-06,0.013440880924463272,0.008841590837590278,2.5462608524668506e-06,0.012989427894353867,0.00863109841676695,2.482535111694064e-06,0.012649484910070896,0.008472166585898588,2.429878960258635e-06,0.012387720867991447,0.008349643184966038,2.3878459350298872e-06,0.012184501625597477,0.008254118352418854,2.3553476565762647e-06,0.012027538381516933,0.008179246861901548,2.330643519976821e-06,0.011907199397683144,0.008120428962958238,2.3118494417024755e-06,0.011814970523118973,0.008074168478035264,2.2972840819365023e-06,0.01174340769648552,0.00803772820573714,2.2856104444784677e-06,0.011686375364661217,0.008008936072684943,2.2758781245850287e-06,0.011639177799224854
249,8,block_output,Horizontal,1,0.1218832919285411,0.0031153276692387315,0.2969154417514801,0.04324903463323911,5.457732854720849e-05,0.0583200603723526,0.02777011597913409,9.77106044582593e-06,0.03446304053068161,0.020850966285381998,4.444482477078672e-06,0.026712877675890923,0.017012006603181362,3.0542895687810376e-06,0.02234405279159546,0.01466854689790616,2.5188025044227674e-06,0.019597651436924934,0.013155160368316703,2.2649100871837227e-06,0.01774570345878601,0.012135529254991857,2.115489577260598e-06,0.016428539529442787,0.011426134936748043,2.0165295938318547e-06,0.015463775023818016,0.010920285276832089,1.9491568649246132e-06,0.014837775379419327,0.0105527866528266,1.903909936583278e-06,0.014423776417970657,0.010281218156691582,1.8743956122222718e-06,0.014112623408436775,0.010077081472864227,1.8550194380341194e-06,0.013882365077733994,0.00992164479213811,1.8410526998977868e-06,0.01371315959841013,0.009802358520645944,1.8300837979472006e-06,0.01358826830983162,0.009710040120851426,1.8205103085354067e-06,0.013496099039912224,0.00963781261077476,1.8103806107276102e-06,0.013426264747977257,0.009580852049920294,1.7987984119989385e-06,0.013368208892643452,0.009536026858739437,1.7870763792846354e-06,0.01331665925681591,0.009501031422544094,1.7767947657385374e-06,0.013272305019199848
249,8,block_output,Gaussian,1,0.23068073841314468,0.06059124602092893,1.406767725944519,0.07571589574217796,0.00011386615525879783,0.10540015995502472,0.05261876167995589,2.9857448948698925e-05,0.06656262278556824,0.040416629068435184,1.2791468043484561e-05,0.049681972712278366,0.03289768685187612,7.038564782847894e-06,0.040220096707344055,0.027825205808594114,4.500098567457799e-06,0.03364686667919159,0.02419371758070257,3.171973526919296e-06,0.028912900015711784,0.02148559225338792,2.394905691298319e-06,0.02539486438035965,0.019407061032123037,1.907944709941159e-06,0.022707492113113403,0.01777604441084559,1.5885583262947392e-06,0.020719662308692932,0.01647159092069145,1.3723929518194132e-06,0.019274119287729263,0.015410265427023645,1.2227569473254082e-06,0.018085625022649765,0.014533769679329699,1.1166169146128465e-06,0.01710716262459755,0.01380138099193573,1.0388449565663806e-06,0.0162973552942276,0.01318427465028233,9.798930105733053e-07,0.015620720572769642,0.01266106812372094,9.339388853163432e-07,0.015049733221530914,0.012215087678106059,8.972693538497153e-07,0.01456414069980383,0.011833042793330691,8.672999822975489e-07,0.014148946851491928,0.011504245611528555,8.421146244853771e-07,0.013792677782475948,0.01122000924355927,8.202922371843525e-07,0.013486349955201149
249,9,block_output,Vertical,1,0.5338759686029146,0.7106533309411727,3.7769217491149902,0.0897444056140052,0.00015029154459700932,0.1165352612733841,0.06395233363386184,4.7813849540761636e-05,0.07793210446834564,0.050225698640422214,2.2582857189700807e-05,0.06060781329870224,0.04163275481689544,1.3606748608407346e-05,0.0501859188079834,0.03566173381275601,9.502627716484663e-06,0.042983487248420715,0.031239994638969027,7.282350987238011e-06,0.0377098023891449,0.02782557774630804,5.9415680859764165e-06,0.03369177132844925,0.02510738020969762,5.0664480399232945e-06,0.03053731471300125,0.022892398197972584,4.461066702389739e-06,0.028001103550195694,0.021054342891725284,4.022233706782694e-06,0.02592078223824501,0.019506820226235996,3.6906450049300973e-06,0.02432987093925476,0.018188402396700686,3.42998851168335e-06,0.022975806146860123,0.017054068057664802,3.2176093093317626e-06,0.021794022992253304,0.01607012492974126,3.0399839147306477e-06,0.020760253071784973,0.015210951072356057,2.8896602864129012e-06,0.019854629412293434,0.014456724984541772,2.7623916281335675e-06,0.019059324637055397,0.01379173065698336,2.6548441517380102e-06,0.01835811138153076,0.013203174097552187,2.563678382122721e-06,0.01773686334490776,0.012680443698569896,2.4856485299340797e-06,0.017183778807520866
249,9,block_output,Horizontal,1,0.17512296613246675,0.011635746592703578,0.7767525911331177,0.06776824782765101,0.00014609347104047217,0.09241238236427307,0.04112999750271676,2.3794132790542186e-05,0.051159799098968506,0.029873532346553273,7.69716557382652e-06,0.03689579293131828,0.023905276631315548,4.0535674121974785e-06,0.029512666165828705,0.020200277870846172,2.7434165309246062e-06,0.025051584467291832,0.017684892426052735,2.1246001455253573e-06,0.022046208381652832,0.015881995286142068,1.781478318155272e-06,0.0198751799762249,0.014544102141544932,1.573228566696427e-06,0.018251875415444374,0.013526301431868757,1.4422134985344903e-06,0.017020532861351967,0.012735520459948078,1.3571764386554078e-06,0.01607191562652588,0.012109789228628553,1.2998291493208861e-06,0.01532865222543478,0.011606676977068658,1.2591876020302574e-06,0.014735610224306583,0.011196470642018886,1.228597547619184e-06,0.014261145144701004,0.010857932387836396,1.204446895872827e-06,0.013947807252407074,0.010575529010522933,1.1851150992810147e-06,0.013686122372746468,0.010337691251484175,1.1697126277419686e-06,0.013464168645441532,0.010135681693634343,1.157417502058452e-06,0.013273569755256176,0.009962812657394106,1.1475000473190448e-06,0.013108523562550545,0.009813902308306997,1.1394228529551295e-06,0.01296498253941536
249,9,block_output,Gaussian,1,0.09889738498226044,0.001878349958405669,0.2658846974372864,0.041660304077797465,4.0263034192031826e-05,0.05525633320212364,0.02806939950419797,8.226921923549707e-06,0.0341629832983017,0.02180380102187868,3.390223461262533e-06,0.025027494877576828,0.018251150624737852,2.087469458747072e-06,0.02138599380850792,0.01599910720768902,1.568941116108638e-06,0.019249040633440018,0.01449263651692678,1.3051763031665929e-06,0.017709016799926758,0.013446644525088015,1.1540450552967656e-06,0.01659434288740158,0.012694490127383716,1.0569760557257807e-06,0.01577758975327015,0.012134646435105612,9.903150435854106e-07,0.015182394534349442,0.011703969097681462,9.463590113744776e-07,0.01474974025040865,0.011363873021706702,9.211209054534296e-07,0.014425624161958694,0.011091213983794054,9.087768378303659e-07,0.014167629182338715,0.010871434939049539,9.027612544407696e-07,0.013950280845165253,0.01069415183294387,8.985671109451433e-07,0.013760935515165329,0.010551115601427026,8.943151701036589e-07,0.013593003153800964,0.010435501024836586,8.89766370446432e-07,0.013442287221550941,0.010341580351075482,8.853534627254077e-07,0.013306239619851112,0.010264515152408017,8.816163361192535e-07,0.013184089213609695,0.01020031011412068,8.789084991548482e-07,0.013076091185212135
136,5,block_output,Vertical,1,0.4101058187938872,0.3888745961661502,3.0270779132843018,0.06524616462134179,0.00010863902940632181,0.08643683046102524,0.042539426849948034,2.1807906340251222e-05,0.05208718031644821,0.03238454118134484,9.351482088415763e-06,0.03882862254977226,0.026533976818124454,5.682784298346966e-06,0.03131668269634247,0.022658423032789005,4.1424790898164775e-06,0.026679880917072296,0.019862871439684005,3.3423950379258236e-06,0.023444764316082,0.017733806359862523,2.867681571147624e-06,0.0210128091275692,0.01605112385004759,2.5591417563935773e-06,0.019264355301856995,0.014684791233213175,2.3446443231838086e-06,0.017930176109075546,0.01355232499421589,2.1874535936298697e-06,0.016829080879688263,0.012598644114202924,2.0671991860056524e-06,0.0158995334059,0.011785420411754222,1.971967335208569e-06,0.015101820230484009,0.011084999268253645,1.89455828467656e-06,0.014409342780709267,0.01047676062536618,1.830416223489349e-06,0.013803152367472649,0.00994488267996718,1.7764616343830918e-06,0.013268728740513325,0.009476944464184935,1.7304960080146553e-06,0.01279444433748722,0.009063019335920375,1.690910094899062e-06,0.012370822951197624,0.008695064755600123,1.6565075473350626e-06,0.011990189552307129,0.008366486235033898,1.6263697069143816e-06,0.011646397411823273
136,5,block_output,Horizontal,1,0.8406672629099043,1.802914401244966,5.495600700378418,0.0988921628348411,0.00020847734770474232,0.13502880930900574,0.06605965395768483,4.247471224896484e-05,0.07989858835935593,0.04969196240343745,1.3905390896357133e-05,0.057668231427669525,0.04052044835592073,6.600981542869358e-06,0.045512013137340546,0.03462065768147272,4.223869703287726e-06,0.038615480065345764,0.03040860430707061,3.1912059351549487e-06,0.034296050667762756,0.02722505879189287,2.6601056571046406e-06,0.031046809628605843,0.02473223153206091,2.3609480661463544e-06,0.028509601950645447,0.022726100056417405,2.17927268442449e-06,0.026471838355064392,0.02107405907932728,2.059519794571366e-06,0.024795807898044586,0.019686943540970486,1.9734163754250105e-06,0.023388104513287544,0.018503344159514185,1.906359163369498e-06,0.022183790802955627,0.017479981399244733,1.8507719613579076e-06,0.021144067868590355,0.016585621583674635,1.8027264634861278e-06,0.0202462300658226,0.015797185785477123,1.7602306634950203e-06,0.019452081993222237,0.015097216082115969,1.7223039592312365e-06,0.01874488592147827,0.01447221515552392,1.6884152052498493e-06,0.018111569806933403,0.01391152623626921,1.658129676400762e-06,0.01754164695739746,0.013406547599486889,1.6309158433758102e-06,0.017026472836732864
136,5,block_output,Gaussian,1,0.10471957703194922,0.0044463167365910395,0.42577821016311646,0.03835083748258296,3.024825633226251e-05,0.049579739570617676,0.026186015042993758,5.399899779278537e-06,0.03053809329867363,0.020425135358458475,2.222849491424919e-06,0.0232536643743515,0.01697680496034168,1.392538431566854e-06,0.019330382347106934,0.014694988091904965,1.0826048156219858e-06,0.017085477709770203,0.01308422942187578,9.428466558716332e-07,0.015453983098268509,0.011894293099878326,8.679043224170128e-07,0.014228999614715576,0.010983070284719504,8.185786326379648e-07,0.01326059177517891,0.010270426301137796,7.830461823809634e-07,0.012524556368589401,0.009707472375815823,7.56532212853133e-07,0.012068948708474636,0.009257849734572192,7.351386074406995e-07,0.0116939852014184,0.008893930449313114,7.162032187202622e-07,0.011378925293684006,0.00859530349927289,6.990559623419241e-07,0.011113930493593216,0.008347119189917094,6.844944528610986e-07,0.010894468054175377,0.008139183389998618,6.73220041677121e-07,0.010714738629758358,0.007964729213170589,6.648389324700973e-07,0.010566409677267075,0.00781847011770994,6.583729337114813e-07,0.010442969389259815,0.007695492187012282,6.531027461380979e-07,0.010341145098209381,0.007591231193925653,6.488007556180497e-07,0.010258854366838932
136,6,block_output,Vertical,1,1.0068050298898938,2.5494755576647794,6.35171365737915,0.09533256919138015,0.0002554087659013059,0.12629178166389465,0.06214580034452771,4.6045080854973796e-05,0.07772475481033325,0.04729142040014267,1.819374805099649e-05,0.05665798485279083,0.03891967982053757,1.1250189405293164e-05,0.04537349194288254,0.0333823933014794,8.481862711803434e-06,0.038929447531700134,0.02935506347271185,6.9770245961124175e-06,0.03521157056093216,0.026255336959683705,6.006942709359478e-06,0.032138675451278687,0.023779493446151417,5.316414223616635e-06,0.029538467526435852,0.02175025168865446,4.794088338247286e-06,0.027311615645885468,0.020054980580295836,4.383674035465827e-06,0.02538994699716568,0.01861741455892722,4.052727057870761e-06,0.02372099831700325,0.017383495153534035,3.78047674733068e-06,0.022263014689087868,0.016313538886606693,3.5528010563017065e-06,0.020982440561056137,0.015377593152816333,3.3597747689359214e-06,0.019852139055728912,0.01455254036755789,3.1942600350961124e-06,0.018849998712539673,0.013820208106485625,3.05098122852111e-06,0.01795782521367073,0.013166115160972353,2.9258994221590364e-06,0.017160490155220032,0.012578604240266104,2.8157843217788256e-06,0.016445225104689598,0.012048223987221718,2.7179530440221368e-06,0.015804126858711243
136,6,block_output,Horizontal,1,0.5126745660626699,0.6173523552293899,3.6434054374694824,0.08469468863710525,0.00018886519239068964,0.11195391416549683,0.05371737929563674,3.752713494071625e-05,0.06593066453933716,0.040379191793146585,1.2679399398795222e-05,0.04809486120939255,0.03341678228406679,7.018400342939463e-06,0.039567191153764725,0.02892811457434344,4.9414558190191395e-06,0.03431985527276993,0.02566791887557696,3.895330060398392e-06,0.03056001290678978,0.023154529609850476,3.2780614396211835e-06,0.027701372280716896,0.021145254757905765,2.879517758437385e-06,0.025443587452173233,0.019497595195259367,2.606472022901427e-06,0.02361210808157921,0.018120599171471973,2.4108949795214184e-06,0.022118330001831055,0.0169528496436893,2.2655660783986518e-06,0.02088746428489685,0.015951011241191908,2.154089737233311e-06,0.019830938428640366,0.015083377264321797,2.0661657210843554e-06,0.018914442509412766,0.014326063709126579,1.9950976834517616e-06,0.01811278611421585,0.01366065704219398,1.9364190271053945e-06,0.01740691252052784,0.013072697061394889,1.887088174186877e-06,0.016782008111476898,0.012550653180196172,1.8449944217886416e-06,0.01622626930475235,0.012085200642191228,1.808620063723616e-06,0.01573006995022297,0.011668697147378846,1.7768412635480146e-06,0.01528543047606945
136,6,block_output,Gaussian,1,0.1304728455013699,0.013852961131890325,0.710242748260498,0.04530663551792266,4.216630760984427e-05,0.058034442365169525,0.03145355598202774,7.99575064834099e-06,0.03604026883840561,0.024800086600912943,3.4732880958354286e-06,0.027888495475053787,0.020681839318029464,2.1109476881241125e-06,0.02308047190308571,0.017863043303054476,1.5410376386611021e-06,0.020182818174362183,0.015819867008498738,1.2506393081146118e-06,0.018001575022935867,0.014280164156049963,1.0820725777512305e-06,0.01649843342602253,0.013087515349662493,9.784506375472682e-07,0.015389619395136833,0.012146718356580962,9.133731253240198e-07,0.014503502286970615,0.011394337440530459,8.704970682183032e-07,0.013783695176243782,0.01078490816825439,8.401781097221263e-07,0.01319034118205309,0.010285485535860062,8.172830191916498e-07,0.012694457545876503,0.009871950727843103,7.991444791157577e-07,0.012275639921426773,0.009526300303164929,7.843383441315694e-07,0.011919817887246609,0.009234901724590195,7.719682749086998e-07,0.011616203933954239,0.008987432951846766,7.613274569780173e-07,0.011355685070157051,0.008776122608059456,7.518099364877361e-07,0.011131338775157928,0.008595006392588691,7.428899357508806e-07,0.010938402265310287,0.00843931379033223,7.34110293588668e-07,0.010773449204862118
136,7,block_output,Vertical,1,0.10242322010416834,0.0027659221477924437,0.336803138256073,0.03919576847600558,4.140029753898053e-05,0.05385267361998558,0.025604589117897883,1.1100998785121089e-05,0.03408949077129364,0.019146664082885734,5.7244790190281564e-06,0.025554902851581573,0.015466577683885893,4.087912503265993e-06,0.021044131368398666,0.013104595436108491,3.3302275078722727e-06,0.01826866716146469,0.011482203807977457,2.8814962162404008e-06,0.016332250088453293,0.010318482937734751,2.5887637747294387e-06,0.0149011742323637,0.009456933416899235,2.3849240653487126e-06,0.013817813247442245,0.008803853949916268,2.2363007505670653e-06,0.012980630621314049,0.008300142421845406,2.123426832673373e-06,0.012328892946243286,0.007906883496731992,2.034803944130096e-06,0.011818816885352135,0.007596886191990167,1.9638428527858985e-06,0.01141362264752388,0.007350200868492562,1.9063048979248062e-06,0.0110863596200943,0.007151884780753227,1.8594727497250747e-06,0.01081939972937107,0.006990601279078022,1.8217574037058514e-06,0.010601453483104706,0.006858038656886608,1.791727103126452e-06,0.0104240532964468,0.006748535330333407,1.7674952772535785e-06,0.01027904637157917,0.0066581400525238775,1.7472312191103591e-06,0.010159198194742203,0.006583620572373981,1.7295975823979988e-06,0.010058998130261898
136,7,block_output,Horizontal,1,0.5087827491381812,0.6080071975686016,3.491407871246338,0.08847327684126204,0.0002255530314577688,0.12210287153720856,0.05610421849858193,4.278385575934775e-05,0.07135415077209473,0.042425515514517585,1.2637009985014464e-05,0.05048981308937073,0.03522333594423438,6.253858568890616e-06,0.04124687239527702,0.03047839782777287,4.051692595880373e-06,0.035520367324352264,0.026986852938693667,3.00287407494391e-06,0.03155764937400818,0.024281511644995403,2.429038128088169e-06,0.028682278469204903,0.02211674911871789,2.090631003707097e-06,0.026382235810160637,0.020342679664729132,1.8798496042824187e-06,0.02449330873787403,0.018861489163504705,1.742419913536838e-06,0.022909827530384064,0.01760660181383765,1.6490782234243543e-06,0.021561605855822563,0.016531128318063797,1.5832132505946348e-06,0.020400792360305786,0.01560098228473512,1.5349328980473947e-06,0.01939348503947258,0.014790635600331285,1.498116787648725e-06,0.018514322116971016,0.014080429154019507,1.468901250894351e-06,0.017743166536092758,0.013454848102160863,1.4448581135243192e-06,0.017063437029719353,0.012901410578735291,1.4244657246186958e-06,0.01646139845252037,0.012409921203340803,1.4067651766908326e-06,0.015925761312246323,0.011971950767532227,1.391140207510947e-06,0.015447260811924934
136,7,block_output,Gaussian,1,0.12348659348393244,0.006274780274107808,0.5371793508529663,0.04698138246460566,6.55447925549208e-05,0.06947579979896545,0.03129769663607317,1.3413591543323058e-05,0.041441090404987335,0.02416889112265337,5.461142741834088e-06,0.03158484399318695,0.019952429221972587,2.952719004743543e-06,0.0255734845995903,0.017158712216076396,1.9043588845415783e-06,0.021420149132609367,0.015192050634632035,1.409945950725522e-06,0.01846284233033657,0.0137521130668502,1.1545541382182116e-06,0.016480304300785065,0.01266439560623396,1.0107889847630462e-06,0.01537455152720213,0.011823873774754622,9.234346240975798e-07,0.014498881995677948,0.011163338264893918,8.659371587548043e-07,0.013797422870993614,0.010637551989583742,8.251077869514713e-07,0.013233465142548084,0.010214721828344323,7.944457803671938e-07,0.012780198827385902,0.009871525734308221,7.704269061663467e-07,0.012417376972734928,0.009590160101652145,7.511204619360646e-07,0.01212864089757204,0.009356496700396141,7.356352135621328e-07,0.011897759512066841,0.00915913184779504,7.234249400039914e-07,0.011706412769854069,0.008989374685500349,7.136274231164168e-07,0.011536968871951103,0.008841498917530454,7.051817221976607e-07,0.011378339491784573,0.008712272802811293,6.974426408572096e-07,0.011227600276470184
136,8,block_output,Vertical,1,0.7085922083684376,1.1233686366872893,4.66240930557251,0.12289849976225505,0.0003775657578701032,0.1674979329109192,0.0809162315868196,8.837459282230174e-05,0.10358458757400513,0.06072803279237142,3.7465699045192535e-05,0.07493142038583755,0.049023487383411044,2.2035312297208813e-05,0.06083913892507553,0.04137163804400535,1.5303340656287967e-05,0.05146166309714317,0.035957421604839584,1.164170679167642e-05,0.04479202628135681,0.031904810891738015,9.395562393695582e-06,0.03982824832201004,0.028741286150992862,7.915394316131635e-06,0.03600431978702545,0.02619287809209218,6.891454252284445e-06,0.03297596424818039,0.024090549391176965,6.157448473168834e-06,0.030522599816322327,0.022323712115249937,5.616815734159389e-06,0.02849520370364189,0.02081633492239884,5.209510064007459e-06,0.026787567883729935,0.019514195961020296,4.895187040497868e-06,0.02532121166586876,0.01837769793790011,4.644815772589402e-06,0.024038419127464294,0.017377453353551644,4.437528512272212e-06,0.022899240255355835,0.01649125258896559,4.259684320691152e-06,0.02187822386622429,0.01570188347250223,4.103475972817057e-06,0.020959429442882538,0.014995623971261675,3.96472856838058e-06,0.020131465047597885,0.014361299796118623,3.840904841077162e-06,0.01938459277153015
136,8,block_output,Horizontal,1,0.11167673465041887,0.0023420233264674424,0.32867926359176636,0.04210631046739836,5.3159575972198284e-05,0.0571279302239418,0.027253082081202477,8.90143038925585e-06,0.034477222710847855,0.02108841859513805,4.619568184657836e-06,0.026678038761019707,0.017540414817631245,3.415991684931592e-06,0.02261705882847309,0.015282777537192618,2.9537151528104857e-06,0.020123794674873352,0.013754174748938235,2.724314171601865e-06,0.01843666285276413,0.012673867437692861,2.5838173481980253e-06,0.017226938158273697,0.011885479905657352,2.4823418019643045e-06,0.016335435211658478,0.011299256826677019,2.4068397520588122e-06,0.015673184767365456,0.0108577897328706,2.3498614662360256e-06,0.015173178166151047,0.010521212215757086,2.3062893468539942e-06,0.014790595509111881,0.010261760425886937,2.2732996549797225e-06,0.014495381154119968,0.010059848420381073,2.248627727274952e-06,0.014265552163124084,0.009901389324416717,2.229742499274005e-06,0.014084657654166222,0.009776110886522228,2.214598458662654e-06,0.01394086517393589,0.009676448158210232,2.2019465847473376e-06,0.013825733214616776,0.009596793017985801,2.1912941591648565e-06,0.013733524829149246,0.009532985506608846,2.1826975935120576e-06,0.013660495169460773,0.009481860893881984,2.1759609234083523e-06,0.01360369473695755
136,8,block_output,Gaussian,1,0.4104169759721983,0.35932242026203914,3.0161335468292236,0.0896337145850772,0.00018626668745216923,0.12112488597631454,0.06158269096225027,3.9450444465536306e-05,0.07828283309936523,0.04812887346460706,1.4788736047641288e-05,0.0580182746052742,0.04012028080603433,8.052468097046805e-06,0.04674757644534111,0.034666970579160586,5.415414067019899e-06,0.03958132490515709,0.03065279120254138,4.089477029016152e-06,0.034959305077791214,0.02755541070586159,3.3048351512894284e-06,0.0316084660589695,0.02509055496563041,2.7893416455809938e-06,0.029115285724401474,0.023085810539741364,2.426741601659882e-06,0.02704010345041752,0.02142816081288315,2.1600278829271447e-06,0.02527341991662979,0.020039254799485207,1.958105214347362e-06,0.02376336231827736,0.018862572868192005,1.8021030143588402e-06,0.022466212511062622,0.01785610667947266,1.679339793352779e-06,0.02134411782026291,0.016987869486449255,1.5807770629894393e-06,0.020365338772535324,0.01623302681874188,1.4998450825642263e-06,0.01950414851307869,0.015571986502479939,1.4317652561655708e-06,0.018740728497505188,0.014989088215525187,1.373104969127594e-06,0.018060937523841858,0.014471731503449735,1.3214606842566322e-06,0.017455346882343292,0.014009825870512969,1.2752386477983097e-06,0.01692560315132141
136,9,block_output,Vertical,1,0.09372600031987069,0.0016136967229800597,0.2675781846046448,0.038196018763950894,4.079776292007293e-05,0.05814456194639206,0.024696429511384357,1.0506595699118889e-05,0.03608651086688042,0.018692406145707954,6.226086452368715e-06,0.026977751404047012,0.015288410752656915,4.7958812110965895e-06,0.022135457023978233,0.013156552547736773,4.099198731644485e-06,0.019138053059577942,0.011737412551329249,3.68038677137182e-06,0.017157068476080894,0.010743522292209996,3.3980986478682685e-06,0.015839001163840294,0.010022750959569027,3.1994425103207134e-06,0.015008337795734406,0.009487656432957877,3.048798049018659e-06,0.014370841905474663,0.009084227590984295,2.926861457103067e-06,0.013872464187443256,0.008776531377363773,2.8260310263664326e-06,0.013477189466357231,0.008539496943177212,2.7421064138498487e-06,0.013161346316337585,0.00835521856973332,2.671591922514875e-06,0.012907978147268295,0.008211158851664218,2.6113542745895214e-06,0.012703876942396164,0.008098480809066031,2.559099798485235e-06,0.012538849376142025,0.00801042067478337,2.5133261155192804e-06,0.012405194342136383,0.007941460776482783,2.4729711784754745e-06,0.012296915054321289,0.007887094688143522,2.43728401973343e-06,0.012209121137857437,0.007843746737177883,2.4057742090582562e-06,0.012137679383158684
136,9,block_output,Horizontal,1,0.2103782817721367,0.038148159302884004,1.2237449884414673,0.07501325809529849,0.00015523090021283986,0.09779906272888184,0.04642719899614652,3.265071610490512e-05,0.05872371792793274,0.033563994639922705,9.895604314171262e-06,0.042239729315042496,0.02702931607408183,4.960618559392229e-06,0.03422163426876068,0.023093361318820997,3.4830253542402514e-06,0.029398981481790543,0.020402418419955267,2.867121524557759e-06,0.02615274116396904,0.018425148763945177,2.539013768876457e-06,0.02379033714532852,0.016909491729050402,2.333496056281506e-06,0.021978408098220825,0.01571347874899705,2.187903357203112e-06,0.020532656461000443,0.014748677005252194,2.0744541472543115e-06,0.019345775246620178,0.013957273392450242,1.981448846559173e-06,0.018358316272497177,0.013299994983725132,1.9043726048904282e-06,0.017534267157316208,0.012748657370961848,1.8404228549660882e-06,0.016844088211655617,0.012282093543381918,1.786863919893385e-06,0.016261763870716095,0.01188410630834008,1.7413495401096568e-06,0.015766527503728867,0.011542162429245691,1.7021989751665883e-06,0.015342790633440018,0.011246459499474556,1.6684211064718358e-06,0.01497899740934372,0.010989297861381182,1.6396214226620773e-06,0.01466636173427105,0.010764611057109304,1.6155722942479891e-06,0.01439753919839859
136,9,block_output,Gaussian,1,0.8758455730146832,1.972616194724215,5.894381523132324,0.09261256610117262,0.000158453818605845,0.1186261922121048,0.06863212638667651,3.413155111636662e-05,0.08238114416599274,0.055775303511865555,1.69367454071355e-05,0.06701162457466125,0.04722535947249049,1.0322922685973353e-05,0.056304484605789185,0.04116226123675468,7.202674939893594e-06,0.04851863533258438,0.036634676010599214,5.505862756311315e-06,0.04265017434954643,0.03311322079527946,4.466860005620705e-06,0.03808112442493439,0.030289901095250295,3.772634956306719e-06,0.03443748876452446,0.02797393672286518,3.2774848246381944e-06,0.03147723898291588,0.026040182995890813,2.9059372796813802e-06,0.02930399589240551,0.024402560222716557,2.6159825515158803e-06,0.027545616030693054,0.022999505852423018,2.382893682640174e-06,0.026029232889413834,0.02178558311055577,2.1913467365722006e-06,0.024712592363357544,0.02072639600743377,2.031397035281031e-06,0.023616302758455276,0.019795367967278238,1.896307018045151e-06,0.022716423496603966,0.01897161542659714,1.7812893158539681e-06,0.021906809881329536,0.01823849038827041,1.6827545398063876e-06,0.021174630150198936,0.01758255824328415,1.597856761422568e-06,0.020509520545601845,0.016992872063484456,1.5242502892009467e-06,0.01990312524139881
