timestep,kernel,gradient_type,spearman
136,1,Vertical,0.8605135507516452
749,1,Vertical,0.9029588329273033
749,3,Vertical,0.9583552386416904
999,1,Vertical,0.981236157769802
999,3,Vertical,0.9906089684106394
899,1,Vertical,0.9426023748588921
899,3,Vertical,0.9745901307378243
136,3,Vertical,0.9399174409344523
499,3,Vertical,0.9485786987209988
499,1,Vertical,0.8728184529298988
